-- phpMyAdmin SQL Dump
-- version 5.2.0
-- https://www.phpmyadmin.net/
--
-- Host: localhost
-- Generation Time: Oct 22, 2024 at 07:51 AM
-- Server version: 10.4.27-MariaDB
-- PHP Version: 8.2.0

SET SQL_MODE = "NO_AUTO_VALUE_ON_ZERO";
START TRANSACTION;
SET time_zone = "+00:00";


/*!40101 SET @OLD_CHARACTER_SET_CLIENT=@@CHARACTER_SET_CLIENT */;
/*!40101 SET @OLD_CHARACTER_SET_RESULTS=@@CHARACTER_SET_RESULTS */;
/*!40101 SET @OLD_COLLATION_CONNECTION=@@COLLATION_CONNECTION */;
/*!40101 SET NAMES utf8mb4 */;

--
-- Database: `db_authbox`
--

-- --------------------------------------------------------

--
-- Table structure for table `account_emailaddress`
--

CREATE TABLE `account_emailaddress` (
  `id` int(11) NOT NULL,
  `email` varchar(254) NOT NULL,
  `verified` tinyint(1) NOT NULL,
  `primary` tinyint(1) NOT NULL,
  `user_id` bigint(20) NOT NULL
) ENGINE=InnoDB DEFAULT CHARSET=utf8mb4 COLLATE=utf8mb4_general_ci;

--
-- Dumping data for table `account_emailaddress`
--

INSERT INTO `account_emailaddress` (`id`, `email`, `verified`, `primary`, `user_id`) VALUES
(1, 'narvikvilla@authbox.web.id', 0, 1, 2),
(2, 'smanduajonggat@authbox.web.id', 0, 1, 3),
(5, 'suratiwan03@gmail.com', 1, 1, 6),
(6, 'surat_iwan@yahoo.com', 0, 1, 7),
(7, 'test@authbox.web.id', 0, 1, 8),
(8, 'admin-test@authbox.web.id', 0, 1, 9);

-- --------------------------------------------------------

--
-- Table structure for table `account_emailconfirmation`
--

CREATE TABLE `account_emailconfirmation` (
  `id` int(11) NOT NULL,
  `created` datetime(6) NOT NULL,
  `sent` datetime(6) DEFAULT NULL,
  `key` varchar(64) NOT NULL,
  `email_address_id` int(11) NOT NULL
) ENGINE=InnoDB DEFAULT CHARSET=utf8mb4 COLLATE=utf8mb4_general_ci;

-- --------------------------------------------------------

--
-- Table structure for table `auth_group`
--

CREATE TABLE `auth_group` (
  `id` int(11) NOT NULL,
  `name` varchar(150) NOT NULL
) ENGINE=InnoDB DEFAULT CHARSET=utf8mb4 COLLATE=utf8mb4_general_ci;

--
-- Dumping data for table `auth_group`
--

INSERT INTO `auth_group` (`id`, `name`) VALUES
(3, 'Admin'),
(8, 'admin.authbox.web.id'),
(7, 'Anonymous'),
(2, 'Developer'),
(17, 'localhost:8000'),
(16, 'man2sumbawa.localhost:8000'),
(15, 'man2sumbawa.man2sumbawa.sch.id'),
(5, 'Manager'),
(9, 'narvikvilla.authbox.web.id'),
(6, 'Operator'),
(4, 'Owner'),
(14, 'pemrograman.authbox.web.id'),
(10, 'smanduajonggat.authbox.web.id'),
(1, 'Super Admin'),
(12, 'test.authbox.web.id'),
(13, 'test1.authbox.web.id');

-- --------------------------------------------------------

--
-- Table structure for table `auth_group_permissions`
--

CREATE TABLE `auth_group_permissions` (
  `id` bigint(20) NOT NULL,
  `group_id` int(11) NOT NULL,
  `permission_id` int(11) NOT NULL
) ENGINE=InnoDB DEFAULT CHARSET=utf8mb4 COLLATE=utf8mb4_general_ci;

-- --------------------------------------------------------

--
-- Table structure for table `auth_permission`
--

CREATE TABLE `auth_permission` (
  `id` int(11) NOT NULL,
  `name` varchar(255) NOT NULL,
  `content_type_id` int(11) NOT NULL,
  `codename` varchar(100) NOT NULL
) ENGINE=InnoDB DEFAULT CHARSET=utf8mb4 COLLATE=utf8mb4_general_ci;

--
-- Dumping data for table `auth_permission`
--

INSERT INTO `auth_permission` (`id`, `name`, `content_type_id`, `codename`) VALUES
(1, 'Can add log entry', 1, 'add_logentry'),
(2, 'Can change log entry', 1, 'change_logentry'),
(3, 'Can delete log entry', 1, 'delete_logentry'),
(4, 'Can view log entry', 1, 'view_logentry'),
(5, 'Can add permission', 2, 'add_permission'),
(6, 'Can change permission', 2, 'change_permission'),
(7, 'Can delete permission', 2, 'delete_permission'),
(8, 'Can view permission', 2, 'view_permission'),
(9, 'Can add group', 3, 'add_group'),
(10, 'Can change group', 3, 'change_group'),
(11, 'Can delete group', 3, 'delete_group'),
(12, 'Can view group', 3, 'view_group'),
(13, 'Can add content type', 4, 'add_contenttype'),
(14, 'Can change content type', 4, 'change_contenttype'),
(15, 'Can delete content type', 4, 'delete_contenttype'),
(16, 'Can view content type', 4, 'view_contenttype'),
(17, 'Can add session', 5, 'add_session'),
(18, 'Can change session', 5, 'change_session'),
(19, 'Can delete session', 5, 'delete_session'),
(20, 'Can view session', 5, 'view_session'),
(21, 'Can add site', 6, 'add_site'),
(22, 'Can change site', 6, 'change_site'),
(23, 'Can delete site', 6, 'delete_site'),
(24, 'Can view site', 6, 'view_site'),
(25, 'Can add email address', 7, 'add_emailaddress'),
(26, 'Can change email address', 7, 'change_emailaddress'),
(27, 'Can delete email address', 7, 'delete_emailaddress'),
(28, 'Can view email address', 7, 'view_emailaddress'),
(29, 'Can add email confirmation', 8, 'add_emailconfirmation'),
(30, 'Can change email confirmation', 8, 'change_emailconfirmation'),
(31, 'Can delete email confirmation', 8, 'delete_emailconfirmation'),
(32, 'Can view email confirmation', 8, 'view_emailconfirmation'),
(33, 'Can add social account', 9, 'add_socialaccount'),
(34, 'Can change social account', 9, 'change_socialaccount'),
(35, 'Can delete social account', 9, 'delete_socialaccount'),
(36, 'Can view social account', 9, 'view_socialaccount'),
(37, 'Can add social application', 10, 'add_socialapp'),
(38, 'Can change social application', 10, 'change_socialapp'),
(39, 'Can delete social application', 10, 'delete_socialapp'),
(40, 'Can view social application', 10, 'view_socialapp'),
(41, 'Can add social application token', 11, 'add_socialtoken'),
(42, 'Can change social application token', 11, 'change_socialtoken'),
(43, 'Can delete social application token', 11, 'delete_socialtoken'),
(44, 'Can view social application token', 11, 'view_socialtoken'),
(45, 'Can add menu', 12, 'add_menu'),
(46, 'Can change menu', 12, 'change_menu'),
(47, 'Can delete menu', 12, 'delete_menu'),
(48, 'Can view menu', 12, 'view_menu'),
(49, 'Can add menu group', 13, 'add_menugroup'),
(50, 'Can change menu group', 13, 'change_menugroup'),
(51, 'Can delete menu group', 13, 'delete_menugroup'),
(52, 'Can view menu group', 13, 'view_menugroup'),
(53, 'Can add country', 15, 'add_country'),
(54, 'Can change country', 15, 'change_country'),
(55, 'Can delete country', 15, 'delete_country'),
(56, 'Can view country', 15, 'view_country'),
(57, 'Can add province', 16, 'add_province'),
(58, 'Can change province', 16, 'change_province'),
(59, 'Can delete province', 16, 'delete_province'),
(60, 'Can view province', 16, 'view_province'),
(61, 'Can add regency', 17, 'add_regency'),
(62, 'Can change regency', 17, 'change_regency'),
(63, 'Can delete regency', 17, 'delete_regency'),
(64, 'Can view regency', 17, 'view_regency'),
(65, 'Can add sub district', 18, 'add_subdistrict'),
(66, 'Can change sub district', 18, 'change_subdistrict'),
(67, 'Can delete sub district', 18, 'delete_subdistrict'),
(68, 'Can view sub district', 18, 'view_subdistrict'),
(69, 'Can add urban village', 19, 'add_urbanvillage'),
(70, 'Can change urban village', 19, 'change_urbanvillage'),
(71, 'Can delete urban village', 19, 'delete_urbanvillage'),
(72, 'Can view urban village', 19, 'view_urbanvillage'),
(73, 'Can add hit browser', 20, 'add_hitbrowser'),
(74, 'Can change hit browser', 20, 'change_hitbrowser'),
(75, 'Can delete hit browser', 20, 'delete_hitbrowser'),
(76, 'Can view hit browser', 20, 'view_hitbrowser'),
(77, 'Can add hit device', 21, 'add_hitdevice'),
(78, 'Can change hit device', 21, 'change_hitdevice'),
(79, 'Can delete hit device', 21, 'delete_hitdevice'),
(80, 'Can view hit device', 21, 'view_hitdevice'),
(81, 'Can add hit location', 22, 'add_hitlocation'),
(82, 'Can change hit location', 22, 'change_hitlocation'),
(83, 'Can delete hit location', 22, 'delete_hitlocation'),
(84, 'Can view hit location', 22, 'view_hitlocation'),
(85, 'Can add hit os', 23, 'add_hitos'),
(86, 'Can change hit os', 23, 'change_hitos'),
(87, 'Can delete hit os', 23, 'delete_hitos'),
(88, 'Can view hit os', 23, 'view_hitos'),
(89, 'Can add hit count', 24, 'add_hitcount'),
(90, 'Can change hit count', 24, 'change_hitcount'),
(91, 'Can delete hit count', 24, 'delete_hitcount'),
(92, 'Can view hit count', 24, 'view_hitcount'),
(93, 'Can add Blacklisted IP', 25, 'add_blacklistip'),
(94, 'Can change Blacklisted IP', 25, 'change_blacklistip'),
(95, 'Can delete Blacklisted IP', 25, 'delete_blacklistip'),
(96, 'Can view Blacklisted IP', 25, 'view_blacklistip'),
(97, 'Can add Blacklisted User Agent', 26, 'add_blacklistuseragent'),
(98, 'Can change Blacklisted User Agent', 26, 'change_blacklistuseragent'),
(99, 'Can delete Blacklisted User Agent', 26, 'delete_blacklistuseragent'),
(100, 'Can view Blacklisted User Agent', 26, 'view_blacklistuseragent'),
(101, 'Can add hit', 27, 'add_hit'),
(102, 'Can change hit', 27, 'change_hit'),
(103, 'Can delete hit', 27, 'delete_hit'),
(104, 'Can view hit', 27, 'view_hit'),
(105, 'Can add hit count', 28, 'add_hitcount'),
(106, 'Can change hit count', 28, 'change_hitcount'),
(107, 'Can delete hit count', 28, 'delete_hitcount'),
(108, 'Can view hit count', 28, 'view_hitcount'),
(109, 'Can add agency', 29, 'add_agency'),
(110, 'Can change agency', 29, 'change_agency'),
(111, 'Can delete agency', 29, 'delete_agency'),
(112, 'Can view agency', 29, 'view_agency'),
(113, 'Can add template', 30, 'add_template'),
(114, 'Can change template', 30, 'change_template'),
(115, 'Can delete template', 30, 'delete_template'),
(116, 'Can view template', 30, 'view_template'),
(117, 'Can add service', 31, 'add_service'),
(118, 'Can change service', 31, 'change_service'),
(119, 'Can delete service', 31, 'delete_service'),
(120, 'Can view service', 31, 'view_service'),
(121, 'Can add photo', 32, 'add_photo'),
(122, 'Can change photo', 32, 'change_photo'),
(123, 'Can delete photo', 32, 'delete_photo'),
(124, 'Can view photo', 32, 'view_photo'),
(125, 'Can add user', 33, 'add_user'),
(126, 'Can change user', 33, 'change_user'),
(127, 'Can delete user', 33, 'delete_user'),
(128, 'Can view user', 33, 'view_user'),
(129, 'Can add userlog', 35, 'add_userlog'),
(130, 'Can change userlog', 35, 'change_userlog'),
(131, 'Can delete userlog', 35, 'delete_userlog'),
(132, 'Can view userlog', 35, 'view_userlog'),
(133, 'Can add model list', 36, 'add_modellist'),
(134, 'Can change model list', 36, 'change_modellist'),
(135, 'Can delete model list', 36, 'delete_modellist'),
(136, 'Can view model list', 36, 'view_modellist'),
(137, 'Can add model list setting', 37, 'add_modellistsetting'),
(138, 'Can change model list setting', 37, 'change_modellistsetting'),
(139, 'Can delete model list setting', 37, 'delete_modellistsetting'),
(140, 'Can view model list setting', 37, 'view_modellistsetting'),
(141, 'Can add template owner', 38, 'add_templateowner'),
(142, 'Can change template owner', 38, 'change_templateowner'),
(143, 'Can delete template owner', 38, 'delete_templateowner'),
(144, 'Can view template owner', 38, 'view_templateowner'),
(145, 'Can add menu default', 39, 'add_menudefault'),
(146, 'Can change menu default', 39, 'change_menudefault'),
(147, 'Can delete menu default', 39, 'delete_menudefault'),
(148, 'Can view menu default', 39, 'view_menudefault'),
(149, 'Can add global setting', 40, 'add_globalsetting'),
(150, 'Can change global setting', 40, 'change_globalsetting'),
(151, 'Can delete global setting', 40, 'delete_globalsetting'),
(152, 'Can view global setting', 40, 'view_globalsetting'),
(153, 'Can add template block', 41, 'add_templateblock'),
(154, 'Can change template block', 41, 'change_templateblock'),
(155, 'Can delete template block', 41, 'delete_templateblock'),
(156, 'Can view template block', 41, 'view_templateblock'),
(157, 'Can add agency meta', 42, 'add_agencymeta'),
(158, 'Can change agency meta', 42, 'change_agencymeta'),
(159, 'Can delete agency meta', 42, 'delete_agencymeta'),
(160, 'Can view agency meta', 42, 'view_agencymeta'),
(161, 'Can add icon list', 43, 'add_iconlist'),
(162, 'Can change icon list', 43, 'change_iconlist'),
(163, 'Can delete icon list', 43, 'delete_iconlist'),
(164, 'Can view icon list', 43, 'view_iconlist'),
(165, 'Can add category', 44, 'add_categories'),
(166, 'Can change category', 44, 'change_categories'),
(167, 'Can delete category', 44, 'delete_categories'),
(168, 'Can view category', 44, 'view_categories'),
(169, 'Can add daily alert', 45, 'add_dailyalert'),
(170, 'Can change daily alert', 45, 'change_dailyalert'),
(171, 'Can delete daily alert', 45, 'delete_dailyalert'),
(172, 'Can view daily alert', 45, 'view_dailyalert'),
(173, 'Can add document', 46, 'add_document'),
(174, 'Can change document', 46, 'change_document'),
(175, 'Can delete document', 46, 'delete_document'),
(176, 'Can view document', 46, 'view_document'),
(177, 'Can add greeting', 47, 'add_greeting'),
(178, 'Can change greeting', 47, 'change_greeting'),
(179, 'Can delete greeting', 47, 'delete_greeting'),
(180, 'Can view greeting', 47, 'view_greeting'),
(181, 'Can add photo gallery', 48, 'add_photogallery'),
(182, 'Can change photo gallery', 48, 'change_photogallery'),
(183, 'Can delete photo gallery', 48, 'delete_photogallery'),
(184, 'Can view photo gallery', 48, 'view_photogallery'),
(185, 'Can add popup', 49, 'add_popup'),
(186, 'Can change popup', 49, 'change_popup'),
(187, 'Can delete popup', 49, 'delete_popup'),
(188, 'Can view popup', 49, 'view_popup'),
(189, 'Can add related link', 50, 'add_relatedlink'),
(190, 'Can change related link', 50, 'change_relatedlink'),
(191, 'Can delete related link', 50, 'delete_relatedlink'),
(192, 'Can view related link', 50, 'view_relatedlink'),
(193, 'Can add slide show', 51, 'add_slideshow'),
(194, 'Can change slide show', 51, 'change_slideshow'),
(195, 'Can delete slide show', 51, 'delete_slideshow'),
(196, 'Can view slide show', 51, 'view_slideshow'),
(197, 'Can add tag', 52, 'add_tags'),
(198, 'Can change tag', 52, 'change_tags'),
(199, 'Can delete tag', 52, 'delete_tags'),
(200, 'Can view tag', 52, 'view_tags'),
(201, 'Can add video gallery', 53, 'add_videogallery'),
(202, 'Can change video gallery', 53, 'change_videogallery'),
(203, 'Can delete video gallery', 53, 'delete_videogallery'),
(204, 'Can view video gallery', 53, 'view_videogallery'),
(205, 'Can add social media', 54, 'add_socialmedia'),
(206, 'Can change social media', 54, 'change_socialmedia'),
(207, 'Can delete social media', 54, 'delete_socialmedia'),
(208, 'Can view social media', 54, 'view_socialmedia'),
(209, 'Can add page', 55, 'add_pages'),
(210, 'Can change page', 55, 'change_pages'),
(211, 'Can delete page', 55, 'delete_pages'),
(212, 'Can view page', 55, 'view_pages'),
(213, 'Can add news', 56, 'add_news'),
(214, 'Can change news', 56, 'change_news'),
(215, 'Can delete news', 56, 'delete_news'),
(216, 'Can view news', 56, 'view_news'),
(217, 'Can add logo', 57, 'add_logo'),
(218, 'Can change logo', 57, 'change_logo'),
(219, 'Can delete logo', 57, 'delete_logo'),
(220, 'Can view logo', 57, 'view_logo'),
(221, 'Can add event', 58, 'add_events'),
(222, 'Can change event', 58, 'change_events'),
(223, 'Can delete event', 58, 'delete_events'),
(224, 'Can view event', 58, 'view_events'),
(225, 'Can add banner', 59, 'add_banner'),
(226, 'Can change banner', 59, 'change_banner'),
(227, 'Can delete banner', 59, 'delete_banner'),
(228, 'Can view banner', 59, 'view_banner'),
(229, 'Can add article', 60, 'add_article'),
(230, 'Can change article', 60, 'change_article'),
(231, 'Can delete article', 60, 'delete_article'),
(232, 'Can view article', 60, 'view_article'),
(233, 'Can add announcement', 61, 'add_announcement'),
(234, 'Can change announcement', 61, 'change_announcement'),
(235, 'Can delete announcement', 61, 'delete_announcement'),
(236, 'Can view announcement', 61, 'view_announcement'),
(237, 'Can add location', 77, 'add_location'),
(238, 'Can change location', 77, 'change_location'),
(239, 'Can delete location', 77, 'delete_location'),
(240, 'Can view location', 77, 'view_location'),
(241, 'Can add why us', 79, 'add_whyus'),
(242, 'Can change why us', 79, 'change_whyus'),
(243, 'Can delete why us', 79, 'delete_whyus'),
(244, 'Can view why us', 79, 'view_whyus'),
(245, 'Can add favicon', 81, 'add_favicon'),
(246, 'Can change favicon', 81, 'change_favicon'),
(247, 'Can delete favicon', 81, 'delete_favicon'),
(248, 'Can view favicon', 81, 'view_favicon'),
(249, 'Can add fasilities', 82, 'add_fasilities'),
(250, 'Can change fasilities', 82, 'change_fasilities'),
(251, 'Can delete fasilities', 82, 'delete_fasilities'),
(252, 'Can view fasilities', 82, 'view_fasilities'),
(253, 'Can add product', 84, 'add_product'),
(254, 'Can change product', 84, 'change_product'),
(255, 'Can delete product', 84, 'delete_product'),
(256, 'Can view product', 84, 'view_product'),
(257, 'Can add purchasing', 85, 'add_purchasing'),
(258, 'Can change purchasing', 85, 'change_purchasing'),
(259, 'Can delete purchasing', 85, 'delete_purchasing'),
(260, 'Can view purchasing', 85, 'view_purchasing'),
(261, 'Can add cart', 86, 'add_cart'),
(262, 'Can change cart', 86, 'change_cart'),
(263, 'Can delete cart', 86, 'delete_cart'),
(264, 'Can view cart', 86, 'view_cart'),
(265, 'Can add how it works', 88, 'add_howitworks'),
(266, 'Can change how it works', 88, 'change_howitworks'),
(267, 'Can delete how it works', 88, 'delete_howitworks'),
(268, 'Can view how it works', 88, 'view_howitworks'),
(269, 'Can add google calendar', 90, 'add_googlecalendar'),
(270, 'Can change google calendar', 90, 'change_googlecalendar'),
(271, 'Can delete google calendar', 90, 'delete_googlecalendar'),
(272, 'Can view google calendar', 90, 'view_googlecalendar'),
(273, 'Can add google calendar detail', 91, 'add_googlecalendardetail'),
(274, 'Can change google calendar detail', 91, 'change_googlecalendardetail'),
(275, 'Can delete google calendar detail', 91, 'delete_googlecalendardetail'),
(276, 'Can view google calendar detail', 91, 'view_googlecalendardetail'),
(277, 'Can add offers', 92, 'add_offers'),
(278, 'Can change offers', 92, 'change_offers'),
(279, 'Can delete offers', 92, 'delete_offers'),
(280, 'Can view offers', 92, 'view_offers'),
(281, 'Can add about us', 94, 'add_aboutus'),
(282, 'Can change about us', 94, 'change_aboutus'),
(283, 'Can delete about us', 94, 'delete_aboutus'),
(284, 'Can view about us', 94, 'view_aboutus'),
(285, 'Can add testimony', 96, 'add_testimony'),
(286, 'Can change testimony', 96, 'change_testimony'),
(287, 'Can delete testimony', 96, 'delete_testimony'),
(288, 'Can view testimony', 96, 'view_testimony');

-- --------------------------------------------------------

--
-- Table structure for table `core_agency`
--

CREATE TABLE `core_agency` (
  `id` bigint(20) NOT NULL,
  `uuid` char(32) NOT NULL,
  `created_at` datetime(6) NOT NULL,
  `updated_at` datetime(6) NOT NULL,
  `name` varchar(100) NOT NULL,
  `shortuuid` varchar(10) DEFAULT NULL,
  `email` longblob DEFAULT NULL,
  `phone` longblob DEFAULT NULL,
  `fax` longblob DEFAULT NULL,
  `whatsapp` longblob DEFAULT NULL,
  `billing_type` smallint(6) NOT NULL,
  `conversion` double NOT NULL,
  `country_id` bigint(20) DEFAULT NULL,
  `province_id` bigint(20) DEFAULT NULL,
  `regency_id` bigint(20) DEFAULT NULL,
  `sub_district_id` bigint(20) DEFAULT NULL,
  `urban_village_id` bigint(20) DEFAULT NULL,
  `is_default` tinyint(1) NOT NULL
) ENGINE=InnoDB DEFAULT CHARSET=utf8mb4 COLLATE=utf8mb4_general_ci;

--
-- Dumping data for table `core_agency`
--

INSERT INTO `core_agency` (`id`, `uuid`, `created_at`, `updated_at`, `name`, `shortuuid`, `email`, `phone`, `fax`, `whatsapp`, `billing_type`, `conversion`, `country_id`, `province_id`, `regency_id`, `sub_district_id`, `urban_village_id`, `is_default`) VALUES
(1, 'e6e1acce3008429bb1954e620aac5def', '2023-08-21 14:02:18.427000', '2023-09-05 14:21:29.885000', 'AUTHBOX', '0001b427', 0x800000000067173cdc21b21b19ac7fef973160cf24c2558c0020940288edd1eb830e23d167ee5d5dbea1afae43fc1d09680ce0b1ea1dcf2d5d35fced67f158774bed309cf8a39ada0c, 0x800000000067173cdccfd2fdfa408994c63a8126eda21223e66e38ece0723d80ece300566405ea029ad035d654d33a6960cd71efb45740fbf11f600fd243dcc4fcf19ac4a6ccf5c7d9, 0x800000000067173cdc5d9f9352f2eba80271d826d5578f72d55f51c5a3c49610c13015087070bbc75094197c85bef435cd26024307f710ef609cce349a8f1ddd207c37bdab9ff00572, 0x800000000067173cdca8c548916bd8f7f675b0fbd08667e48ed624d4f52085f7b630a2ad64889008de011e06f8a1a788e6a71fde141b5dd5f8aeb3a898af2fff35593c333e1bb0c578, 2, 0, NULL, NULL, NULL, NULL, NULL, 1),
(2, 'fcf5a29fd77847b1b57f4a346b1eb84c', '2023-08-21 15:20:32.344000', '2024-01-12 09:03:48.013000', 'NARVIK VILLA', '0002ydk7', 0x800000000067173cdcd0b850e293e57d3957958e1dc6f2484f061f9aca4ee0a2037f6cbcd545ac4afd1e5fb930b583b51e258da5d89db518dcedbbb401a7ff220dc5808fd59298bfac5cfa9d35947e4e32a0f5171f353406f4d22f92240a83bbf07ac6e3bafb4f5d4b, 0x800000000067173cdc805f7789041109ae268f73f0ef49d1efa9d954d9b7dedc1664f473c9a81b63ee1911e091452358a2d955eac1d33905fa28ef1a06629e1ecbfdcb6b8f334a763f63f15b9e97150ef87db2e90eb22ef637, 0x800000000067173cdc7dc9d4a00caa2b85722ba9eca6ddeb374f519ac5385e1f866f4c7ee0a71074ef62ae651de887276abb00e34a631584ed8692305bcc2cd741dfbfbb4a98e28e75, 0x800000000067173cdc70191ae93481f77735be3b30ed61d479963b005bc7a60f6bb6b963f675d32acc8cbbd253b391c442d85f2798551db4865df390c76d26543fa72037a6207ff0708a56f5724e3b3f00f7d6e0314a9740f5, 2, 0, NULL, NULL, NULL, NULL, NULL, 1),
(3, 'ad0671d30d0244ca8c9ce5a9455d5adc', '2023-08-21 15:26:25.450000', '2023-08-25 14:18:24.420000', 'SMAN 2 JONGGAT', '0003fmxg', 0x800000000067173cdcf9fbbf3defd12e4f8972535c52f1e14e9bbb5a1b8d384055844934d387cf690717cbd7bd08e462f2057d70820550f6fc7ee668b42a82b0c3ab0a4218fa7abe8df7fbccef84c09766e0a2d02ab4c20bcd41d85c979992fcdf7ab11246b86b11d0, 0x800000000067173cdc85b83871acd5f598e4165ed07f847b0ece75d33e58faba40382f7604f349649610a43dc481a222ec1e427bb3df84fac6f5a5f4cf7a69b116210ff32153128484d432ac04304d1b43138195f7e44ca37f, 0x800000000067173cdc9d391865e1f7dd9ad2759345d9821fecf4d47faa967d01386d2390d878a790a7729e5b9b7905b3e828b4ba41e49910853240ab5923c27e0209fd254406ded7e8, 0x800000000067173cdc0cb816d13672b9f481fc2f2051912f5f1b736cc5f2bf883e72fdfb994919988eea109564b2936255e2cc6c1535acc6d171afa3984f14c71df4671555fd799b6f, 2, 0, NULL, NULL, NULL, NULL, NULL, 1),
(5, '9cf27395c71a47c685bf4e224f542ea6', '2023-09-04 09:26:29.749000', '2023-09-04 09:31:29.535000', 'TEST', '0005ry22', 0x800000000067173cdcc7f286810ac91e985554fcbada77c60baebde325c2a0407ca4dda70fbab695fc0156afc816254d9e67f30ad5a2b68c32c0061dd2bce0f1215400da2a540c8044, 0x800000000067173cdcc4153e15abaa0e4f552c7295431d6bf9b95717aa198d167baa6c5f546c8a421742e6a9995c2b59c895045bed22c2e0617b5872722047a489f18fb4da5948bc13, 0x800000000067173cdc64dc7b847f681473bc9971790722f4bd5a699d5f7ec0944e0644239367fdeffa434aee645f87e3631a8a73392ab4b6276ee5cb739bb801408d8e8ad7ba06a137, 0x800000000067173cdcd0873849a9da93538d4b3d298c431109cabdb7de8193c5b404844c763e984031998bdd59e89a5a6b10f5b9aff510783f0518023274a893ecca03ea4a81a138dd, 2, 0, NULL, NULL, NULL, NULL, NULL, 1),
(7, 'c0d8bc4fef2e40cc875752c0200d40e9', '2023-09-22 21:14:42.460000', '2023-09-22 21:14:42.466000', 'Pemrograman', '0007n4cf', NULL, NULL, NULL, NULL, 2, 0, NULL, NULL, NULL, NULL, NULL, 1),
(8, '4f97c82c1d224195b1b5f663ddd0ae96', '2024-01-25 09:18:45.700000', '2024-01-26 11:48:48.423000', 'MAN 2 SUMBAWA', '0008wfr2', 0x800000000067173cdce30fa0358ee648979b5a770ef1c6e27e9227018480f6eefa6690ed48e31d129de008e88da3e728131ee0f72af9df8126ae98597d741a881b259ac614fdd947fa, 0x800000000067173cdce03a4639c6a7ec89ad9f2a64209adc8235aa4609c68bece4c653b0f4d32c22f570dfd0d13363bc86821348c25edec50f9dbb7d333c5269a7a2daa68f8e07878d, 0x800000000067173cdcaa687a9aeda04719aa9232ffa31a5b8e944af494a37073c0e4f41bfc46045bee8c83e52f22ea47d59cd89d53b2279ee569670eaaa5dae67e606cdba94ae51280, 0x800000000067173cdc734902cdb1550604e9211fab1528c2b69668a4bcc532959be4803b652a1dfb80d9248efdc638862db5fa021d8f2bbabb3e6a66db7b6f0ddadd773672a0cf7404, 2, 0, NULL, NULL, NULL, NULL, NULL, 1),
(10, '9296b070a4e64bbba539f3f5657d7f1d', '2024-07-15 11:29:37.244000', '2024-07-15 11:29:37.539000', 'Test', '0010y82c', NULL, NULL, NULL, NULL, 2, 0, NULL, NULL, NULL, NULL, NULL, 1),
(15, '370a95f986434ce4a8efb90d6e33db75', '2024-09-02 06:32:06.782000', '2024-09-02 06:32:06.815000', 'Man 2 Sumbawa', '0015bndb', NULL, NULL, NULL, NULL, 2, 0, NULL, NULL, NULL, NULL, NULL, 1);

-- --------------------------------------------------------

--
-- Table structure for table `core_agencymeta`
--

CREATE TABLE `core_agencymeta` (
  `id` bigint(20) NOT NULL,
  `uuid` char(32) NOT NULL,
  `created_at` datetime(6) NOT NULL,
  `updated_at` datetime(6) NOT NULL,
  `name` varchar(100) DEFAULT NULL,
  `url` varchar(255) NOT NULL,
  `title` varchar(255) NOT NULL,
  `description` varchar(500) NOT NULL,
  `web_type` smallint(6) NOT NULL,
  `locale` smallint(6) NOT NULL,
  `locale_alternate` smallint(6) NOT NULL,
  `image_type` smallint(6) NOT NULL,
  `agency_id` bigint(20) DEFAULT NULL
) ENGINE=InnoDB DEFAULT CHARSET=utf8mb4 COLLATE=utf8mb4_general_ci;

-- --------------------------------------------------------

--
-- Table structure for table `core_agency_translation`
--

CREATE TABLE `core_agency_translation` (
  `id` bigint(20) NOT NULL,
  `language_code` varchar(15) NOT NULL,
  `address` longblob DEFAULT NULL,
  `notes` longblob DEFAULT NULL,
  `master_id` bigint(20) DEFAULT NULL
) ENGINE=InnoDB DEFAULT CHARSET=utf8mb4 COLLATE=utf8mb4_general_ci;

--
-- Dumping data for table `core_agency_translation`
--

INSERT INTO `core_agency_translation` (`id`, `language_code`, `address`, `notes`, `master_id`) VALUES
(1, 'id', 0x800000000067173cdcb9dd5798bb04f973c2cefacf40e337fbcad67a526987a619341464a454c646cb95f839786de80a9cd49e45b5fd98474c8b289756b54fa79b1a184f196541083a, 0x800000000067173cdca7f76d15c7464bb83c676066f3a0d88743287e8174279deffd5e6f558ebcf980a6f29c0efb4e84c01b9e1c4355956eff901e6465e4898a959e202f146b20395f, 1),
(2, 'en', 0x800000000067173cdcd96d478b6d91a81349e70ca4cb6512ae3215f6eb5aecf6299d7d1818b39a192df20887fbef9978ce1e9cb330c0a23b6c9523aa9b236d65549ecc7e17c71c796c, 0x800000000067173cdc1608912763c124dd00ef1ffb8fed3889f3ea7c2acc58e596878e4791efafb6aabfe35920d0a70fefe98344d9ad6d6ada9c81affee675c1163473a99fb16b4e18, 1),
(3, 'id', 0x800000000067173cdcafa0891522d854c4bc9acd82b5211445e8beff243ee8a57451b78292f6a82ec827e6e1dc62deb4780be31bbbde5f72d5685ff6b42c07bced870d9c93783517476b87272e387e67675bdcdc724a894ca786d113509e151bb9d2f93cb153a476f6142052984f0eec171308f4793d6541136eb0d31b9032b5e74bad5c0e65ffb2a77e996aa49b8535b096b51f55b8ea859066bb82a8e40e201bf55631b571434fa8, 0x800000000067173cdc380d45fddce88764636d59618e7eefd8e6635816d3e0713f06fc989fa3c1a14b534b862e603fcc0f3f744c3b0a19b21bcf848cbc56a0b5fe56f9e4aaa961f73ea92c1855cdcec6797464b0088953a7c9b3032e583103bcee65ed046461c92162, 2),
(4, 'en', 0x800000000067173cdce0ce4cc585b748c7286de86b41361ec9e4cbc4d2ae7764e8997f134caf0238df0bab43cf0c0c6e6d239942706cf4d6f0b5ac454cdb3c2900bc03da655e366a828d6dda134a4d289d675bafb812b81266f64e31b2c18de5dbcf895d4b1cb3e82d8f16442e3777811016da97bf85988bb14e89379260c0ef05cf9c022e1fc6ea951f11594e77af35e467c5edafb6f183d2ffd79264f7370286b971d7ca7d022fdf, 0x800000000067173cdcca117294ddd2cab046ccc5d0c7bf60be3fcb61622cba539987fefb810d9afacb45a7cb6fd3601ae172bd51b7b74d4294bfe8645b985d495e80d727915f43a41c25840f5f1d0f8330f5ef5e87628c2c72a0bcf6538e61b839aa721ff92949df65, 2),
(5, 'id', 0x800000000067173cdc92558e43c57d8aa0886bb826e0ef5017276adfd977ff560da409a252cbe3a0f1fa4393f9b07177fdb0d37f66f1cabdb41b7e96557acadc5315a25a6db7df2f18993178f30142c5db3378ef6c41c2518783c87babb620670cbdb99d04de02434c1d0f6161864513a6bdaf67d12679de536b4157510f53539a1bdd474892e1b308, 0x800000000067173cdcc4c29273e1eaa1df007a53e41f93d8bc7a0efba4dcec3988174b80272c552e44c6fd84d57a0f65fafda938956612c54ce141fd6fd479e4246c582306c89177caac31307edeeeb853459f246036fcf2d718e5ef287d79e22a636d229ad370af29ec92712ce24a7ae09c14a1f8bff894af3b9bb5c376f769c09dd40d70afe1616fe7bfcdbdd85d7ca7dc6b73b0153c522cd71795f1dae4b6ee0867f790aa1cb525ffe234a18adae56143d3acaf27c871c36e7c5004b1f5c66afcae15d857234de4cb436f8ec9913ef8d1f3899a6b8d3dd4ee9f45db220effd7df8f190bc17b4cd0ec56763492618e433e11a168aac89c147823f7a5b35cbf111320221a6a4cbeae9de15403681e0d6c602368ef3ad12368df72dbd81061261a5f8c1038325651179db599b49d88b6fb836f33de2af8e6afa59141111f421b2a3030e866095623962a6a01451261125ea6d1a4804b0851ddc6fe12e2e0315793393c2de7c1ca6b6a2f013d957600c8bfda88fcdf633615d5c91b605aa573dc0418e7da7515923e1b7c139e790bef11eb9d7531c979a9d3accba09e0e08dd46399fc700f6884d65af4779004fa7736e97cf158d5173abe155760f7534506a812d0397fbe17f3d6b0320b3d1515b43705eb9ccf666eccf8c27fb690b2547e9c77c3cf49b0cbd6b396895b3ab719ea8ba7c5594800aa135fada18fd1f39588d5167c1ac2218dbfec2b736924e0d3091044cbba97413d85984110fec80e8090bac34a8ec182d826f55c74c736ffa02e2ed3b27a294e6e313276e132158c2fed350cd1ad83a5103c2ec1dbd483e6be1993d196ea4f7dea5347d2212f58aa17aefb2358560670df26ba7f2af4a0c9f9da6a47f8cb8c0ba7f2d8d0966b7a626749b2e20e24835d5b86d64d0388e82ec2edd91f9146c69d0b87dd1705094d81af5acf743f78242f29c97875e1069cc42133c39f2fdac3011fb965981e5ebb2ff739e5ab8e0c286f1ceb1dea7b7ca7139ca67adb65236879272ee4c4aecb38d7f3a75303c1e60c69684876b3b2fd8332f85c6db51ab12cca2c25f6b540d1f84fcfdc898568a31c8e1b44914c12171510b7b922e08d8c3de44ad0b534a0869b34438c57da8c7f6593e533e4449ed5410e9dd7afd60c2477884eeb1a6e3373db25df2221f1280b702ae98067d2d01f404017b4856814086425e3dd1936430c179d3de229a8f57bbf3f560ac22be2d9a4f1b86fe2a9e22a51d0b5e0cd98246a6e0428b7dff3833d5ba49be3a4303e5f0171fbcdfd109c7597baf75a13d49beaf38cbfb1ac347c63d8e583dea7fb249adbb14ff970d89b87747ebcc8277c1de2d4156a4c033b7abb8d9fb79ce4c2a24b0945f8e036864392ce5318a8c1299b5ce083e8e029fae8200e04c1a30c50e9d2bcd22dceeebf24ffba91c7b082a2318ddf84daa231c9f203d25c0186d75c21b7c062071a428e55827b1710f44cbe11cb06e6f096297b25ad7283b381240a2abfeff892d5326a2394de11cd15de061d4e0007ae65b24b7d75d025985e1f8d05f317296e63e1e39acf536901c920edb5c371ecacc2d18a918d3fc33b59e37ec444817ac6fa0ace472f8a40592e6852c074bab937c9d1066f6073bb8809fc60e3948511e83d227e4081db85d5ddbe4e32307c73f0ccbc9968ccb91d69bf76351e5155dcb9fd396aaebb87a421345fa1a00c2f411e3dff47606383341b701546ebd8860502aacf542bdaaf4c2aa1ee992f6a68b2a75bd5890a2ad4f48ab57072d850287f428719dc60b819bc8f00b34530981d44fdfd2ef49110e491ebcd31a63d8d5279c5a0d4d10728526c9a5ea8c17c2b074f3b1d779a9a3b6f77b9a8924947363e41b46506020bf1c9f40bffe3bd8cb6bd36d568f37856175c28dccfb1ede248445c3a5e45fe677e436f773f2c8b395b6b8fdeb931c31cc25176f696546954ce642a6cdad66f11924745f354dabcb21c88e196782a1c5d3a1b3c2d28980bf9df1d0166ff909f258647f93cc4cbbeb821bd5424e0372d64c00c96dc09ab6fab16eebfdbe2fe66abf91df7e55fc81df80ec07b0fe2990c41ad814239386a5fac5139a9f38a691aec523b4f56467a9221bbbcf77f3afb00159c966d0a5c9d3063c5b2a3d5d793dea4fa7bb512dfdc29549894e4503eb169bd3747d02351e37e2423601bbe342f9cde3684c8659b03d0b1ded131abd38bb718e825d6cc235871ab2f6a7aee24595e6934369c2b0b954a6660517bd0a46b0109b54df181b0e01b88782f483436019d1930c9812dfed3745625b884484bf7eff4a94f84aae87a82b79cbd05c38d325e3b8c79d3d4477e6998cb798a7c56381151be5354d32f106ece4090b378cccaa0031f029f58a1552acbba173283c089d0094d0a185e00783dc240abe9d44b57f9776164e175fc844efa62baeb9165d2f630f1288df350cdb5f4fd095ca2203f6809ed4a5fc5463b2e0dfb3bee31b7dfd0bcd0abd3bb1e18799ac5f377629af7d7e58c52da67a733eba3c3a8ae25533d8dd0a7ca0fe3076e3fe5bcf665ef0fa1eec4f651d6cd979fd963dafb3676a528373dd6448aeb322e0d397167997a21859d8223d99ab8a08121df4b1a6788abe1896a7d8ee5881ac29719547366bbc7e083940f643a98b1a0f4c771e0d8037a302cfd1e3e8b2c3c949f5bd1a6c24ed0c9448cdb998ab2abca29fbd2b971588fa4492ad10d530e90d87affab25f7c4db336d52882db07b2b177fbb553d8690759eb2520595c40a805d55338ba04e5228caf4d91680f08ac4a27bf117dbb127c7caf8e2d80b26ed83935a2a81a46b37ae235d8d199cd1e6ed71ea44372375826539379fbaac0e0b86098f41bbef7395f3be89af2f1eacbf3a43112bcd63cf96edf92a78d236afa426bde624f9d127f28f32af9179be99701423efeb3306bb6fd341d7ad8e905d2b118632f6ed8d0f14df667a4f5c793e99e5cdbcca42b2931bd40c53f15054e269f5c01abda307200b988970a3466c64d2702cfea1a46a151446922df38cc2069967f8329928cb1a8ee2c61b4078878e21de204fcb83e9fd71a776754ce568bdbf3abb31a9f86226af92d11db6161cdbddf21bb70ac96227e2092cd4d9e02b61d04acdb56983c1d91a5c707263aba286ce38d780d9b7700072263cd354046fe9a6aaa3c3d1de39c170c541ccc3ea6ef8068264c7ecb94481e181e13a49536a7b3e7be0a1c6c4468ed53d8508f5b71b099c4c5d52236beadbaf5d9b63d46b009a5f876c334c5ba195fd21fda0ac4a2d80680f5a73e8bb06724f57c1f55cc90deb77f6a976f79b128690d49639560807df4d1fb17a9, 3),
(6, 'en', 0x800000000067173cdcd12c74b78ee80259b27a3d92b2bcba4bc4305f295ff06eed12a142c757c56111ad7e99d80e69e0d85e4290783745b5de5a94bfd5241d588f7b53f5650cb03aabfb4b1b3253876275626a8f8c1d93798774bf17bdedb7f3e45f6618dba166a69b53fce1ae3cd5325cab5adb27defbe2ece41503b609a2a2e3dcd1f9c2b458241f, 0x800000000067173cdcaafbe3b9a56708f5ec3802eb7e107699a2ef897e03201bec68f0296dea684eb10a98e880d524697fd9fb8f0259f8d4ad0f2c0e09bc283c6ab811ff8bad0a73376d97a0984122dba29177b101b4a1760e3f62fa55daf13ae9b80cd3d5e7239219abaea73428637b6bdece9067d8ab2733f0bd0ff10c199388e40db52a25c4b96278398a76d4cd76ccee10d208bb02ecf691bc8e081be8617f5f702c8e2e3988c50b3d3e036a1a69ed374551e875a2d3abca84720ac77ecd54aab3ab8bff4cf93930a01ed130fdb1869131006d4e233540085d21a54ea763366ffbf5e01f797892db1a06d44143bd9406b0a947624f1391add9b03128fce3306fedca6eae698baf18d000d2102a449135efd5fc920966011ae794cbe10c3762d0b2cf2b4aa4e2cff7a7e6d8a8d4b5b8d79677ff369f8dd9f1b185e76da24f86c3f0c763a097850b8a6ea23d220e29be5e08b36fbe3ab41f105a6821c1166e1ba770fa51e3fac25e367a72fc9cd59848d0e6e7213347249e2fc0c98e8c2320749c2c5675db3f8c1e2f640b4a5f4f6230d8da08c447c46ac198ed07cc5d593d7dbe942353c70cfc6841fd8f92f68c7d677f262a0a33bc8463c23ac5bd309f5a324f0c956026b7770964bf67a2fb68b44f76944ebd0f6d8d4cbec88cd06fc769889f1cfadaa6b9244197935c5645afaad0d3457e6b80a46aeee1a5f338c7eb39ac4c35201d752a866ce080f3309ca97933ae79f7278468babd42c60e7e0eb947179be8e2d0ae61b25e4f728590f685bcc2500b6cf9de65fbfbf04df8545204cf694f83e40f90507b24b7f25ad6fce7578f9af78fd08dddaee9fcb7e28847c0540ba6f834c18ee0a505de8c318d40a8be059918e1c334ef99d8ea2692a833644ed8e2148679bc54699a4172949b7178e1c61d50047de5d7fcac8498e370c9b0fa91f6f2208687fad1eb74867f9abcf92a679b555d513a7262f5a6efcce3349517801fea028dd242a5d8e3fc16f8becbc2d53722b6bddae65800441ffc9239f60e92c6dafe8275fc45900701a6e8addf74d94c3793fa5d390bea41591fb5ef3aac753aed413933684e03374657b47e48e80d5245405a789a89a6a015a716f9eade8659505262169a6001b712c39f31b98e2c82214a6be8b7bcb0fd62fe258603a75733360d5c4159dd59e74a2c220f42eba03845125cdc87d532fbfb90f4eeafa0a88748ea51ad8618a1b171b78e39e064d216f878c5c82adde5d43cd061109f565cbf452298cee47887abdd5033e9b1bb4d2518daa25d2dd0f539f75b4225d581cd543f5382c0aeab2ed0337076684a95ac04e8e28279bd1a0930e91e1403f0be95ee9dde29b7c1e67f0ac11a2a3324a060065b4fc791424b8f15031193757373aeef57a76b5259bb1551beb08c3a633b5b306a819bbdfebf41056df3700ecec156512fa9786938a8316930dd7355700a304878a529d736cbdd146e60c4ce643bb65ec53da573b5a37ae2b8bd0eeb36de74ed9a89088a4c8ea4380eb57b3fbe3a99b8131b61094d336574fe8839469aeef932fb4beac179244f167b588ea63681174be289fae5242ea4b4d3e761ebf848c138a2b4c3c6e1587862c65ca3ae2c72fb1eddf93530e29cb7703155fe2b643b73fe61e8d1fd853d23139f8d516d11e634ec518cf2b2234dbdae0209e996949cc1f0f84c037e33ab62931482a3002dc05674cba0f131de27151d9a51232029421a477d1439ed15b49e259ca5ed288a32f263bf6c85bc0b66251850781e1f373f2ded1f52ae69cb5a1e764743b7374378261383bbfe56c547a29663f41f6cae76566ef2e874efc13f8d44a8a355ade660b981527527722bd7c8a5a4726c2107ff696641e608e6646b76bca8c9b651f6f99bcfee83beb77612197f365465e398ecbcd01b2c018aa3e2af575524139d81c8fdac6210144894ee6b1254b5d7c6830e05449b9f9cc46e440556482292fe463f46f052ec808a05fa1d8d663b19e81dc745573a18aa20bb71165aeec67e5172ea7ff2bdd7422894f299a06c8ed42f51c8061a861c6a7fd76d87632f6d897b32228d402401d64729e31e7a3070ad3f0683795bb4101adaf60ef3185d07ced900cf4882ec983ae8d84aba589f9b8d9e71ee9eb4abadc01f6908881354b9b3809c8cfa32f6c6eee208cb1b2597587eb9ee3f58240beed52cbca2b5dc9fe6bf053f794a6f68a956bc94f6ef06614cbd67d777f5e3eb4ed837434f8d950721b29f7e601fc9979d65536fd9714576f54cf5161f3b292b2c433156570bdccab86233587772d3af795def90495f669ca5b63e109ab0920dccf109bbc910357d0c6d3b81a3b460eda45c387d4eff1402968d35f96796d38ae916a5a9fefe5f9556055e92640f07711d35bb8c669777447a4712ed504985842e108b7786ca19157a14a80f1497a195da5b64a69f5baf43031140783e5cf70e486b5e14180b9e956c0cc0f9a3e78065a6aad59d8c068aa4f389320d6a2994cb94bfa55b730d2d973dff979149f2a88d3e900b8e5145ecd0c2d51b7f05c164de76eb90d7b1961ab96709f648c6368ed8878eda12c633995e81e7905c60da2878f0c6787d01035f24dc446be21c5ef7bb64f4d54451916419dc5a5cd345280e68bd9b3ee8f874751a3c7e1231f600671369f3ac69a86b528a2a637e6ae8aade9670bef996cccaa9f183fe0d7e9e1cba79cd799aca6b26a29ef84c4ee7387e297b18805f09a7c54a4771c4574c5a576c901d74595b32d6e2024568702717c89eee76a6e84116be99b742cae71f9b72aa87317ab0c32faf76400cf89f1a0ce45841d4b97a68faf7904381a130e6325d0cef45e628571bce143af7c6c3801926df00adb7e3cbf7c19786c404c63972068927b339e521adf3ed30dd3ae90c5fa25b31bcda798fa40b91e1d228c1542f824bfcfb071c153a85a0a522a09584dcb22c1c9ab60b0bcf97da5aa82ee240ec73ef3a992cef34dac147c7d23fdbadee0d04cd3e18920fe1b73ced93d9bbaeebd854aaf8ad02aa45b3c12d84721ae616742d58e8f2a117c9344e6099346c7e5684775a255430358636bb8b34e17045b4980dfdef0020d63c939aa064b7d2c8407b2f82d79d5a6c7956f2ecf05bd405346a172f2308796efef279775e73365324982a90d2821e3c3b136e1157427cccc7a323e42f24922507be5322343c3d45dab413d1f99021b5b7228b20d4f5899af2cb24b75d97ff8c127c9f425b41c73caca8db54cc16dae57f1b2b33d7add2e9ce84591265d8a9d3846aea08c7840c84bb298ad1a35f173b9c003e05e5c12537c53da805c69a1f2815b5, 3),
(9, 'id', 0x800000000067173cdc6ce90fd5a6331ba651db9d59d38f59d1dce3f8c0e6c4a4a49b2a8f7918559ea5d40a9e4b2ba105d8ad1b0dce2703d5b9f521eaf28e70adee94ebbf7e9c7353bc, 0x800000000067173cdcac1926e7bf600d0e6fc91d78e73220dc7fd790a579bd5fa927a0395bff425637066a9e5db7249e06699c85bbeef1363d28e8d9804a28f7864f266f1a12d802d6, 5),
(10, 'en', 0x800000000067173cdcd65eb929170ee7d99e9bbeeb35a782b3cb44e495afdbf8d59ec831000083cd7a158ed3c6244cc47cb38c2af67ae35fcd4c4d50fc42308c8dfb1f748278a6d368, 0x800000000067173cdc11a2bb200b99248977cde12cac44130e52e5190ce1eb57818ac201e9a64710efc4ce2e1ddfa3bb1d85d8bbf63fcc9c09c41fe660074c4b1a4a011c5ac652e840, 5),
(13, 'id', 0x800000000067173cdc79dd9526a3ac3d8f497b4cf25bfbc7607462f6df9927d6e9206f87dbbbb64e435c491cce57887620cd4a037f56c329bb761511c2990b2bc19bcbdd69b6b12624, 0x800000000067173cdcd75594ed21d5c9b5f153db5487550fcd27fe30bb5f15ed1595c6a901eb867b06449eff4cb291d8d899d2a54664d7a2fa0019f493c868d09d2b80eef77bc6695e, 7),
(14, 'en', 0x800000000067173cdc850242b0c8c3e37facd6c76eadd292fd293caadd8dc5e438128e6bd91a00e7b36daea2ba9462cdfdaa0394e9f193310d67b24cea74843aeb0ec8be0cfee8bec5, 0x800000000067173cdc35859d40b6ea7e0b0ec145bfb4fd9f72a8a8274da91fa0dd9c1c44e983bbd56e174df0145357bb60204dfd9aa885e01842fe819c252a57f8d427516b8236a80c, 7),
(15, 'id', 0x800000000067173cdc45373306771f6824bb01b8a28056c2d87542c5612ddb330f4f7d5f5c52935579edb4d585e857312ef3c17853f2628231e415f6eb4c88f81f9ee443ecb71b6809, 0x800000000067173cdc5e6f5753a5c895add22436938b7a6501b375b55563f38c96f2b821deff47f846fe54987de753f8f01aa803987943a0c6007d90a8bbc342f92d1c3171d4941f869de75cd10256b6c51fa46651da214454ffaeea2742260c3bff41816a94dd90256ce50f1e423a2bb3d8f54384ef94b24e464674b324b56e505b496201925397f5fddb068df15ab150fc4f955adb8e5b01e82cfb19a5ce9a3b2f0542cae43ec27600d6768180331a22e4a86099aa6556a7e2536fbbd7b90ff1caa766f134eddb31fae0abeba41857f7d6ca5c3215be9fe0459850f7c8d273759588592304e01776, 8),
(18, 'id', 0x800000000067173cdc1fd40e760a0ae6fe889a7ed629b6f383bbc897104e0b0ccce8029cd20a37bcc650131459a4253ceb2db8b620b1228f7110900cf2f315de7ef30bfe91e063eed3, 0x800000000067173cdcb1d2c2cec01f43b5c5a7b5bed7a8f8c01fd5b1804df16e72cfd3e9b1f9650df73d8370dda4e56491eec63a8d8991bb4fa0f8c119b0626a99dcd7348c4e4e29e5, 10),
(19, 'en', 0x800000000067173cdc22af83b28d1b8eb4d9fe1dade58ce9a8840c39ba54135e2016bb755f0de0dec9da5d2654a3dfa091ee1a983f1086baa36a5f92921c45f33525030edfbb9ef3d9, 0x800000000067173cdcc148187bd792fc70a7be622bf698fcbba5ccac159845c0045290cfc2dcf3f49524b7a5d3b206bc7ea5fe24441f247af421d25ce4e0afd81006c220343f95cba4, 10),
(28, 'id', 0x800000000067173cdcc3cf7f58bed864f627a3c751a39267837b347854a9d33e3a64f9b31ba255233672c003f45ef772700d9179bfe9bc87a3abaa7fbebb8df2c6464744f1140ff381, 0x800000000067173cdcac0fe4a3d0e1ad6711da6a5699c4f5307a836793c32f7f023a576cd16d729bad91711869911a0e9de9b1ff652260a2973cbb851d14f353cbf698574fafa7508c, 15),
(29, 'en', 0x800000000067173cdc60ab9e8efec37257fc451877b61ff1da9b58c20b09c4a54d62435f039ed47035691a7a7f0eab1f286bdc499e23f2c2e9f69d86283c9ecbd60fdd71aecac35e27, 0x800000000067173cdc4012651347bc764b2d27386b8fc538d72e993c75ca6e3b0cc987678b57e3817c59d381f94e064a4df697b7e4dabc68ffabda0ee93c752b2d79d68e46f83ccd92, 15);

-- --------------------------------------------------------

--
-- Table structure for table `core_globalsetting`
--

CREATE TABLE `core_globalsetting` (
  `id` bigint(20) NOT NULL,
  `uuid` char(32) NOT NULL,
  `created_at` datetime(6) NOT NULL,
  `updated_at` datetime(6) NOT NULL,
  `name` smallint(6) NOT NULL,
  `value` varchar(255) DEFAULT NULL,
  `site_id` int(11) NOT NULL,
  `ref_template_block_id` bigint(20) DEFAULT NULL,
  `order_item` int(10) UNSIGNED NOT NULL CHECK (`order_item` >= 0)
) ENGINE=InnoDB DEFAULT CHARSET=utf8mb4 COLLATE=utf8mb4_general_ci;

-- --------------------------------------------------------

--
-- Table structure for table `core_iconlist`
--

CREATE TABLE `core_iconlist` (
  `id` bigint(20) NOT NULL,
  `uuid` char(32) NOT NULL,
  `created_at` datetime(6) NOT NULL,
  `updated_at` datetime(6) NOT NULL,
  `icon` varchar(100) DEFAULT NULL,
  `template_id` bigint(20) NOT NULL
) ENGINE=InnoDB DEFAULT CHARSET=utf8mb4 COLLATE=utf8mb4_general_ci;

-- --------------------------------------------------------

--
-- Table structure for table `core_menudefault`
--

CREATE TABLE `core_menudefault` (
  `id` bigint(20) NOT NULL,
  `uuid` char(32) NOT NULL,
  `created_at` datetime(6) NOT NULL,
  `updated_at` datetime(6) NOT NULL,
  `service_option` varchar(255) DEFAULT NULL,
  `model_list_id` bigint(20) NOT NULL
) ENGINE=InnoDB DEFAULT CHARSET=utf8mb4 COLLATE=utf8mb4_general_ci;

--
-- Dumping data for table `core_menudefault`
--

INSERT INTO `core_menudefault` (`id`, `uuid`, `created_at`, `updated_at`, `service_option`, `model_list_id`) VALUES
(1, 'c1169ee1271b481492a2566e1ca3c3a8', '2023-08-21 13:56:07.016000', '2023-12-05 09:14:05.883000', '1,2,3,4,5,6,9', 3),
(2, 'd7eb0d147041473a827db250ba423c8e', '2023-08-21 13:56:07.051000', '2023-12-05 09:14:05.892000', '1,2,3,4,5,6,9', 2),
(3, '7bd286a1fa144cea81694cebbe9cf3c0', '2023-08-21 13:56:07.086000', '2023-12-05 09:14:05.900000', '1,2,3,4,5,6,9', 4),
(4, '990089818f9446c2822baf9563b9b88b', '2023-08-21 13:56:07.120000', '2023-12-05 09:14:05.910000', '1,2,3,4,5,6,9', 14),
(5, '020ab1f31b7a4c868ef546757d7df1a5', '2023-08-21 13:56:07.153000', '2023-12-05 09:14:05.918000', '2,4', 15),
(6, '5c0fd633fe0c47659319c02704bbfcf4', '2023-08-21 13:56:07.187000', '2023-12-05 09:14:05.926000', '1,2,5,6', 16),
(7, 'f19b5e634cd14ed08bdcc7a8f7e35a0b', '2023-08-21 13:56:07.220000', '2023-12-05 09:14:05.935000', '2', 24),
(8, 'df977565700840ef9321e68c3ee0ee41', '2023-08-21 13:56:07.254000', '2023-12-05 09:14:05.943000', '9', 17),
(9, '1170b0885716499fbf1ae15ea7db1cd6', '2023-08-21 13:56:07.287000', '2023-12-05 09:14:05.951000', '1,9', 18),
(10, 'b01693ca1dd140fda3ad4dc857a8097d', '2023-08-21 13:56:07.323000', '2023-12-05 09:14:05.960000', '1,2,3,4,5,6,9', 19),
(11, 'bbb394594c584c35bb87328b8020c5af', '2023-08-21 13:56:07.357000', '2023-12-05 09:14:05.968000', '9', 20),
(12, 'db01543ea68e4c52a32340c990879752', '2023-08-21 13:56:07.389000', '2023-12-05 09:14:05.976000', '1,2,3,4,5,9', 26),
(13, '34fe699c89b847abac55201662a07494', '2023-08-21 13:56:07.424000', '2023-12-05 09:14:05.985000', '1,2,3,4,5,9', 27),
(14, '62c84af8a1ca45d9be2ba98bcc7015b2', '2023-08-21 13:56:07.458000', '2023-12-05 09:14:05.993000', '2,3,4', 28),
(15, 'c6f31ff690cc471f93a3ad857e353101', '2023-08-21 13:56:07.490000', '2023-12-05 09:14:06.002000', '1,2,4,5,9', 29),
(16, '0cc750739a0a4297af7eb6f91be44583', '2023-08-21 13:56:07.525000', '2023-12-05 09:14:06.010000', '2,3,4,5,9', 31),
(17, '574c288b0549448a979db446c7a4762d', '2023-08-21 13:56:07.559000', '2023-12-05 09:14:06.019000', '1,2,4', 21),
(18, 'bc186a5462144d3da29d182d21979f23', '2023-08-21 13:56:07.594000', '2023-12-05 09:14:06.028000', '2,9', 22),
(19, '1c06239ddc454cd78e181d2d2a1f3425', '2023-08-21 13:56:07.625000', '2023-12-05 09:14:06.036000', '3,4', 23),
(20, '2f4b108fb6b84d64a90be706e1ea751a', '2023-08-21 13:56:07.661000', '2023-12-05 09:14:06.044000', '1,2,4,5,6', 7),
(21, '134b731cae0f4d3494cddc66229aa1de', '2023-08-21 13:56:07.694000', '2023-12-05 09:14:06.053000', '1,2,4,5,6', 8),
(22, '4770137baf6d4315b7a7879f49ad85e1', '2023-08-21 13:56:07.727000', '2023-12-05 09:14:06.061000', '1,2,3,4,5,6,9', 9),
(23, 'b87bd76390f041a1a0164300567ab3a5', '2023-08-21 13:56:07.762000', '2023-12-05 09:14:06.070000', '1,3,4,6,9', 10),
(24, '9981054fd855441abf991f2fd3165577', '2023-08-21 13:56:07.797000', '2023-12-05 09:14:06.078000', '9', 11),
(25, '2c1540b072c648d7bb96dae861008773', '2023-08-21 13:56:07.831000', '2023-12-05 09:14:06.088000', '1,2,3,4,5,6,9', 12),
(26, '217c0bb8177e47229feb21279e0fce08', '2023-08-21 13:56:07.863000', '2023-12-05 09:14:06.096000', '2', 13),
(27, '68c4e820e81b4f5585ba5e1af9444ed1', '2023-08-21 13:56:07.897000', '2023-12-05 09:14:06.105000', '1,2,3,4,5,6,9', 5),
(28, '7d39914341144f309f0e8cf082c1d4dd', '2023-08-21 13:56:07.930000', '2023-12-05 09:14:06.114000', '1,2,3,4,5,9', 6),
(29, '5c7fc94f822d4fcba4216223beb26acd', '2023-08-21 13:56:07.964000', '2023-12-05 09:14:06.122000', '1,2,3,4,5,6,9', 32),
(30, '8ff8b7bb7ef24b00ba966643174b8da6', '2023-08-21 13:56:08.000000', '2023-12-05 09:14:06.130000', '1,2,3,4,5,6,9', 25),
(31, '808249c469d74e6f8441c423645090a7', '2023-08-21 13:56:08.033000', '2023-12-05 09:14:06.139000', '1,2,3,4,5,6,9', 33),
(32, '1d4b275843e046ae973485c756ef03f8', '2023-08-21 13:56:08.067000', '2023-12-05 09:14:06.147000', '1,2,4,5,9', 30),
(33, '7032abb445fd46e3ae092e1b439ffc6d', '2023-09-11 14:48:53.124000', '2023-12-05 09:14:06.156000', '1,2,3,4,5,6,9', 30),
(34, '939d452bf288476b8f66109b038d7e77', '2023-09-11 14:48:53.158000', '2023-12-05 09:14:06.165000', '1,2,3,4,5,6,9', 34);

-- --------------------------------------------------------

--
-- Table structure for table `core_modellist`
--

CREATE TABLE `core_modellist` (
  `id` bigint(20) NOT NULL,
  `uuid` char(32) NOT NULL,
  `created_at` datetime(6) NOT NULL,
  `updated_at` datetime(6) NOT NULL,
  `name` varchar(50) NOT NULL,
  `description` varchar(255) NOT NULL,
  `status` smallint(6) NOT NULL,
  `menu_id` bigint(20) DEFAULT NULL
) ENGINE=InnoDB DEFAULT CHARSET=utf8mb4 COLLATE=utf8mb4_general_ci;

--
-- Dumping data for table `core_modellist`
--

INSERT INTO `core_modellist` (`id`, `uuid`, `created_at`, `updated_at`, `name`, `description`, `status`, `menu_id`) VALUES
(2, '9cbbe32d5e6a49f1a2c19c59e3b3f527', '2023-08-21 13:56:06.517000', '2023-12-05 09:14:05.668000', 'Logo', 'Logo', 2, 3),
(3, 'ebafb708bec1470b8af346691044191e', '2023-08-21 13:56:06.531000', '2023-12-05 09:14:05.673000', 'Dashboard', 'Dashboard', 1, 2),
(4, '715cdabc03ec4e0da43d99bd353d356f', '2023-08-21 13:56:06.547000', '2023-12-05 09:14:05.679000', 'Agency', 'Agency', 2, 4),
(5, '4a4237f9d7f7447e9a4981ea5b822433', '2023-08-21 13:56:06.564000', '2023-12-05 09:14:05.685000', 'Content', 'Content', 2, 5),
(6, '081c1e1e1e6d44fb9218845f19415d3a', '2023-08-21 13:56:06.579000', '2023-12-05 09:14:05.690000', 'Gallery', 'Gallery', 2, 6),
(7, 'c4728ee68afe43dc96cbc8681c049099', '2023-08-21 13:56:06.594000', '2023-12-05 09:14:05.699000', 'Categories', 'Categories', 2, 7),
(8, '61eecbb10dab443bbe30ef6a3fe9a18d', '2023-08-21 13:56:06.611000', '2023-12-05 09:14:05.710000', 'Tags', 'Tags', 2, 8),
(9, 'fa34d0f0715949739b9c842a9383afe7', '2023-08-21 13:56:06.625000', '2023-12-05 09:14:05.725000', 'Social Media', 'Social Media', 2, 9),
(10, '84cba04c8e0747669dac224ec2e8255f', '2023-08-21 13:56:06.640000', '2023-12-05 09:14:05.732000', 'Related Link', 'Related Link', 2, 10),
(11, '2278fee2efff4ccc864e93c6840a7608', '2023-08-21 13:56:06.655000', '2023-12-05 09:14:05.738000', 'Banner', 'Banner', 2, 30),
(12, '9ba2fc8a2aad4abaa049c3794238a9d3', '2023-08-21 13:56:06.671000', '2023-12-05 09:14:05.744000', 'Menu', 'Menu', 2, 22),
(13, '768733b5ab47471dafa2340a0709f936', '2023-08-21 13:56:06.689000', '2023-12-05 09:14:05.751000', 'Location', 'Location', 2, 42),
(14, 'b6aa291f6be74a82b11d82f3b52e7547', '2023-08-21 13:56:06.704000', '2023-12-05 09:14:05.758000', 'Announcement', 'Announcement', 2, 11),
(15, '63ce563fe1e14d21b1c4739b9bedce14', '2023-08-21 13:56:06.718000', '2023-12-05 09:14:05.764000', 'News', 'News', 2, 12),
(16, '72172553ae2f4ee280ebb8e4fabc26b3', '2023-08-21 13:56:06.735000', '2023-12-05 09:14:05.770000', 'Article', 'Article', 2, 13),
(17, '205b786b5a7346b39e5638a4b09089ab', '2023-08-21 13:56:06.750000', '2023-12-05 09:14:05.777000', 'Daily Alert', 'Daily Alert', 2, 15),
(18, '28f05d38b87443c88af5e27e9d4667c4', '2023-08-21 13:56:06.765000', '2023-12-05 09:14:05.783000', 'Greeting', 'Greeting', 2, 16),
(19, '0408077da3eb41538bf8aacc943555d8', '2023-08-21 13:56:06.782000', '2023-12-05 09:14:05.789000', 'Pages', 'Pages', 2, 17),
(20, '5bb7eeb9fa9e48e8b5fad92169dc81f6', '2023-08-21 13:56:06.797000', '2023-12-05 09:14:05.795000', 'Document', 'Document', 2, 18),
(21, '922dc3b2e2844191a54ae826b3bda6ab', '2023-08-21 13:56:06.814000', '2023-12-05 09:14:05.800000', 'Slide Show', 'Slide Show', 2, 19),
(22, 'e8b67cb9daf948c8b3bbd2d6c4bd8a8e', '2023-08-21 13:56:06.829000', '2023-12-05 09:14:05.806000', 'Photo Gallery', 'Photo Gallery', 2, 20),
(23, 'ca788d1a86fe416c856678a4147aae1a', '2023-08-21 13:56:06.844000', '2023-12-05 09:14:05.811000', 'Video Gallery', 'Video Gallery', 2, 21),
(24, 'fe30f0a5153f41f7a54e5742c179fd76', '2023-08-21 13:56:06.860000', '2023-12-05 09:14:05.817000', 'Events', 'Events', 2, 14),
(25, 'ea7abe244a624c66a4c18c9460440d20', '2023-08-21 13:56:06.876000', '2023-12-05 09:14:05.822000', 'User', 'User Management', 1, 60),
(26, '41ddf8f9c11c449cac99fa63f8cf5a83', '2023-08-21 13:56:06.892000', '2023-12-05 09:14:05.828000', 'Why Us', 'Why Us', 2, 61),
(27, 'a77abb239be346f7b89db9a0868f3a66', '2023-08-21 13:56:06.907000', '2023-12-05 09:14:05.833000', 'Fasilities', 'Fasilities', 2, 62),
(28, 'b3e0eeee9387497b88fdc2b82d03269c', '2023-08-21 13:56:06.922000', '2023-12-05 09:14:05.839000', 'How It Works', 'How It Works', 2, 63),
(29, 'ed5eab1802eb4dd0bf505996f4abb2f7', '2023-08-21 13:56:06.938000', '2023-12-05 09:14:05.845000', 'Product', 'Product', 2, 64),
(30, 'f0d44e2959814edea9883d081f83be17', '2023-08-21 13:56:06.954000', '2023-12-05 09:14:05.850000', 'Offers', 'Penawaran', 2, 65),
(31, '74be8bbf2cb74a3f8d09c17d21b3fbda', '2023-08-21 13:56:06.968000', '2023-12-05 09:14:05.856000', 'About Us', 'About Us', 2, 66),
(32, 'ca79e1845c3c479e9957b5d6a2a35578', '2023-08-21 13:56:06.985000', '2023-12-05 09:14:05.862000', 'Setting', 'Setting & Administration', 1, 67),
(33, '10c3a790f46c4cf789cd4b9c524e2383', '2023-08-21 13:56:07.001000', '2023-12-05 09:14:05.867000', 'Template', 'Setup Template', 1, 68),
(34, '7336c8fa77124aa3a6f8226c861746fa', '2023-09-11 14:48:52.193000', '2023-12-05 09:14:05.873000', 'Testimony', 'Testimony', 2, 74);

-- --------------------------------------------------------

--
-- Table structure for table `core_modellistsetting`
--

CREATE TABLE `core_modellistsetting` (
  `id` bigint(20) NOT NULL,
  `uuid` char(32) NOT NULL,
  `created_at` datetime(6) NOT NULL,
  `updated_at` datetime(6) NOT NULL,
  `image_width` smallint(6) NOT NULL,
  `image_height` smallint(6) NOT NULL,
  `model_list_id` bigint(20) NOT NULL,
  `template_id` bigint(20) NOT NULL
) ENGINE=InnoDB DEFAULT CHARSET=utf8mb4 COLLATE=utf8mb4_general_ci;

--
-- Dumping data for table `core_modellistsetting`
--

INSERT INTO `core_modellistsetting` (`id`, `uuid`, `created_at`, `updated_at`, `image_width`, `image_height`, `model_list_id`, `template_id`) VALUES
(2, '120349717a5541f29c448dc1f6a0f8e1', '2023-12-05 09:14:06.190000', '2023-12-05 09:14:06.190000', 0, 0, 3, 1),
(10, '3a8054f34b884162bec6ea1d00986362', '2023-12-05 09:14:06.197000', '2023-12-05 09:14:06.197000', 0, 0, 16, 1),
(13, 'd10767df3585441890d720f9125fa829', '2023-12-05 09:14:06.203000', '2023-12-05 09:14:06.203000', 0, 0, 18, 1),
(14, '8041e9ddb1714e508857f62ad9474d2c', '2023-12-05 09:14:06.209000', '2023-12-05 09:14:06.209000', 0, 0, 3, 3),
(15, '5edb0d8a4bcb42d884a78f872f904d7a', '2023-12-05 09:14:06.216000', '2023-12-05 09:14:06.216000', 44, 55, 8, 3),
(16, 'e057e03204fc45098a06bc644eb46d0e', '2023-12-05 09:14:06.222000', '2023-12-05 09:14:06.222000', 0, 0, 16, 3),
(17, '428261bf2ea54a7c9c5bd242b4cbe62b', '2023-12-05 09:14:06.228000', '2023-12-05 09:14:06.228000', 0, 0, 11, 1),
(18, '30e8de0772f74955b089e418b767c949', '2023-12-05 09:14:06.235000', '2023-12-05 09:14:06.235000', 0, 0, 5, 1),
(19, 'be8cb70a82644fe6b66d29218b6bb9b8', '2023-12-05 09:14:06.241000', '2023-12-05 09:14:06.241000', 0, 0, 13, 1),
(20, 'ed7acbd842d94031a278c04d36a3c75f', '2023-12-05 09:14:06.247000', '2023-12-05 09:14:06.247000', 0, 0, 5, 3),
(21, 'aa4f0a00e20349d9bef676bd8984f995', '2023-12-05 09:14:06.254000', '2023-12-05 09:14:06.254000', 0, 0, 23, 3),
(22, '638a5809fc344b02bc1efc5b33af5b89', '2023-12-05 09:14:06.260000', '2023-12-05 09:14:06.260000', 0, 0, 6, 3),
(23, 'b517c278cd9a44eab50fae030c78b6b3', '2023-12-05 09:14:06.267000', '2023-12-05 09:14:06.267000', 99, 88, 2, 3),
(24, '33697dc5eddc462d9e2b2da2aee8505c', '2023-12-05 09:14:06.273000', '2023-12-05 09:14:06.273000', 1280, 720, 21, 3),
(25, '56147074a58b4f6c82b9115fe2a57322', '2023-12-05 09:14:06.280000', '2023-12-05 09:14:06.280000', 0, 0, 15, 1),
(26, 'f9acd8d4b11844d99d7e05c5a432ad41', '2023-12-05 09:14:06.286000', '2023-12-05 09:14:06.286000', 0, 0, 12, 1),
(27, 'a6d0687a55f14aa19c526da57a271f80', '2023-12-05 09:14:06.293000', '2023-12-05 09:14:06.293000', 0, 0, 19, 1),
(28, '58b1272ea35b468c8e75ce1ed0b011c2', '2023-12-05 09:14:06.299000', '2023-12-05 09:14:06.299000', 0, 0, 7, 1),
(29, '0840fbfb064c41ffa7079cf83d09b0c7', '2023-12-05 09:14:06.306000', '2023-12-05 09:14:06.308000', 0, 0, 4, 1),
(30, '9f8fb1686f8946909e5e0101f7340b66', '2023-12-05 09:14:06.314000', '2023-12-05 09:14:06.314000', 0, 0, 25, 1),
(32, 'ff4ff56351ca45799a976c13d51cef68', '2023-12-05 09:14:06.320000', '2023-12-05 09:14:06.320000', 0, 0, 8, 1),
(33, '77aa2f625e6d4c10bd94eaa7d3a69737', '2023-12-05 09:14:06.327000', '2023-12-05 09:14:06.327000', 0, 0, 7, 3),
(34, 'a365372c125a4f8f97faaa27233d2da1', '2023-12-05 09:14:06.333000', '2023-12-05 09:14:06.333000', 0, 0, 26, 3),
(35, 'd52da530ca1142189f96fa41749f0def', '2023-12-05 09:14:06.340000', '2023-12-05 09:14:06.340000', 0, 0, 27, 3),
(47, 'ea93c0c0556244088310ee0ba6049ee7', '2023-12-05 09:14:06.349000', '2023-12-05 09:14:06.349000', 0, 0, 22, 3),
(48, '4c8d2354ad72471c96bc8800c49decff', '2023-12-05 09:14:06.355000', '2023-12-05 09:14:06.355000', 0, 0, 30, 3),
(49, '25ce71f31eff4303bebf51d295745dc8', '2023-12-05 09:14:06.361000', '2023-12-05 09:14:06.362000', 0, 0, 4, 3),
(50, '5e5c7c9b85b44e1c92931d98d0b44472', '2023-12-05 09:14:06.368000', '2023-12-05 09:14:06.368000', 0, 0, 9, 3),
(51, 'ed34a805e4614d45800cdf5113c423b5', '2023-12-05 09:14:06.374000', '2023-12-05 09:14:06.374000', 0, 0, 3, 6),
(52, '1d5cec3dfc044c4782ff769f6240693b', '2023-12-05 09:14:06.380000', '2023-12-05 09:14:06.380000', 0, 0, 21, 6),
(53, '387f1719622a4436b51c5af0b2cf43ff', '2023-12-05 09:14:06.387000', '2023-12-05 09:14:06.387000', 0, 0, 6, 6),
(54, 'fe1184836ffc4936bcceafd374eee52c', '2023-12-05 09:14:06.393000', '2023-12-05 09:14:06.393000', 0, 0, 5, 6),
(55, '796086ee2dc64412b778dea94a8d5f8b', '2023-12-05 09:14:06.400000', '2023-12-05 09:14:06.400000', 0, 0, 28, 6),
(57, '0fdecb16bd6044d6aadbef3689499c25', '2023-12-05 09:14:06.406000', '2023-12-05 09:14:06.406000', 0, 0, 31, 6),
(58, '16a6b4ee198647949cb721c3d5a3c3b3', '2023-12-05 09:14:06.412000', '2023-12-05 09:14:06.412000', 0, 0, 27, 6),
(59, 'ef3c73348ba9405a80528f61b5816b6b', '2023-12-05 09:14:06.419000', '2023-12-05 09:14:06.419000', 0, 0, 29, 6),
(60, 'c0e4299d87cb4190a709c94b88a5dea2', '2023-12-05 09:14:06.425000', '2023-12-05 09:14:06.425000', 0, 0, 16, 6),
(61, 'c692ea34c1d24deba80def5486a32d11', '2023-12-05 09:14:06.431000', '2023-12-05 09:14:06.431000', 0, 0, 4, 6),
(62, 'c90e85adfa034585a1d4efd1b892eda8', '2023-12-05 09:14:06.437000', '2023-12-05 09:14:06.438000', 0, 0, 12, 6),
(63, 'be956f1f34d745d4aa5595f37ba1b538', '2023-12-05 09:14:06.444000', '2023-12-05 09:14:06.444000', 0, 0, 7, 6),
(64, 'd42b52de0cde46ee96b7d3e86115650b', '2023-12-05 09:14:06.450000', '2023-12-05 09:14:06.450000', 0, 0, 8, 6),
(65, '697eb5b5c9e34500b5b8265f1c3ab388', '2023-12-05 09:14:06.458000', '2023-12-05 09:14:06.458000', 0, 0, 19, 6),
(72, '49e2cff974bf4b7e8907824b15bba369', '2023-12-05 09:14:06.465000', '2023-12-05 09:14:06.465000', 0, 0, 3, 2),
(73, '8d6cda73fbbf4eeb874e180c4b0d81e7', '2023-12-05 09:14:06.472000', '2023-12-05 09:14:06.472000', 131, 50, 2, 6),
(74, 'bda4076fd87f43ab9504e7dce57f90e8', '2023-12-05 09:14:06.479000', '2023-12-05 09:14:06.479000', 0, 0, 20, 2),
(75, '10cc60f3e42b46b38c1e0b506f02063a', '2023-12-05 09:14:06.485000', '2023-12-05 09:14:06.485000', 0, 0, 2, 1),
(76, '41fa2c4372ef4b64b940069f099fd2ef', '2023-12-05 09:14:06.492000', '2023-12-05 09:14:06.492000', 0, 0, 6, 1),
(77, '6ff247578d0c472eb28a531664ccfc77', '2023-12-05 09:14:06.500000', '2023-12-05 09:14:06.500000', 0, 0, 9, 1),
(78, '4d8e3ecbf9ac43aea4da916e9c43c931', '2023-12-05 09:14:06.506000', '2023-12-05 09:14:06.506000', 0, 0, 10, 1),
(79, '652b6831254e4c5e9bb85d1ae5a4b0be', '2023-12-05 09:14:06.512000', '2023-12-05 09:14:06.512000', 0, 0, 21, 1),
(80, '6672423acfd6475bbe0b91c1e640a89a', '2023-12-05 09:14:06.519000', '2023-12-05 09:14:06.519000', 0, 0, 26, 1),
(81, '1713a2c0a48e4010af3eadb048c0f41f', '2023-12-05 09:14:06.525000', '2023-12-05 09:14:06.525000', 0, 0, 27, 1),
(82, '48d960081e564605bd7add2f538d657d', '2023-12-05 09:14:06.538000', '2023-12-05 09:14:06.538000', 0, 0, 29, 1),
(83, '341a6300f3584321bb544fcbea9dfeb8', '2023-12-05 09:14:06.545000', '2023-12-05 09:14:06.546000', 0, 0, 2, 2),
(84, 'e743ac1b43e24ff491070c93357f3f72', '2023-12-05 09:14:06.552000', '2023-12-05 09:14:06.552000', 0, 0, 4, 2),
(85, '52c94df98e124aeea3504a2f30b3559c', '2023-12-05 09:14:06.558000', '2023-12-05 09:14:06.558000', 0, 0, 5, 2),
(86, 'bfea5a7493ad42d597f30136b21ae4cc', '2023-12-05 09:14:06.565000', '2023-12-05 09:14:06.565000', 0, 0, 6, 2),
(87, '7ab7bd4ec5e041e3b7cef11fbd47e2a8', '2023-12-05 09:14:06.571000', '2023-12-05 09:14:06.571000', 0, 0, 7, 2),
(88, '9339216137e14c00bccea5deb490978c', '2023-12-05 09:14:06.577000', '2023-12-05 09:14:06.577000', 0, 0, 8, 2),
(89, '4e01fae944af448cac1015a50173cbb4', '2023-12-05 09:14:06.584000', '2023-12-05 09:14:06.584000', 0, 0, 9, 2),
(90, 'fd1df28dbf174db5851102c5c40788de', '2023-12-05 09:14:06.589000', '2023-12-05 09:14:06.589000', 0, 0, 10, 2),
(91, '2fa8ae6270b5487eaeb24a76a5680c8a', '2023-12-05 09:14:06.593000', '2023-12-05 09:14:06.593000', 0, 0, 11, 2),
(92, '95ec969773a340eb84e5e45d49058b30', '2023-12-05 09:14:06.598000', '2023-12-05 09:14:06.598000', 0, 0, 12, 2),
(93, '87a6deb3c60a442d8eb84aa7a5e141e6', '2023-12-05 09:14:06.603000', '2023-12-05 09:14:06.603000', 0, 0, 13, 2),
(94, 'bd162b2a1a6d4780be5a92772b6e5419', '2023-12-05 09:14:06.608000', '2023-12-05 09:14:06.608000', 0, 0, 14, 2),
(95, 'e159f51986e84a9cb15abd126de4b34c', '2023-12-05 09:14:06.613000', '2023-12-05 09:14:06.613000', 0, 0, 15, 2),
(96, '9ff802b1aee940f9894f05377209c449', '2023-12-05 09:14:06.617000', '2023-12-05 09:14:06.617000', 0, 0, 16, 2),
(97, '598eeee95fd54b15a2d6e0bc74030fdb', '2023-12-05 09:14:06.622000', '2023-12-05 09:14:06.622000', 0, 0, 17, 2),
(98, '8ab353f035ed489aa2d701b7f9aa58c2', '2023-12-05 09:14:06.626000', '2023-12-05 09:14:06.626000', 0, 0, 18, 2),
(99, 'b08dcc4c31ad41849b8c492d3df91630', '2023-12-05 09:14:06.631000', '2023-12-05 09:14:06.631000', 0, 0, 19, 2),
(100, '080f885d457f4187b4aa270973a439e9', '2023-12-05 09:14:06.635000', '2023-12-05 09:14:06.635000', 0, 0, 21, 2),
(101, '53def878eec546aca7e95bafaa0e85b7', '2023-12-05 09:14:06.640000', '2023-12-05 09:14:06.640000', 0, 0, 22, 2),
(102, '040fd23e74cf44e39d8bfeb799f1ecd9', '2023-12-05 09:14:06.644000', '2023-12-05 09:14:06.644000', 0, 0, 23, 2),
(103, '2538157a69d04c8db7c77129ea7084be', '2023-12-05 09:14:06.649000', '2023-12-05 09:14:06.649000', 0, 0, 24, 2),
(104, '9c662f7ea1aa440f81e5843df4d2fc18', '2023-12-05 09:14:06.653000', '2023-12-05 09:14:06.654000', 0, 0, 26, 2),
(105, 'ae6b27fdf37147a99e4098ea8635ef45', '2023-12-05 09:14:06.658000', '2023-12-05 09:14:06.658000', 0, 0, 27, 2),
(106, '64eed185e61b42bdaac2807b3e058274', '2023-12-05 09:14:06.663000', '2023-12-05 09:14:06.663000', 0, 0, 28, 2),
(107, '6742cb69bc03471d8ce9680c67f0893c', '2023-12-05 09:14:06.667000', '2023-12-05 09:14:06.667000', 0, 0, 29, 2),
(108, '78738d59785f44e1bba7bf943d31887c', '2023-12-05 09:14:06.672000', '2023-12-05 09:14:06.672000', 0, 0, 31, 2),
(109, '92bb524c2cf440b7934dc6b08ab775c2', '2023-12-05 09:14:06.676000', '2023-12-05 09:14:06.676000', 0, 0, 10, 3),
(110, '01c1154fdb3d424ab99b925e764d7df5', '2023-12-05 09:14:06.680000', '2023-12-05 09:14:06.681000', 0, 0, 11, 3),
(111, '0c5df3cb5f1b439eba2b4d8b342a552b', '2023-12-05 09:14:06.685000', '2023-12-05 09:14:06.685000', 0, 0, 12, 3),
(112, '1beaae22447c45baa11054608ed975d6', '2023-12-05 09:14:06.690000', '2023-12-05 09:14:06.690000', 0, 0, 13, 3),
(113, '0679315d2c8342c7b16418ff435332ad', '2023-12-05 09:14:06.694000', '2023-12-05 09:14:06.694000', 0, 0, 14, 3),
(114, 'baa25bf8138a4573b5eb67281e6a136d', '2023-12-05 09:14:06.699000', '2023-12-05 09:14:06.699000', 0, 0, 15, 3),
(115, '7d2e5dbf849e4444bdcd4c307f4c61a3', '2023-12-05 09:14:06.703000', '2023-12-05 09:14:06.703000', 0, 0, 17, 3),
(116, 'f112f8bebe3d42da8610c91025c02dd0', '2023-12-05 09:14:06.708000', '2023-12-05 09:14:06.708000', 0, 0, 18, 3),
(117, 'b5d87cefdd47434a9a5097ec63c04a9c', '2023-12-05 09:14:06.712000', '2023-12-05 09:14:06.712000', 0, 0, 19, 3),
(118, '1663ede3677b4350bc23422a28993abf', '2023-12-05 09:14:06.717000', '2023-12-05 09:14:06.717000', 0, 0, 20, 3),
(119, '8c388d3e48b344a6b526b5180b8fb0a1', '2023-12-05 09:14:06.722000', '2023-12-05 09:14:06.722000', 0, 0, 24, 3),
(120, '2180a057b88b43998db0a5a7319b696a', '2023-12-05 09:14:06.726000', '2023-12-05 09:14:06.726000', 0, 0, 28, 3),
(121, '7a339a2548304c09a2e4bb5857734009', '2023-12-05 09:14:06.731000', '2023-12-05 09:14:06.731000', 0, 0, 29, 3),
(122, 'b69260d6855f401c87f797b4b39ddbad', '2023-12-05 09:14:06.735000', '2023-12-05 09:14:06.735000', 0, 0, 31, 3),
(123, 'b46d5db300014d2aba0dc7dbe0cd2e73', '2023-12-05 09:14:06.740000', '2023-12-05 09:14:06.740000', 0, 0, 9, 6),
(124, '9c4b9f08707649e5b9284f0b9e472c62', '2023-12-05 09:14:06.744000', '2023-12-05 09:14:06.744000', 0, 0, 10, 6),
(125, '59a7928af4c64dd9b33c7096d1dc2726', '2023-12-05 09:14:06.749000', '2023-12-05 09:14:06.749000', 0, 0, 13, 6),
(126, 'e1b1c34481c64427b47ecf327d22d6cb', '2023-12-05 09:14:06.753000', '2023-12-05 09:14:06.753000', 0, 0, 15, 6),
(127, 'ed90f9a05a2e4f4e9003f4042f2ee790', '2023-12-05 09:14:06.758000', '2023-12-05 09:14:06.758000', 0, 0, 22, 6),
(128, '44b38fb5084f41e686af1f57f62c841f', '2023-12-05 09:14:06.763000', '2023-12-05 09:14:06.763000', 0, 0, 23, 6),
(129, '5e3d32012e10407cb72bc7846f2f2532', '2023-12-05 09:14:06.767000', '2023-12-05 09:14:06.767000', 0, 0, 24, 6),
(130, '02e99ae708ab4656af4b0499d7ade288', '2023-12-05 09:14:06.772000', '2023-12-05 09:14:06.772000', 0, 0, 26, 6),
(131, 'c8c5deb785fe4284859306d62b7eca10', '2023-12-05 09:14:06.776000', '2023-12-05 09:14:06.776000', 0, 0, 30, 1),
(132, '97d1ed906a854f9c8766690d84526245', '2023-12-05 09:14:06.781000', '2023-12-05 09:14:06.781000', 0, 0, 32, 1),
(133, 'bf010b53ec944144bd11372961a92ff6', '2023-12-05 09:14:06.785000', '2023-12-05 09:14:06.785000', 0, 0, 33, 1),
(134, '0cc79ccd0fb74be6a8b98c586cb531dc', '2023-12-05 09:14:06.790000', '2023-12-05 09:14:06.790000', 0, 0, 25, 2),
(135, 'a47b3cf848994d9d8882cf7763744087', '2023-12-05 09:14:06.795000', '2023-12-05 09:14:06.795000', 0, 0, 30, 2),
(136, '1788e806f6a3400d8ae1531743dddd50', '2023-12-05 09:14:06.799000', '2023-12-05 09:14:06.799000', 0, 0, 32, 2),
(137, 'd9765f7ce83446dba599461287b3a5fa', '2023-12-05 09:14:06.804000', '2023-12-05 09:14:06.804000', 0, 0, 33, 2),
(138, '30b39b9d55194dba9c2ff96449bf0687', '2023-12-05 09:14:06.808000', '2023-12-05 09:14:06.808000', 0, 0, 25, 3),
(139, 'c71d81500de0435e8b3ed681caea2730', '2023-12-05 09:14:06.813000', '2023-12-05 09:14:06.813000', 0, 0, 32, 3),
(140, 'dea346200a014d8789cdc95fa481743f', '2023-12-05 09:14:06.818000', '2023-12-05 09:14:06.818000', 0, 0, 33, 3),
(141, '9fbbefa858bc4dbaa155c000bf5ffd8c', '2023-12-05 09:14:06.822000', '2023-12-05 09:14:06.822000', 0, 0, 25, 6),
(142, 'ed6f27ad02d6495ea34490b187885a53', '2023-12-05 09:14:06.827000', '2023-12-05 09:14:06.827000', 0, 0, 30, 6),
(143, '94159d23c8c048f79a4dde7a387f00b8', '2023-12-05 09:14:06.831000', '2023-12-05 09:14:06.831000', 0, 0, 32, 6),
(144, '2ea493c7b4a84b9f86f9761ad6453f2c', '2023-12-05 09:14:06.836000', '2023-12-05 09:14:06.836000', 0, 0, 33, 6),
(145, '0addc1bb475e4ea2a24c032fb015d866', '2023-12-05 09:14:06.840000', '2023-12-05 09:14:06.840000', 0, 0, 34, 1),
(146, 'e426b14f93fd47c9b46871520ca7e1c2', '2023-12-05 09:14:06.845000', '2023-12-05 09:14:06.845000', 0, 0, 34, 2),
(147, '5b91a7d4a1884183b4bdef03992c6ab5', '2023-12-05 09:14:06.849000', '2023-12-05 09:14:06.849000', 0, 0, 34, 3),
(148, '10b47a29e8e7408a9a75b22e2e756a31', '2023-12-05 09:14:06.854000', '2023-12-05 09:14:06.854000', 0, 0, 34, 6);

-- --------------------------------------------------------

--
-- Table structure for table `core_photo`
--

CREATE TABLE `core_photo` (
  `id` bigint(20) NOT NULL,
  `uuid` char(32) NOT NULL,
  `created_at` datetime(6) NOT NULL,
  `updated_at` datetime(6) NOT NULL,
  `file_path` varchar(100) DEFAULT NULL,
  `object_id` int(10) UNSIGNED DEFAULT NULL,
  `content_type_id` int(11) DEFAULT NULL
) ENGINE=InnoDB DEFAULT CHARSET=utf8mb4 COLLATE=utf8mb4_general_ci;

--
-- Dumping data for table `core_photo`
--

INSERT INTO `core_photo` (`id`, `uuid`, `created_at`, `updated_at`, `file_path`, `object_id`, `content_type_id`) VALUES
(1, '6a7c558e706248288f7dfd8dc0922880', '2023-08-25 05:07:42.611000', '2023-08-25 05:07:42.611000', 'crop/2023/08/25/5-20230825-050740-893306.jpeg', 1, 47),
(2, '7b4838b8e79843239e31e5b2f25f9610', '2023-08-25 05:10:35.577000', '2023-08-25 05:10:35.577000', 'crop/2023/08/25/5-20230825-051033-666200.jpeg', 2, 47),
(4, '807d3c0e6c354c08b6d942cd97d1574f', '2023-08-25 08:27:22.865000', '2023-08-25 08:27:22.865000', 'crop/2023/08/25/5-20230825-082721-575675.jpeg', 4, 47),
(6, '917894bd8baf46c3831639ac629e8aed', '2023-08-25 08:40:11.271000', '2023-08-25 08:40:11.271000', 'crop/2023/08/25/5-20230825-084005-453718.jpeg', 2, 78),
(7, '30afd93a130447cb986c78298237cfa8', '2023-08-25 08:42:31.438000', '2023-08-25 08:42:31.438000', 'crop/2023/08/25/5-20230825-084229-776734.jpeg', 3, 78),
(8, 'dc11bb02c6fb406da53f22f333760c3c', '2023-08-25 08:43:30.765000', '2023-08-25 08:43:30.765000', 'crop/2023/08/25/5-20230825-084329-614575.jpeg', 4, 78),
(11, '3f14ca8a625e429197655d4cc7d3cf85', '2023-08-25 09:04:42.554000', '2023-08-25 09:04:42.554000', 'crop/2023/08/25/5-20230825-090441-271258.jpeg', 1, 44),
(12, 'ae97831969e049e5bb2044c19f5f196e', '2023-08-25 09:06:59.021000', '2023-08-25 09:06:59.021000', '', 2, 44),
(13, '2cb6d65fe24a40aeaecbf4ed08718780', '2023-08-25 09:13:08.627000', '2023-08-25 09:13:08.627000', 'crop/2023/08/25/5-20230825-091306-924095.jpeg', 3, 44),
(14, '093d523a576449a3a5dd447e75cdcb51', '2023-08-25 09:15:27.398000', '2023-08-25 09:15:27.398000', 'crop/2023/08/25/5-20230825-091526-114609.jpeg', 4, 44),
(15, 'e5888851e6d54c8a80cb4ae254162041', '2023-08-25 09:17:46.183000', '2023-08-25 09:17:46.183000', 'crop/2023/08/25/5-20230825-091744-626666.jpeg', 5, 44),
(16, '3c72952942ea48688741921b477e2a34', '2023-08-25 09:19:08.767000', '2023-08-25 09:19:08.767000', 'crop/2023/08/25/5-20230825-091907-096550.jpeg', 6, 44),
(17, 'daa1ae65e2164633a5f396004709af0c', '2023-08-25 09:21:20.535000', '2023-08-25 09:21:20.535000', 'crop/2023/08/25/5-20230825-092119-059145.jpeg', 7, 44),
(18, '6c6167f8ab6d4e309767d535f2fc2cd3', '2023-08-25 09:23:17.295000', '2023-08-25 09:23:17.295000', 'crop/2023/08/25/5-20230825-092314-905638.jpeg', 8, 44),
(19, '1b5b597d0e134e6db64e262b63618901', '2023-08-25 09:27:01.308000', '2023-08-25 09:27:01.308000', 'crop/2023/08/25/5-20230825-092644-014699.jpeg', 9, 44),
(20, '3a8b6c297fda41fbb24832962f34343f', '2023-08-25 09:51:02.729000', '2023-08-25 09:51:02.729000', 'crop/2023/08/25/5-20230825-095100-814353.jpeg', 10, 44),
(21, '2dbabdd3c71749b1a8a9c4f1c1e6ea16', '2023-08-25 10:00:01.239000', '2023-08-25 10:00:01.239000', 'crop/2023/08/25/5-20230825-095959-642298.jpeg', 11, 44),
(22, '7d420d5ed64c447e934044b734072363', '2023-08-25 11:20:18.662000', '2023-08-25 11:20:18.662000', 'crop/2023/08/25/5-20230825-112016-635210.jpeg', 1, 88),
(23, 'bdba7c30d9e34ca58d6919d1c627557b', '2023-08-25 11:27:52.838000', '2023-08-25 11:27:52.838000', 'crop/2023/08/25/5-20230825-112751-199873.jpeg', 3, 88),
(24, 'a291e28140d34cd89db8abe4f6ac28fd', '2023-08-25 11:32:58.362000', '2023-08-25 11:32:58.362000', 'crop/2023/08/25/5-20230825-113256-841460.jpeg', 4, 88),
(25, '6d0d7b669a2445238628ff92d538d399', '2023-08-25 11:37:57.321000', '2023-08-25 11:37:57.321000', 'crop/2023/08/25/5-20230825-113756-012269.jpeg', 5, 88),
(28, 'dcf53046f02b488c846e50496d017360', '2023-08-25 12:08:24.065000', '2023-08-25 12:08:24.065000', 'crop/2023/08/25/5-20230825-120814-856918.jpeg', 3, 47),
(31, 'c3168f510795423c8a3baa9549526a32', '2023-08-30 14:07:53.136000', '2023-08-30 14:07:53.136000', 'crop/2023/08/30/6-20230830-140745-431003.jpeg', 6, 47),
(32, 'c475fa5aade046fabc06e43f14f199eb', '2023-08-30 14:10:27.774000', '2023-08-30 14:10:27.774000', 'crop/2023/08/30/6-20230830-141026-392066.jpeg', 1, 55),
(33, '296df8f812f24fe990cd5d5af3b18cb8', '2023-08-30 14:20:22.978000', '2023-08-30 14:20:22.978000', 'crop/2023/08/30/6-20230830-142019-824626.jpeg', 1, 52),
(34, '35cb3ed5837c4b249df18d4ce59d1383', '2023-08-30 14:23:16.231000', '2023-08-30 14:23:16.231000', 'crop/2023/08/30/6-20230830-142313-906462.jpeg', 2, 52),
(35, '5a08b91029b04919918144dea4762156', '2023-08-30 14:26:50.924000', '2023-08-30 14:26:50.924000', 'crop/2023/08/30/6-20230830-142647-658371.jpeg', 3, 52),
(36, '25d188e430f4485990a6b765f6a3ffa1', '2023-08-30 14:29:16.909000', '2023-08-30 14:29:16.909000', 'crop/2023/08/30/6-20230830-142915-099855.jpeg', 4, 52),
(37, '542f8b49ddcc4692b9b0b5520bb90257', '2023-08-30 14:30:57.359000', '2023-08-30 14:30:57.359000', 'crop/2023/08/30/6-20230830-143055-403252.jpeg', 5, 52),
(38, 'f8fbe7ef9a4345049d88d1d4f7074677', '2023-08-30 14:31:52.227000', '2023-08-30 14:31:52.227000', 'crop/2023/08/30/6-20230830-143150-311458.jpeg', 6, 52),
(39, 'b9bb321d58af4084a5986f8830992fae', '2023-08-30 14:33:10.870000', '2023-08-30 14:33:10.870000', 'crop/2023/08/30/6-20230830-143308-786009.jpeg', 7, 52),
(41, '47942366955440b8bd3bfac14a4198e1', '2023-08-30 15:05:56.841000', '2023-08-30 15:05:56.841000', 'crop/2023/08/30/6-20230830-150449-195168.jpeg', 8, 52),
(42, 'ae123fa121384d6aa0883933b6ae635a', '2023-08-30 15:17:32.656000', '2023-08-30 15:17:32.656000', 'crop/2023/08/30/6-20230830-151727-250510.jpeg', 9, 52),
(43, 'e48e1e246d4749c8bcdfc47f0e635e66', '2023-08-30 15:20:50.400000', '2023-08-30 15:20:50.400000', 'crop/2023/08/30/6-20230830-151846-405469.jpeg', 10, 52),
(44, '552f433555024b709e5cff0b1e62a164', '2023-08-30 15:35:26.784000', '2023-08-30 15:35:26.784000', 'crop/2023/08/30/6-20230830-153447-803295.jpeg', 11, 52),
(45, '8a8098ca6eee4ded84fdd237f60bbc01', '2023-08-30 15:37:29.672000', '2023-08-30 15:37:29.672000', 'crop/2023/08/30/6-20230830-153727-413150.png', 1, 53),
(47, 'dcc7eac29f73421cae223a574255e5df', '2023-09-04 14:14:52.994000', '2023-09-04 14:14:52.994000', 'crop/2023/09/04/4-20230904-141451-259947.png', 2, 53),
(51, 'f2d5950c44f24b158a35d6b8246e908c', '2023-09-04 15:02:00.825000', '2023-09-04 15:02:00.825000', 'crop/2023/09/04/4-20230904-150159-694999.jpeg', 8, 47),
(52, '4f831e4ca2cd4b0a831bb5a8852f0173', '2023-09-04 15:08:52.842000', '2023-09-04 15:08:52.842000', 'crop/2023/09/04/4-20230904-150847-406522.jpeg', 9, 47),
(57, '41df5b522fef4fe6a53a6f989e0cc98a', '2023-09-04 15:24:59.422000', '2023-09-04 15:24:59.422000', 'crop/2023/09/04/4-20230904-152457-626303.jpeg', 11, 47),
(58, '2917b86ef66e4d52865e63647c64a4bf', '2023-09-04 15:26:20.051000', '2023-09-04 15:26:20.051000', 'crop/2023/09/04/4-20230904-152618-743929.jpeg', 12, 47),
(67, 'ce6e0d2c008146b6b1778698e49617d1', '2023-09-06 19:23:12.909000', '2023-09-06 19:23:12.909000', 'crop/2023/09/06/4-20230906-192311-018962.jpeg', 10, 47),
(69, '88844698c5a54e2d9d05f1954c605245', '2023-09-06 19:35:33.979000', '2023-09-06 19:35:33.979000', 'crop/2023/09/06/4-20230906-193531-991288.jpeg', 1, 84),
(70, '5f38f01c8bfc4c9f8badd7b49fe4c44a', '2023-09-06 19:36:24.347000', '2023-09-06 19:36:24.348000', '', 2, 84),
(71, '0743bd4f38c94ae8aa834a348a3f2ae1', '2023-09-06 19:37:59.525000', '2023-09-06 19:37:59.525000', '', 3, 84),
(72, '9816ef730dab4710af20e26c9f5bbd73', '2023-09-06 19:38:36.693000', '2023-09-06 19:38:36.693000', '', 4, 84),
(73, 'dc5338a04ba343b1a32185083f438a1a', '2023-09-06 19:39:09.600000', '2023-09-06 19:39:09.600000', '', 5, 84),
(75, 'f27e4369e94b4ecdbeb188e029b7f1fd', '2023-09-06 19:45:51.658000', '2023-09-06 19:45:51.658000', 'crop/2023/09/06/4-20230906-194515-185689.jpeg', 1, 90),
(76, 'daa0e02a62eb4ac28b21848c526f33f7', '2023-09-06 20:11:08.319000', '2023-09-06 20:11:08.319000', 'crop/2023/09/06/4-20230906-201106-219154.jpeg', 8, 78),
(77, '23677313d97a48b98a2fb3b0364509d9', '2023-09-06 20:22:20.668000', '2023-09-06 20:22:20.668000', 'crop/2023/09/06/4-20230906-202219-005995.jpeg', 9, 78),
(78, '3c78e3414eb7400f8e43a4314a124fb9', '2023-09-06 20:29:22.210000', '2023-09-06 20:29:22.210000', 'crop/2023/09/06/4-20230906-202920-443937.jpeg', 10, 78),
(79, 'fb67579b620b44e5b8668aa8de2ffe61', '2023-09-06 21:26:05.590000', '2023-09-06 21:26:05.590000', 'crop/2023/09/06/4-20230906-212603-971235.jpeg', 11, 78),
(80, 'c0c3c4cef9e44792b111c383ee143a9a', '2023-09-06 21:29:11.460000', '2023-09-06 21:29:11.460000', 'crop/2023/09/06/4-20230906-212908-952051.jpeg', 12, 78),
(81, '6b92704f1a73421bbbc1c4eb512b3dab', '2023-09-06 21:41:34.794000', '2023-09-06 21:41:34.794000', 'crop/2023/09/06/4-20230906-214133-195669.jpeg', 13, 78),
(82, '8690afa9f5f64bd5925da1ef1ab50d2c', '2023-09-11 11:46:40.857000', '2023-09-11 11:46:40.857000', 'crop/2023/09/11/6-20230911-114637-267648.jpeg', 13, 52),
(84, '99c605da91674b7aa522b1669962044b', '2023-09-11 12:22:11.873000', '2023-09-11 12:22:11.873000', 'crop/2023/09/11/6-20230911-122209-215618.jpeg', 14, 52),
(85, 'bac1ae2695524bc3977cd21f4661c185', '2023-09-11 12:24:01.409000', '2023-09-11 12:24:01.409000', 'crop/2023/09/11/6-20230911-122359-393173.jpeg', 15, 52),
(86, '9dfe2191b89f4788af25a785e2a44612', '2023-09-11 12:25:38.412000', '2023-09-11 12:25:38.412000', 'crop/2023/09/11/6-20230911-122526-487246.jpeg', 16, 52),
(87, 'b9d1fd0e12f94b73a1cac4452d2221cb', '2023-09-11 12:37:57.827000', '2023-09-11 12:37:57.827000', 'crop/2023/09/11/6-20230911-123754-977649.jpeg', 17, 52),
(88, 'e90f065c85cc4dfd91bf0e0c387c7d21', '2023-09-11 12:48:20.849000', '2023-09-11 12:48:20.849000', 'crop/2023/09/11/6-20230911-124749-599391.jpeg', 18, 52),
(89, '1f46e175fa854076a62e18a4504851fc', '2023-09-11 12:49:38.469000', '2023-09-11 12:49:38.469000', 'crop/2023/09/11/6-20230911-124936-503964.jpeg', 19, 52),
(90, '4a28b2f7d7514c6a9256fd974b5a6cdc', '2023-09-11 12:51:45.430000', '2023-09-11 12:51:45.430000', 'crop/2023/09/11/6-20230911-125141-998420.jpeg', 20, 52),
(91, '528d87e2848b49ed824e86df8c06fa7b', '2023-09-11 12:52:53.703000', '2023-09-11 12:52:53.703000', 'crop/2023/09/11/6-20230911-125251-148574.jpeg', 21, 52),
(92, 'cee4a590e66a444691a42416cbeb8df6', '2023-09-11 12:55:43.687000', '2023-09-11 12:55:43.687000', 'crop/2023/09/11/6-20230911-125531-822175.jpeg', 22, 52),
(94, '3193c78ebe904796b3cf1455bcc41033', '2023-09-12 11:20:08.088000', '2023-09-12 11:20:08.088000', 'crop/2023/09/12/6-20230912-112000-066274.jpeg', 23, 52),
(99, '4f30eff3efa1435f81ec96a1a7e35905', '2023-09-13 08:00:34.441000', '2023-09-13 08:00:34.441000', 'crop/2023/09/13/4-20230913-080033-207189.jpeg', 1, 80),
(100, '738ca2e6bc8341d2a2115836713ac407', '2023-09-13 11:44:47.690000', '2023-09-13 11:44:47.690000', '', 3, 80),
(101, '7851a0d9fa2140e7bd8a367f002c8caf', '2023-09-13 11:47:09.045000', '2023-09-13 11:47:09.045000', '', 4, 80),
(102, '360c0145c0b84731be28a4c5db464808', '2023-09-13 11:48:17.309000', '2023-09-13 11:48:17.309000', '', 5, 80),
(103, '4ab53e6b4c7544a3a39c0c7f7bee03bf', '2023-09-13 13:28:49.224000', '2023-09-13 13:28:49.224000', 'crop/2023/09/13/4-20230913-131931-648525.jpeg', 1, 56),
(104, '62ba948e2fb942028db79d61dc0929e1', '2023-09-13 13:32:43.205000', '2023-09-13 13:32:43.205000', '', 2, 56),
(105, 'fb616fb92fb64f98a1d55c92275852f7', '2023-09-16 14:00:32.226000', '2023-09-16 14:00:32.226000', 'crop/2023/09/16/4-20230916-140021-722063.jpeg', 3, 56),
(106, '81917efa65ee4ae1a2acd339343bfe0d', '2023-09-22 16:48:05.278000', '2023-09-22 16:48:05.278000', '', 3, 53),
(107, '89a00c2dcd994e19a778ae7411c0c933', '2023-12-22 13:40:07.808000', '2023-12-22 13:40:07.808000', 'crop/2023/09/13/5-20231222-134007-759666.jpeg', 15, 56),
(108, '4b7ee10fffc34e44bffc6cd28f4091c5', '2023-12-22 13:40:07.919000', '2023-12-22 13:40:07.919000', 'crop/2023/09/16/5-20231222-134007-890446.jpeg', 17, 56),
(109, 'c39f940a59e64bb8855ee725ba52cd03', '2024-01-11 14:13:25.014000', '2024-01-11 14:13:25.014000', 'crop/2024/01/11/6-20240111-141322-736837.jpeg', 13, 47),
(113, '814c856b76994b48ba6097a70cba8fd0', '2024-01-11 14:33:24.842000', '2024-01-11 14:33:24.842000', 'crop/2024/01/11/6-20240111-143256-917023.jpeg', 3, 55),
(114, '752df93d7c304b059a85435763629231', '2024-01-11 14:35:36.244000', '2024-01-11 14:35:36.244000', 'crop/2024/01/11/6-20240111-143527-976009.jpeg', 4, 55),
(115, 'b9541716bbf14d3196caf6d11107cc75', '2024-01-11 14:36:12.303000', '2024-01-11 14:36:12.303000', 'crop/2024/01/11/6-20240111-143606-637807.jpeg', 5, 55),
(116, '2260022d9eaf40f08f24a59c23a39045', '2024-01-11 14:37:57.210000', '2024-01-11 14:37:57.210000', 'crop/2024/01/11/6-20240111-143744-893473.jpeg', 14, 47),
(117, '30478d0bace6404585dc71240d1f8741', '2024-01-11 14:40:55.708000', '2024-01-11 14:40:55.708000', 'crop/2024/01/11/6-20240111-144034-904994.jpeg', 12, 44),
(118, '58b1c04c550045fdb1195d8ab68d5d21', '2024-01-11 14:42:33.389000', '2024-01-11 14:42:33.389000', 'crop/2024/01/11/6-20240111-144228-705774.jpeg', 13, 44),
(120, 'f3b268da44a34eeeb87b5d2582baa785', '2024-01-11 14:47:47.392000', '2024-01-11 14:47:47.392000', 'crop/2024/01/11/6-20240111-144745-208134.jpeg', 15, 44),
(121, '140f5055f3bb45bfa44e95f96600b606', '2024-01-11 14:48:52.976000', '2024-01-11 14:48:52.976000', 'crop/2024/01/11/6-20240111-144850-356417.jpeg', 16, 44),
(122, 'fa2a2eb7b69f4d7d8e77017613b8273f', '2024-01-11 14:50:43.142000', '2024-01-11 14:50:43.142000', 'crop/2024/01/11/6-20240111-145040-814702.jpeg', 17, 44),
(123, '7e970f901f2e4699b82c7812009779b4', '2024-01-11 14:51:19.893000', '2024-01-11 14:51:19.893000', 'crop/2024/01/11/6-20240111-145117-524246.jpeg', 18, 44),
(124, '049a3fdea06b44ddaaeb9f6c834f0902', '2024-01-11 14:51:56.309000', '2024-01-11 14:51:56.310000', 'crop/2024/01/11/6-20240111-145153-459697.jpeg', 19, 44),
(125, 'c4b30110abe248d99080b0e1c20c75af', '2024-01-11 14:52:39.127000', '2024-01-11 14:52:39.127000', 'crop/2024/01/11/6-20240111-145233-308442.jpeg', 20, 44),
(126, 'd262d6f5eaaf406da79e71a2741f6208', '2024-01-11 14:53:24.120000', '2024-01-11 14:53:24.120000', 'crop/2024/01/11/6-20240111-145321-436153.jpeg', 21, 44),
(127, '44db881c89af4072bd4fd8e24c5493f3', '2024-01-11 14:54:12.139000', '2024-01-11 14:54:12.139000', 'crop/2024/01/11/6-20240111-145408-521246.jpeg', 22, 44),
(128, '41b0646f45084ef2b0394790dcf48deb', '2024-01-11 14:54:45.245000', '2024-01-11 14:54:45.245000', 'crop/2024/01/11/6-20240111-145442-694121.jpeg', 23, 44),
(129, '3c9ee80951434b3db38169c1b88283e9', '2024-01-11 14:55:30.639000', '2024-01-11 14:55:30.639000', 'crop/2024/01/11/6-20240111-145528-586044.jpeg', 24, 44),
(130, 'e9a1acce8e0d40e29518fcaa6b20ac5c', '2024-01-11 14:56:06.097000', '2024-01-11 14:56:06.097000', 'crop/2024/01/11/6-20240111-145603-707114.jpeg', 25, 44),
(131, 'f70ad7ded9cb4ef1b3954edcfeb2e38a', '2024-01-11 14:56:32.277000', '2024-01-11 14:56:32.277000', 'crop/2024/01/11/6-20240111-145629-790052.jpeg', 26, 44),
(132, 'cba34c8f7d63447bbfab5adb02123313', '2024-01-11 14:59:29.337000', '2024-01-11 14:59:29.337000', 'crop/2024/01/11/6-20240111-145927-383238.jpeg', 14, 44),
(133, '0b61eabb56314c7f93c23bb023812f6d', '2024-01-11 15:02:48.516000', '2024-01-11 15:02:48.516000', 'crop/2024/01/11/6-20240111-150228-903060.jpeg', 1, 57),
(134, 'f548d2599b5847948628d1828e739593', '2024-01-12 09:24:25.926000', '2024-01-12 09:24:25.926000', 'crop/2024/01/12/5-20240112-092409-245973.jpeg', 6, 78),
(135, 'a3f3a2e3682e4994bb088b903af0ec11', '2024-01-13 12:16:25.732000', '2024-01-13 12:16:25.732000', 'crop/2024/01/13/5-20240113-121601-854821.jpeg', 5, 78),
(136, '33c9463fcfbd4b78aeaa3b916d3b5b73', '2024-01-25 09:30:54.881000', '2024-01-25 09:30:54.881000', 'crop/2023/09/13/11-20240125-093054-830838.jpeg', 18, 56),
(137, '4da4bf942a6244b0aecdc73fcdf7e7fe', '2024-01-25 09:30:55.001000', '2024-01-25 09:30:55.001000', 'crop/2023/09/16/11-20240125-093054-973572.jpeg', 20, 56),
(138, 'bf66e39c56a04ae4815c7a36b35a9e90', '2024-01-26 08:37:46.318000', '2024-01-26 08:37:46.318000', 'crop/2023/09/13/6-20240126-083746-265011.jpeg', 21, 56),
(139, '0a1dd94fe4694408a90937c70c4aea13', '2024-01-26 08:37:46.446000', '2024-01-26 08:37:46.446000', 'crop/2023/09/16/6-20240126-083746-411709.jpeg', 23, 56),
(144, '5b3458e9527d4af4bdc71bde084f0e23', '2024-01-31 11:39:15.480000', '2024-01-31 11:39:15.480000', 'crop/2024/01/31/11-20240131-113912-392932.jpeg', 15, 47),
(145, '72c6d8227b52417e8d7a45bfab6f59fe', '2024-01-31 11:39:59.467000', '2024-01-31 11:39:59.467000', 'crop/2024/01/31/11-20240131-113956-770830.jpeg', 16, 47),
(146, '46b732a359da4b20b8d61ab3b9b5f873', '2024-07-15 11:35:55.727000', '2024-07-15 11:35:55.727000', '', 2, 90),
(147, 'cbca13bab1ff4b94a6b47e3a69354c90', '2024-07-15 14:52:01.899000', '2024-07-15 14:52:01.899000', '', 1, 51),
(148, '2cc5b0ba544144bb858561c24a279a61', '2024-09-02 06:42:34.623000', '2024-09-02 06:42:34.623000', 'crop/2024/09/02/3-20240902-144230-397750.jpeg', 17, 47),
(150, '9d0c137062b84669a09af06df7e589e5', '2024-09-02 06:51:23.720000', '2024-09-02 06:51:23.720000', 'crop/2024/09/02/3-20240902-145119-777863.jpeg', 3, 90),
(152, 'f5f27a86edb9480982470dc900c94bd9', '2024-09-03 06:30:50.517000', '2024-09-03 06:30:50.517000', 'crop/2024/09/03/3-20240903-143045-730187.jpeg', 6, 80),
(155, '01d759d029404a0f94cae9fe3ea81fcc', '2024-09-03 07:38:47.390000', '2024-09-03 07:38:47.390000', 'crop/2024/09/03/3-20240903-153843-472083.jpeg', 25, 52),
(156, 'a46535ec92684690ad6cc547fe843ac7', '2024-09-03 07:38:52.886000', '2024-09-03 07:38:52.886000', 'crop/2024/09/03/3-20240903-153843-472083.jpeg', 26, 52),
(157, 'f9ec97008cc84c46a4e616ebfc5b50c4', '2024-09-03 07:38:58.596000', '2024-09-03 07:38:58.596000', 'crop/2024/09/03/3-20240903-153843-472083.jpeg', 27, 52),
(158, 'f75131a275c54d1891629713e7c2075b', '2024-09-03 07:39:03.756000', '2024-09-03 07:39:03.756000', 'crop/2024/09/03/3-20240903-153843-472083.jpeg', 28, 52),
(159, 'd667fcc3e707478da1cb2858d7cbad22', '2024-09-03 07:39:07.274000', '2024-09-03 07:39:07.274000', 'crop/2024/09/03/3-20240903-153843-472083.jpeg', 29, 52),
(160, 'fedfb2ab025949029c1151f2c60b0ea3', '2024-09-03 07:39:10.722000', '2024-09-03 07:39:10.738000', 'crop/2024/09/03/3-20240903-153843-472083.jpeg', 30, 52),
(161, '228366aff01148a28887b80e37a5e531', '2024-09-03 07:39:16.364000', '2024-09-03 07:39:16.364000', 'crop/2024/09/03/3-20240903-153843-472083.jpeg', 31, 52),
(162, 'd1b829951cb7419dade7f2bd76e24fee', '2024-09-03 07:50:12.519000', '2024-09-03 07:50:12.519000', 'crop/2024/09/03/3-20240903-155008-879532.jpeg', 15, 78),
(163, '0e5f95eee5354aa1b873a40a567530d2', '2024-09-04 00:51:10.542000', '2024-09-04 00:51:10.542000', 'crop/2024/09/04/3-20240904-085106-627653.jpeg', 18, 47),
(164, 'c7c8427f8735486eab445e8bd48c608b', '2024-09-04 00:52:35.955000', '2024-09-04 00:52:35.955000', 'crop/2024/09/04/3-20240904-085232-187921.jpeg', 19, 47),
(165, 'd7401b83d98f4756b3092782860582b8', '2024-09-04 01:33:03.991000', '2024-09-04 01:33:03.991000', '', 32, 52),
(167, '7930921a6ed342ae9fe7851e602be1b3', '2024-09-04 03:12:08.929000', '2024-09-04 03:12:08.929000', 'crop/2024/09/04/3-20240904-111204-844145.jpeg', 9, 80),
(168, '30547a83b6dd4c99b8f25c4b05c12f7e', '2024-09-04 03:18:43.231000', '2024-09-04 03:18:43.231000', '', 27, 44),
(170, '61a93c765ed640c09362e88e83f78707', '2024-09-04 03:22:48.945000', '2024-09-04 03:22:48.945000', 'crop/2024/09/04/3-20240904-112245-389361.jpeg', 28, 44),
(171, 'ba7f55078d704ed68067b5d6f7048e08', '2024-09-04 03:32:38.630000', '2024-09-04 03:32:38.630000', 'crop/2024/09/04/3-20240904-113235-323288.jpeg', 29, 44),
(172, 'd7d7615d2dad4a16a6a54605b496bdfa', '2024-09-04 03:33:56.189000', '2024-09-04 03:33:56.189000', 'crop/2024/09/04/3-20240904-113351-836496.jpeg', 30, 44),
(173, 'f9f887416c4844d4a075cfbef01e7387', '2024-09-04 04:07:17.946000', '2024-09-04 04:07:17.946000', 'crop/2024/09/04/3-20240904-120229-453174.jpeg', 16, 78),
(174, '1cae583c0d094c3bbe9cd0dc8eb35f21', '2024-09-04 04:11:46.247000', '2024-09-04 04:11:46.247000', 'crop/2024/09/04/3-20240904-121142-728180.jpeg', 17, 78),
(176, '7e22f67269e046148450bdb1c56dfb59', '2024-10-04 01:34:38.765000', '2024-10-04 01:34:38.765000', 'crop/2024/10/04/3-20241004-093435-038544.png', 4, 53),
(177, 'a9b72d2c58524771961f2b511efd16c3', '2024-10-04 04:21:09.821000', '2024-10-04 04:21:09.821000', 'crop/2024/10/04/3-20241004-122050-492295.jpeg', 2, 57),
(178, '5133ca99a81441e284a20c1d87057ecf', '2024-10-10 21:33:33.170000', '2024-10-10 21:33:33.170000', '', 5, 90),
(179, 'c8841358146c4c378a5d3733a8be213d', '2024-10-10 22:09:45.543000', '2024-10-10 22:09:45.543000', '', 6, 90),
(180, 'b6bd9526b6a04cc895c82476010f904a', '2024-10-10 22:10:38.061000', '2024-10-10 22:10:38.061000', '', 7, 90),
(181, '3e92afe844d84433894c8878b3de9c9c', '2024-10-10 22:11:00.080000', '2024-10-10 22:11:00.081000', '', 8, 90);

-- --------------------------------------------------------

--
-- Table structure for table `core_service`
--

CREATE TABLE `core_service` (
  `id` bigint(20) NOT NULL,
  `uuid` char(32) NOT NULL,
  `created_at` datetime(6) NOT NULL,
  `updated_at` datetime(6) NOT NULL,
  `kind` smallint(6) NOT NULL,
  `is_active` tinyint(1) NOT NULL,
  `expired_date` datetime(6) NOT NULL,
  `agency_id` bigint(20) DEFAULT NULL,
  `site_id` int(11) DEFAULT NULL,
  `is_demo` tinyint(1) NOT NULL,
  `is_default` tinyint(1) NOT NULL
) ENGINE=InnoDB DEFAULT CHARSET=utf8mb4 COLLATE=utf8mb4_general_ci;

--
-- Dumping data for table `core_service`
--

INSERT INTO `core_service` (`id`, `uuid`, `created_at`, `updated_at`, `kind`, `is_active`, `expired_date`, `agency_id`, `site_id`, `is_demo`, `is_default`) VALUES
(1, '2f46c7e4e30d454f8d92e6834f0aff83', '2023-08-21 15:12:39.198000', '2023-08-21 15:12:39.198000', 3, 1, '2023-09-21 00:00:00.000000', 1, 4, 1, 1),
(2, '18cc10f9070a4e34a754c4bc2b241d3c', '2023-08-21 15:20:56.534000', '2024-07-15 11:44:51.894000', 2, 1, '2023-09-21 00:00:00.000000', 2, 5, 1, 1),
(3, '29d27ca103ab40e09d8ce8702a1b6840', '2023-08-21 15:26:33.039000', '2024-01-10 15:16:03.557000', 7, 1, '2023-09-21 00:00:00.000000', 3, 6, 1, 1),
(7, '79024166c62943438699032698d9f0df', '2023-09-22 21:14:58.169000', '2023-09-23 04:21:46.856000', 3, 1, '2023-10-22 00:00:00.000000', 7, 10, 1, 1),
(8, '3e165761fc6e41a78a2a79685d3aa6df', '2024-01-25 09:27:44.515000', '2024-10-04 01:00:46.089000', 7, 1, '2024-01-25 09:27:40.000000', 8, NULL, 0, 1),
(9, '768eedf9bdd4498d86072723c3e3169b', '2024-10-04 01:01:08.577000', '2024-10-04 01:01:08.577000', 7, 1, '2024-11-03 16:00:00.000000', 15, 3, 1, 1);

-- --------------------------------------------------------

--
-- Table structure for table `core_template`
--

CREATE TABLE `core_template` (
  `id` bigint(20) NOT NULL,
  `uuid` char(32) NOT NULL,
  `created_at` datetime(6) NOT NULL,
  `updated_at` datetime(6) NOT NULL,
  `name` varchar(50) NOT NULL,
  `rel_path` varchar(255) NOT NULL,
  `is_frontend` tinyint(1) NOT NULL,
  `template_owner_id` bigint(20) DEFAULT NULL,
  `service_option` varchar(255) DEFAULT NULL,
  `status` smallint(6) NOT NULL
) ENGINE=InnoDB DEFAULT CHARSET=utf8mb4 COLLATE=utf8mb4_general_ci;

--
-- Dumping data for table `core_template`
--

INSERT INTO `core_template` (`id`, `uuid`, `created_at`, `updated_at`, `name`, `rel_path`, `is_frontend`, `template_owner_id`, `service_option`, `status`) VALUES
(1, '544cc2d67f5e4eb4b9d5af2c6acece32', '2023-08-21 13:56:02.140000', '2024-10-04 08:15:50.843000', 'college-and-school-education', 'college-and-school-education/', 1, 1, '1', 1),
(2, '26fa5667c07042deb6af27186a27a441', '2023-08-21 13:56:02.142000', '2024-10-04 01:01:08.903000', 'smart-admin-2', 'smart-admin-2/', 0, 1, '1,2,3,4,5,6,7,9', 1),
(3, '06039b067a6d48feb0d58b7693aae691', '2023-08-21 13:56:02.145000', '2024-09-02 06:29:22.517000', 'direngine', 'direngine/', 1, 1, '1,2,3,4,5,6,9', 1),
(6, '6379ea2efb5b4501863e8af6184e8d84', '2023-08-21 13:56:02.147000', '2024-01-27 23:32:38.053000', 'promo-dise', 'promo-dise/', 1, 1, '2,3,4', 1),
(11, '18739c87d071465eab1a454ecd76bd28', '2023-12-05 09:14:04.094000', '2024-01-27 23:32:38.016000', 'bisnis-cargo', 'bisnis-cargo/', 1, NULL, '3,4', 1),
(12, 'bafa58ea5ce24229963f1d85d452dc01', '2023-12-05 09:14:04.098000', '2024-10-04 01:32:42.115000', 'tailwind-flowbite', 'tailwind-flowbite/', 1, 1, '1,2,3,4,5,6,7,9', 1),
(13, 'b66a455a26fe4409895f0a6b48b70bc8', '2024-01-26 11:08:05.976000', '2024-01-27 23:32:38.022000', 'comming-soon-page', 'comming-soon-page/', 1, 1, '1,2,3,4,5,6,7,9', 2),
(14, '313c9148998b4be097190c8167149ed6', '2024-01-27 23:32:38.032000', '2024-10-04 08:16:03.428000', 'groovin', 'groovin/', 1, 1, '1,2,3,4,5,6,7,9', 2);

-- --------------------------------------------------------

--
-- Table structure for table `core_templateblock`
--

CREATE TABLE `core_templateblock` (
  `id` bigint(20) NOT NULL,
  `uuid` char(32) NOT NULL,
  `created_at` datetime(6) NOT NULL,
  `updated_at` datetime(6) NOT NULL,
  `name` varchar(100) NOT NULL,
  `price_level` smallint(6) NOT NULL,
  `status` smallint(6) NOT NULL,
  `template_id` bigint(20) NOT NULL,
  `description` longtext DEFAULT NULL
) ENGINE=InnoDB DEFAULT CHARSET=utf8mb4 COLLATE=utf8mb4_general_ci;

-- --------------------------------------------------------

--
-- Table structure for table `core_templateblock_model_list`
--

CREATE TABLE `core_templateblock_model_list` (
  `id` bigint(20) NOT NULL,
  `templateblock_id` bigint(20) NOT NULL,
  `modellist_id` bigint(20) NOT NULL
) ENGINE=InnoDB DEFAULT CHARSET=utf8mb4 COLLATE=utf8mb4_general_ci;

-- --------------------------------------------------------

--
-- Table structure for table `core_templateowner`
--

CREATE TABLE `core_templateowner` (
  `id` bigint(20) NOT NULL,
  `uuid` char(32) NOT NULL,
  `created_at` datetime(6) NOT NULL,
  `updated_at` datetime(6) NOT NULL,
  `name` varchar(50) NOT NULL
) ENGINE=InnoDB DEFAULT CHARSET=utf8mb4 COLLATE=utf8mb4_general_ci;

--
-- Dumping data for table `core_templateowner`
--

INSERT INTO `core_templateowner` (`id`, `uuid`, `created_at`, `updated_at`, `name`) VALUES
(1, 'd36db31349814e56bad6048b3570a3b6', '2023-08-21 13:56:02.137000', '2023-12-05 09:14:04.074000', 'Iwan Setiawan');

-- --------------------------------------------------------

--
-- Table structure for table `core_template_site`
--

CREATE TABLE `core_template_site` (
  `id` bigint(20) NOT NULL,
  `template_id` bigint(20) NOT NULL,
  `site_id` int(11) NOT NULL
) ENGINE=InnoDB DEFAULT CHARSET=utf8mb4 COLLATE=utf8mb4_general_ci;

--
-- Dumping data for table `core_template_site`
--

INSERT INTO `core_template_site` (`id`, `template_id`, `site_id`) VALUES
(1, 1, 6),
(2, 2, 1),
(3, 2, 2),
(4, 2, 3),
(5, 2, 4),
(6, 2, 5),
(7, 2, 6),
(8, 2, 8),
(9, 2, 9),
(10, 2, 10),
(11, 2, 11),
(12, 3, 5),
(13, 14, 3);

-- --------------------------------------------------------

--
-- Table structure for table `core_user`
--

CREATE TABLE `core_user` (
  `id` bigint(20) NOT NULL,
  `password` varchar(128) NOT NULL,
  `email` varchar(100) NOT NULL,
  `name` varchar(100) NOT NULL,
  `is_active` tinyint(1) NOT NULL,
  `is_staff` tinyint(1) NOT NULL,
  `is_superuser` tinyint(1) NOT NULL,
  `date_joined` datetime(6) NOT NULL,
  `last_login` datetime(6) DEFAULT NULL,
  `site_id` int(11) DEFAULT NULL,
  `email_confirmed` tinyint(1) NOT NULL,
  `uuid` char(32) DEFAULT NULL,
  `updated_at` datetime(6) NOT NULL
) ENGINE=InnoDB DEFAULT CHARSET=utf8mb4 COLLATE=utf8mb4_general_ci;

--
-- Dumping data for table `core_user`
--

INSERT INTO `core_user` (`id`, `password`, `email`, `name`, `is_active`, `is_staff`, `is_superuser`, `date_joined`, `last_login`, `site_id`, `email_confirmed`, `uuid`, `updated_at`) VALUES
(1, 'pbkdf2_sha256$600000$6k0qkWOPekPCpAJM1AbFnu$WLUh8np0DPjsqcNMkQNzbK0leMxt1SE+RB5ysyoR3Vk=', 'admin@authbox.web.id', '', 1, 1, 1, '2023-08-21 14:00:46.078000', '2024-09-27 03:29:37.674000', NULL, 0, 'a6f3a47cabef4769a4958585ab118c79', '2023-08-21 15:17:02.367000'),
(2, 'pbkdf2_sha256$600000$fBr8P9rU89Vjy2VWEsDgMQ$+33xwcpP1s79pRHhxH/8eecIz+GQedUw1bG754voX7k=', 'narvikvilla@authbox.web.id', '', 1, 1, 0, '2023-08-21 15:20:05.543000', '2024-07-15 14:38:02.422000', NULL, 0, '16fb11e793f044e1ad6d0cf31b62a7bb', '2024-07-15 11:34:27.235000'),
(3, 'pbkdf2_sha256$600000$cYiG3qwHoHrstnJAnwXcGZ$iGPwg9tWOm2m54TTHzWL+4dLdKe2EXUQhOoc9u7Hkfc=', 'smanduajonggat@authbox.web.id', '', 1, 1, 0, '2023-08-21 15:25:49.918000', '2024-01-26 08:37:45.669000', NULL, 0, '9d4794477fb0451ca48e2f88d98b4ce7', '2023-08-21 15:26:33.059000'),
(6, '!Rdm2Sf14evz2NOBGHelRNFEON1bIBEMfA0iB4a7L', 'suratiwan03@gmail.com', '', 1, 1, 0, '2023-09-06 21:15:27.889000', '2023-09-16 16:33:56.829000', NULL, 0, 'eb84dd51a3394f66b16ceb7fb4fa3504', '2023-09-06 21:15:27.889000'),
(7, '!2xran5wxZdslbzDD9K7Y783keuAq7dq2vzA4oSmg', 'surat_iwan@yahoo.com', '', 1, 1, 0, '2023-09-13 08:24:40.962000', '2023-09-13 08:25:04.528000', NULL, 0, 'a6bb1a2ec09d4151b6c6cb29e1d3e122', '2023-09-13 08:24:40.962000'),
(8, 'pbkdf2_sha256$600000$rDSCDRvA0hQepoEQmJVDqX$56Wz0JkMU0fu09Axm6xPdQtn2uIOGYgF/GSIU1U5XYQ=', 'test@authbox.web.id', '', 1, 1, 0, '2023-09-22 15:20:14.182000', '2023-09-22 15:20:18.050000', NULL, 0, '713d8019d7ee4d8292a905ff4fede2b9', '2023-09-22 15:21:15.114000'),
(9, 'pbkdf2_sha256$600000$waV5hl8I7BbV9MjwL6lA2Q$XkDOQch6NeiJL6RDZryqXqhXaPx/Jf5u4XQ44omqaZk=', 'admin-test@authbox.web.id', '', 1, 1, 0, '2023-09-22 21:14:29.102000', '2023-09-23 04:32:20.279000', NULL, 0, 'c7a108044b0746e88f5a694f3006cac1', '2023-09-22 21:14:58.191000'),
(10, 'pbkdf2_sha256$600000$QXlvzNlwnaH8XhlTejyckZ$kAmYWFDVL0gTEgx4t7kjz9KQU0tQ9lpLcQZAzJcgbkM=', 'man2sumbawa@authbox.web.id', 'Admin MAN 2 Sumbawa', 1, 1, 0, '2024-01-25 09:21:47.090000', '2024-09-04 05:16:40.941000', NULL, 0, '9f6f05225e1a459b9b442404d7729156', '2024-01-25 09:22:08.484000'),
(11, 'pbkdf2_sha256$600000$BK1rdpFfHat0AqveQyL8MW$+jYFPPF80khzqUqcO3OgnZ6S30oZw+0EHL2KBBJKhmA=', 'admin@gmail.com', '', 1, 1, 1, '2024-07-14 08:19:41.666000', '2024-07-16 08:40:56.854000', NULL, 0, '58896cdd55044c278faf400131c6c218', '2024-07-14 08:19:41.666000'),
(12, 'pbkdf2_sha256$600000$JyKuB5zpdWBye4tFtxYMjQ$IBhORBmHWOfoFbUgiFgohO9BO/EKpYt0jY6mI7Pgvv0=', 'admin2@authbox.web.id', '', 1, 1, 1, '2024-09-02 06:20:27.805000', '2024-10-04 01:01:00.938000', NULL, 0, 'a7a315760cac4e37a94c3a3a92f13b6f', '2024-10-04 01:01:08.958000');

-- --------------------------------------------------------

--
-- Table structure for table `core_userlog`
--

CREATE TABLE `core_userlog` (
  `id` bigint(20) NOT NULL,
  `uuid` char(32) NOT NULL,
  `created_at` datetime(6) NOT NULL,
  `updated_at` datetime(6) NOT NULL,
  `is_expired` tinyint(1) NOT NULL,
  `site_id` int(11) NOT NULL,
  `user_id` bigint(20) DEFAULT NULL,
  `ip_address` varchar(40) NOT NULL,
  `user_agent` varchar(255) NOT NULL,
  `social_media` varchar(20) NOT NULL
) ENGINE=InnoDB DEFAULT CHARSET=utf8mb4 COLLATE=utf8mb4_general_ci;

-- --------------------------------------------------------

--
-- Table structure for table `core_user_agency`
--

CREATE TABLE `core_user_agency` (
  `id` bigint(20) NOT NULL,
  `user_id` bigint(20) NOT NULL,
  `agency_id` bigint(20) NOT NULL
) ENGINE=InnoDB DEFAULT CHARSET=utf8mb4 COLLATE=utf8mb4_general_ci;

--
-- Dumping data for table `core_user_agency`
--

INSERT INTO `core_user_agency` (`id`, `user_id`, `agency_id`) VALUES
(1, 1, 1),
(2, 2, 2),
(3, 3, 3),
(4, 9, 7),
(5, 10, 8),
(6, 11, 10),
(7, 12, 15);

-- --------------------------------------------------------

--
-- Table structure for table `core_user_groups`
--

CREATE TABLE `core_user_groups` (
  `id` bigint(20) NOT NULL,
  `user_id` bigint(20) NOT NULL,
  `group_id` int(11) NOT NULL
) ENGINE=InnoDB DEFAULT CHARSET=utf8mb4 COLLATE=utf8mb4_general_ci;

--
-- Dumping data for table `core_user_groups`
--

INSERT INTO `core_user_groups` (`id`, `user_id`, `group_id`) VALUES
(2, 1, 1),
(3, 2, 3),
(4, 3, 3),
(5, 6, 3),
(6, 7, 3),
(7, 8, 3),
(8, 9, 3),
(9, 10, 3),
(10, 11, 3),
(11, 12, 3);

-- --------------------------------------------------------

--
-- Table structure for table `core_user_user_permissions`
--

CREATE TABLE `core_user_user_permissions` (
  `id` bigint(20) NOT NULL,
  `user_id` bigint(20) NOT NULL,
  `permission_id` int(11) NOT NULL
) ENGINE=InnoDB DEFAULT CHARSET=utf8mb4 COLLATE=utf8mb4_general_ci;

-- --------------------------------------------------------

--
-- Table structure for table `django_admin_log`
--

CREATE TABLE `django_admin_log` (
  `id` int(11) NOT NULL,
  `action_time` datetime(6) NOT NULL,
  `object_id` longtext DEFAULT NULL,
  `object_repr` varchar(200) NOT NULL,
  `action_flag` smallint(5) UNSIGNED NOT NULL CHECK (`action_flag` >= 0),
  `change_message` longtext NOT NULL,
  `content_type_id` int(11) DEFAULT NULL,
  `user_id` bigint(20) NOT NULL
) ENGINE=InnoDB DEFAULT CHARSET=utf8mb4 COLLATE=utf8mb4_general_ci;

--
-- Dumping data for table `django_admin_log`
--

INSERT INTO `django_admin_log` (`id`, `action_time`, `object_id`, `object_repr`, `action_flag`, `change_message`, `content_type_id`, `user_id`) VALUES
(1, '2023-08-21 15:15:34.978000', '4', 'authbox.web.id', 2, '[{\"changed\": {\"fields\": [\"Domain name\"]}}]', 6, 1),
(2, '2023-08-21 15:17:02.378000', '1', 'admin@authbox.web.id', 2, '[{\"changed\": {\"fields\": [\"Groups\"]}}]', 33, 1),
(3, '2023-08-21 15:17:32.566000', '3', 'direngine', 2, '[{\"changed\": {\"fields\": [\"Site\"]}}]', 30, 1),
(4, '2023-08-21 15:17:42.571000', '6', 'promo-dise', 2, '[{\"changed\": {\"fields\": [\"Site\"]}}]', 30, 1),
(5, '2023-08-21 15:24:26.605000', '5', 'narvikvilla.com', 2, '[{\"changed\": {\"fields\": [\"Domain name\"]}}]', 6, 1),
(6, '2023-08-21 15:27:21.601000', '6', 'smanduajonggat.sch.id', 2, '[{\"changed\": {\"fields\": [\"Domain name\"]}}]', 6, 1),
(7, '2023-08-21 15:28:11.677000', '3', 'direngine', 2, '[{\"changed\": {\"fields\": [\"Site\"]}}]', 30, 1),
(8, '2023-08-21 15:28:23.121000', '1', 'college-and-school-education', 2, '[{\"changed\": {\"fields\": [\"Site\"]}}]', 30, 1),
(9, '2023-09-04 08:59:05.762000', '4', 'TEST', 3, '', 31, 1),
(10, '2023-09-04 08:59:34.516000', '11', 'test.authbox.web.id', 3, '', 3, 1),
(11, '2023-09-04 09:00:01.132000', '7', 'test.authbox.web.id', 3, '', 6, 1),
(12, '2023-09-04 09:00:22.741000', '4', 'test@gmail.com', 3, '', 33, 1),
(13, '2023-09-04 09:01:42.342000', '4', '', 2, '[{\"changed\": {\"fields\": [\"Service option\"]}}]', 39, 1),
(14, '2023-09-04 09:03:24.784000', '4', 'TEST', 3, '', 29, 1),
(15, '2023-09-04 14:14:02.261000', '73', 'ModelListSetting object (73)', 2, '[{\"changed\": {\"fields\": [\"Image width\", \"Image height\"]}}]', 37, 1),
(16, '2023-09-22 21:10:27.466000', '5', 'test@gmail.com', 3, '', 33, 1),
(17, '2023-09-22 21:10:48.534000', '5', 'TEST', 3, '', 31, 1),
(18, '2023-09-22 21:10:59.329000', '6', 'Rasa Keluarga', 3, '', 31, 1),
(19, '2023-09-22 21:11:12.014000', '6', 'Rasa Keluarga', 3, '', 29, 1),
(20, '2023-09-22 21:11:57.706000', '1', 'Python-Django: Kelebihan dan Kelemahan dalam Membangun Website', 2, '[{\"changed\": {\"fields\": [\"Is initial data\"]}}]', 56, 1),
(21, '2023-09-22 21:12:10.888000', '2', 'Artikel Terbaru', 2, '[{\"changed\": {\"fields\": [\"Is initial data\"]}}]', 56, 1),
(22, '2023-09-22 21:12:19.053000', '3', 'Meraih Efisiensi Luar Biasa: Menggali Potensi Arsitektur Multi-Tenant', 2, '[{\"changed\": {\"fields\": [\"Is initial data\"]}}]', 56, 1),
(23, '2023-09-22 21:13:11.514000', '16', 'Multi', 2, '[{\"changed\": {\"fields\": [\"Is initial data\"]}}]', 48, 1),
(24, '2023-09-22 21:13:18.028000', '14', 'Python', 2, '[{\"changed\": {\"fields\": [\"Is initial data\"]}}]', 48, 1),
(25, '2023-09-22 21:13:23.714000', '15', 'Django', 2, '[{\"changed\": {\"fields\": [\"Is initial data\"]}}]', 48, 1),
(26, '2023-09-22 21:13:28.728000', '17', 'Tenant', 2, '[{\"changed\": {\"fields\": [\"Is initial data\"]}}]', 48, 1),
(27, '2023-09-22 21:13:41.853000', '12', 'Pemrograman', 2, '[{\"changed\": {\"fields\": [\"Is initial data\"]}}]', 40, 1),
(28, '2023-09-23 10:30:08.305000', '117', '[ Back-End ] Dashboard > Developer', 1, '[{\"added\": {}}]', 12, 1),
(29, '2023-09-23 10:30:23.480000', '117', '[ Back-End ] Dashboard > Developer', 2, '[{\"changed\": {\"fields\": [\"Name\"]}}]', 12, 1),
(30, '2023-09-23 10:31:41.568000', '117', '[ Back-End ] Dashboard > Developer', 3, '', 12, 1),
(31, '2024-01-10 15:16:03.560000', '3', 'SMAN 2 JONGGAT', 2, '[{\"changed\": {\"fields\": [\"Kind\"]}}]', 31, 1),
(32, '2024-01-10 15:26:19.074000', '12', '[ Back-End ] Isi Website > Berita', 2, '[{\"changed\": {\"fields\": [\"Menu group\"]}}]', 12, 1),
(33, '2024-01-25 08:53:34.731000', '11', 'man2sumbawa.sch.id', 1, '[{\"added\": {}}]', 6, 1),
(34, '2024-01-25 09:18:45.709000', '8', 'MAN 2 Sumbawa', 1, '[{\"added\": {}}]', 29, 1),
(35, '2024-01-25 09:19:18.610000', '8', 'MAN 2 SUMBAWA', 2, '[{\"changed\": {\"fields\": [\"Name\"]}}]', 29, 1),
(36, '2024-01-25 09:21:47.103000', '10', 'man2sumbawa@authbox.web.id', 1, '[{\"added\": {}}]', 33, 1),
(37, '2024-01-25 09:22:08.500000', '10', 'man2sumbawa@authbox.web.id', 2, '[]', 33, 1),
(38, '2024-01-25 09:27:44.520000', '8', 'MAN 2 SUMBAWA', 1, '[{\"added\": {}}]', 31, 1),
(39, '2024-01-25 09:33:23.689000', '1', 'college-and-school-education', 2, '[{\"changed\": {\"fields\": [\"Site\", \"Status\"]}}]', 30, 1),
(40, '2024-01-25 09:33:42.257000', '2', 'smart-admin-2', 2, '[{\"changed\": {\"fields\": [\"Site\", \"Status\"]}}]', 30, 1),
(41, '2024-01-25 09:33:52.422000', '2', 'smart-admin-2', 2, '[{\"changed\": {\"fields\": [\"Status\"]}}]', 30, 1),
(42, '2024-01-25 09:33:58.169000', '1', 'college-and-school-education', 2, '[{\"changed\": {\"fields\": [\"Status\"]}}]', 30, 1),
(43, '2024-01-26 11:12:09.591000', '13', 'comming-soon-page', 2, '[{\"changed\": {\"fields\": [\"Status\"]}}]', 30, 1),
(44, '2024-01-26 11:12:54.496000', '13', 'comming-soon-page', 2, '[{\"changed\": {\"fields\": [\"Template owner\", \"Service option\"]}}]', 30, 1),
(45, '2024-01-27 23:34:49.721000', '14', 'groovin', 2, '[{\"changed\": {\"fields\": [\"Template owner\", \"Service option\", \"Status\"]}}]', 30, 1),
(46, '2024-01-29 12:21:47.597000', '2', 'old127.0.0.1:8000', 2, '[{\"changed\": {\"fields\": [\"Domain name\"]}}]', 6, 1),
(47, '2024-01-29 12:22:14.254000', '11', '127.0.0.1:8000', 2, '[{\"changed\": {\"fields\": [\"Domain name\"]}}]', 6, 1),
(48, '2024-07-15 11:30:33.377000', '3', 'direngine', 2, '[{\"changed\": {\"fields\": [\"Site\"]}}]', 30, 11),
(49, '2024-07-15 11:31:06.640000', '14', 'groovin', 2, '[{\"changed\": {\"fields\": [\"Site\"]}}]', 30, 11),
(50, '2024-07-15 11:34:27.733000', '2', 'narvikvilla@authbox.web.id', 2, '[{\"changed\": {\"fields\": [\"password\"]}}]', 33, 11),
(51, '2024-07-15 11:44:52.192000', '2', 'NARVIK VILLA', 2, '[{\"changed\": {\"fields\": [\"Kind\"]}}]', 31, 11),
(52, '2024-07-15 12:05:24.205000', '11', 'man2sumbawa.sch.id', 2, '[{\"changed\": {\"fields\": [\"Domain name\"]}}]', 6, 11),
(53, '2024-07-15 12:05:34.661000', '5', '127.0.0.1:8000', 2, '[{\"changed\": {\"fields\": [\"Domain name\"]}}]', 6, 11),
(54, '2024-08-06 10:30:34.551000', '1', 'suratiwan03@gmail.com', 1, '[{\"added\": {}}]', 86, 1),
(55, '2024-09-02 06:23:43.695000', '8', 'MAN 2 SUMBAWA', 2, '[{\"changed\": {\"fields\": [\"Site\"]}}]', 31, 12),
(56, '2024-09-02 06:24:44.398000', '14', 'groovin', 2, '[{\"changed\": {\"fields\": [\"Site\"]}}]', 30, 12),
(57, '2024-09-02 06:27:05.478000', '14', 'groovin', 2, '[{\"changed\": {\"fields\": [\"Site\"]}}]', 30, 12),
(58, '2024-09-02 06:29:22.805000', '3', 'direngine', 2, '[{\"changed\": {\"fields\": [\"Site\"]}}]', 30, 12),
(59, '2024-09-02 06:29:39.705000', '2', 'smart-admin-2', 2, '[{\"changed\": {\"fields\": [\"Site\"]}}]', 30, 12),
(60, '2024-09-02 06:30:43.866000', '14', 'groovin', 2, '[{\"changed\": {\"fields\": [\"Site\"]}}]', 30, 12),
(61, '2024-09-02 06:30:45.059000', '14', 'groovin', 2, '[]', 30, 12),
(62, '2024-09-02 06:31:14.902000', '14', 'groovin', 2, '[{\"changed\": {\"fields\": [\"Site\"]}}]', 30, 12),
(63, '2024-09-02 06:31:50.853000', '2', 'smart-admin-2', 2, '[{\"changed\": {\"fields\": [\"Site\"]}}]', 30, 12),
(64, '2024-09-02 06:40:03.423000', '2', 'smart-admin-2', 2, '[{\"changed\": {\"fields\": [\"Site\", \"Service option\"]}}]', 30, 12),
(65, '2024-09-02 06:40:16.585000', '14', 'groovin', 2, '[{\"changed\": {\"fields\": [\"Site\"]}}]', 30, 12),
(66, '2024-09-20 02:42:44.552000', '139', '[ Back-End ] Isi Website > Calendar', 1, '[{\"added\": {}}]', 12, 1),
(67, '2024-09-20 02:43:10.825000', '139', '[ Back-End ] Isi Website > Calendar', 2, '[{\"changed\": {\"fields\": [\"Name\"]}}]', 12, 1),
(68, '2024-09-20 02:46:46.874000', '139', '[ Back-End ] Isi Website > Calendar', 2, '[{\"changed\": {\"fields\": [\"Icon\"]}}]', 12, 1),
(69, '2024-10-04 01:00:46.411000', '8', 'MAN 2 SUMBAWA', 2, '[{\"changed\": {\"fields\": [\"Site\"]}}]', 31, 12),
(70, '2024-10-04 01:05:49.636000', '1', 'college-and-school-education', 2, '[{\"changed\": {\"fields\": [\"Site\"]}}]', 30, 12),
(71, '2024-10-04 01:32:42.457000', '12', 'tailwind-flowbite', 2, '[{\"changed\": {\"fields\": [\"Site\"]}}]', 30, 12),
(72, '2024-10-04 06:46:11.151000', '1', 'college-and-school-education', 2, '[{\"changed\": {\"fields\": [\"Site\"]}}]', 30, 12),
(73, '2024-10-04 06:46:32.601000', '14', 'groovin', 2, '[{\"changed\": {\"fields\": [\"Site\"]}}]', 30, 12),
(74, '2024-10-04 08:14:15.883000', '14', 'groovin', 2, '[{\"changed\": {\"fields\": [\"Site\"]}}]', 30, 12),
(75, '2024-10-04 08:14:26.193000', '1', 'college-and-school-education', 2, '[{\"changed\": {\"fields\": [\"Site\"]}}]', 30, 12),
(76, '2024-10-04 08:15:50.955000', '1', 'college-and-school-education', 2, '[{\"changed\": {\"fields\": [\"Site\"]}}]', 30, 12),
(77, '2024-10-04 08:16:03.498000', '14', 'groovin', 2, '[{\"changed\": {\"fields\": [\"Site\"]}}]', 30, 12);

-- --------------------------------------------------------

--
-- Table structure for table `django_content_type`
--

CREATE TABLE `django_content_type` (
  `id` int(11) NOT NULL,
  `app_label` varchar(100) NOT NULL,
  `model` varchar(100) NOT NULL
) ENGINE=InnoDB DEFAULT CHARSET=utf8mb4 COLLATE=utf8mb4_general_ci;

--
-- Dumping data for table `django_content_type`
--

INSERT INTO `django_content_type` (`id`, `app_label`, `model`) VALUES
(7, 'account', 'emailaddress'),
(8, 'account', 'emailconfirmation'),
(1, 'admin', 'logentry'),
(3, 'auth', 'group'),
(2, 'auth', 'permission'),
(4, 'contenttypes', 'contenttype'),
(29, 'core', 'agency'),
(42, 'core', 'agencymeta'),
(34, 'core', 'agencytranslation'),
(40, 'core', 'globalsetting'),
(43, 'core', 'iconlist'),
(39, 'core', 'menudefault'),
(36, 'core', 'modellist'),
(37, 'core', 'modellistsetting'),
(32, 'core', 'photo'),
(31, 'core', 'service'),
(30, 'core', 'template'),
(41, 'core', 'templateblock'),
(38, 'core', 'templateowner'),
(33, 'core', 'user'),
(35, 'core', 'userlog'),
(94, 'frontend', 'aboutus'),
(95, 'frontend', 'aboutustranslation'),
(61, 'frontend', 'announcement'),
(76, 'frontend', 'announcementtranslation'),
(60, 'frontend', 'article'),
(75, 'frontend', 'articletranslation'),
(59, 'frontend', 'banner'),
(86, 'frontend', 'cart'),
(44, 'frontend', 'categories'),
(74, 'frontend', 'categoriestranslation'),
(45, 'frontend', 'dailyalert'),
(73, 'frontend', 'dailyalerttranslation'),
(46, 'frontend', 'document'),
(72, 'frontend', 'documenttranslation'),
(58, 'frontend', 'events'),
(71, 'frontend', 'eventstranslation'),
(82, 'frontend', 'fasilities'),
(83, 'frontend', 'fasilitiestranslation'),
(81, 'frontend', 'favicon'),
(90, 'frontend', 'googlecalendar'),
(91, 'frontend', 'googlecalendardetail'),
(47, 'frontend', 'greeting'),
(70, 'frontend', 'greetingtranslation'),
(88, 'frontend', 'howitworks'),
(89, 'frontend', 'howitworkstranslation'),
(77, 'frontend', 'location'),
(78, 'frontend', 'locationtranslation'),
(57, 'frontend', 'logo'),
(56, 'frontend', 'news'),
(69, 'frontend', 'newstranslation'),
(92, 'frontend', 'offers'),
(93, 'frontend', 'offerstranslation'),
(55, 'frontend', 'pages'),
(68, 'frontend', 'pagestranslation'),
(48, 'frontend', 'photogallery'),
(67, 'frontend', 'photogallerytranslation'),
(49, 'frontend', 'popup'),
(66, 'frontend', 'popuptranslation'),
(84, 'frontend', 'product'),
(87, 'frontend', 'producttranslation'),
(85, 'frontend', 'purchasing'),
(50, 'frontend', 'relatedlink'),
(65, 'frontend', 'relatedlinktranslation'),
(51, 'frontend', 'slideshow'),
(64, 'frontend', 'slideshowtranslation'),
(54, 'frontend', 'socialmedia'),
(52, 'frontend', 'tags'),
(63, 'frontend', 'tagstranslation'),
(96, 'frontend', 'testimony'),
(97, 'frontend', 'testimonytranslation'),
(53, 'frontend', 'videogallery'),
(62, 'frontend', 'videogallerytranslation'),
(79, 'frontend', 'whyus'),
(80, 'frontend', 'whyustranslation'),
(25, 'hitcount', 'blacklistip'),
(26, 'hitcount', 'blacklistuseragent'),
(27, 'hitcount', 'hit'),
(28, 'hitcount', 'hitcount'),
(12, 'menu', 'menu'),
(13, 'menu', 'menugroup'),
(14, 'menu', 'menutranslation'),
(20, 'outbox_hitcount', 'hitbrowser'),
(24, 'outbox_hitcount', 'hitcount'),
(21, 'outbox_hitcount', 'hitdevice'),
(22, 'outbox_hitcount', 'hitlocation'),
(23, 'outbox_hitcount', 'hitos'),
(15, 'region', 'country'),
(16, 'region', 'province'),
(17, 'region', 'regency'),
(18, 'region', 'subdistrict'),
(19, 'region', 'urbanvillage'),
(5, 'sessions', 'session'),
(6, 'sites', 'site'),
(9, 'socialaccount', 'socialaccount'),
(10, 'socialaccount', 'socialapp'),
(11, 'socialaccount', 'socialtoken');

-- --------------------------------------------------------

--
-- Table structure for table `django_migrations`
--

CREATE TABLE `django_migrations` (
  `id` bigint(20) NOT NULL,
  `app` varchar(255) NOT NULL,
  `name` varchar(255) NOT NULL,
  `applied` datetime(6) NOT NULL
) ENGINE=InnoDB DEFAULT CHARSET=utf8mb4 COLLATE=utf8mb4_general_ci;

--
-- Dumping data for table `django_migrations`
--

INSERT INTO `django_migrations` (`id`, `app`, `name`, `applied`) VALUES
(1, 'sites', '0001_initial', '2024-10-22 05:35:26.399519'),
(2, 'sites', '0002_alter_domain_unique', '2024-10-22 05:35:26.434724'),
(3, 'region', '0001_initial', '2024-10-22 05:35:26.621380'),
(4, 'menu', '0001_initial', '2024-10-22 05:35:27.038368'),
(5, 'contenttypes', '0001_initial', '2024-10-22 05:35:27.074119'),
(6, 'contenttypes', '0002_remove_content_type_name', '2024-10-22 05:35:27.134431'),
(7, 'auth', '0001_initial', '2024-10-22 05:35:27.281815'),
(8, 'auth', '0002_alter_permission_name_max_length', '2024-10-22 05:35:27.317578'),
(9, 'auth', '0003_alter_user_email_max_length', '2024-10-22 05:35:27.329394'),
(10, 'auth', '0004_alter_user_username_opts', '2024-10-22 05:35:27.348213'),
(11, 'auth', '0005_alter_user_last_login_null', '2024-10-22 05:35:27.366748'),
(12, 'auth', '0006_require_contenttypes_0002', '2024-10-22 05:35:27.371685'),
(13, 'auth', '0007_alter_validators_add_error_messages', '2024-10-22 05:35:27.386825'),
(14, 'auth', '0008_alter_user_username_max_length', '2024-10-22 05:35:27.408178'),
(15, 'auth', '0009_alter_user_last_name_max_length', '2024-10-22 05:35:27.421927'),
(16, 'auth', '0010_alter_group_name_max_length', '2024-10-22 05:35:27.443378'),
(17, 'auth', '0011_update_proxy_permissions', '2024-10-22 05:35:27.478291'),
(18, 'auth', '0012_alter_user_first_name_max_length', '2024-10-22 05:35:27.490743'),
(19, 'core', '0001_initial', '2024-10-22 05:35:28.292817'),
(20, 'account', '0001_initial', '2024-10-22 05:35:28.475049'),
(21, 'account', '0002_email_max_length', '2024-10-22 05:35:28.514974'),
(22, 'admin', '0001_initial', '2024-10-22 05:35:28.746168'),
(23, 'admin', '0002_logentry_remove_auto_add', '2024-10-22 05:35:28.778185'),
(24, 'admin', '0003_logentry_add_action_flag_choices', '2024-10-22 05:35:28.813112'),
(25, 'menu', '0002_menugroup_kind', '2024-10-22 05:35:28.852219'),
(26, 'menu', '0003_menu_is_new_alter_menu_link', '2024-10-22 05:35:28.935061'),
(27, 'menu', '0004_alter_menu_menu_group', '2024-10-22 05:35:28.993565'),
(28, 'menu', '0005_remove_menugroup_site_menugroup_group_and_more', '2024-10-22 05:35:30.427089'),
(29, 'menu', '0006_alter_menugrouptranslation_unique_together_and_more', '2024-10-22 05:35:31.400281'),
(30, 'menu', '0007_auto_20230130_1141', '2024-10-22 05:35:31.814769'),
(31, 'core', '0002_alter_service_kind_userlog', '2024-10-22 05:35:31.966752'),
(32, 'core', '0003_alter_userlog_user', '2024-10-22 05:35:32.228015'),
(33, 'core', '0004_remove_userlog_redirect_to_userlog_ip_address_and_more', '2024-10-22 05:35:32.333172'),
(34, 'core', '0005_userlog_active_domain', '2024-10-22 05:35:32.379222'),
(35, 'core', '0006_alter_user_agency', '2024-10-22 05:35:32.431299'),
(36, 'core', '0007_remove_userlog_active_domain_and_more', '2024-10-22 05:35:32.549162'),
(37, 'core', '0008_modellist_modellistsetting_modellist_templates', '2024-10-22 05:35:32.735924'),
(38, 'core', '0009_templateowner_alter_user_is_management_and_more', '2024-10-22 05:35:32.890021'),
(39, 'core', '0010_remove_user_is_management_remove_user_menu_group', '2024-10-22 05:35:33.181133'),
(40, 'core', '0011_remove_user_is_first_enter_remove_user_is_main_user_and_more', '2024-10-22 05:35:33.300470'),
(41, 'core', '0012_alter_modellistsetting_image_height_and_more', '2024-10-22 05:35:33.416406'),
(42, 'core', '0013_alter_modellistsetting_unique_together', '2024-10-22 05:35:33.455415'),
(43, 'core', '0014_modellist_menu', '2024-10-22 05:35:33.546072'),
(44, 'core', '0015_alter_modellist_menu', '2024-10-22 05:35:33.992763'),
(45, 'core', '0016_user_site', '2024-10-22 05:35:34.258938'),
(46, 'core', '0017_user_email_confirmed_alter_service_kind', '2024-10-22 05:35:34.340104'),
(47, 'core', '0018_add_unique_user_id_custom', '2024-10-22 05:35:36.530102'),
(48, 'core', '0019_alter_user_uuid', '2024-10-22 05:35:36.603083'),
(49, 'core', '0020_user_updated_at', '2024-10-22 05:35:36.664260'),
(50, 'core', '0021_alter_photo_content_type_alter_photo_object_id', '2024-10-22 05:35:36.976080'),
(51, 'core', '0022_alter_photo_file_path', '2024-10-22 05:35:37.012605'),
(52, 'core', '0023_service_template', '2024-10-22 05:35:37.112069'),
(53, 'core', '0024_remove_service_template_service_template', '2024-10-22 05:35:37.458439'),
(54, 'core', '0025_remove_service_template_template_service_option', '2024-10-22 05:35:37.577384'),
(55, 'core', '0026_alter_template_service_option', '2024-10-22 05:35:37.653773'),
(56, 'core', '0027_service_is_demo_alter_service_is_active_and_more', '2024-10-22 05:35:38.233442'),
(57, 'core', '0028_alter_service_site', '2024-10-22 05:35:38.687505'),
(58, 'core', '0029_agency_is_default_service_is_default', '2024-10-22 05:35:38.768967'),
(59, 'core', '0030_alter_agencytranslation_notes_and_more', '2024-10-22 05:35:39.104472'),
(60, 'core', '0031_template_status_alter_service_kind_and_more', '2024-10-22 05:35:39.235991'),
(61, 'core', '0032_menudefault', '2024-10-22 05:35:39.344265'),
(62, 'core', '0033_alter_menudefault_service_option_and_more', '2024-10-22 05:35:39.454285'),
(63, 'core', '0034_globalsetting', '2024-10-22 05:35:39.575012'),
(64, 'core', '0035_templateblock', '2024-10-22 05:35:39.704468'),
(65, 'core', '0036_remove_templateblock_site', '2024-10-22 05:35:39.931490'),
(66, 'core', '0037_remove_templateblock_variation_and_more', '2024-10-22 05:35:40.215917'),
(67, 'core', '0038_alter_globalsetting_name_alter_globalsetting_value', '2024-10-22 05:35:40.328835'),
(68, 'core', '0039_globalsetting_ref_template_block_and_more', '2024-10-22 05:35:40.485778'),
(69, 'core', '0040_globalsetting_description_globalsetting_order_item', '2024-10-22 05:35:40.553055'),
(70, 'core', '0041_remove_globalsetting_description_and_more', '2024-10-22 05:35:40.693325'),
(71, 'core', '0042_remove_templateblock_order_item_and_more', '2024-10-22 05:35:40.760300'),
(72, 'core', '0043_agencymeta', '2024-10-22 05:35:40.871754'),
(73, 'core', '0044_alter_agencymeta_image_type_alter_agencymeta_locale_and_more', '2024-10-22 05:35:41.311901'),
(74, 'core', '0045_alter_agencymeta_locale_alternate_and_more', '2024-10-22 05:35:41.402244'),
(75, 'core', '0046_iconlist', '2024-10-22 05:35:41.512466'),
(76, 'frontend', '0001_initial', '2024-10-22 05:35:49.173439'),
(77, 'frontend', '0002_location_alter_pages_menu_locationtranslation', '2024-10-22 05:35:49.661288'),
(78, 'frontend', '0003_categories_status_tags_status', '2024-10-22 05:35:49.808261'),
(79, 'frontend', '0004_remove_banner_position_banner_priority', '2024-10-22 05:35:49.962807'),
(80, 'frontend', '0005_banner_status', '2024-10-22 05:35:50.056753'),
(81, 'frontend', '0006_heroimage_heroimagetranslation', '2024-10-22 05:35:50.629645'),
(82, 'frontend', '0007_whyus_alter_heroimagetranslation_sub_title_and_more', '2024-10-22 05:35:51.063232'),
(83, 'frontend', '0008_favicon', '2024-10-22 05:35:51.306761'),
(84, 'frontend', '0009_slideshowtranslation_sub_title', '2024-10-22 05:35:51.358412'),
(85, 'frontend', '0010_fasilities_fasilitiestranslation', '2024-10-22 05:35:51.980216'),
(86, 'frontend', '0011_alter_fasilities_is_header_text', '2024-10-22 05:35:52.394274'),
(87, 'frontend', '0012_howitwork_product_purchasing_cart_producttranslation_and_more', '2024-10-22 05:35:53.842626'),
(88, 'frontend', '0013_rename_howitwork_howitworks_and_more', '2024-10-22 05:35:54.779870'),
(89, 'frontend', '0014_howitworks_order_item_alter_howitworks_icon_and_more', '2024-10-22 05:35:55.050508'),
(90, 'frontend', '0015_fasilities_order_item', '2024-10-22 05:35:55.169772'),
(91, 'frontend', '0016_product_order_item', '2024-10-22 05:35:55.293950'),
(92, 'frontend', '0017_article_is_header_text_and_more', '2024-10-22 05:35:56.049508'),
(93, 'frontend', '0018_googlecalendar_googlecalendardetail', '2024-10-22 05:35:56.547922'),
(94, 'frontend', '0019_alter_googlecalendar_cal_credential_path', '2024-10-22 05:35:56.703946'),
(95, 'frontend', '0020_alter_googlecalendar_cal_credential_path', '2024-10-22 05:35:56.793567'),
(96, 'frontend', '0021_alter_googlecalendar_cal_credential_path', '2024-10-22 05:35:56.912516'),
(97, 'frontend', '0022_rename_cal_credential_path_googlecalendar_file_path_doc', '2024-10-22 05:35:57.069464'),
(98, 'frontend', '0023_photogallery_is_header_text_photogallery_order_item', '2024-10-22 05:35:57.340209'),
(99, 'frontend', '0024_photogallerytranslation_content', '2024-10-22 05:35:57.387210'),
(100, 'frontend', '0025_offers_offerstranslation', '2024-10-22 05:35:58.178400'),
(101, 'frontend', '0026_aboutus_aboutustranslation', '2024-10-22 05:35:58.735633'),
(102, 'frontend', '0027_product_icon_alter_aboutustranslation_sub_title', '2024-10-22 05:35:58.872457'),
(103, 'frontend', '0028_alter_heroimagetranslation_unique_together_and_more', '2024-10-22 05:35:59.584704'),
(104, 'frontend', '0029_alter_aboutustranslation_content_and_more', '2024-10-22 05:36:00.412630'),
(105, 'frontend', '0030_testimony_testimonytranslation', '2024-10-22 05:36:01.005880'),
(106, 'frontend', '0031_remove_testimony_come_from_remove_testimony_name_and_more', '2024-10-22 05:36:01.598080'),
(107, 'frontend', '0032_location_is_header_text_locationtranslation_subtitle_and_more', '2024-10-22 05:36:02.089842'),
(108, 'frontend', '0033_pagestranslation_sub_title', '2024-10-22 05:36:02.138549'),
(109, 'frontend', '0034_document_share_count_document_slug_document_tags_and_more', '2024-10-22 05:36:06.891855'),
(110, 'frontend', '0035_announcement_is_header_text_and_more', '2024-10-22 05:36:07.743547'),
(111, 'frontend', '0036_whyus_is_header_text', '2024-10-22 05:36:07.914388'),
(112, 'frontend', '0037_aboutus_is_header_text', '2024-10-22 05:36:08.270720'),
(113, 'frontend', '0038_fasilitiestranslation_sub_title_and_more', '2024-10-22 05:36:08.414123'),
(114, 'frontend', '0039_producttranslation_sub_title', '2024-10-22 05:36:08.449456'),
(115, 'frontend', '0040_product_price_product_price_currency', '2024-10-22 05:36:08.706251'),
(116, 'frontend', '0041_aboutus_is_initial_data_announcement_is_initial_data_and_more', '2024-10-22 05:36:13.163069'),
(117, 'frontend', '0042_alter_aboutustranslation_sub_title_and_more', '2024-10-22 05:36:15.413526'),
(118, 'frontend', '0043_videogallery_is_header_text_videogallery_order_item', '2024-10-22 05:36:15.662527'),
(119, 'frontend', '0044_alter_document_file_path_doc', '2024-10-22 05:36:15.859969'),
(120, 'frontend', '0045_remove_aboutus_is_header_text_aboutus_detail_post_and_more', '2024-10-22 05:36:17.129930'),
(121, 'frontend', '0046_remove_aboutus_detail_post_remove_aboutus_icon', '2024-10-22 05:36:18.223029'),
(122, 'frontend', '0047_googlecalendardetail_description_and_more', '2024-10-22 05:36:20.432560'),
(123, 'frontend', '0048_rename_cal_name_googlecalendar_calendar_id_and_more', '2024-10-22 05:36:21.851362'),
(124, 'frontend', '0049_alter_googlecalendar_file_path_doc_and_more', '2024-10-22 05:36:22.732399'),
(125, 'frontend', '0050_alter_googlecalendar_file_path_doc', '2024-10-22 05:36:22.852633'),
(126, 'frontend', '0051_alter_googlecalendardetail_description', '2024-10-22 05:36:23.037803'),
(127, 'hitcount', '0001_initial', '2024-10-22 05:36:23.961861'),
(128, 'hitcount', '0002_index_ip_and_session', '2024-10-22 05:36:24.203808'),
(129, 'hitcount', '0003_auto_20190608_1004', '2024-10-22 05:36:24.469022'),
(130, 'hitcount', '0004_auto_20200704_0933', '2024-10-22 05:36:24.563635'),
(131, 'hitcount', '0005_alter_blacklistip_id_alter_blacklistuseragent_id_and_more', '2024-10-22 05:36:25.358475'),
(132, 'menu', '0008_menu_exclude_menu', '2024-10-22 05:36:25.419841'),
(133, 'menu', '0009_menu_is_initial_data', '2024-10-22 05:36:25.481138'),
(134, 'outbox_hitcount', '0001_initial', '2024-10-22 05:36:26.045203'),
(135, 'outbox_hitcount', '0002_hitbrowser_version_hitdevice_version_hitos_version', '2024-10-22 05:36:26.169130'),
(136, 'outbox_hitcount', '0003_alter_hitcount_end_date', '2024-10-22 05:36:26.209580'),
(137, 'outbox_hitcount', '0004_alter_hitbrowser_version_alter_hitdevice_version_and_more', '2024-10-22 05:36:27.067960'),
(138, 'outbox_hitcount', '0005_alter_hitbrowser_version_alter_hitdevice_version_and_more', '2024-10-22 05:36:27.830603'),
(139, 'outbox_hitcount', '0006_alter_hitbrowser_version_alter_hitdevice_version_and_more', '2024-10-22 05:36:28.339528'),
(140, 'outbox_hitcount', '0007_alter_hitbrowser_version_alter_hitdevice_version_and_more', '2024-10-22 05:36:29.101771'),
(141, 'outbox_hitcount', '0008_remove_hitcount_browser_count_and_more', '2024-10-22 05:36:29.790265'),
(142, 'outbox_hitcount', '0009_remove_hitlocation_name_hitlocation_city_and_more', '2024-10-22 05:36:29.869365'),
(143, 'outbox_hitcount', '0010_hitcount_site', '2024-10-22 05:36:30.138209'),
(144, 'outbox_hitcount', '0011_alter_hitlocation_city_alter_hitlocation_country', '2024-10-22 05:36:30.720078'),
(145, 'sessions', '0001_initial', '2024-10-22 05:36:30.753928'),
(146, 'socialaccount', '0001_initial', '2024-10-22 05:36:31.728787'),
(147, 'socialaccount', '0002_token_max_lengths', '2024-10-22 05:36:32.125065'),
(148, 'socialaccount', '0003_extra_data_default_dict', '2024-10-22 05:36:32.211178');

-- --------------------------------------------------------

--
-- Table structure for table `django_session`
--

CREATE TABLE `django_session` (
  `session_key` varchar(40) NOT NULL,
  `session_data` longtext NOT NULL,
  `expire_date` datetime(6) NOT NULL
) ENGINE=InnoDB DEFAULT CHARSET=utf8mb4 COLLATE=utf8mb4_general_ci;

--
-- Dumping data for table `django_session`
--

INSERT INTO `django_session` (`session_key`, `session_data`, `expire_date`) VALUES
('02ou6qey7eaeao9zut80f1n8fi7yazb9', 'e30:1rFRxM:2NqrDnOJfthnkQE4YnMzEn5jZ1e9xoX2JNrRAQwC22M', '2024-01-02 12:43:48.618000'),
('04bi6v7j5iinxh9zrxm7ljh1usd8scyz', 'e30:1rTofv:eJYGRMuwMvzbxRfemeE0Hn0ssfk3jOeKqmf2XTywdDM', '2024-02-11 03:49:11.476000'),
('04hzi3szhowpym5qaj0uakxs78gcgffd', 'e30:1rFFyP:RzuK59h6Izv1bB_IgLsfcO86USDZuo4WSxs23y6B8Hg', '2024-01-01 23:56:05.773000'),
('04u5yxxniy0bmlp1vhejy5xxgwbt9m0y', 'e30:1rFFyX:vIzmBbMoYlFZhdxLaRspAp8XPb0irDd7iBgOMN7-kXs', '2024-01-01 23:56:13.522000'),
('04xivli4yntz3e5o4pw8z1x33axlo88n', 'e30:1rTopX:485ocfqNEISW_fEAkrnS59746sXCYs_Lieybmj7MBCM', '2024-02-11 03:59:07.959000'),
('055btve2l8yr18pqmzg5eb5w1qx5he01', 'e30:1rB98r:ItqgVy_3ufBqpzGHNJl7WAFDbwMMP2xnsyiCP38EqFQ', '2023-12-21 15:49:53.149000'),
('05vqkv4la1w635cpmstgdq3jz9q1phq6', 'e30:1rOpT9:ZjT4j3C5extjn3Ca4GinvOT6M-W1WV1oAKUiZ4ki_Ns', '2024-01-28 09:39:23.095000'),
('079uhsgj3sol7f5xq1h2qmwx1ltwgkbq', '.eJxVjMEKwyAYg9_F8yhaW213215EUv1_lBULq57G3n129LBdAsmX5CUcaomu7vR0KYirUOLymy3wD8oHwLoecQfvt5pL9-2ceO9uzVEuyaOkLd_P1d9VxB7bDwdmlgw9Bq3JQALGTHLBLK2WI6Y-SE-D1ZaVGpSaG-eeMBGazla8P9wLPPI:1qjqH9:vbunzNZ6JXJ7rpAqA9ALapDRMoDQCHqM0JASmFvF7eE', '2023-10-07 08:13:35.218000'),
('07bb51gaerljbj0s6ci6nh5wmmmvdb6g', 'e30:1qe3uq:hMXTyE0MtDn6oQU0zFBzGepWhIAP7mM47dYzpwKgz2A', '2023-09-21 09:34:40.785000'),
('07c6mxykqdbty0rj0jhs7qmpkboq1mro', 'e30:1rFG3t:SWZpeVJouSDqpEss28nhyYqADKhXEWo2ATpuvRySHro', '2024-01-02 00:01:45.249000'),
('08i15cv50t0xnnvf9lf5n7xd7xcpiq41', 'e30:1rFIhm:TQ2N7o0QicMfXQABX-DCJd_2XCcElvQ4epzU7RqIolE', '2024-01-02 02:51:06.160000'),
('0a9ot1va9cb4fplxdb4eq8o630qz8vtr', 'e30:1rLnnX:DnrugKixmyYZJfQyNuSOfiRK-jXh4NpZF1NJ4u26k_c', '2024-01-20 01:15:55.197000'),
('0csa3x9dn66krz61fvayf3ctsom6i1qt', 'e30:1rTTDv:vgy5j50tBmm-4ywAVte1VZE5LdKc79dP2vAHQ05HGgo', '2024-02-10 04:54:51.320000'),
('0d3c34qfnovndj42b6migpbk9vdpe7ar', 'e30:1qcyQV:K1_R--Uh3DfTJ7jRWVEQNe46q0up2GwsNlkIOaC8ljg', '2023-09-18 09:30:51.514000'),
('0ehqlwajekfurhxbx2cos0qbi95gezuv', 'e30:1rFonM:riB9z_-l9JjzGlEEihCu3YvcKkdHzS6c5f11tfaiwts', '2024-01-03 13:07:00.944000'),
('0gvbsj0frz33g4bjryscr1b4mcv6omgy', 'e30:1rKBGG:zfNQDru2LEzz3z-0S9JHXWH3-T0SrPixZmImeod-w7w', '2024-01-15 13:54:52.632000'),
('0hv7fo33uiu3hmgvibr3gpnc0eualb7l', 'e30:1rIAkY:Bct57hzdf5TEJHl9ylzUeJyM5K8cKgOy-GRAexyikEo', '2024-01-10 00:57:50.563000'),
('0k2tk1wemtpzowvfzohtpvye9o859py7', 'e30:1qisgR:X82QhoQ2v5LPgLtXv3nR2h8lWxqtFL1SO_7LOtRZthk', '2023-10-04 16:35:43.371000'),
('0l40kh1oflu2unloonsb0wmnwrjks2f6', 'e30:1qjRtY:DerHsmIvS5ozzOyK4_vp-ociyDzx1osmXXe6x6XvHT0', '2023-10-06 06:11:36.088000'),
('0ldi1tmzgv5vxrrm91yglbomurg1gikb', 'e30:1qgL0e:An43XiUh7ISAE0DGfrVrvXSbRbbhwdstL_ZiQJv038Q', '2023-09-27 16:14:04.421000'),
('0n91p51tb3w6qm2soqtkwb4mkgzl5bt0', '.eJxVjMEOgyAQRP-Fc2MACy691R8xu8saSQ0mFU5N_73YeGhPk5k3My81YS3LVHd5TimqmzJWXX5DQn5IPgiu6xF3yLzVXLpv58R7d29OckmMJW15PFd_VwvuS_vxDsBdfd9TAIamKNqSDIN2IVghCux1rw06iDNFTwB6NhTaxniJTr0_uSE7zg:1sl0iv:8ezh9LFWb-j_mE7FGmFRwWjL5WmbbapMJ7bfhWpBQ5Q', '2024-09-16 06:39:37.797000'),
('0phj5bzt8n6u0t82iwpy996qx6l9yj5i', 'e30:1qdaRG:pO84geyNuGsWc9LNEKqmQSQgPyged6lYK0kvkW6gDBk', '2023-09-20 02:06:10.655000'),
('0q4ulw6ahtypwvx5ystv78uu06cbzee0', 'e30:1rOpTE:mPKxjbGDWQox7ytz9DSFiVrsjB92eOOa2WCpUdZFRr4', '2024-01-28 09:39:28.282000'),
('0q8uzfno7s7brfs7undyk4ox35utb274', 'e30:1qiXTZ:WYLEGiBDjISJm7k_UkGSbPhVNDEp4WSJ7H5WP2RSjgY', '2023-10-03 17:57:01.594000'),
('0wfaepltyyv4tfyt0n1j3fdv3ewfk8ug', 'e30:1qiXTX:b5gheA3GGLU2jkfCZ1_TGcE80ebZzVn00vtcqStPL8E', '2023-10-03 17:56:59.599000'),
('0wq7kwamc181gl54dxo2afaj1srtbfdy', 'e30:1rQ6Z9:uZKMLsz6x7uOPeKPjjjazh-ET9lk2xl0Df4l0Y-c1S8', '2024-01-31 22:06:51.309000'),
('0ycyn0wccurx4xm2blctla3wjbjdal7m', 'e30:1rAfIr:GSNY1sOHyFtVfwx6cIsCbSgLoN-Omun3XuI5nJpRwkY', '2023-12-20 07:58:13.477000'),
('0yncvcm5x7hhtmyxx776irh6t97et037', 'e30:1rODOM:CaT4eWj0xldTScaDIe174hgMKIAmzcud9M6U-pF_oeU', '2024-01-26 16:59:54.854000'),
('0zpw756aj3ww8wyplyy7ws48cfdk1br1', 'e30:1qjhyp:2DyJhsQTL2FAsv_ZGEmR2XSfdGwZDN1DMTxqyrlif1c', '2023-10-06 23:22:07.671000'),
('11omg1k8upmqjdiyt02g04ojtkbaq5vx', 'e30:1rTofk:5tCN2-G-gnYicbILiFGDtqDhWq8dGzMIIfDxS93QUh4', '2024-02-11 03:49:00.950000'),
('11ph3v7ratmkzyw4aqrgcgt65lelmhe3', 'e30:1qgL1H:0iZF4m-b79nExs2O3nwwd0IwE7tYFn2UDTy5TE0vxqA', '2023-09-27 16:14:43.594000'),
('12hgt29thlwvt81m23gy4m8fqteviimx', 'e30:1rTRLR:LVoiIAbSDzVh65nEaoiuF9JPM8ywgtR_OVzSYcxpzMk', '2024-02-10 02:54:29.467000'),
('12n5ixlb4g82tnfiewqlc4oyi1makmrm', '.eJxVjcsKwjAQRf8layl5x3SnPxKmmQkNllSaFBTx322lC13e17kvFmBtY1grLSEj65ng7PRrDhBvVPYEpmm3O4hxXkvrvp0jrt1lU1RajtDyXK7H6g81Qh03ztkrZ7zhiJiMFtYkIlDSCZ8gese11VIi-TRgklpZFCTMQAptJAsu7dBKtW43gR73vDxZLyT3lvP3B4KARVs:1sliNl:rbFbQVbiySWMZjlGb8YVQsq6r-zuMsMB1LBQu8HSqsQ', '2024-09-18 05:16:41.517000'),
('15vmkmypj0pykynhzotol0a8qevdtw9m', 'e30:1qj0MO:6aMh6QGu31LSHmnyhqZas7qknVbPqYaP4GEq_1BpUnk', '2023-10-05 00:47:32.095000'),
('185plez7ps51r8jgj8ydkleonh2o6wxo', 'e30:1rLIqL:MCv5l5U3lnNBsOPYG2rNmynPaQLA2tqZ3_kyr2hK-Yk', '2024-01-18 16:12:45.879000'),
('196jzz9rw1ovizsqr6ocbiuv8yr36ldu', 'e30:1qeNrg:v_rGwRqtgzB_NhCZVJvuO8cqkCYAat4x4eLc8Tn3jQE', '2023-09-22 06:52:44.473000'),
('19jyhdsh2vpfdh5lwd3ze8uhjcjr2xwj', 'e30:1rNn4v:5OG4mym1xAJaT6gyYkTjiTyHlHUe8xQS9-S-PdEv3U0', '2024-01-25 12:54:05.321000'),
('1a0p2mvh7dz3pluqachtfe4lw3w77leg', 'e30:1rTofu:qbdlIKUlGoqLcawmFzfRQGgFwGRqRd-6ec06BS7yCRE', '2024-02-11 03:49:10.879000'),
('1b4c08own2fw7gicwuzhl3rd2myx2dlj', 'e30:1qeIH0:5kYlNg0wWEkqTP4N6-OKlcXIg2AM4nYn17JyFuYwIpA', '2023-09-22 00:54:30.120000'),
('1c3cft4be6l1i243i3y7ab5dbxiflnko', 'e30:1rHze0:EFSa-_fRw96kYWs32Abs-5cshIsu_5YIqd6vc9aYZw4', '2024-01-09 13:06:20.835000'),
('1d4rrosv5j1biuq449ltzupgep61kwvg', 'e30:1qikpY:1CYLP8K9kt4QGm2Te2Go_neylN_ICGAheR4MQTsVcUo', '2023-10-04 08:12:36.251000'),
('1d7sjnsaa2dnr0pet7bkefozfotetke2', 'e30:1qgM1G:UPSvhP0w8zypJqSXiZSz8zKKeWUSLqO935gHNQz3sI4', '2023-09-27 17:18:46.217000'),
('1efigbq56s39c1cyfx0kz6pvd8i7dslb', 'e30:1rHpCp:qKlofdyAdlGdsHhKJRd8RisDuheGPD-npiyNpUNxg0U', '2024-01-09 01:57:35.551000'),
('1fe3cklyzl2kg40jyhruu3c7ul715m71', 'e30:1rB9Fy:vsTxYHak-F4oC9X3JTtfxMQF-_BICXrkW8qbL0sE1PY', '2023-12-21 15:57:14.039000'),
('1hca23u8b8fludjljxew0ctbzea2kz5p', 'e30:1rD2XG:eyl39O9GFAjPvkbMiBX0UyRu6ipPl-IiQnENMkYHtU8', '2023-12-26 21:10:54.196000'),
('1ho3kg4cb84gayds370ngo6d64htn8cp', 'e30:1rTWZJ:rMcdy8Kf7zCWKxHyKQvT39UiRJrDU4qX1ZlChLOWBb4', '2024-02-10 08:29:09.768000'),
('1ifn829htu8bma8juig8xpoyroub4z0c', 'e30:1rPdhK:G7cgWmHxZUKe_X5nLipAquUc8S15_Cto4zcsQX4vgfQ', '2024-01-30 15:17:22.038000'),
('1isc8c5lssam4fgv0pfvjhwhw3wtmdlv', 'e30:1rNFjI:T6mfCs0wkvzY-ta4cYboj3QL183q2VnFWZhuMcknwoo', '2024-01-24 01:17:32.356000'),
('1iwtru5nx1odxj4vzvq84is9cayggx7h', 'e30:1rBGDv:QRhvinmrmLi_pIuvUqcOapsAVukHlmMCKR-_rCoN368', '2023-12-21 23:23:35.492000'),
('1iyc5eda527g4nw0y0mlzo0w1pewwt0s', 'e30:1rRisj:8qUqnfdM682L4ZlOwPUupqameD_WESzgMygEJnEhewE', '2024-02-05 09:13:45.015000'),
('1kargk2l83dlg1g6ppl74x1afj1uwq4z', '.eJxVjcsKwjAQRf8layl5x3SnPxKmmQkNllSaFBTx322lC13e17kvFmBtY1grLSEj65ng7PRrDhBvVPYEpmm3O4hxXkvrvp0jrt1lU1RajtDyXK7H6g81Qh03ztkrZ7zhiJiMFtYkIlDSCZ8gese11VIi-TRgklpZFCTMQAptJAsu7dBKtW43gR73vDxZLyT3lvP3B4KARVs:1rUI3G:CdQqox8VQToUQAxBqTSYsaFpQTKLo-0VFDtLt8KJ1K4', '2024-02-12 11:11:14.001000'),
('1komfmuv2xb32ttmsq8ombhcxdzec2u6', 'e30:1rK3PT:NsPnBJVLfeRZKb1KGvjcZ60IeHVFhvzuGTiet3DfkYg', '2024-01-15 05:31:51.013000'),
('1ml6uymnt2m87wxbms4xrvjb7ydgonzn', 'e30:1rMOOx:XDnFXSecCUI-JUnUaabw8BKOm6HGWe2kjJBs1usj7es', '2024-01-21 16:20:59.023000'),
('1n8g6e007uriykhcww21zy9lpjma2ujv', 'e30:1rHL90:h4G7nKG5EWAjQWcUib00WOmcg1vPi9HV3yNffJjYaXQ', '2024-01-07 17:51:38.567000'),
('1nqwo87y9e3bd832zfwsymdvauxgv8xe', 'e30:1rQc59:hp46fgo59lND7IFk-om-AHkQS0rrqvxNE24GnB6RnDA', '2024-02-02 07:45:59.462000'),
('1o4pij2v3n6g8uyjg56o5iyd6ujw7r6d', 'e30:1qisEQ:petx2ab8pq-AuvQ0tLs8BkO7AJx8bd2eu8FdvVt2tCg', '2023-10-04 16:06:46.440000'),
('1qu8zc1newi6icijizhxn346zeb55lkp', 'e30:1rFFyW:tzWP2L76rZGvA8WUcCLr7wbYdHUxuZq69kLek4fbOak', '2024-01-01 23:56:12.113000'),
('1r24df75oh0f4abjp1cevhlhl8o009g6', 'e30:1rTufl:_uyOG0oMYAnDRrScwF1ljbu5wImcRX2en_h-O62sL5k', '2024-02-11 10:13:25.453000'),
('1rwmf8u4j2puli7c2o8d207853of73km', '.eJxVjcEOwiAQRP-Fs2kWKhR60x9pdmGbEhtqCk00xn-Xmh70NJmZnbcvMeBWpmHLvA4xiF5IJU6_IaG_cdobnOc9btD7ZUul-d4cdW4u1XEq0WOJS7oeqz_UhHmqHKOt1WfTtuSst1WRQRF3HWjnFBM5b6AFidqGkYIha2GU5OpGGg56h2bOub4Z-HGP61P0UoEzAO8PRGxEPQ:1swWgn:qhzUD4OC7m4K7x3auvjGaub05CTJkhbATFy9BpiVbEc', '2024-10-18 01:01:01.574000'),
('1u0gwkbkhjrxkxwx3jvb9zex6ob9vpva', 'e30:1rB98I:YQU_wsnxEvB9ujrGk1JpufiJfq7TAw5yYmdHBX4DpCY', '2023-12-21 15:49:18.633000'),
('1wwgxla82rxioaehlfd06vxalwn53y76', 'e30:1rIf36:V8_bvNiUqMu10QL39Xq2tsD06yjla3ZOfA261i6BtG8', '2024-01-11 09:19:00.430000'),
('1zsb50pvw4laz3fri4howp5y4nhbdhvi', 'e30:1qbchz:F8yjC0Zfv7CkRWTchmTKB0NRjZHnprylhMc0bWxVynw', '2023-09-14 16:07:19.280000'),
('213vk3c9usclnrngnvuckaef44ppuy2u', 'e30:1rAfIt:43YmEqn-xba1AdaDiaiBy62zEAT-wFc8hLotWVdXTpk', '2023-12-20 07:58:15.763000'),
('217gb1gydxcu6ycyqm9wf9jbhmub8rmv', 'e30:1qiMQN:BqUsB62Mxi8oQilPY7CgcD9wt3QWq0T5aOzg04HXc_w', '2023-10-03 06:08:59.651000'),
('24ilctq97z4cmbcyq0q5i3t1ylqubjr9', 'e30:1rUDeC:okMUHT_Jc6xbR77W7I6Xz_qYTJ2XP3pNZDEHkg5NL1E', '2024-02-12 06:29:04.610000'),
('25rw0pja2rz5uzegfqcnhrunztvfibrs', 'e30:1rNnCX:96QWh4ZfMEcecUwD-5Kso9cC8Ip0cNuIy9jOvwigoGk', '2024-01-25 13:01:57.459000'),
('25syo8wge20mgfnydp54guxirfs3i3ph', 'e30:1qgQAL:WxNosD01TpZHE4lVM8OG6o4ikVNxuaRfd-bn1tWpI_I', '2023-09-27 21:44:25.315000'),
('25yzjk6inplzgz77qvaziroim6zjaj8i', 'e30:1rK5sV:AZIgjRYkQ1nKvXPHyWhn3aj3XTZlbEc1pGFJsV-uJGY', '2024-01-15 08:09:59.157000'),
('290s8ssdwgf0d0smkn282x0311pwedml', 'e30:1rFGVt:2xDH_j5LZ6O8bqZTtMZUAeapPqPw9ecMoNJJtZgD5K0', '2024-01-02 00:30:41.778000'),
('29ukswbmrzsjgdrxb7ysunmuaz37yqad', 'e30:1rTofY:9La6qry2UWbMz8QYJx3ykqTfvLTl3bxdpuQWMu_or5U', '2024-02-11 03:48:48.812000'),
('29zlaapoythuuvvak8ealuajslec89pp', 'e30:1rHZNJ:lTZ2bJJyJDu9Iilm4cl_o6WBf9kq63PytA_gVzbQFKI', '2024-01-08 09:03:21.530000'),
('2brgek518bvaig3zckka27m0vznu8ncr', 'e30:1rGkog:7GL5GUsbZS73NZiz1C0W6cqjDNu0LQio4b4l_g-7D0g', '2024-01-06 03:04:14.206000'),
('2bweuivno2p3ouutgwabgkkv161oa8ja', 'e30:1rEfub:6s1KUsFXQSFRlx2U638r1gyc8bnBCvSJyfln89eYVDE', '2023-12-31 09:25:45.217000'),
('2dnf8mb975jg00lvk41gb4p4yeumdnwg', 'e30:1rGUqm:od2V_ujvhEpVkwPfwC3lOWIWK2E3WqYoA7Vw-9I--40', '2024-01-05 10:01:20.315000'),
('2fbkbrk0wgezr5uy3e263ofvv9lq3uap', 'e30:1rJohx:7WLfyulwImI2COU_hFLh-L84E1grHEvQoIImprRrSdE', '2024-01-14 13:49:57.028000'),
('2hcck3zgin0jahlnm3kpz5ec8dfbxlzs', 'e30:1rB98E:j-tkjYsezSjgdALRZsJjmQGttyog8kqtt7XIluSsv_o', '2023-12-21 15:49:14.618000'),
('2m009ugxrth9123uuo1b8l84uw5n0od9', 'e30:1rRHJv:NZQN8bQ-KekU4ugGdLMopPR2lgd4MzjUwthIqs2cVM4', '2024-02-04 03:47:59.473000'),
('2mcczjhv2j9td5kov2gacrdwdhyyqehq', 'e30:1qhWHF:x7p56j7Cti24XdYsqz0lNq0Uq4QMM5NCCY0nLOOJo1U', '2023-09-30 22:28:05.942000'),
('2ol0nkxjbnw2p2gr1lrf79acs8brgtnz', 'e30:1rNn9W:sryH1FHLTTQIFddUKPnJSTvhkgNRFmwOfDQASYEAIyc', '2024-01-25 12:58:50.925000'),
('2qok7dvr6yopeqlvx3cqdvika2yjkz0g', 'e30:1qcKEL:3oMq-GyTFr18UaqiJVIE1n222K8F4ckZeBI8b0IiCcg', '2023-09-16 14:35:37.437000'),
('2yki8z7i8wzkkn1vpll2p58wfh8kwi3a', 'e30:1qizVx:3iRKfWFOxia-Z7NadMnPj3-6WCz08XoVSPuSxn1Z4kY', '2023-10-04 23:53:21.268000'),
('33bqoweo91zrre0ybuzhskvizmx5t4mr', 'e30:1rJvOL:3zseOEaI-HPKdFgdF8Cu7B80Jy3KKn7HecHdeCCdPyw', '2024-01-14 20:58:09.875000'),
('36izldxdjsy76w70shbvwxnellj8xfvh', 'e30:1rMNNO:37amRsyPDwWZsBO4VyYiG_x8fsNOgBJsfl13ss7cioo', '2024-01-21 15:15:18.090000'),
('36qmugzoyuw47p1xk98wttjq61vh1y2l', 'e30:1rEm1e:XR7yqjRE94QlfGeZJGfhriofVncq8S2q6sf4bz9lxJo', '2023-12-31 15:57:26.077000'),
('36ux0ld2zqlfclcwx4vrivy8t2sw9j3n', 'e30:1qhS49:Ua-bniB7gADK4J0YVa-4cbMlvixPA0oUPqtpw2TMWMM', '2023-09-30 17:58:17.317000'),
('37xstz7twubi3x6i1he40klk3mj7j0fg', 'e30:1rBuMp:1I3GGV0LYpcgt55PGDHYSv3S8J5daFbaCSaOT2EnMMk', '2023-12-23 18:15:27.457000'),
('384ycqhd0qlxofy88r667cyzzstodjm5', 'e30:1qinHl:x8WGmpcoFa5h5OF6oP82BrXLAXrRxiAsNA3REfMM3eI', '2023-10-04 10:49:53.047000'),
('3anyr46o86zxrna1uw6vhvr7d8gb2f26', 'e30:1rRXsr:Gik5IgJToR8bgkUAvp3sjydD33Fj62Nu1ChlvOxYH-s', '2024-02-04 21:29:09.362000'),
('3d1yyxslqmnr5ekj76mwyl9euy9g5tw1', 'e30:1rMrGW:gpmaQfakgqn-Ttaz7Uk5dG0ct_o7Uy6Te57qXPA_30I', '2024-01-22 23:10:12.088000'),
('3ft5127tfbnmz6p57cqrqynk2oelehv9', 'e30:1rSrAE:m1qR2rkLSnMtgtlvIdt9alFxzyX1vLdPDubN8SAz6yQ', '2024-02-08 12:16:30.462000'),
('3ggcsmha30ixcp7cwz0hlgycu7bwryfa', 'e30:1qeE7r:DhrFNkb14-t8RayK_ZHh_wGSD0R62XTNSPwd896lDrw', '2023-09-21 20:28:47.387000'),
('3hz5y8s1viten8xaimhb97bearcs0smm', 'e30:1rFRyh:jBlxOfep2tRRc_UtGbuyQNtjjY5CXgxA1o2kxDqbM6A', '2024-01-02 12:45:11.242000'),
('3j2ko2u0ddhyqtrvit51wvpd80cx8rk8', 'e30:1rIlTB:XV6mxbCrpc0qFnqFUhKO55d5xaE9t_ARhRa_nu3y0W0', '2024-01-11 16:10:21.518000'),
('3jfr3tz1d43a20ge60lqjwyjj8zrrkfh', 'e30:1rHlUC:gStgEX0Cp3aSL1T1_ci1DSddNHWEOqCKjG_zyvRuT9o', '2024-01-08 21:59:16.636000'),
('3mpg2d4r8aqkewxyev0w6t337x8di3pm', 'e30:1qixsy:GiUo1gjyTx1oy8dNQuXYVuW7wVmUlgvXiaMhX1P7LTs', '2023-10-04 22:09:00.327000'),
('3mw2dyzb4afsffadoz4178n2hsbleuwr', 'e30:1rOpTB:zDVwj3zQi3EG7MkdrkxaAQ4hddk3yKk4fq7Ncxf7maM', '2024-01-28 09:39:25.660000'),
('3pxsd2wnwt0tvpgobtpcxlgwm931j5s4', 'e30:1rOpT8:iEHe9hQiniBECbexIb1UIWV_COVWCZZ_hKzUUU-NIGo', '2024-01-28 09:39:22.093000'),
('3qiudec5m1o7r1pxvkor8ifh8k6fdnvm', 'e30:1rR5Vh:4Ap3-14le7iRSt1U0PhweX_zsiA49VJKUKtr9gOPrgY', '2024-02-03 15:11:21.559000'),
('3qsbzsdn64f27a778lbfrdmie8yjfajn', 'e30:1qiwA4:ClNDwrnfLGGCE3KTdhHU9Tv5nwPyuIf5dpSdKtaA9mA', '2023-10-04 20:18:32.313000'),
('3shl0n0yxtaq79cpu22yjhuei2l9si4h', 'e30:1sl0ND:zl3Yl-zbdp6lb_fr7etzRlR1p4DU7YxP9OihMBMHnDI', '2024-09-16 06:17:11.263000'),
('3sisag9li1g8a8nslezzowykgsgxqqvx', 'e30:1rMNNP:xz4Hl1w1u_cW45N0_eqOyDuZ28bIFzsUDQWQCLWuR-s', '2024-01-21 15:15:19.703000'),
('3u1w4ykpl3uztr18ijtgz9a62ihdckbm', 'e30:1rHZvD:zNDqYLRHDMTXnCUThDhs2uRoFimJ2kXsRPcdkqrc5H4', '2024-01-08 09:38:23.999000'),
('3wq0rcfxqg7ks2tltl0ni9bx7nv3r27r', 'e30:1rKs84:Od7fPky3eUdeJcdK_cWVv0jz5dnor70wLGdIFwXwaiY', '2024-01-17 11:41:16.417000'),
('3zwshie01ip9hnq3g827mb741ctb2j4r', 'e30:1rPxez:WAbFE5MW9N5tge-N--Y4zRIHKami3kH8gyFVtMVaKUo', '2024-01-31 12:36:17.295000'),
('411aezve7u8rlwvoy1js47d5l068whn1', 'e30:1rIzmY:sqJi1MbFRHlqo5obKD4i48Lws7DGhZnvHETeDDS_xQw', '2024-01-12 07:27:18.920000'),
('43v7n6bkpa8404q9jz640ojwqdq4xxds', 'e30:1rNnFZ:VzAGvSA7oTeK9o13lcIODOXnpF9Vc9MdQ7NelD9cgzM', '2024-01-25 13:05:05.989000'),
('456vu2m9owqf3mq5ai7z5662skfwzgsr', 'e30:1rFRuh:X8-kJX_CiRRJTxeI0k7TRNHmqWJNQGQoR5SKR8kedSI', '2024-01-02 12:41:03.495000'),
('45fv2a6gecssltzuv0kafje436pqotb9', 'e30:1rRl9q:VXt0L9wbCwCrm-wf46YHGPFBodJfZmnhJZZODwzMjHU', '2024-02-05 11:39:34.561000'),
('45u41t2mxlgtf6ist07ses1yx9biqw5v', 'e30:1qeLKu:1mXix_s4s6O-ZQlkx7ZStCkCJSUYNyx5ee4yEjQIcEU', '2023-09-22 04:10:44.821000'),
('48j88ugsmpk7eu66tvzyxk9z5z1und9d', 'e30:1rGeP5:hwrO8QHv-KXmM95YpKNhrnf53XFSJ2QSwHW7ElTInfg', '2024-01-05 20:13:23.695000'),
('4aqstkuavgdpgh2s5imeqa1xk40lig5l', 'e30:1rAfJ2:2HhnJ94g8HLM4-ry-rq8n4jzHdtA-oYHyYrfWmm3ZDo', '2023-12-20 07:58:24.376000'),
('4b11ijleb0bdq17by85u30i036entqcz', 'e30:1rPnLX:sAYzQtkUAHLEG-B5VkRvCsuGWCWylAk719tA8Q2gXNc', '2024-01-31 01:35:31.028000'),
('4edd6i8g3rn1i4dth4l0z7lx9ccuz05t', 'e30:1rTofe:gPbGkoCiL6g8M_3wZYV7OLPnnKdehYeOjhxg4e0MKJQ', '2024-02-11 03:48:54.556000'),
('4i15kou75cl81h8p2xvnna530wxy2mbn', 'e30:1rNnAo:59983vFOOPofpI3gko_sz9MW76XEEc80CNB5W5as0D0', '2024-01-25 13:00:10.442000'),
('4kt4te34ozu7d1ha9hcjv1yr4seuzr1q', 'e30:1rNnEw:1dPUBd-B4Tt6acsa-y2tm8ikU-xGk7ZkorZ4fJwunVc', '2024-01-25 13:04:26.902000'),
('4love7mulr62m2hofkx8w81jgnan26gw', '.eJxVjMEKwyAYg9_F8yhaW213215EUv1_lBULq57G3n129LBdAsmX5CUcaomu7vR0KYirUOLymy3wD8oHwLoecQfvt5pL9-2ceO9uzVEuyaOkLd_P1d9VxB7bDwdmlgw9Bq3JQALGTHLBLK2WI6Y-SE-D1ZaVGpSaG-eeMBGazla8P9wLPPI:1rNSxx:JVAGDtSM8TAt5UkMpiAAmndNiRiKbGr6zVDIA4uKBhI', '2024-01-24 15:25:33.633000'),
('4n8vkby6jrwhca6fepvtdunlzmdkw6qz', 'e30:1qhxMh:aRIoe8mF8SZ6sNOUg_Gz5j16-SHHjo4Dte00iVGqEDU', '2023-10-02 03:23:31.165000'),
('4q0muxexg5vfb17y7r82ntv0ufzxr2wi', 'e30:1rMNNM:u44ylIp-6f0FVWbaIkidHReBDwEmXYIjEcVAxgbyyJY', '2024-01-21 15:15:16.408000'),
('4t9m33uee2iac565416wxwpmqq1rvwyu', 'e30:1rCqae:zFEnupnsoPVWMYginTBjxxNgn0QVpJHk--lAz7u-PLw', '2023-12-26 08:25:36.442000'),
('4w0quirxs73aoxxyew52vozn1ms46a3s', 'e30:1rFRyR:IaOlORJAey3n8wK_2_57abUcRH_Kfv7Gl0EriPODFhI', '2024-01-02 12:44:55.708000'),
('4xfjzi2dr0j3r4ztw8fsijitst8liuek', 'e30:1rKx71:ROWLUopqF3RPwqV6WD0yfAzAuedpdZHm1bsM7DKSsos', '2024-01-17 17:00:31.752000'),
('50xivuj5g2wx5m7zrjv1mnjjjuqos4lx', 'e30:1qe7Gm:brvy35elYxP0x3o5jveS7YCh5_MUkezrGckOxaENGks', '2023-09-21 13:09:32.205000'),
('51fz0rkbd2rjv66y7fnvdceq1hodpgwy', 'e30:1rP8Rb:rk218mq15WqMffzBYoIAFDfV0Dk5G0pMQ8d-Aw3Mr6E', '2024-01-29 05:55:03.110000'),
('54o20yhvx9o3f2luicn9znni1huskpio', 'e30:1qj0sN:WoJWVcqJnHSR5Glyc-L1DwtwVAwHqy53BssCdRcyESk', '2023-10-05 01:20:35.478000'),
('56m7joy7wp4csvchvoj4pf8fhdsyb7xq', 'e30:1rAMk5:43tGl3J1Fz0Rj2nLrkNJvf2ps06q6yiA4gupOMIw1IU', '2023-12-19 12:09:05.106000'),
('58b4kyhfnqg0kvu82o26yua3esr2m2wx', 'e30:1rRGT6:L7hmtORm4WhX6cG-6xqj9JYLMg1tjL8Zxsb8jPOhJQ0', '2024-02-04 02:53:24.292000'),
('59y3woaznjuou9j2dberd9zijst5qw2r', 'e30:1qe5Y5:1axUMxC8TS3b92d_8Y_zpnAO4EluQCCEX2Sfaa4Nv-c', '2023-09-21 11:19:17.494000'),
('5ak1ahodetb0r8iv5590izz8io6xkr1x', 'e30:1sl0Ns:kvzZkPkgouVwLlqpkz_8fCQzXtDYMSj3NOPdNslR6cw', '2024-09-16 06:17:52.930000'),
('5c7j7hk1jlz44w9yts7ec2yrbiyqjjhb', 'e30:1qgGPw:a-VzLcRICbZJTjbQ4hoODIwbhGmPIr3NyddInoKNxUo', '2023-09-27 11:19:52.594000'),
('5c809pl241sotcaa00hhrx6v34fs8rzy', 'e30:1qiXTj:4YdmyxiRxCWvJYeMQf_m8xUEPk1w1mXbyQnL1QO_7Wc', '2023-10-03 17:57:11.002000'),
('5dcqz1m0xqawvjmsix86cphjot8xi7i2', 'e30:1rLe0E:5HsDCTFkRMasI1-L-wlzoktWhoBM_nbgTFXYIDii2As', '2024-01-19 14:48:22.732000'),
('5dovnp8o04w5hnmq6whjtcj6jpv13ea6', 'e30:1qgL2C:Fu3e3ySWiH3jcuyMyodBNjDv04XCAeQCzSdawJbNc-E', '2023-09-27 16:15:40.773000'),
('5fnyny9uubvi5tohpo91i1v9k2jxah0e', 'e30:1rOCKT:SMsNF2BJ7IQQ6A14Erevn_kw5YhyiE30djTx4qivtOE', '2024-01-26 15:51:49.221000'),
('5ljd6o6o491lek43qza9nibrgqocnm8j', 'e30:1rPsUT:fbtyIDxcQMtfDPI_FWMbYjwm4EiIHFXZxuLrhK7FRUw', '2024-01-31 07:05:05.419000'),
('5mcjlov9d5ssryrx6gqcm0kz1g4q8rrq', 'e30:1qgjjQ:SxmAHLyW4tDwxhKjxrbzPXhUJf2OFWaZVLtSxO6CFpA', '2023-09-28 18:37:56.563000'),
('5nl1dq8n9xj3ufkcfx223ore0kzhnv4s', 'e30:1rMNhe:sCfPElcenAyVfCi3yc76EtrRUqxEF_4Lgv5uOBWCQxo', '2024-01-21 15:36:14.845000'),
('5nwv56sndvydbf1mhk6ozc3euzsq5wzr', 'e30:1rF6FH:HjtjyZUxBHsZMaTxA0ucJ0lXFGzgr0vKx-qVf9pCk20', '2024-01-01 13:32:51.293000'),
('5og49xpe4hxapu3l4n4bvx0rqzsw55sa', 'e30:1qhmpY:a3ihcuydLhYp-n11xCagIyfDjHZUI1-aOLKdNfLXZrM', '2023-10-01 16:08:36.365000'),
('5ovbxr8z8v7ctri39vbhohincfdrr5hd', 'e30:1qirtV:cFw6tmgGWOoPJ0dqhTTsek6K1tqX6RWVjVFR4cp3fyY', '2023-10-04 15:45:09.719000'),
('5p9wnco9yee5rv3exr3oxeir1y7hu27c', 'e30:1rGihx:K-n-rKRjtIyM_UyRo7eM4uq4yfecZJeOAv54G-Hga2g', '2024-01-06 00:49:09.466000'),
('5pawksqh8jwmaz4pihmz12ac513umqs9', '.eJxVjMEKwyAYg9_F8yhaW213215EUv1_lBULq57G3n129LBdAsmX5CUcaomu7vR0KYirUOLymy3wD8oHwLoecQfvt5pL9-2ceO9uzVEuyaOkLd_P1d9VxB7bDwdmlgw9Bq3JQALGTHLBLK2WI6Y-SE-D1ZaVGpSaG-eeMBGazla8P9wLPPI:1qcyKQ:0lSpLeT3Xm8K9fDsPKf0MVIJnf3cEWMz01WG88M6vxI', '2023-09-18 09:24:34.967000'),
('5phhcx7ko45f75p50wbqhgxhfhwhqvia', 'e30:1qgL2a:1VoInREDJyDBdpKD10NUkPdHWhL3e8NG29XQVbRRcaI', '2023-09-27 16:16:04.574000'),
('5pk7cvby6w6bvua0d46i0n908rlucuqp', 'e30:1rREFD:899Opm1yu4q3hpxQJgFIDKhvTFMCgCVns1VHCfAtXTM', '2024-02-04 00:30:55.909000'),
('5rwbbqw1eq3bufpinjx6mhhr8bijw64n', 'e30:1rJ6JQ:y7fqEVayCRbIREyeJREv2O85pVZXW_7F-qiYXeAzH-k', '2024-01-12 14:25:40.483000'),
('5ttjbh0qr03x2ewo1eds66l6v5oqfhjz', 'e30:1rOpT4:BkTcgBkcEw6mlI3rBOYgTxpIKfoNWqkpcN85c--Oo6E', '2024-01-28 09:39:18.658000'),
('5v2r9ctk8bw7jlt6y3uso5w6k13ih2kt', 'e30:1rB3nl:vyBEkrKV6-86FfYBh8CGLH2UO2BKbcZAbGNjBuY-aCA', '2023-12-21 10:07:45.842000'),
('5x9674uap2fazuzzcv0k91z8wtaqihcr', 'e30:1rKJgw:YUvq-7vH6Ec_cbj5PnENEw73-FVOSU6yvfe4omI9Afs', '2024-01-15 22:54:58.027000'),
('60ucs3ncdw1cguepnf1cqqmly1w716jo', 'e30:1rOpTD:8mMtF1RGTY-OmlnmtPtlgtmUqFx9D3sq-T3uY4fimO4', '2024-01-28 09:39:27.590000'),
('621h9oleer8filsdmi7u5wkooj3ifl6i', 'e30:1sl0NR:cqxSgxVoBf1AKJ90bADwkW_DVRvBf-758zbIhZOcOYw', '2024-09-16 06:17:25.353000'),
('67cigfs420pvs7gqm04keqwsfc6qm3fs', '.eJxVjM0OwiAQhN-FsyGUUn686Ys0u8sSiA1NLJyM725retDjfDPzvcQMveW5b_ycSxRXMQzi8gsR6MH1aGBZDiyBaO21ye_mrDd52xPXVghaWev9fP2pMmx59ximoD0axymoMGmMpAzayQTk6J1KI2oXhuiD0-ydJrTJeA-WxjEldOL9AeEOPJ8:1sTWFV:8eG1f2TZ46hZF3bU_qmLlzLEP2RcZi8KCl6-OjkXTtk', '2024-07-30 08:40:57.377000'),
('6909qi1mj15ok1zprikrrugzab16ngdy', 'e30:1rCw5k:3dTzp4MVHLfa5Ng_GWgLlP-HyqjgIquEDF1TfarQgRI', '2023-12-26 14:18:04.012000'),
('69n8whjomr86zlfe666yl99l8s2w9mnu', 'e30:1rEALb:QRi25PU6Qib1Jia7ThYwA1UOJFy7gnHPwSSvX_ya18U', '2023-12-29 23:43:31.297000'),
('6bia1zp249f0sk4wl09ki88tc0231ktw', 'e30:1rMNN9:ceySI64htjR9AztsTLSBFPjQxp5O0ngUrAG7KRxCvRY', '2024-01-21 15:15:03.938000'),
('6c47z38d8tsoc23g3qwfeytzdiqtxbm4', 'e30:1qjQcN:9waecVSX8NooXmLHAqLxGhjBDj5NX_etL2Mn-i3asqI', '2023-10-06 04:49:47.597000'),
('6clk7o4ck3yb58kfr4fa4rc3ntnkgfp5', 'e30:1rDkld:2kwSNUmz7d7xBLaDuzr9PnAahXqaOX5Q7Wpv8Wlh9ZI', '2023-12-28 20:24:41.132000'),
('6d9tel6d5awytp4dle66l6lc880jan72', 'e30:1rMHLi:xQ5g0qEb26_QpbnQNL_VnuhUctXu8_dirPLKRC1b86U', '2024-01-21 08:49:10.933000'),
('6eeqosxa6yr7hpxevjbgqf5ix7zz55hj', 'e30:1rAfJ3:_AePxgPAodDC4UV0Ev7v0NAaTPp_MngOYrjpxJS6j-Q', '2023-12-20 07:58:25.059000'),
('6hvpoy4pauawhumqfzcuqfgvgrntze7s', 'e30:1rB0zA:SBOvi6UUzFAHGl6OOjUmSFM-rpgKxh4dbZbBQQtAOhs', '2023-12-21 07:07:20.654000'),
('6i2kxmfu2hu9125g12najeojs9uq51g8', 'e30:1qi6Ar:nsSfrtmTckq0wRTTEimDT8d7GsBUd2W56FiThJffRhQ', '2023-10-02 12:47:53.560000'),
('6kbdf4d01a59wamj3yl159bhidxi168d', 'e30:1qiXTZ:WYLEGiBDjISJm7k_UkGSbPhVNDEp4WSJ7H5WP2RSjgY', '2023-10-03 17:57:01.196000'),
('6knk2o8oqw7sumsg2m1pqjwyvkxvgyea', 'e30:1qgL1V:gnMe0X_7npBSJyYTPHJzu-6JydMzi2_-1C8wuVbJt34', '2023-09-27 16:14:57.902000'),
('6md6qacmd6llj3grltw1lcnyhmz1f6zt', 'e30:1rRFEV:9XcIb7Bp7s_PfpoF-w2D46Nr4_RQ5Lo3N16H9ZunVoI', '2024-02-04 01:34:15.723000'),
('6nangj1a71xsipjub2vzg389i445m4lt', 'e30:1rSzeG:qPWMKoH0wIYOYRuqhppoxgMF5wHNo0Y_dpdOAJaRKnc', '2024-02-08 21:20:04.753000'),
('6nueg47amcsexdqosdwy8ogb454xvlnm', 'e30:1rQsSv:M8k2pErhXQKNvh5WTqnuIHbpDZE-U-8rANTaGBtQUrE', '2024-02-03 01:15:37.450000'),
('6phyymw167lg8t8ycpzmti0b9adk4r8g', 'e30:1qeBlQ:lSf2gFPh9EVlfNAwqVPH5ZavrkhQQ_bdveBbpSJGwjA', '2023-09-21 17:57:28.077000'),
('6u1v91k824f977mnxye5kp2aj3kfkecb', 'e30:1rFEUF:_e52GUDSxHkeb0YUUlkJfzjAEV3XcxaxWiAo4MV8nck', '2024-01-01 22:20:51.660000'),
('6x2l8znucg48rqkrj90pmofd31s9jzxy', 'e30:1qgjjS:h6AEstC_j9cGg-HmNsyN_rv67Pvv_2oMK4tcFP8BEUI', '2023-09-28 18:37:58.024000'),
('6ximyjmfahi8hjujqerv0rbumfz0p25q', 'e30:1rNp5i:MVVuSPOekecJac8hmSCHMuEZ9vffJzyFNzax922qVEM', '2024-01-25 15:03:02.902000'),
('72ly6wiphwv56akzynkid9jtj01etxmt', 'e30:1rBGJL:FeVxPAiow9tXnEaToqtpWrKyc3UL0jKKWvslFsDOeOM', '2023-12-21 23:29:11.463000'),
('73j44ofhqas1v9vh5p672rhh7q5owosh', 'e30:1rHEwb:CC5XMbD0GCgnSYF4zMvX3waKYqanvaRGZc0PyOH9cUg', '2024-01-07 11:14:25.001000'),
('743d4bv6e6dcnocie3v1zwvx18iavpjn', 'e30:1rB0z9:2-2X5OCO-yw5Ij57WWGulTG8Z8iBJpMyF5DIZbg7ojg', '2023-12-21 07:07:19.017000'),
('75y80i6llq73133cmjsoj5mwpxb5ge7j', 'e30:1rSsFO:5OylyC_eVxe5mx5mSSulqkD_WH_WS4tWB2q_VJOtLyI', '2024-02-08 13:25:54.711000'),
('78zr019r55q8zvsd9g1gk6qjg5pif32h', 'e30:1rRHNy:eF9EV7SZ9TImUOlQcG3A4RaZmc0eyQQ1uWJlBfIiQ2o', '2024-02-04 03:52:10.102000'),
('78zwt8l7ga6y53xe9vywek16zuei768p', 'e30:1qhsWx:4BNPDsxLHKR1WiOAI6_nexZcELr7XTRg_UQ3PaDt8tA', '2023-10-01 22:13:47.292000'),
('7hamim8ngru31k4f35oc99ibewnk1p5r', 'e30:1rQ3qu:p2g4B7zeOMU7BKwhCIhm4K-3Zart-im7TAuCt4IBxss', '2024-01-31 19:13:00.547000'),
('7jvx67u0docmigrh82hhj83m76gay941', 'e30:1qhpWC:TDOwusbIcnEkth7OkFqqMj8Esy1eEnUJziHb3ADOj3A', '2023-10-01 19:00:48.280000'),
('7kf0oqfmdw91j2xq5rinjelau43cxu0h', 'e30:1rAfIs:XimMvOEqWvFcB1qImn5H3gtPwPPmDmVGf2l1zajawQY', '2023-12-20 07:58:14.304000'),
('7lbnhw8oe66c64ojey5ofmk9oizv5mll', 'e30:1rOpm9:sS1YkwwVF88ez-MUM80U2gpqB9m7b62MjW8dFq9FJos', '2024-01-28 09:59:01.836000'),
('7ocju4d1rvjnsbfecf4kk0r4rpbgvnvz', 'e30:1rFEUF:_e52GUDSxHkeb0YUUlkJfzjAEV3XcxaxWiAo4MV8nck', '2024-01-01 22:20:51.129000'),
('7pe1mn0c02gmoj84jbi55c832novynou', 'e30:1rH1cn:ijP5lmwbyOfVliXEzdthAGARQCWjyTI1rlO3E-0DQGs', '2024-01-06 21:01:05.815000'),
('7rlbzrlgmm4gmijvm2dwgp2gewlp9cnl', 'e30:1rB98p:yBjoPAdZ7zKxhUvGdZNUNiqoCtPToudEl9aQTUId6OM', '2023-12-21 15:49:51.162000'),
('7s0531niwns67n3t4zxlst9okhdzomwt', 'e30:1rEsBI:_NZFwPLPCWU_JyuG-ezUGRV9kv8SMTjm9IYI7ofuRY0', '2023-12-31 22:31:48.664000'),
('7ug2an32hsmodgyt3pmkp0jzcf1ba6w9', 'e30:1rQsRF:46fPUjIYcuKyR28JgMQ2sTAQVeTWKHeZ1OinkN0wCD8', '2024-02-03 01:13:53.631000'),
('7wo2faehfe7h8xspfp0mve4hrp6gnmhd', '.eJxVjU0OgjAQhe_StSGF6dSWnV6EzJQhNJJiaEk0xrsLhoUu39_3XqqjtYzdmmXpYq9aBer06zGFm6Q9oGna7YpCmNdUqm_niHN12ZSkEgOVOKfrsfpDjZTHjePPQAyWLDZCwbOYgQes0TF4bzQyDsBondE19sY5MOzFAhom8MRuh2bJebvp5HGPy1O1daO91fr9AUeCRGc:1rLe1G:zPVLXZtL9-tDKMHrte5q2wMWP081ANusropFJrlosT8', '2024-01-19 14:49:26.565000'),
('7xq8djwru7yuowanuumba4p5hsh02lsm', 'e30:1rJrIn:TQOzB0oojfOMdSZtlI24U6CAa3TYRHDoDbq26urAAjE', '2024-01-14 16:36:09.237000'),
('817rygay7o1hgq7srd3725wkge1v2d1h', 'e30:1qi162:Konyd_mh2WuzqhrvaztkPM9Ip4DOSIu7I6E7T4qoAOs', '2023-10-02 07:22:34.122000'),
('82exdj6ycscntz8d5v3cb2f8izgh50dy', 'e30:1rTnvq:vRgYoxz2dYReu9aSjwEB_bQKs88r4WrX4c5LBjEzJks', '2024-02-11 03:01:34.715000'),
('82oea1m8l9xca56o2jnr439mytgq2ayl', 'e30:1qiXTY:M76NJCbLGv21d4UjEL6gJNAAwyu6dm9KF5FQrPWFnr0', '2023-10-03 17:57:00.228000'),
('84lwpynv421vwaep1700vgw8gr0awm7e', 'e30:1rQhYd:mjyKbh1C_Hi5AyMJO9Wj7ktzslimOod3hbgQLyUfoiM', '2024-02-02 13:36:47.159000'),
('86apd5k2rdnwqipx8lnwisln0pjzzbmm', 'e30:1rBorm:XCs8yI_6Qf9GoXM8Y9pLl_np020JAkb75knyORgAIoA', '2023-12-23 12:23:02.235000'),
('8754d64rnaiocpcchi17wt6dsp4qmc1l', 'e30:1qgKzy:Mtqf4_RtMO8bwY8tpONPf4yLQKbfctQlfgR0xYxRG-M', '2023-09-27 16:13:22.886000'),
('87awtm16206ppnsvfohftwz2dnl813xt', 'e30:1qeDpC:Vs9qsFcnbMZ0XGMchFPXtyGFhmheb99Z4awMOtGkUg0', '2023-09-21 20:09:30.956000'),
('89534wp89fzgnqgze8j8fkxfq2az1uqg', 'e30:1rHEPg:Ag7GHpZUfoPriLjeUXwMPwQWzFq5WRCUbnkk_ij7Oso', '2024-01-07 10:40:24.931000'),
('89ittlo2zqw2sy4yeipfozsxip3bq970', 'e30:1qe8bD:XB34SEzj7bX6UoDM-QXkH85HQJnm5IrNytrv1xBkd9c', '2023-09-21 14:34:43.268000'),
('8daoyj00e19apqi2ccgkhvspkcv6etlb', 'e30:1qfVPY:nYLwIvut1EI6zxSMedeus2h4a4CUa-HRY3AmeYIGRJo', '2023-09-25 09:08:20.276000'),
('8ekynpfxweym9n5qj60tj42ntojc4kfa', 'e30:1sl0OG:zEPkHhPaO63z-po3LRQD9NVdsPElV4g4NeNfAwmfGsQ', '2024-09-16 06:18:16.498000'),
('8fr2p4h8x5qql5boaa92ef4aql7pxg1c', 'e30:1rMegP:pPhEmdYKFA3ZpjCO9ocHcDAjjjy0u8WFphoAujujRHw', '2024-01-22 09:44:05.106000'),
('8g99w0g0p2v6lc4tvizcvnbu7tsthqry', 'e30:1qhg4J:eUuH_IGtlv4O-AHLNaag_TomTInKCUKNJl2n7evfQ64', '2023-10-01 08:55:23.522000'),
('8gdtsql751qh4tv58940r1tzec4mrvq9', 'e30:1qeAkG:fICzhrtphri96VQOa39fkAIkKbNfq8zUiAgJ6jzxJnQ', '2023-09-21 16:52:12.396000'),
('8hn1qplkbn3bsupg3ky6vlw1q1ek7n5q', 'e30:1qivqa:poMfcvbvy1Uf37Z2vNJPcVyo3T5HAQapk8_1vowfn9Y', '2023-10-04 19:58:24.511000'),
('8it6gtwhpqjoemdqweb3af2otjots5gz', 'e30:1qgl0D:gAHHTU_0xKm0hcHv_BbVTLFYpA_ZsHqeQBrUdEOMM88', '2023-09-28 19:59:21.597000'),
('8lb47ubs1tx405z6hlsvwi552g54wg57', 'e30:1qi5pH:ukabIIk9mL_miK59ZFGEJJuQ8AJ6uQook4MP3wBg3jo', '2023-10-02 12:25:35.486000'),
('8n1jb3rkq5a46af6xyvw9p8p1bp2g683', '.eJxVjdEKwjAMRf-lzzLSdWvXvemPlKxNWHF0YjtQxH-3kz3oSyD3JOe-hMOtzG7LdHcxiFFIcfrNJvRXSjvAZdnjBr1ft1Sa782Bc3OuG6USPZa4psvx9aeaMc_Vw4GZgVH1QSnSCIhaDzChBaOgx6EN4KkzyrCUnZS2cm4JB8I6rdmlmXKuNY4et3h_ilG2YDXA-wOE_kVh:1rAm9o:F_RgftjXPtsqWP1Pr4xVqonsQxIK_G7cDomg5NmynFQ', '2023-12-20 15:17:20.543000'),
('8rirv3cemfk25kb72jg3jurriq7qyccv', 'e30:1rLne1:F2dSuoiHT7THtK58dCJv-LppKj3nf8NdqFT5YHZV81E', '2024-01-20 01:06:05.164000'),
('8ud5x7ecy4cvbfaqnbo02a07kaqorrut', 'e30:1rGYI2:UyFvSixd4x2tER3Y_q8m6UO8K__pa9Ohm2cYUR1Cd1Q', '2024-01-05 13:41:42.483000'),
('8uj7yoi9n5rbx3yay8nsv9j367b32wg9', 'e30:1rHDNH:C5QX3Q00_ow3ONOe_bY6H8gvAt8YNPfXG6a9RyQD91M', '2024-01-07 09:33:51.503000'),
('8xm6l81wh092fpm598kbazt73ghlowe0', 'e30:1rToq2:gAW3opKcCMu-ixP_xPiKMvwobkmlTxjgSTrY4Ol9QyY', '2024-02-11 03:59:38.588000'),
('8z8j80mijh9m2x0erorj9s1ebnmn3llr', 'e30:1qgL2O:hvuCU7V_R48un_ZlvISC0mlsjQuCV0j34YsSDmNldKE', '2023-09-27 16:15:52.870000'),
('8znhc9epqyutbb6svnayobdk9nkifhdc', 'e30:1rMNu8:BdmYJLMu1ubM8VSGqD0iYo8UCIPfMg_nhpvbRypG3hM', '2024-01-21 15:49:08.041000'),
('93oc5ctj47ihraccglgmcnwfpodv6s2r', 'e30:1rK7VP:_RhTmRT-KcvSR3zwoXr2poKK6dvI0cTxis0lFLN75zw', '2024-01-15 09:54:15.189000'),
('944w5ur4qtqj0h7qug3geu1z3ciig0ux', 'e30:1rIvnv:WlOdNsW45FANxUnhFGCpx6a_NY6xNddt7GCFW23n5rI', '2024-01-12 03:12:27.716000'),
('95yjh5zgve7wq5y1zxdbof53rcee8vz5', 'e30:1rPXDm:dyWu47l-jjfYReTqTCY5S9O9FNhfdJdAiTFn5Uf8POA', '2024-01-30 08:22:26.231000'),
('98a5pwf7u69ees96sw07masi6swqlzqz', 'e30:1rHBCJ:7DueLytI0W6zpR9o57dGFyMg4feD1L6EM538z2MyLY4', '2024-01-07 07:14:23.925000'),
('9blif4muo03hkpuh1gqcmxu7f4rcvj71', 'e30:1qjD2p:SfZ4Y5p9TfxATVq98jJCzgrE9azE4v0QZGg7z8lsO58', '2023-10-05 14:20:11.470000'),
('9c16hizxqwmupaxmdvf9b1q879wu5vd5', 'e30:1rAfIs:XimMvOEqWvFcB1qImn5H3gtPwPPmDmVGf2l1zajawQY', '2023-12-20 07:58:14.764000'),
('9cxoml347mr8s77rfcey4fthjfxy91rh', 'e30:1rD1NC:kWXxmOMwqNuPHg00-h6UYjVdHV74idNAtSrRMJvCko8', '2023-12-26 19:56:26.195000'),
('9e27zb95a1op1qw25tgt7h1xz3obd2yu', 'e30:1qieeK:0n-gtZMyrRZQD8WY60FKXdvev7nxkMD23_viL-Pz_G8', '2023-10-04 01:36:36.674000'),
('9fh4h3u221umt3dpgv5iinxtlp2rp8mz', 'e30:1rCykf:QEcvkBbWCQHPwlQ3P_sXBwUFr9H7UMevoFmhcRD2cCQ', '2023-12-26 17:08:29.363000'),
('9j1rhn5nxo96bfwokx7zyd0yiytwsjb3', 'e30:1rNL2X:60q-yoN7FY_8Mk4EOvtkzUOCYSZlnG5oshxPONC5gAs', '2024-01-24 06:57:45.122000'),
('9jv13pltzoov8zr51g1ftsqu3f87c41i', 'e30:1rQKSQ:4vMN33gPuy4mY7l5L5jHVs-FLnGMsy_E_I6YXxqAgzg', '2024-02-01 12:56:50.604000'),
('9kbsx51rsxrvcksqjah3ve14g6spegpv', 'e30:1rMNl8:MpYe7FdMT0I_EbuBZYKjHi41c3wVyxu05vD57ZNFXHw', '2024-01-21 15:39:50.045000'),
('9keeaedseqa510w9z5arpy1jootg6h4j', 'e30:1rGo0d:X_KVRbfwnW30of_DpjmtofrE-vu0lmNm-EoGL5w9R4I', '2024-01-06 06:28:47.606000'),
('9pzajacpa9oitpbt6rsictadhyrlwkav', 'e30:1rQ1dI:ZaiRjcUp9j0ODVI0BzpWqeo0wkCYy7eHCn3frriy_UU', '2024-01-31 16:50:48.065000'),
('9qiohxf5msb8b8i0ym58exxokqnl1gpv', 'e30:1qhryp:D9hGYSV4nB5ejqSqTn75JFnILogHvTb_fRT-IXFnXlI', '2023-10-01 21:38:31.713000'),
('9u28ch90455txcdg875ayrau7ihtyqo9', 'e30:1rQ56C:-NCuoVsM0ioQ5UcqJP9FH1q9_KUsbEStQP2Q53EX1ZU', '2024-01-31 20:32:52.266000'),
('9wgudcnbk7u048w0l2evsjqhpf1p4ffy', 'e30:1rBCzO:7Ds2oerFcTi-dWRG_Pz0RmgHdxZOZpF66-8rzAAZTe4', '2023-12-21 19:56:22.383000'),
('9y0hoosp46u3xgr2jwq6apr3nfbdtv99', 'e30:1rP9UR:LqY75XFb9V12sYO8t3eDCvMSjum0iNWamhbfg5ImR-E', '2024-01-29 07:02:03.171000'),
('a0eftzydutkiew7xdi51xgog52uax7ev', 'e30:1qishE:s1724c-ppuxob8Z6n0IWo-axzm5-_VlPijGiQBQKex4', '2023-10-04 16:36:32.555000'),
('a1jfys9mff1aertc06j4klgotr3s7sum', 'e30:1qiqLA:xDLHTpyscioLcPlngLuJY693P5Pm8jsLIC29b48Fu5A', '2023-10-04 14:05:36.751000'),
('aa3idzqexzg2hpxwd9d6o2f4h5hu4l4k', 'e30:1rRNiC:xe79vFN4QhTS8ZQu7Em_AUAZKZqBQA5CHE3VG4x-mig', '2024-02-04 10:37:28.741000'),
('ag2pabp107gubecimghfebg40fbzislz', 'e30:1qbDjM:QGG76H6h_NLz38BKCjF5luMGPrYhF4qvQDMqF8lFkdY', '2023-09-13 13:27:04.973000'),
('ahbtjvb1fzfty3oyghge745x1ww1wysl', 'e30:1rEcZT:edqOAXRWwiV70s8pplf1xGD-R-AnQPDkxYaVkUVORrY', '2023-12-31 05:51:43.648000'),
('amccbeqtgfme1v7aiyjn0le9mu92dqp8', 'e30:1rNXCo:1EKmc6C-Ym6F_0DbaGXfSdqlM_qD_HQ5ADdSRHmje7I', '2024-01-24 19:57:10.415000'),
('amky6li6oocv3fm08vsbdwpncpulmras', 'e30:1qeEWQ:Zo1t3de1l69jKxYdU8p8qqXe8ZlgBe_udff4NXz-peA', '2023-09-21 20:54:10.580000'),
('at2zk7v6dk926u0e3x5etfxf122lpyr9', 'e30:1rJaFD:J9cvOT5dCAzHK2LotLzGz4Yo-Ieinxep7mss_e2ofKc', '2024-01-13 22:23:19.015000'),
('avqk9xr6qhda0xujbkgbi7dmvwg9hw0u', 'e30:1rGk7E:sD6b1IfZ8E1xoVA9HesDRmI2TQAo03ECGS03maEo3Ds', '2024-01-06 02:19:20.354000'),
('avzi4tam6tymezdxb5eh8o29sj4dnvcb', '.eJxVjMEKwyAYg9_F8yhaW213215EUv1_lBULq57G3n129LBdAsmX5CUcaomu7vR0KYirUOLymy3wD8oHwLoecQfvt5pL9-2ceO9uzVEuyaOkLd_P1d9VxB7bDwdmlgw9Bq3JQALGTHLBLK2WI6Y-SE-D1ZaVGpSaG-eeMBGazla8P9wLPPI:1qjo6H:jMeNPM2aQKsBqbumgy4NJ9DpMD5nEYGhJkMWAWzSAHA', '2023-10-07 05:54:13.921000'),
('ax092zlfsxpr5u4cphv2bw1jms2yws6m', 'e30:1rTofa:7JPN0fSQmxQv5ouSZhfB32BalQ4j55KZ7uQDvIhTyzY', '2024-02-11 03:48:50.490000'),
('b14efklfffou2f7p3ulmgqs85b71wv9t', 'e30:1qiokv:EjOikQaT81y3uvHC_gus7txXBFkWzvZWLRdvTo4ik2c', '2023-10-04 12:24:05.216000'),
('b2aad0cmu3frnmqcezegb7keu6ox96g5', 'e30:1rFjw8:8tSVU446rlBr07O7plejKo0l0miG67oY1SLke80y2mA', '2024-01-03 07:55:44.861000'),
('b2ct3ghehr26h9hgs06k4x1ly59kdhj5', 'e30:1rBStA:D8R8Ljh7_1o-gih_k4K1bmF_MiUpuwC6XC4avGPBvug', '2023-12-22 12:55:00.920000'),
('b2txce5nlvz6fg6d6dtgh5rdiq947bsu', 'e30:1qe8re:ipr1PDNSFCOJ5U0Sqem2cETRkcQGtAvHTLq92D6db2Q', '2023-09-21 14:51:42.784000'),
('b3d34df6wm8mgcfv7ssc97ej3nofe0iw', 'e30:1qeCgR:aiDoxLJ9iJh8NUhXjhlcqf4UetkS1tEXnVCASrUSdYM', '2023-09-21 18:56:23.643000'),
('b3ni0bfrzzhqp3a79358olccyzuwoark', 'e30:1rTFvV:8un4AeKCYfqAnXb30aZp4FSdgwfUI-2ExpzRuYSCgho', '2024-02-09 14:42:57.350000'),
('b3rj7zjnz4exe1i9hvz9809x5kmput00', 'e30:1rGstC:1NsNteaS3yvHcBQ3JLrNOENipCqstlXEyFKM0LmXhaA', '2024-01-06 11:41:26.599000'),
('b5zwyc1y78mqvjlmxodjfvly5iqp0l7h', 'e30:1qiXTc:sR4Ytl3ZxLwnl-WYe5BVBqZmoohI4WwSqGnYXNAd9R0', '2023-10-03 17:57:04.547000'),
('b8rc7tuqoa0nzvzn1xf20xdngeqld3p3', 'e30:1qimoJ:QD51KTVa_eHjdJaYvlm0S2y53F4kh_2LfV1HNqqh0EA', '2023-10-04 10:19:27.182000'),
('bcg32645ymec8mvx5wtcepkvskf4qyus', 'e30:1rLgOi:7nwvUK2mv9dRCTzSg4-If1IVl2b7qfE2yHL-aVgUVpo', '2024-01-19 17:21:48.077000'),
('bcvs2wabb7kn0e0omnckp4tkt47tmhig', 'e30:1qh8D5:0ez9nua2m_N84GQGFieKY52E3u0XfBOczXawbw-8n_M', '2023-09-29 20:46:11.644000'),
('bcy8awn0y6xrkhrxbu8xto747bnkv5n5', 'e30:1rAUVr:u0hZACGfF8VAFi9to1yABdsTWqqdrK0CfCJ0OuInO_Y', '2023-12-19 20:26:55.192000'),
('bdzm12ospvg78j620hfo2vofzp3or83e', 'e30:1rToOV:lG0gA3gTVV9i1MhiR2rO5ya9Ud6kvmYykz60AxW0Dgk', '2024-02-11 03:31:11.831000'),
('be7k1bd4ni414vtpuohjs0ffkjhosnh5', 'e30:1rOpT3:NA4XsCp-HPo6NlQoEgB0XVi9MMDIIDKNjJoIYjVp59A', '2024-01-28 09:39:17.173000'),
('bgeehgdarcivvzy5sfsa8qpeyzfw5162', 'e30:1rSWr6:4eT8L3bJj2cQQASVARW5CDecnypffENF2_5YA38DACQ', '2024-02-07 14:35:24.155000'),
('bgz319t9nph46evjts28dnl64bh8u2bp', '.eJxVjMEKwyAYg9_F8yhaW213215EUv1_lBULq57G3n129LBdAsmX5CUcaomu7vR0KYirUOLymy3wD8oHwLoecQfvt5pL9-2ceO9uzVEuyaOkLd_P1d9VxB7bDwdmlgw9Bq3JQALGTHLBLK2WI6Y-SE-D1ZaVGpSaG-eeMBGazla8P9wLPPI:1qXzFO:4aKzJbTHbLFhMPqpe9zPhvXPJ9-Ancx37ge0hhg9XVI', '2023-09-04 15:22:46.385000'),
('bhq0b8mj842tv947b3oa95y1hpdd216y', 'e30:1qhx1X:GJdRgaC02MMa3iL3Ky0ymUbisRlCY6zH6LVANEj6mus', '2023-10-02 03:01:39.107000'),
('bjjwn0bfy43006vxtxkgz3uzlkn0ydqm', 'e30:1rOe7P:8ixqbcWnKeg0jH3jho8PKcwZGFjwFoHrZn6KROErsY8', '2024-01-27 21:32:11.660000'),
('bkx5994sdpq8q50njriy8l01yaf4xp3b', 'e30:1rSAS3:TPviDVFhnaBIS-PZh5zrIUVKlRKf5Axcekm-eaLtB-4', '2024-02-06 14:40:03.207000'),
('blti6n2mnqciqqkhpg6dl7q7avgri89x', 'e30:1sxzOz:j8AMf8wafNysabNFI-1ALTEAYUbB1RFNyZcXNrOZ148', '2024-10-22 01:52:41.942000'),
('bmqgvg048u82rjcxniyv7obrrdw1yupy', 'e30:1rJ3cx:qT8lbKHzMz_rdFSXYe8Mee0-OkuSY0ZSMY69cZ68L0I', '2024-01-12 11:33:39.665000'),
('bmxc67kdbiqsiwrzjsowec82o1ce8kbz', 'e30:1rRNsE:K_wCXVc2b_bvs2GH0fWHNCkY3l_y-S2pVAwxYljnus0', '2024-02-04 10:47:50.917000'),
('bnxylv3gd5ubqgfh8rw2v3i9nbalk1qg', 'e30:1rBKWF:XuZDL7v480X84Q6K5S2rScLHJucSORU39VI9CqKcu9Y', '2023-12-22 03:58:47.263000'),
('boucfr2ae34hqfz4lgc5p1bae1eb61gq', 'e30:1qj0Rq:4b86OIuPOR3A59-aVpMy3vf2CZxLVURnxAYlsroJk7k', '2023-10-05 00:53:10.171000'),
('bpy4x8x9hnxftew7xsc8pcyno4f9lrqj', 'e30:1rL00t:bL8NxsY7cngDTBJuDyYlbnPPvR6lwiQjLt0AWywfZyI', '2024-01-17 20:06:23.932000'),
('brcxq691vwjuw982wldrl7l2u4i03qes', '.eJxVjU0OwiAQhe_C2jRTphToTi9CpjCkxIYaoYnGeHdb04Uu39_3XsLRWie3Fr67FMQgpDj9eiP5K-c9oHne7Ya8X9Zcm2_niEtz3hTnmjzVtOTLsfpDTVSmjRP6MHqKmrTUNmJsFZsOFRAaqwFJWs-ACMYiROwVqgBtZ5B9AIbgd2jhUrYbx49buj_F0EqwPcD7A0OHRE8:1rO5x7:7jPt7sJunK4gbFQZpTVdueWAzi6YcoUgBm-tAbQ0-Hg', '2024-01-26 09:03:17.973000'),
('bw33hdh030w8x45r1qrevyrnrubiix0p', 'e30:1rQQKH:-Al6KtzfrVG91Yrq0Ip4OmF5KrPO7BR9vdEo-54LZmo', '2024-02-01 19:12:49.946000'),
('bzoo1zq8xrqlstq0ev70wndmaei8s2dl', 'e30:1rGaJ9:ENR84Lkx4XHlD40N86dmO4WXM9YTGY7c69QdYvfvufE', '2024-01-05 15:50:59.572000'),
('bzwu2litdtgjbarsk2f7voxx8ielyia2', 'e30:1qdPut:eqJzTrF7hvyj32lUHegdaKNx0gyAIMCP_yAc08NRcrg', '2023-09-19 14:52:03.422000'),
('c0xqp99iwsneb6ibnwy7v00bt68915cv', 'e30:1rFFyX:vIzmBbMoYlFZhdxLaRspAp8XPb0irDd7iBgOMN7-kXs', '2024-01-01 23:56:13.964000'),
('c1n04au8osuibbcs054zd7voxzqdfmx8', 'e30:1qj2uK:DgLjYDQvMrPX1kzPamsXRf0k2zecP0qQH7Mf1t8ufOw', '2023-10-05 03:30:44.822000'),
('c2skvcvj4shsyxrfocdemsagmmznwo2e', 'e30:1rAxjW:kOY1Uj0rr4MHLockLNN_Zn9y0Bc0tDdZMof3Go9PY38', '2023-12-21 03:38:58.038000'),
('c3y1jo9xwtl8obast5atz35v4vgbooya', 'e30:1rB98G:l_Iq8wHBBncIUv1dopA0TjxRhShEOvyyr3ItLJKXbgA', '2023-12-21 15:49:16.588000'),
('c5vpvrexxa52636ma1ilogvicpp9dyny', 'e30:1rRxzE:DccTYFjN89NVdMPsLdyCz_eMhnpSypZElBf0pbNBUYI', '2024-02-06 01:21:28.136000'),
('c73u8rqx9tw4w7ewzbjjpvedot2nxmzt', 'e30:1qj1nJ:Qr5D1BHEW1igORX_tyXEqMoBoxY0A9qfOFGzjmtiuEk', '2023-10-05 02:19:25.234000'),
('cbmwwzuyljiflolpwz36i634z1xh9wlo', 'e30:1qhiRC:9Z7K3APJ_g2rFU2bmguNIwvv4SbcNDQ3Hk7kmOY72hk', '2023-10-01 11:27:10.768000'),
('cf0d1kya4frl8nmrw84fl4s5jgo6f3yv', 'e30:1rToft:0fWZ1ghl1ejQXxJqJIgeqmzHM3GbYRPFnQwcGZbukPU', '2024-02-11 03:49:09.338000'),
('ci4ekefkpv4x3wqm3d99rkt07tfvuwwf', 'e30:1rG2qw:q_iFttPYmH4s3NKq3oQOcLdApofCRm_KsFYIZJmFN3k', '2024-01-04 04:07:38.583000'),
('cjxho3ou6egeyfukcp8ygdcngqkyrdwx', 'e30:1rP4F8:vwTKbkNSBgU2MVKGB1ZU8ksENQRhgjvghD3NqpKAxdw', '2024-01-29 01:25:54.220000'),
('cl2kfl9wmzwjzj6gt0etqbu0qv0ewvux', 'e30:1rLeCf:uVvsQlKLWQ5jiHnqvM76tVAljYtjR-ps0b3BaSzqZlk', '2024-01-19 15:01:13.577000'),
('cmsbwsrsfm0ov8eku5oxau31mj0td5rj', 'e30:1qgL1A:z8RXgDtMlOhFnUei8YjuiDH7r5dwbFAaeitBikHNjTM', '2023-09-27 16:14:36.415000'),
('cq01hd07dy3pzs6bf0ropdrekxoaovwu', 'e30:1rB9LN:Z51bwZx7SABY7iqtcBXiXYGilCLAv89hzZtpX5ofT2Q', '2023-12-21 16:02:49.644000'),
('cr3o7um09ilo3c6agd894439t81h2s1k', 'e30:1qiDng:sBOpvC8sfcTExh5KKBtrptZhneyFIXW1WGWnVCEQ7y4', '2023-10-02 20:56:28.061000'),
('csfrjixd91xxrp87ejfwlzv55felehr2', 'e30:1rFRz1:2ZCoJJJqyhHI58_JslL39depIF4a14iRGDi2_gGEyOw', '2024-01-02 12:45:31.489000'),
('cx48ytb99p5lhivl3a1s96owc8w1jk5b', 'e30:1rCpnw:7DiEtAs8YQa_8WwW3NkWXo5tQ5eQ2U3No-DtvFNgTlU', '2023-12-26 07:35:16.484000'),
('cx8bo73mc7e9g6sghu51wj3qf847ukhy', 'e30:1qeCDt:Q5uZQOYaOqgyZsmrPTFBMvyKTKCdF4cRsySGmc2JpzA', '2023-09-21 18:26:53.113000'),
('cynpl6s2am5648c2g4j7mkad1mx5sdjt', 'e30:1qeOxs:69eea4OmOCSuHP2WFq3kXtLJOh7HTSDJTUsD7M3hdEI', '2023-09-22 08:03:12.388000'),
('cz3o2xzahx1vr4v4iohy9wppvth5xb7n', 'e30:1rMNNG:hsm2UtR9sBHQa3k19yRQSsAsY5aOOVKcw-8eZKf96vY', '2024-01-21 15:15:10.863000'),
('cz9ue8jopg07hqdxxujelkaqh0zf15q7', 'e30:1qhoB8:dUOK6wJdZ9FMRLIgJoUdtarnffqJV7_uTz00SW9wv4U', '2023-10-01 17:34:58.087000'),
('d2qt8nuiixmzr75dsijsixo8rbdxpgj3', 'e30:1rTWI1:ZmZqxjfdV6-7Dc1vvBLzOY43FYIQUzIc3IemzBYE7c4', '2024-02-10 08:11:17.907000'),
('d77v667vruoz58ds8pjga0a2np1197hb', 'e30:1rNnCk:lj1j2Hhln0_MhRwNtuMdtrNDrwTX04uyGozV77jKPrY', '2024-01-25 13:02:10.288000'),
('d8cpw558mdgh971w658qzsregz68y5h8', 'e30:1qikt9:ai9xf2DCJiXalRMHhM9R5RYIPZdc3hS-lGYJOq3YyMs', '2023-10-04 08:16:19.050000'),
('dal3q5mlchsrngs86i6yzugqqlfxavxw', 'e30:1rNn3n:Wq0Oq5HPqj8CNJwhwGUQMATLjyvGpQEkdv0jUF6miws', '2024-01-25 12:52:55.967000'),
('dat8ug2v81r4qkpsj32im0zpz3s7qmm6', 'e30:1rMNN7:p7mpXZA2CwO5-t38KwIPRsCBPuouJuDpZH3ODJAT7-o', '2024-01-21 15:15:01.872000'),
('ddwkv8pbepxrfk3fioi2qdb0udygwjmt', 'e30:1qiXTj:4YdmyxiRxCWvJYeMQf_m8xUEPk1w1mXbyQnL1QO_7Wc', '2023-10-03 17:57:11.739000'),
('dhjvp8wht21swt1n6li0gcfujngy4s1h', 'e30:1rFKoe:QIz4F4akqZmEo1A-KgfAqCE5W3R6LXa-HbxKwxevBvY', '2024-01-02 05:06:20.670000'),
('dlyjgg2y5bd2igeg8pwmytdp538uqb5w', 'e30:1rMNgz:vVvDd2ypcKCtDssuhL5MVzV7dWZ3bNnpXl5EWn4H25c', '2024-01-21 15:35:33.961000'),
('doo1soe80uh4qkjs3e0n3ubhawvzm8mj', 'e30:1rNmyn:UufPOv7mKAtkZLDUrjEuUpmtDpqdOewihDKzaQSslT8', '2024-01-25 12:47:45.416000'),
('dskmngf838n27u0awurh1jta3x6f0smx', 'e30:1qgUJs:pMiCbUHpTIjcCzqH2zG9jlvjRiRPKb0-OHHKiVFelOA', '2023-09-28 02:10:32.014000'),
('dtipjeo77f1ulf1vbbi521q0k2jbxwcg', 'e30:1rAfIr:GSNY1sOHyFtVfwx6cIsCbSgLoN-Omun3XuI5nJpRwkY', '2023-12-20 07:58:13.970000'),
('du5g13zzz558x741fetosg69ghc2ar5z', 'e30:1rNZnY:RhDAJZeuT7HX2-PbtIqzYy1Sg4Xjj8QVZeELKG0MQ6w', '2024-01-24 22:43:16.361000'),
('du5mi9tvi91khcu5l7ieytknn20bw13y', 'e30:1qe5SU:1L2dIB8HXe-dhbUJHgApw4GZL3xRyh3HYYWYC-uyjQ4', '2023-09-21 11:13:30.452000'),
('dufmsfx5zqcwfhcj4qo1o15lcmz7pwm5', 'e30:1rJrWa:zqWvmMS4qh7KRLebSi-geqNwqrWeuj-C5gcZ37P3aY4', '2024-01-14 16:50:24.117000'),
('dv7nn6qzn49wl9g2f9f40iap5ohntxhe', 'e30:1rCpaV:ToWtf1_YpE0auURHWK5RDc1ubfEAjXUylfqX0cHQY3E', '2023-12-26 07:21:23.164000'),
('dvjjl7c8juc6b2hvao4z9a0anrfzga4x', 'e30:1rOmCT:62S8mDgZmEP3c-Iyl5hRwBn09KksHXy43_XEgNqVXoA', '2024-01-28 06:09:57.617000'),
('dwi2ext58tmkowiazi4u8jejt64gt3vw', 'e30:1rMNND:racMtqDSmdVEj0nbcQSGntjsqkDqXnyZi-iVZfM8AcA', '2024-01-21 15:15:07.259000'),
('dwjou1ywwrbb6zism99gxau9rgjxlyqz', 'e30:1qdaSB:hCyx9rLizblIp_FEvyRJcD8sluYyr6FwD9FnK-58iEw', '2023-09-20 02:07:07.888000'),
('dxhda1rnp4k7i23vdjqi55pfhiygkfgy', 'e30:1qeH44:o8WOBT-_rYhxE5x_Mv2NOBx1iBuTWSY_ORxSQdL7WLI', '2023-09-21 23:37:04.810000'),
('dz0q1ow2nnzh6g1m50d4ykd6krmex96h', 'e30:1rNnDE:hi7-4S7EXLO2OyJnWIkHGiDm7KJdgZvOc-sh7lHob0E', '2024-01-25 13:02:40.061000'),
('dz9w5lshfz9iqmd4nk45ceydhoh4rvyn', 'e30:1qhpw6:trnEGl3M4z7F3sZ6H2CIjQwD8l17y7G9BADElb-FgKs', '2023-10-01 19:27:34.816000'),
('dzrpr6ygcb41iwfbqhjtcibrstw9dnje', 'e30:1rFFyP:RzuK59h6Izv1bB_IgLsfcO86USDZuo4WSxs23y6B8Hg', '2024-01-01 23:56:05.236000'),
('dzw57td4huhav52qh0yhsy6loxbkn04v', '.eJxVjU0OgjAQhe_StSGF6dSWnV6EzJQhNJJiaEk0xrsLhoUu39_3XqqjtYzdmmXpYq9aBer06zGFm6Q9oGna7YpCmNdUqm_niHN12ZSkEgOVOKfrsfpDjZTHjePPQAyWLDZCwbOYgQes0TF4bzQyDsBondE19sY5MOzFAhom8MRuh2bJebvp5HGPy1O1daO91fr9AUeCRGc:1qfXkO:hzux_EBcaL9mzD8o78gL2bpIvThfttuGjiChcd9oCr4', '2023-09-25 11:38:00.482000'),
('e1x3mhz5u7d1ses1cjmcua7hkc37guj3', 'e30:1qgzcY:mf2Be-9BqSDYFlysyvYYyK0EL4OOlIdnv-xd1-zGa4U', '2023-09-29 11:35:54.592000'),
('e39vp6y7nm54tupgy2qinn4nnbpnmm2d', 'e30:1sTFIK:MTvcqx05Iak24HFO8iwXCfiNi4LmSGkREgvP6uHTwyA', '2024-07-29 14:34:44.776000'),
('e3jw7w3d9lhpxp90p60bn2tjg2nt1ee5', 'e30:1qcyQV:K1_R--Uh3DfTJ7jRWVEQNe46q0up2GwsNlkIOaC8ljg', '2023-09-18 09:30:51.386000'),
('e5mstwpnie1bc1j56fmi01pu2x16es5y', 'e30:1rEK9K:P5rEfcc7catlxBAHfJVzO03EqH5IzxV4UT0VCK_nW-Y', '2023-12-30 10:11:30.642000'),
('e61w3jyz8xufqogfdc6fjvnu769zvvna', 'e30:1rFRuU:RqmyUO-FxrJ3l2Pjs8XI-3dTiYwlsbTpRfynAGMP4IU', '2024-01-02 12:40:50.428000'),
('e6d3ipmrtdhr37gzwy09yepkdx6o06qk', 'e30:1qcICO:93pY2VTPZRHTHxS5XCUaof7rBjTUGFdAq-1njS6OU1s', '2023-09-16 12:25:28.028000'),
('eab89r056wvodjqgvfgx76yd0td9ex9r', 'e30:1rFFyV:4G7uzlylxVlyiqg7N48aMTZkY3U7o8PG9uTFqyjAVwo', '2024-01-01 23:56:11.634000'),
('ebiij2r2rtyrqhnm7ifbyvkcpps9mkqb', 'e30:1rNY7o:aZsm32tApml3PxIZ4nZYGShkz0lqe9hNm0-8euQdOWE', '2024-01-24 20:56:04.403000'),
('ee7hvt0nakk8id5yxeg2sql27scosu5z', 'e30:1rB4zG:nd2zgqhmchSZV8iyvXJjbsL78uXdVkrwb-Sgwqux6Ws', '2023-12-21 11:23:42.635000'),
('ee7u69lzr514h3kbdz0ylhh1f58q8x1p', 'e30:1rNktC:TgOIyhwoRxcY7vzHMy3wuKHXRTx9bZjnoGsP-JuXmLU', '2024-01-25 10:33:50.346000'),
('ekwcq9xvoimk8tjkgjv1u87f0p5ydnvi', 'e30:1rMNfv:kGfY3Dm9FRYCP3qOLXvVDM3tHx11lltWOGAmTvcSNKw', '2024-01-21 15:34:27.604000'),
('eo36hy0i2kcw2mivmuy9ouxz9yxhzyb4', 'e30:1rGnGN:69lwRe0adZyRrdXi-pyCSOUvgLrXS2h2GIYY7JR7e5I', '2024-01-06 05:40:59.092000'),
('eptlp11ku9kfzhwnrl765gf5ixy0rjko', 'e30:1qe7QQ:flvk4hZ9TFX3ASba7kQuVBz4Ujk_IGavt-u7vSAb10s', '2023-09-21 13:19:30.995000'),
('erdj1hvpksfaus7l94de165yd6k02leo', 'e30:1rO44Y:FDZowZuwL4olECD_86AY5u7tOsdx8v1OYyQYTciMz3o', '2024-01-26 07:02:50.226000'),
('ese3gjp5juvd4jngwj2gfnux8xe99x2v', 'e30:1rPFGs:pUPPVCnLKTzZ6OGVW7nVU421Q5XwRSoxuNstEQLygq8', '2024-01-29 13:12:26.593000'),
('et73w232h37dvo315sd6tihxzgh42zl6', 'e30:1qgL20:T36Rde2THLR_ele0msSDMv62z0pUznRcjGUYrTRQ9Gs', '2023-09-27 16:15:28.905000'),
('evfvuudiioatkewm6ybjio6zqtw7sswr', 'e30:1rD0EW:ELshjvHh4tZb4USOThggW2YBF7r-UGnz3qprDc3f6-E', '2023-12-26 18:43:24.855000'),
('ex8ytl878w0qhcdwwyuwaswo8wo8u9g3', 'e30:1rJn47:Dp85283_l0hgj3wYxgRaew_RpNdoV4QbnHsIMVRvUvU', '2024-01-14 12:04:43.828000'),
('f078zt21lo4vvnn00i8mnsnppban0xto', 'e30:1rGUTk:Zp_oRkFBr8gtusYVwkf8ih9Q4DSZe6Q_sq_PF28c4Hk', '2024-01-05 09:37:32.994000'),
('f4sgdl5wqu522obusbxnnfjbm4ga3f2o', 'e30:1qiXTh:C_teQLtOo1QyVXFbuweArrWGKinuHvbMG325pVreDCY', '2023-10-03 17:57:09.914000'),
('f4y6npndm4cn50391zkfl4f78nd7lx0w', 'e30:1rFFyX:vIzmBbMoYlFZhdxLaRspAp8XPb0irDd7iBgOMN7-kXs', '2024-01-01 23:56:13.018000'),
('f5xglo4i6uqljes5xm8y6dcfll54htuc', 'e30:1qdF0d:p_C8IRw_xRYG9VOE3SqgDK2XnBymeZp-5wytHsRkbzc', '2023-09-19 03:13:15.541000'),
('f867d7hnv4qyuwmuhxb048d8abvljixc', '.eJxVjM0OwiAQhN-FsyGUUn686Ys0u8sSiA1NLJyM725retDjfDPzvcQMveW5b_ycSxRXMQzi8gsR6MH1aGBZDiyBaO21ye_mrDd52xPXVghaWev9fP2pMmx59ximoD0axymoMGmMpAzayQTk6J1KI2oXhuiD0-ydJrTJeA-WxjEldOL9AeEOPJ8:1sTCTs:-V_6f_BQeQnM0tCl8mFKH9zRXZf3TPnnHreS-F5ZGSc', '2024-07-29 11:34:28.565000'),
('fac2ugzq2reank2tvye7vyldkj0x89ma', 'e30:1qhue9:DJ_ZqiXM5hJVxkq66yOSb-AAmFZV8Zzhf8sgMP3IL2w', '2023-10-02 00:29:21.101000'),
('fannf8fhhtfnz6pfsqvoo45xxzrhysqb', 'e30:1rMNY8:h1aIyJsK6moxjn2ZBEcuCKgCMyeAAn8urJ0_WMU_wx8', '2024-01-21 15:26:24.785000'),
('fbgwz5bgei0h0xw9yxty9ncnbgc95tu8', 'e30:1rMNNK:24SdAzAZrSMYMzZ8uejgvUPX1TrBjWxvfmplC3XLlnk', '2024-01-21 15:15:14.391000'),
('fc7qu4tb6qyfxeaki0hlfgkhgzvdzvqx', 'e30:1rGzE2:4NSISnWERVrGcHx4MA5gJbh4lt6TW3_vVSB-KzuQ9q4', '2024-01-06 18:27:22.160000'),
('fdf1buwvqeshmjl3c4zk1xj689jioqma', 'e30:1rTofh:Bn38DQxGzE8L1mkFIqONsMDp-GIj-wXzK1N95n2Cezg', '2024-02-11 03:48:57.849000'),
('fe9vet4kru3ht4k2948i3k1s4j65j0pn', 'e30:1rAWKs:KHQyfsWtw0IBfJ3vouJpH_DUzb05UlpgdW4Y5gu_Ons', '2023-12-19 22:23:42.705000'),
('fexmf6q1gf3jekx7peal1uhriv8iljb7', 'e30:1rNnBE:pQw2N9V3GTk46pheMxffiKEGRcBgUHQD4seXcYhtuoE', '2024-01-25 13:00:36.697000'),
('fim0dx07nbg3de937pxq4zy02xnn2ynf', 'e30:1qimGD:toT9T3tcIzcjxrNl-sP0BH4Z2BUdEiEMEa26OlhEVQ8', '2023-10-04 09:44:13.571000'),
('fixn8t5oo9d43p76ju7pmntxp4lsthyg', '.eJxVjdEKwjAMRf-lzzLSdWvXvemPlKxNWHF0YjtQxH-3kz3oSyD3JOe-hMOtzG7LdHcxiFFIcfrNJvRXSjvAZdnjBr1ft1Sa782Bc3OuG6USPZa4psvx9aeaMc_Vw4GZgVH1QSnSCIhaDzChBaOgx6EN4KkzyrCUnZS2cm4JB8I6rdmlmXKuNY4et3h_ilG2YDXA-wOE_kVh:1sliMy:4mPcr-wlm7_0mZnnjs8-wGMyTcBa53yjsQ_uPjNOGpw', '2024-09-18 05:15:52.895000'),
('fiztbri1uej6bozolqy7rjnbc8jvnzto', 'e30:1rGcEk:_Ks0V_t47eujkifrjeecNrJi51iPbWtqw4k-Tzzij2Q', '2024-01-05 17:54:34.474000'),
('fkedvw5wnwxghn89s020fbhez5oz7j54', 'e30:1rBpaM:vtxUNqLXvvckJwMGqeXIuKbEQjI9Ruc1gkDM00lVqYQ', '2023-12-23 13:09:06.227000'),
('fm76zqh3q3wgyttbvdyv7iyxyfalry3c', 'e30:1rP8ZB:Ly4CKNon_HFuirOg-Uyg77Tdi4qcBKRO1K-eQWMbupc', '2024-01-29 06:02:53.344000'),
('fmq1ius5hajtdnvoez2qhrozscgreurw', 'e30:1rTofk:5tCN2-G-gnYicbILiFGDtqDhWq8dGzMIIfDxS93QUh4', '2024-02-11 03:49:00.140000'),
('fpzli5ox3n7k1c9ql5vekux5597dte27', 'e30:1rToff:hKSHFwTMfZ6HymNOOxmp7Thn4L5p2LjvK1zeFkrSjOk', '2024-02-11 03:48:55.541000'),
('fq4emfg5nkkd4dywph34tg1frhf3l5p0', 'e30:1rNwBU:Lo8WNHQwP9sDVF9q7OR1wJ_oIrSDEJmkWRWVTLjHmgI', '2024-01-25 22:37:28.187000'),
('fra731as87cls1csomyqxpwurcnmpeiz', 'e30:1qix04:m6ZAbmLjwARwpyrzhZTexGrh04cydPAryXdtFrrL65c', '2023-10-04 21:12:16.166000'),
('ftztdb6aavwzbjrfjczibdxbhlsc5851', 'e30:1rGjAG:BxGd5-dUCXfpbAnX-HeDVzrqCUCa_pzsRNhPKYXhkTA', '2024-01-06 01:18:24.020000'),
('fvz7rzhor6d28r2xzpl3gn7rgeq4wymm', 'e30:1rTofs:istv_Thqy4A9mzGP2di9TX09PVuWqXJ51dXqunTxuHo', '2024-02-11 03:49:08.626000'),
('fw6ngn17ccp3udxdtm0gcpa8krmpmz2e', 'e30:1qdwks:FRvz7XFjRGuXrSgq6knIBrgiVbqdUudkWWkpf53UuzU', '2023-09-21 01:55:54.343000'),
('fwsx1ot0nk0uavnn7mst5puvif7pvn0g', 'e30:1rGRd9:6QBHHCRmR22GXMSZeaRNnIIgLOJ-FbAVkgjBVbP1GVg', '2024-01-05 06:35:03.067000'),
('fx4br91zdnmr0ta9x3wi2i3zo0jgqi7z', 'e30:1rPk7S:mr66P3jqNOO0P7amz60b3ERGZGNifOcdDM3RPwdHsnY', '2024-01-30 22:08:46.205000'),
('fz96chkg1qze0gbqt1eu7qxakgxzu4t8', 'e30:1qixvQ:a5E379Pyj178c1yd5F6c7WRXTKGcnxAekfmQWnfAdl4', '2023-10-04 22:11:32.194000'),
('g2g7kbgc3kv216k9wk81tndthag39moh', 'e30:1rQn7F:ZE34QMytP7sfJ2lExOkMkIk3J3PFldviYy8j_kTQn_o', '2024-02-02 19:32:53.629000'),
('g2u0b2fd5kvpsdahwkhnzy6nstnucah5', 'e30:1rGToU:wfki_8ZK8qK9nc5ONr1mTMX-hsFYZYchIREwC3V8wyg', '2024-01-05 08:54:54.623000'),
('g4z6ibuve8vsypak1k2l4soemsrbtmdb', 'e30:1rREX7:NfdzVWRltl9NwU8J1LyRCVUbglB1uV_8IC7MawU0Q_s', '2024-02-04 00:49:25.233000'),
('g66hg34blwltto7x7n6abh08dkcvevnr', 'e30:1rCsVM:Hb_8pIvdAPIp2IvC6gIjpbJJGbMP2UkoCnm478AY5cc', '2023-12-26 10:28:16.589000'),
('g86ni7jeh3bnwi2efvsjzfhv76qvnx15', 'e30:1rTofi:iDsAs4ZkOKWh6nZA4oBt_wVoFIXEEOghNJKjzCRmzSk', '2024-02-11 03:48:58.390000'),
('g8qxfnivvh54yqn4ve099ijidsh8iayn', 'e30:1rJYGB:1ll3QXoSAYtjPyvA_rdA3zsddlRsCFEnQDnriD9pK0s', '2024-01-13 20:16:11.246000'),
('g8xev3unvumyksi9j5jll8renx6etd8k', 'e30:1rIDR0:RD5GDDxsAAoiHOXAe2CrJWeNDMpAKXYgpZgysph49Cc', '2024-01-10 03:49:50.215000'),
('g9jg2ad1qfy4s4sbmk4sygjlv14yh9z0', 'e30:1qgL05:35f0mwwPzi75LaSVg7flZnvvjTYjSDSA-bXW2AXTtUs', '2023-09-27 16:13:29.026000'),
('gc9qu28gzr4bs8ljael0p7bvol1eg2fk', '.eJxVjU0OwiAQhe_C2jRAZSjd6UXIdBhSYkNNoYnGeHdb04Uu39_3XsLjWke_Fl58CqIXWpx-vQHpxnkPcJp2u0Giec21-XaOuDSXTXGuibCmOV-P1R9qxDJuHAqRFMUWBzYKgahTMmrtom0VtbEDa88BQmRwxgKA6QapLHPgaJwi2qGFS9luPD_uaXmKXmnpQMr3B5GsRY0:1sTFLX:XyBiJq78USaLeGWIHuM4HQx6_mJNlXcd139IWHVxZW8', '2024-07-29 14:38:03.213000'),
('gckfab32rmtyn8tgoet52au8zip2oeau', 'e30:1qeKUL:oZxc49Xd1bR9BrkYmX69vVSwZkRS43rJqymbTcvLmnA', '2023-09-22 03:16:25.260000'),
('gcqbiefjt9re5tpfnvpi97kexlc8n415', 'e30:1qcyQV:K1_R--Uh3DfTJ7jRWVEQNe46q0up2GwsNlkIOaC8ljg', '2023-09-18 09:30:51.648000'),
('gdssdkhkzzohksf7i4gkw2mrn6t9r6zr', 'e30:1rRLDn:XS0VXKzR43kLqlA6NooardQZR15j_dHR3fil5pndKYk', '2024-02-04 07:57:55.936000'),
('gffva2o2ey8cb8w3rxc3s4bqg6bhqgr8', '.eJxljEEKgzAQRe-StYgxTTTu6kXCzGSKoWkETbopvXtVpFC6nPf-vJcAormk7J68hFtg7_gBIYohlRirry0rL2IQVlTCQcnTAVzw_wyB7px2ATHuuD4b9bE59Vpft4tTDgQ5zGk8v35SE6zT1ukNAINBVIBoUGrdSA-aOq88ed1KaTu4IJKWpm9JscW-sUb6ViqGhsT7AyzlTn8:1qjfzM:80jQevjVoiLtXvb2uWdO4eTWI0503DIsI7iPy3n86zA', '2023-10-06 21:14:32.929000'),
('gffvg7l64pqyvivcn2mtckq9cevsfqsu', 'e30:1qfrvJ:5-Cv2rJ89e4I56TFWN61kvqauclLxYEgYtqK2_LU4pg', '2023-09-26 09:10:37.664000'),
('gfmika35z2aoufy8l85dm8nowux2uq2c', 'e30:1rEbiU:bjLDNmUshGxd7GCpvymf8Y5ftiReCEjwj9FioHMsq0c', '2023-12-31 04:56:58.807000'),
('gfr72mgvjvri3g2nq5jpl8kcme9a8k9s', 'e30:1rTofu:qbdlIKUlGoqLcawmFzfRQGgFwGRqRd-6ec06BS7yCRE', '2024-02-11 03:49:10.108000'),
('ghr9pf3t18n7jnq2bd6n8gxxb4wdq2ow', 'e30:1qinx4:H11qa-qYs7n-OhlSDhBHf0P6HiIeFjXAj4AI3gZvWUQ', '2023-10-04 11:32:34.985000'),
('gja5hfycw0r2dkyxzk72uipkxoi5pgvk', 'e30:1rE2xi:jEOJRgMN0DIiCeqxldOLkCgwbSxiUlOz-d0z0G11Xm8', '2023-12-29 15:50:22.678000'),
('glxv9s32pl5n2lht37jggdlq6eovzo6u', 'e30:1rQibz:ihUcSK671v3Vj-QAEf20HewdvyJ8bTp9JU39KU56itc', '2024-02-02 14:44:19.681000');
INSERT INTO `django_session` (`session_key`, `session_data`, `expire_date`) VALUES
('glz4nf49az8e85n4937leu12hokmcx0m', 'e30:1rGWNJ:jsybxfAq4Oiz3t3Q8JgVWixdP5v2dSBywhN06na_86g', '2024-01-05 11:39:01.362000'),
('gnb8b5glyvt0q91zuc94v4w38kg13mqj', '.eJxVjM0OwiAQhN-FsyGUUn686Ys0u8sSiA1NLJyM725retDjfDPzvcQMveW5b_ycSxRXMQzi8gsR6MH1aGBZDiyBaO21ye_mrDd52xPXVghaWev9fP2pMmx59ximoD0axymoMGmMpAzayQTk6J1KI2oXhuiD0-ydJrTJeA-WxjEldOL9AeEOPJ8:1sSmyK:fjvz8p_4i9bb9wv7kCE89vsuOCatCRjDqSfP-8Bzh2M', '2024-07-28 08:20:12.737000'),
('gw0w80lxclfngpzwo6pp8gr9fynqgg1t', 'e30:1qeAwk:2zKhG8OnXWM2gfeYnduRhfvsHup1m6Cad8WZIOcBPMQ', '2023-09-21 17:05:06.950000'),
('gwrmpns0a5d8dx5yvl88hcx5fbufjjta', 'e30:1rRD3g:40kty9yS-0aCGjB0AEtOW8Jm6hHMETPKaHgjdJoqTTM', '2024-02-03 23:14:56.386000'),
('gxqik0iroufrni2g670nv74hxxp4s14a', 'e30:1rFasD:OwncIkDrCYaHYP0anCkXC23ugpZp0RW8datTfQDXE_I', '2024-01-02 22:15:05.025000'),
('gzy4y4xpunr7ws50zhqbif7d1ga68038', 'e30:1rTofw:1cF-nqUs6POLudkznzhqu3OtjIEJQBAKQTDEpOMKR8g', '2024-02-11 03:49:12.271000'),
('h017b43ptfu1006p3hwy0az9hu6p9bub', 'e30:1rD89E:lKOdJ8fcHJjIi4UKRNaNL4HseAd4MlqRh6sHJy2rgmY', '2023-12-27 03:10:28.614000'),
('h02o89hydxu4mzokep8k4xw1pgzd4q5o', 'e30:1rP52V:oUJ8G939yGZI5gx70BDh5fHH3IS017DdEdQoPyzryRk', '2024-01-29 02:16:55.094000'),
('h1yji41tcwrjlju7pc7l75xqy3649117', 'e30:1qdg7o:2TNlp1VZfOYDBJGIynAgshcsMBhJxE_Wq8rmGZI97DU', '2023-09-20 08:10:28.975000'),
('h35wxy44qdkhy6qi7kd0yipbf2ev6ui9', 'e30:1rFRyj:-hJEICh1u2F3ICserEqNBRZmLhy-tDbeWEhoLQfIYqM', '2024-01-02 12:45:13.769000'),
('h3csw2ahiha5a68kbwgw22fkbhqfpmqq', 'e30:1qiilG:9MMvjd0ZjVhT_O0grbfWbUeeHIC7MLmzv0GCoYSTXag', '2023-10-04 06:00:02.384000'),
('h3lhr8iwatvresp0a3052ei6u8x7w3xi', 'e30:1rCvxW:9Okj4lnTm7KzFqXUotk4w6pdtOPZc9SPVEBAKTD-5Co', '2023-12-26 14:09:34.176000'),
('hd6966ekx8xctgnqr0d3wzbckuwnuqfi', '.eJxVjdEKwjAMRf-lzzLSdWvXvemPlKxNWHF0YjtQxH-3kz3oSyD3JOe-hMOtzG7LdHcxiFFIcfrNJvRXSjvAZdnjBr1ft1Sa782Bc3OuG6USPZa4psvx9aeaMc_Vw4GZgVH1QSnSCIhaDzChBaOgx6EN4KkzyrCUnZS2cm4JB8I6rdmlmXKuNY4et3h_ilG2YDXA-wOE_kVh:1su1fm:UxTUwS8UlicKoN5F5boAJwlKtc3i0FjYYqZqgemz1WI', '2024-10-11 03:29:38.229000'),
('hdn3bvds8ek320c2p0uoqojlrofx7byf', 'e30:1rFRyT:pehh0O4Y9h8dN08y5BJ5xnSWQ-vh2G6oBCEDh8KRHMs', '2024-01-02 12:44:57.989000'),
('herucg7yj16b21bb2lvlutq339azr8pr', '.eJxVjcsKwjAQRf8layl5x3SnPxKmmQkNllSaFBTx322lC13e17kvFmBtY1grLSEj65ng7PRrDhBvVPYEpmm3O4hxXkvrvp0jrt1lU1RajtDyXK7H6g81Qh03ztkrZ7zhiJiMFtYkIlDSCZ8gese11VIi-TRgklpZFCTMQAptJAsu7dBKtW43gR73vDxZLyT3lvP3B4KARVs:1rV1Qi:KXeZWXoNRLGISwqOYnZtW86vzW0EP2GazZCqXc32foU', '2024-02-14 11:38:28.904000'),
('hgh54qzranx3d7o6bqcktunxr5pu46bo', 'e30:1rRJk1:iDMX9LEOOqGhznqRzKmejWvoSf_BAcjHiFCBveEwFVY', '2024-02-04 06:23:05.638000'),
('hhdv1f9ntj4ypriqoi3zq2kehevfk5fo', 'e30:1qiXTk:2PUNT0M7DnUyHSIKwaJgCXo9iCu4TsnRB-1BP08Boes', '2023-10-03 17:57:12.140000'),
('hkbwuzhczxxssv9srslvxkllmhqld41i', 'e30:1qi2dY:Rb29FSKscgzi7nSh1P-iDx-Kn5MRxpVtZAYKdKxRqIg', '2023-10-02 09:01:16.328000'),
('hlbk5emxip1exlm95arr3amiboe4ba4u', 'e30:1qgKzr:AKNl6hcaZsjnOZH2UeTu2YoPow3AW_TKqftT6zxhYP4', '2023-09-27 16:13:15.833000'),
('hm8b2bm1apk69uz8ffmgcg166r6tvxc2', 'e30:1qiwFn:V6SYqLwwcCLA6cjTcjZteq2hSSffNY-spnEltKRukwk', '2023-10-04 20:24:27.443000'),
('hmpjhvy65xetp7jdjvn0ufdii0vc87rr', 'e30:1rPVi2:4JgBHjWaAES6UfROFj_MzQTJNOFURQjZpkTHRne08rI', '2024-01-30 06:45:34.032000'),
('hp14drv5e4jtuk89utjg3n08jfg4k1hg', 'e30:1rMNNI:2EQ_6osP3yHsl-KUSAcMIfZwfoJM6M-hIz_pdQlodPc', '2024-01-21 15:15:12.753000'),
('hq8idpsj33jdqtsd9f1i9j30zv9olkl3', 'e30:1rKTc6:jpSjWZv3aac658rWSbo0bnjLQQLI7sndWwi8fb12JhM', '2024-01-16 09:30:38.736000'),
('hsxmdgjlq65rnure8wbwrtrj2pxr2wjd', 'e30:1rGkaB:8YBskuTfaVVudggSaGZI1XPkj_UK_kRLlh3TUT2Sqzw', '2024-01-06 02:49:15.293000'),
('hwuxyryhc8z1y84l4ns9lg0b2rdz59ob', 'e30:1rFFyU:eWjol7KEqKgQx6r-kEUo31x42uHJ9ugfJTckp-NIodA', '2024-01-01 23:56:10.716000'),
('hx3j338drjg8jxj0szt7jbfdcch63cxl', 'e30:1rSjre:fv9meG7IO8JspN9585kuk7OHDdLw_oLUGSfhBAm1fWo', '2024-02-08 04:28:50.037000'),
('hzptkwnx5gswhsnkd1b11a526b3ul2u0', 'e30:1rPKYG:uivaxpcQVzW02WF83KEPEfr2lAWZbSYVEooEctcYido', '2024-01-29 18:50:44.966000'),
('i0894kpbwch8sdxim48zyp39lbqfhe5v', '.eJxVjMEKwyAYg9_F8yhaW213215EUv1_lBULq57G3n129LBdAsmX5CUcaomu7vR0KYirUOLymy3wD8oHwLoecQfvt5pL9-2ceO9uzVEuyaOkLd_P1d9VxB7bDwdmlgw9Bq3JQALGTHLBLK2WI6Y-SE-D1ZaVGpSaG-eeMBGazla8P9wLPPI:1rTCdG:kHHcZgYANSqO81JYrAKUPxPk_zlmxoBhTqgEngofiys', '2024-02-09 11:11:54.120000'),
('i11y9601vfx1gjy6nxd2pkjyxjlzrs48', 'e30:1rUFVt:NEY_uho8YbdDU5IX-g4e39MLk-n0nKegket_Ay-JnJc', '2024-02-12 08:28:37.405000'),
('i3qtdfnz6a7qx0ie7u5h7u10krszujk2', 'e30:1qj1we:wzxMsSBmLwMgfBLlAPs0QnguThGxRaKmykoQcOKHMIw', '2023-10-05 02:29:04.211000'),
('i43umwn5tj0rjiap7l6bvu925rbwlx8s', 'e30:1rODON:yj7Xmn7IlRF-ighBCecPZ_L-blJbz3BUahlGFsaq8L8', '2024-01-26 16:59:55.450000'),
('i4u3bdudi0daoietpv32u1mw4jrn2hy7', 'e30:1rNnEM:gusWnUB5PNRM7U5IUHNHG5BzOhMuHB4qUaFQTkC0e_c', '2024-01-25 13:03:50.965000'),
('i5suh9dvqv6b2lg7ncqyzuj8nf0echqo', 'e30:1rBE8x:aOuy-l8Nk0ITonxoROR7lYswrJQew9LK9wLF0yms-_0', '2023-12-21 21:10:19.387000'),
('i9kmfxxxyeypy042ea06r1usg5gj2vrm', 'e30:1rOpT7:sSJUZRoAOGWWU4mzJgGGfLW9t_PCOxFroHksbKRel-o', '2024-01-28 09:39:21.254000'),
('ic6o3rvpblgbf3eu1kw7mquyghfp5apf', 'e30:1rEK9K:P5rEfcc7catlxBAHfJVzO03EqH5IzxV4UT0VCK_nW-Y', '2023-12-30 10:11:30.579000'),
('icox5az9s5s4w2ll3ctc4kekuujd2m59', 'e30:1rRard:aZ4lQZbsyLJgdpisMmldaDHqt8BhDZIBVeXOceHqIY4', '2024-02-05 00:40:05.391000'),
('ids5vtw0xo111lrwx5a78lu4tgyk5xak', 'e30:1rOTyN:BmtHIRTJvBwaIMx07hRd23j6TY4DUQixGz_cHvaxwUk', '2024-01-27 10:42:11.011000'),
('ieox5a4cvdpar4nhngxzkxjeikkoqqm0', 'e30:1rHl4W:zqcDm0PQjyPxs2SCeKMj91t8996Nk96g0YdQZrZQW2k', '2024-01-08 21:32:44.820000'),
('iijek5kdwy8wo5y271lea5b5b18n3j8s', 'e30:1rOpT8:iEHe9hQiniBECbexIb1UIWV_COVWCZZ_hKzUUU-NIGo', '2024-01-28 09:39:22.604000'),
('iiyops1g4sanr26jfvqdw357nq34ifew', 'e30:1qidjQ:xM6Flw3wWxdN8Zv3kRSBlH2CyANpcP-S1QZLE-tZQOI', '2023-10-04 00:37:48.879000'),
('ijpvtnulwma6ducdwf75mfciyyiqc8i0', 'e30:1rRSuJ:o9L27CvyH27oyjzfSnktBnCGHIHJbfxCtOeixDelRHs', '2024-02-04 16:10:19.965000'),
('iju6hxnbnvkfr7tzbpc4yp94vdi4by92', 'e30:1qhqth:Td_rA-HFNE6hpA7AVe0iat4qNLytRgrzOaz0LFLv51c', '2023-10-01 20:29:09.833000'),
('ijzzos44ln8flntetk7nkqlp6cx0775h', 'e30:1qeKPE:cY1P3mlUZC52VkhExKFu0lEmyz3pQBO7oFNW9oNHALY', '2023-09-22 03:11:08.888000'),
('in5284q6q2h73sv5b60rceiqnd5topkr', 'e30:1rNn8v:idLKr8CucMjlmKt-_SsLZxBChfOsjGsoBA0ibjQ7WEY', '2024-01-25 12:58:13.195000'),
('in9dijhnpp1837ql6dfw6c0sie5hvy8r', 'e30:1qeCvN:4ltFpdkex0NatuYIj3oP_EJ-c8X4Bw-Jqb4K1jsd5Rw', '2023-09-21 19:11:49.177000'),
('iooxl6zxnik12e5vyxca9g2jhgdi7wnq', 'e30:1rNFnP:3KpmGyWuNuriRnuGk-zQ8x8ggDlYznnEOc_-ydVs5jE', '2024-01-24 01:21:47.507000'),
('iqaish4envmdejp90952kmte99b19cn0', 'e30:1rAfVB:b7Vv23O5cp5INrfR1xJxEQgPJy9nGzdFmUULcjPH-ps', '2023-12-20 08:10:57.583000'),
('iqmw7bgy059nfrncydmvhre6ppg8q4fq', 'e30:1qhYpG:Nvc9j608YJr1lkamThYtoEJCt77pC5sUC-ordifWkOA', '2023-10-01 01:11:22.595000'),
('iqsr2do8x2trhki7zyh1iz93jko0e5lc', 'e30:1rKLo8:t1tQ7z_BRm6l7ul2aUKAKuX5_pbUyvXjSxY4A-otSmI', '2024-01-16 01:10:32.453000'),
('isdri738mbf86tamf2090a0usanoqy5o', 'e30:1qivld:WnRBgA_MtpJuM9dNOJtHLKsCz1DeARJlDza1fnmsmB4', '2023-10-04 19:53:17.177000'),
('isih5dhindxgbgdm9qocm3s1e9pspunp', 'e30:1rJfpj:HaT2shAerSHqPPRfPlYk2-2Gf417CTw_xzlDya02VZU', '2024-01-14 04:21:23.719000'),
('iuf97a94hbmaop6b3vizxvpq1jfoahbc', 'e30:1rSrX9:-WVxtX--PkAeUrHun5fqL38rjaA60lFtbU5J96FBxWE', '2024-02-08 12:40:11.514000'),
('iv1mwixkbf1stz138qrz3tppvek0fd71', '.eJxVjcsKwjAQRf8layl5x3SnPxKmmQkNllSaFBTx322lC13e17kvFmBtY1grLSEj65ng7PRrDhBvVPYEpmm3O4hxXkvrvp0jrt1lU1RajtDyXK7H6g81Qh03ztkrZ7zhiJiMFtYkIlDSCZ8gese11VIi-TRgklpZFCTMQAptJAsu7dBKtW43gR73vDxZLyT3lvP3B4KARVs:1rkdf8:x-_U6Uz0z0MqNYQgLNyNZmTAtc-CYmGXA2Dif2J13Nw', '2024-03-28 13:29:54.671000'),
('iw148tuz1v2dzcgb9p7pz6mbfs0l63tr', 'e30:1rCt51:ny_buwEmRWXQNpYmw7mDdQAFuJDUXkQ7ZKKH2HslLk8', '2023-12-26 11:05:07.924000'),
('iyvxbpu7hfzyzhu8de5rfaobwadwsjp1', 'e30:1rDkxS:5zygHoT64oISEHDtbw49bPUb8_Qc20PasscoenvI65M', '2023-12-28 20:36:54.126000'),
('j0jb1o46uektj5acxoyj0chwoh12wzld', 'e30:1rD4Bj:N-rU_apb4XnfAtPh1Q8Hvg0RwAEwiwIZX2Pq-v8cIkg', '2023-12-26 22:56:47.970000'),
('j49po9jlasgdjxdcxwdlqpt7jntm5xfl', 'e30:1rAh8A:YlWE-XYMWZjoFA10BIkte5HxvP5hp5q0M0uQloPSuXY', '2023-12-20 09:55:18.604000'),
('j4jiv4dblioty5vkplhlprs83jp18tfb', 'e30:1rFFyL:QwsH7Ileem2doc89bv009dAuEnfFgTZQaA90rlnw9r0', '2024-01-01 23:56:01.687000'),
('j51groy6poqznom2htf9w0gc9dr0tlt6', 'e30:1qi77J:ZwqEpgUjv6jJFLDCq9sVaQqDZp9dx2eOJVx7mAtfIzs', '2023-10-02 13:48:17.317000'),
('j618f7mz91y4epbz9u02ntpfa6wp7vnc', 'e30:1rMNxI:BOhLLaV75GvitllmIieu-QIP5BsgQDw9bCrv9ffnON0', '2024-01-21 15:52:24.092000'),
('j6lm89zrsc9qep01c9kqxnmcgvocgsys', 'e30:1qj21e:z4BxolaTXyFhDmj4L6Z312az5XBIwJ6VgQAmuaKyGzU', '2023-10-05 02:34:14.715000'),
('j6uk158zmqf95ioe11n46lsrbpda0lvj', 'e30:1qj2Sc:qmGe-Nn97tIDxXghexONfteFVfmyrOYgBnVurPgH5J8', '2023-10-05 03:02:06.398000'),
('jd7yfpf6rvw1ulhvg7gdprtzg5mr0245', 'e30:1rCCVB:KWDjR_vgRHfuvEKgRw_JQD7D3kiX-eMOtsd72TFt_TI', '2023-12-24 13:37:17.033000'),
('jdc7em8a3bc0av7t7i75vidbm1tncqw0', 'e30:1rFyGG:PSL2J6crdvvYGGW2km0H1fLSwgxfrmdF3s4HGGlupGU', '2024-01-03 23:13:28.598000'),
('je9w8qdi73d45iwtfqsquq7l2f7iofp2', 'e30:1qdfAB:pOVaA-Z7PqhSDhpstUN5oV8BYdLypwUennQgyGsT0ws', '2023-09-20 07:08:51.790000'),
('jewt8c6mjzh5bomk9w86d4zln89xa2yn', 'e30:1rKIMb:uRHM-AFWB5olWq1jctfr_w86mgtnsdOcVuCcFHir9dk', '2024-01-15 21:29:53.886000'),
('jhz7bh6euz7d3pfc40ggb78vz2v8isbm', 'e30:1rRwRn:CinyupoPGTzJPFJ-KzTclV9vJ9MYnWgni6On2EWWptg', '2024-02-05 23:42:51.753000'),
('jjl7qx8fxiy44rbn5gb6kjry631n0s9a', 'e30:1qgL0C:yAD_uPUQpnLV7I6UaT_4iiwHTdvRKSdmIQXOrzaCZak', '2023-09-27 16:13:36.593000'),
('jjmbet1lz0kiu06hlwukdorkrq2fgdtw', 'e30:1qgmUS:ZXpgjrnAGHMI7aGuxynTgojSdd8W4FI9QN3gdmWV1-A', '2023-09-28 21:34:40.851000'),
('jkeolhbprua0cq86x9z2gbahztknv90s', 'e30:1rGhwG:4HSZeky19CIk2tVqGB4eqhu9VI3M7I0A-DoCDb0F2PE', '2024-01-05 23:59:52.590000'),
('jm3hrozi6b8h04aaak1s8u6pzp3regfm', 'e30:1rCKdk:-rZI2chfkBTe4MOiAqPdYQYteZCmEjcM8_IIjE-wTWQ', '2023-12-24 22:18:40.886000'),
('jmuyq0a5cu4kdr43z3xfs1j0a67id798', 'e30:1sl0OA:oqZl6sSn-sW3gh_UK9z1BtMl46qUdlUU09L-0n5FRT0', '2024-09-16 06:18:10.093000'),
('jqtwbkf44nm8tb6u28thhngfic3fyt0n', 'e30:1rFFyO:cwT1wJJwPfXQF5U4iGYk5CuthCwfTDKV6l5Yd5aWbIQ', '2024-01-01 23:56:04.834000'),
('jt0a3roypzhqcux0qusrqqzn1hfht7f6', 'e30:1qgmUR:iCOjuR8MteUmLtospjOWI3dC4HpEQcn3qI02tGR9PtQ', '2023-09-28 21:34:39.888000'),
('ju2v3yzz2l7grx24ivl4ej64f615jda4', 'e30:1rTpIx:AWtV4gg4d0ckyaynZrE4wpJpA-sXVFaRovU4PKTTqOA', '2024-02-11 04:29:31.634000'),
('jya1qqqm4uxif5odms1sptgtzmrbvhq1', 'e30:1qizei:AhURsEnPOR4X3R9PDGDW4561Q0iavO-Z4dOtWCTRspM', '2023-10-05 00:02:24.039000'),
('jydn5euwslp3ajk80f32ri26ahsc603q', 'e30:1qdIiS:ZmI_cIGuYkzd2tSk25Fqku1EM5_D3Z4ATbxRwpkxjeU', '2023-09-19 07:10:44.627000'),
('k00vjj2we5c6rjcrv0whqhas21iadv5k', 'e30:1rB98C:rM7I_Z6rJIroTFH6OOs-9qAUxBssVmZ5Jcm2KIxzOS0', '2023-12-21 15:49:12.245000'),
('k0eyleldwim05nvp9q3tn9q0atuccjk1', 'e30:1qincx:sCK2U1HVXeXxpBiqhl9PtfuAuM4OaYPizYjntWdNfzw', '2023-10-04 11:11:47.516000'),
('k1dkbt6ctuozz8zlru4ayt6y3apvu3tp', 'e30:1qhiEL:B7W9HbvgrdhaJW2GJj4mHLqcWHZGR3s52IjsHTAceOU', '2023-10-01 11:13:53.930000'),
('k436195hk2emfgpyin8b70wdcqqznbvm', 'e30:1qhNdx:JKHy0Iam1Qmg3S3Wpnttj4yyVHd4dmKtMI6M-JPsP6Q', '2023-09-30 13:14:57.327000'),
('k4zd5stchpqe3uxcy4tvw93u9jr1x2v6', 'e30:1rAfIz:LPoxYrgDQxCKjolVguujdmggKKbCqdil7RrXxJfAkhs', '2023-12-20 07:58:21.891000'),
('k5ep3xq60s4upql2urd757hm46frbpbo', 'e30:1qeFaE:qXPOhx07m9K6WfMvnXMGdOnuNP5Wp5ae8RRekF1sdew', '2023-09-21 22:02:10.768000'),
('k9s37vg6tad1vysylxztf0oe1225qdzq', 'e30:1rFy6F:QpPRSQ_PhdCRkT07yQopmYUd7E-9NqHP6e7WoJWj_0c', '2024-01-03 23:03:07.794000'),
('kajrkzz9ryo91ml9n7mej4o00lq5nrx5', 'e30:1rCeen:kdr3X1JXxxS7spWOtW8HhNXJin6U8_emVxGwyjB1PkI', '2023-12-25 19:41:05.963000'),
('kcqnhrk5xubuqd22q7jxnqw4fyf9plvd', 'e30:1qiXTc:sR4Ytl3ZxLwnl-WYe5BVBqZmoohI4WwSqGnYXNAd9R0', '2023-10-03 17:57:04.151000'),
('kdztvxk4cfqstxniij0xk84yf5pamtxl', '.eJxVjMsOwiAURP-FtSE8L-BOf4RcXmljQxOBlfHfpaYLXc45M_MiHkdf_Gj56ddErgTI5ZcFjI9cD4HbdmCKMe6jdvrtnLrR20y59jViX_d6P1d_Vwu2Zf5wF4BbyYoUFpVJwVgtnMOsU7LZRACmUgAohoOSNgaJRWNhTAk2-4a8P6baO8Q:1qhQkW:4MFzr74qNVDy1Z8q1F9UuSnmwhShFsAS8bZR7AJc080', '2023-09-30 16:33:56.839000'),
('kervlmwvve863nqcoh0q4qw1dwms2irw', 'e30:1qj2CO:7a_O1OoQDdDN8cRhrAuphBrdA5_nENAW4Bl5nM4Wu-Q', '2023-10-05 02:45:20.804000'),
('kex5p8osy866ivypk01eegh742u2apzn', 'e30:1rPMW4:wUWp4WRAZV4CgDUY7ltJXrSIUdYVBZVhUDPxRXH6uRY', '2024-01-29 20:56:36.812000'),
('kfezi3wjai6pprsf88qx4xgzzqxnk7t8', 'e30:1rMNNF:crNG-LcIS6qBDNocnvqEtyMPxCQ1bFZSSEsqtcW-Z2g', '2024-01-21 15:15:09.219000'),
('klemvnttgwtbmgqxc5fckhcjdgnh6ly5', 'e30:1qeGlQ:bSigiedlAJPwvmgmpfwlpg31iTJ1Nblm91AzkpCpZzU', '2023-09-21 23:17:48.351000'),
('kpkjxtqcqxnklwm5w9y9lx7dczgmra2t', 'e30:1rNnAI:ibNoyLp3_wc_lyMzzpCGo5_T6hIrp-BlTwyYIIfigVA', '2024-01-25 12:59:38.102000'),
('kr04p941q57azmxc1znu2uq12986l9ig', 'e30:1rDL1T:0b7QUQ-FYl2USv2UHoiE3FN4CE7VLYaCiWIBSnjKBco', '2023-12-27 16:55:19.462000'),
('kt77h8xxk16ad2nb44o0q8m4fpe4bqer', 'e30:1rTpIW:UvHo3RpxzWUkCyX-aVSjFUj1Q3x9w8SMwRJU3BTqNl4', '2024-02-11 04:29:04.536000'),
('ktq6lkljfcpxed2564bgzgm52bnawe03', 'e30:1rP7xX:R08RC_10uFkfKXhNkyEIoALnqrfqSJEtZ3xWp6_9Se8', '2024-01-29 05:23:59.339000'),
('kuyorxife0jca35u0rawhpwt7i46z1el', 'e30:1qi5rk:kZ9TB23nFgdGM4tYJNx5q3SRlVTN3Ij_OfLhFtK-lAM', '2023-10-02 12:28:08.867000'),
('kv491v507yxuk85hhifgpgam5i4rb82i', 'e30:1qeyH1:6B66_cbkD4WzeLxhPWUsku2xNBuUFSDKS0WTKViiTYQ', '2023-09-23 21:45:19.742000'),
('ky15sgdf1kug1qtrtwwdjlms0lb5xnd8', 'e30:1qg40O:Qas1yNkbRgVgHOrSaBC8q8pOlI5KjK-5-sNQ54ISTr0', '2023-09-26 22:04:40.699000'),
('l2qay112hn42vu8c66rly4zk4n5q2ktz', 'e30:1rEurg:E2i0n1uJaKzOAjL-BD901mpSN3K246VZIjsswNF5A6M', '2024-01-01 01:23:44.814000'),
('l38fv6k5ers8789dxvo5tq0nq1v4q0n8', 'e30:1rQi6Q:lpEI8S68fL6i_Aunz4yjIIq7vIz1hUzBKgo0gUh1j50', '2024-02-02 14:11:42.254000'),
('l6mauipix1pxzthjbk3psb8rx78wwhkg', 'e30:1rJCGM:qSanCnPwC9142h44XQHFJzBZRihO1kOWpzFICBBMMyU', '2024-01-12 20:46:54.695000'),
('l8vfwc7tyr3ctzjhi65jyl0la94fxq59', '.eJxVjU0OgjAQhe_StSGF6dSWnV6EzJQhNJJiaEk0xrsLhoUu39_3XqqjtYzdmmXpYq9aBer06zGFm6Q9oGna7YpCmNdUqm_niHN12ZSkEgOVOKfrsfpDjZTHjePPQAyWLDZCwbOYgQes0TF4bzQyDsBondE19sY5MOzFAhom8MRuh2bJebvp5HGPy1O1daO91fr9AUeCRGc:1rNSp9:sWp_V8gTUhZ4FCjyE3Ru6VHS0B_yDlPQGw77iHWpO50', '2024-01-24 15:16:27.598000'),
('lcec8a2b4x5wlvj0fyxt40qmv8ens5wj', 'e30:1rB9Mq:oLLNtrrYyEZinoqzcfvs_sUMD6OCWFIBNVjip-Q-9cQ', '2023-12-21 16:04:20.154000'),
('lco9187yljze57r8oerzmvxoh963a6rd', 'e30:1rGaXp:Rv63NtBHqLbv2VRx6xO29HPyYe6L3ICCajO8ZWXuLH4', '2024-01-05 16:06:09.945000'),
('ld9b9q07v7po6xnhd7ju5fj06srkvjo7', 'e30:1qivzv:EqiJ1ZmfAOPwlBhLmXvVFHzjbOVyzQdSUvGFNFqMMXs', '2023-10-04 20:08:03.044000'),
('le1evuasvmxb3dd13fj1wr2zshtdhu6n', 'e30:1rMNNR:zR1LBV0IoGcGPmB1uy0pScA9jVCsRath2QVX7-MQG1U', '2024-01-21 15:15:21.676000'),
('li0549q6kwqcqpnw5nr2pug2djf877zh', 'e30:1rRCUZ:R_8c_uNaW18Gz27G_4b1O_LPGgnwjdKRUMO8qx39KxU', '2024-02-03 22:38:39.696000'),
('li0gj1mnh3gkeg9ggjxkjk5y25lobk3u', 'e30:1rGX0s:3uqZ1VU8jbu8Ef4nu4-z76itmNNG3csaEIFJ_GypsfE', '2024-01-05 12:19:54.126000'),
('ll152bhc2c5yohm8mg8x0x2ipve62ke5', 'e30:1rB98F:P0O4sbA5zA4e4PcleEkfOCmyJNwE2fIqKFVJavEwwVY', '2023-12-21 15:49:15.032000'),
('llowof04muy8admhx16ykb7hqwtvb394', 'e30:1qhvib:NsStTHQpZPkeTgi1JdjJ4y63hBkg6SYuchFWRL1oB88', '2023-10-02 01:38:01.975000'),
('lm9n8pc8q6e25x7peyqa8i5p4pzvpjms', 'e30:1qiuyD:tm_QlStdxysD7AadzifNFDJTQj8yitoW04xfmeENXMU', '2023-10-04 19:02:13.507000'),
('lmuj6g9x434j5j3tvv4h661wop8taido', 'e30:1rNav2:VRiZF4B3HX2ZegJTSvkVXrd6q-Digsi7hT6Kv-LKBhA', '2024-01-24 23:55:04.042000'),
('lnjkkc0z6o7c3x59xdb810t9e0uucfis', 'e30:1rQAL6:UZnPZ_L1JVn_RNBwG2opAQeVSCsX5Ien_MEO-aCSh_Q', '2024-02-01 02:08:36.187000'),
('lnuul1wlt9ydmxlz50ar8noaqckyvfwc', 'e30:1rODON:yj7Xmn7IlRF-ighBCecPZ_L-blJbz3BUahlGFsaq8L8', '2024-01-26 16:59:55.164000'),
('lsg3ilz0qw93tn66hzb5qbngn50865uj', 'e30:1qeA9f:MWNz5MwzdfhWSquwqDmchBxKOi2ymqaoULtzeD466Bk', '2023-09-21 16:14:23.399000'),
('lv7939i7vi3crx7i5i3zbxvx7o9ab7s3', 'e30:1rGiUW:Bwf0L5DriGQdhkQeIOBo1RQZeOqpoudSunYIUSu-P4g', '2024-01-06 00:35:16.619000'),
('lwm8e7cj58qy68frykr854ruu7jlpa85', 'e30:1rH7X3:I_hTUkGpVKK7OKcLDTpZrPQl-0oAp5N2wZ8P37H_bX8', '2024-01-07 03:19:33.076000'),
('lzl6t0rowtcdi1pl6ces3tbn7m8e85nz', 'e30:1rB9Lt:I4LN3Fe7--H1bVn3a97vVHkij2JVIV4cqL3B4C4Rqnk', '2023-12-21 16:03:21.666000'),
('m1ku5omfe0q87enxgtnv99n70pk8wsqb', 'e30:1rRFjW:oNXm35TsexW5mRaT-xjPShax7Hs0z6jFei7rB9oxCDQ', '2024-02-04 02:06:18.961000'),
('m2gbr6bys40o7gnf3lhkvewuwfx5efo7', 'e30:1qiXTd:gb9755vIBz_g9WNqAES9S6MbwlUZYUzXmcs7ceq2jb4', '2023-10-03 17:57:05.319000'),
('m3gkw3oqqqkmafwrex9u1k7zl5w3ih25', 'e30:1rQjBk:rQGu53DM-rFNkRFZ39pPwuhhAZXphqT_dAOX-BFxxkk', '2024-02-02 15:21:16.314000'),
('m7271sdhriqfmz1gth5ohkt98xr0al9r', 'e30:1sl0OO:auvoWBJCO0jx8-b6ppr8PGm2m7GqvomqspAoL05z508', '2024-09-16 06:18:24.150000'),
('m7n2csx3yx8m8zu9h70hl9cayurmt6iu', 'e30:1rQ8HH:Z6lR6vxMr9Emi_CawXrL7zFilmkDPxpDngO5Nodh88g', '2024-01-31 23:56:31.181000'),
('m7nplo4j1w4dkq61051hlct3nwgrizza', 'e30:1rTGgj:gcRPJEXkJG-1IXziuEAEK3QgylPln4lBtBcWg3ufKyY', '2024-02-09 15:31:45.185000'),
('mbll4zq8i1ecu1lxcjqjtcy0woldfzrp', 'e30:1rTofr:R3ufHlaFoJfhoFD8QjqgSGeHT8i0MF-UWpOSStfYfSE', '2024-02-11 03:49:07.097000'),
('mblx54kua688m2kcw3sfevedncocee7e', 'e30:1rNWkC:rIIxU4xy8PYX36lpQQfyKHtSIxcu5Rfyl6gtTMwK2gM', '2024-01-24 19:27:36.851000'),
('meinrq619f55oqp4iyydl6ecag3ntn25', 'e30:1rIZEA:4P9TNB4NzpwlT0kEes7CjnDJxNTJiTQXxAplgIJzh-c', '2024-01-11 03:06:02.139000'),
('mfyah888ojbsc96cj7rw4qtq1eq42zzo', 'e30:1qeHU7:NxbPhwYqJdz3JJTSpfduN4onotjjj_meLwZMhbR_YnQ', '2023-09-22 00:03:59.661000'),
('mh3bdo2029t9ia1j497gq104ibf65mdf', 'e30:1rE20x:wllf-MIb9eu3xlNgTnaLtsRnXdmtyESTVbvURFLm_tE', '2023-12-29 14:49:39.967000'),
('mizdbn2397gr4ner0sxx3qo8gaqee9vv', 'e30:1qh59T:VOgEDmscUprud8rhnazw6OvhixYJDpZtG1O0qtEW5fc', '2023-09-29 17:30:15.732000'),
('mklbdlyszgrdxkgvwss1t84g3v0dnzhe', 'e30:1rB9WN:bwrf8aKAKm-NDVm0UW3poo0GY83y1oW77PaDxPSrrh8', '2023-12-21 16:14:11.642000'),
('ml2a3k0hicih5pflqfmyz88f79dnzzul', 'e30:1rFFyO:cwT1wJJwPfXQF5U4iGYk5CuthCwfTDKV6l5Yd5aWbIQ', '2024-01-01 23:56:04.394000'),
('ml76ghqfgy1gs337n2skkqu0j8zfi57k', 'e30:1rEb2j:K_RTLzemYQVAPfRx625HDHfQYZ2FgPYPoJsxGE06VuI', '2023-12-31 04:13:49.798000'),
('mp4iffstm6uwy66tfh9rchrgohgumwc4', 'e30:1rMNZs:xwh26gOt-S9RaF3L_IgL88kOfEXRMVuY2Rpxsajr4IQ', '2024-01-21 15:28:12.801000'),
('mswi96a8dby51f4fnvpskdxubu6udahm', 'e30:1rK0xy:Ifn_Jf8F8-1ZJqXv0z5BJQgbFO1OTJOT4E2O_AL6qCc', '2024-01-15 02:55:18.538000'),
('mtdl34n4u5qllp7bnybtvr3g5yp2pdwa', 'e30:1rQmjg:odJWMHiTMrXc9512Qu18oAsBmJ2qhUDDXY2Js0pXSVc', '2024-02-02 19:08:32.448000'),
('mtql62o4f3n0dft3id7m0kjo1u7fybgy', '.eJxVjMEKwyAYg9_F8yhaW213215EUv1_lBULq57G3n129LBdAsmX5CUcaomu7vR0KYirUOLymy3wD8oHwLoecQfvt5pL9-2ceO9uzVEuyaOkLd_P1d9VxB7bDwdmlgw9Bq3JQALGTHLBLK2WI6Y-SE-D1ZaVGpSaG-eeMBGazla8P9wLPPI:1qjfu4:YfbRPE-8-gf0Xv7iXlKOO-_m5sO9mjjgiVUlFMBTrBg', '2023-10-06 21:09:04.014000'),
('mtwkof9h8l2i8gv33sexvefscvt1zyx2', 'e30:1rCOeJ:lLv6Y1xdCgtgxOUXMDwbHVazQQM8I8LFxTMrbrdW5Fc', '2023-12-25 02:35:31.509000'),
('mv68x7v68o5g6e8zm5h24ve6s0g9yd14', '.eJxVjU0OwiAQhe_C2jRTphToTi9CpjCkxIYaoYnGeHdb04Uu39_3XsLRWie3Fr67FMQgpDj9eiP5K-c9oHne7Ya8X9Zcm2_niEtz3hTnmjzVtOTLsfpDTVSmjRP6MHqKmrTUNmJsFZsOFRAaqwFJWs-ACMYiROwVqgBtZ5B9AIbgd2jhUrYbx49buj_F0EqwPcD7A0OHRE8:1rGYLL:UXv-Z8jJprGZfXHk_N6t5tElwnDvg0Au7CfPF0vdEcA', '2024-01-05 13:45:07.834000'),
('mz1prouag0uvsyyyjdtmwqqxyjpvv4l3', 'e30:1rMNhP:Xgky_CaIt1ja-lrQAjq3RkkIyoT96THhGdCIokjV65s', '2024-01-21 15:35:59.740000'),
('n4bh19ieqqbag3nd06hfwaogtlkfdpe6', 'e30:1rNmKg:ct8SpXpAO8B62eX-q7rz4IZfQ0xNSDB7kk0c0bbIt4E', '2024-01-25 12:06:18.303000'),
('n5cnr5jmmpxb3aee9pvhmb5gmr6rg011', 'e30:1rCeIr:aJSCvrcjpYNJCItQK5Y38LVaD51lcX4MSwEQdE_4glM', '2023-12-25 19:18:25.615000'),
('n5rsxxy3p2skkk1nj170pphc01jc84e4', 'e30:1rOpTD:8mMtF1RGTY-OmlnmtPtlgtmUqFx9D3sq-T3uY4fimO4', '2024-01-28 09:39:27.187000'),
('n6sobpq7ctfqrqc6ers7lyd43x67c4qc', 'e30:1rB9Fu:sZoEYgTCRxtxmW2TLgkp-BoKv4ZPwe2j0uNrglFWygc', '2023-12-21 15:57:10.826000'),
('n9pdxv6ualis531gp3c3fe7btfin2k8q', 'e30:1rQFLX:uWutymGfyCy1GVLy85MWpOFzC-7Yz1r8sBcdIhEIkvE', '2024-02-01 07:29:23.370000'),
('nbopydsoygv6f5jfcu3vy0otwb726l1p', '.eJxVjcsKwjAQRf8layl5x3SnPxKmmQkNllSaFBTx322lC13e17kvFmBtY1grLSEj65ng7PRrDhBvVPYEpmm3O4hxXkvrvp0jrt1lU1RajtDyXK7H6g81Qh03ztkrZ7zhiJiMFtYkIlDSCZ8gese11VIi-TRgklpZFCTMQAptJAsu7dBKtW43gR73vDxZLyT3lvP3B4KARVs:1sl0ji:JXdurjoIIcGeDEB-u7MJutsOb1EeRPeDtuqGpap7qhA', '2024-09-16 06:40:26.085000'),
('ncdi6nd5xvmjwjem1ajydcqz28isptxd', 'e30:1qhEvo:9JL-OO9hyjZAposc1JLpu0mBfh90O0zUUqFupCx8MSA', '2023-09-30 03:56:48.330000'),
('nfp482qrdri1sw8otu4g7amngj9lc809', 'e30:1rS0gM:bLnakJm6FDQd_qiWUCsRONrpH358mj6LcSo9KIK3tvQ', '2024-02-06 04:14:10.614000'),
('nj7dcbd83itt3c212tgy1yn4318ldcrj', 'e30:1rROVn:dNH3se6lkrv8dloMwMyuoonsp5Eg18P6a0j7KYXsayM', '2024-02-04 11:28:43.917000'),
('njnqljww5i42vcubbm9664pgv39zcn6y', 'e30:1rTofb:eCAEEAIcKmdKwj4-hWJBDfT0ywJe3NZ9aSZhWVpEOsM', '2024-02-11 03:48:51.540000'),
('nlvvrteqi4kknjnzee3kgq5fe5a06203', 'e30:1rJwzf:0TdSwWU5alT__u_LVevyNFd3ZZiis-4-cIy5R7uVNk0', '2024-01-14 22:40:47.791000'),
('nobcu37php8sfrmhwzicn1xartih2v87', 'e30:1rLEpj:HOEuBQtWQPUR4p06SPRpC8DduoTFeG41E5FzuBmgQ9I', '2024-01-18 11:55:51.157000'),
('npwiprv1vff83ct7463tl5io68rhu0bl', 'e30:1rREqO:JwdxII28Xd1WWyejqwI0GUGYnYG8j8eAycV34GuXIHI', '2024-02-04 01:09:20.618000'),
('nqgg54uc49d7nqs2mor8rjrc41crpll0', 'e30:1rLape:oDog5K7XqQAdPT2jQ29M69ubficp2wFpHQzoph8oR9w', '2024-01-19 11:25:14.047000'),
('nqgi15wp4jv76du0o3zo716acyoxt5va', 'e30:1qijeN:6gVq7qGJWwqvgQno_f6ENmpnCXoRPCaqD1liVHfd6SY', '2023-10-04 06:56:59.630000'),
('nu0u1t19r9uwd027gq1hgt8srmi88278', 'e30:1rODOO:BP8uUPc2o3o0kcrG6GDyXswSUWbc0DzYymgSuqq3bKI', '2024-01-26 16:59:56.247000'),
('nul461hln25i2j30lso3f0th21w3jv74', 'e30:1rQ5lf:ngGVCpfNrc4GiJbRptqiw6r7GhW5lLej6Xl4NUhSs9M', '2024-01-31 21:15:43.783000'),
('nxn9t85xeelvkupxorp03qaum8pljzkt', 'e30:1rNlDV:NWIWzyDbrA9E4d3KxF2XtjEvW805Zb0Qf6R-gmf_IkU', '2024-01-25 10:54:49.593000'),
('nybu0gg6nywqj7zmo1j2gmk9jehk26k1', 'e30:1rFLgt:P5KEhHfQDP0djzHegLkXmZPyBVeCtLK2vkeRTlQW16s', '2024-01-02 06:02:23.856000'),
('o09tbj6vxbcpui9qlq06ovs6f8tm04yc', 'e30:1qfSyp:7sHgCkLGOFXrToBKzGAexD94kXyL8ecTmgmpWL3TPHo', '2023-09-25 06:32:35.845000'),
('o3f7qhdafkjv82mbufo3v1p29w100ito', 'e30:1qiXTY:M76NJCbLGv21d4UjEL6gJNAAwyu6dm9KF5FQrPWFnr0', '2023-10-03 17:57:00.757000'),
('o40844pk813pwitpyhdlj1rlafzc1u1l', 'e30:1qioC8:QBYhgV2qx2_d26e5Ov02V3gRDJI-uJgFT9WJkLvQl5A', '2023-10-04 11:48:08.343000'),
('o6lk1gsqhh2ea8z7seydzlk5ghepskf0', 'e30:1qga48:lX_bgTwqelIbwkBsc0qTZzreVTVdR0vGlYAXW2RzTOg', '2023-09-28 08:18:40.640000'),
('o85hym5rktyu4tom4jy64ebpqi8zcibb', 'e30:1rHftP:V5ZiUxBp5SuFL-QwSRPMGheffMW7D2f_n6bT0j1vTNc', '2024-01-08 16:00:55.672000'),
('o9bnkg9y00nwszu7jehsq96scs1xpwtw', 'e30:1rFFyV:4G7uzlylxVlyiqg7N48aMTZkY3U7o8PG9uTFqyjAVwo', '2024-01-01 23:56:11.198000'),
('ob7x75oeiaqgwkl5z333e4uy57w4aj19', 'e30:1rAfJ4:Lb2gjMd_tp2Jfe8uVcMpzWXUKSvIW2ZQSg_PgHkHxzI', '2023-12-20 07:58:26.365000'),
('obbluxawoyobwuvjadfegfddowqzxwc7', 'e30:1qjJHe:idQ79ryaGopgXlPzn3WJ11gZgT7clPrJ8QgaM1lzIjw', '2023-10-05 20:59:54.346000'),
('oci8spi6vxln1id4iojzaem8brgap7nq', 'e30:1rJHx1:e_uiKSFbHlSBAO-rJD9OxrBNk6vhGrvAGRU1ovKQs8I', '2024-01-13 02:51:19.413000'),
('od7wv04jz3h5ni7rf3kw6du730237vop', 'e30:1qdPdu:-aUpvSEjwaWaMhJEAiEBuSy6Vtyyk826m8b41RSLL-4', '2023-09-19 14:34:30.725000'),
('ohevx2ajzl2r42blg9t7ms2vw4bvgv4x', 'e30:1rODOM:CaT4eWj0xldTScaDIe174hgMKIAmzcud9M6U-pF_oeU', '2024-01-26 16:59:54.176000'),
('oj1qzl4geqikiqtuqqqu84kjfaq7bwgb', 'e30:1rEVLw:2z0DW2z_sYkXfqdKv_0TxTXjWzjF6ITA6GWc3jIwmuw', '2023-12-30 22:09:16.273000'),
('ojb1q3fqtjeyl6vlgt9mzu5ajwlfji9z', 'e30:1rOpT4:BkTcgBkcEw6mlI3rBOYgTxpIKfoNWqkpcN85c--Oo6E', '2024-01-28 09:39:18.157000'),
('okglymzyi9u08grrkzq2l87nawxc4ofe', 'e30:1rFFyM:2XJDOhimgB7J4EE_VoteQzKR9NODRxt1Jz3INsB3fp0', '2024-01-01 23:56:02.962000'),
('otxr0qaqrvjljknmxvfjie8641vpofr0', 'e30:1qiXTa:eWxcurHC9r77seR2NxqMdZgddWFoi1R29XDoFwTeuQo', '2023-10-03 17:57:02.402000'),
('ovfpfib0vz43ngin7n5o4dsw7vx6p2d8', '.eJxVjdEKwjAMRf-lzzLSdWvXvemPlKxNWHF0YjtQxH-3kz3oSyD3JOe-hMOtzG7LdHcxiFFIcfrNJvRXSjvAZdnjBr1ft1Sa782Bc3OuG6USPZa4psvx9aeaMc_Vw4GZgVH1QSnSCIhaDzChBaOgx6EN4KkzyrCUnZS2cm4JB8I6rdmlmXKuNY4et3h_ilG2YDXA-wOE_kVh:1rMiSK:-Wi_lTKK6TUCGaoXk3QZNVEF3M_0psCm5ZGdm3p8f60', '2024-01-22 13:45:48.760000'),
('oxx9kbhlm72da67mgkqmjsywhvdkweyn', 'e30:1rGrda:PIuyLGVfxyquSwo7gwtV3LnCQaJGdSVx_3hJk-gDdQs', '2024-01-06 10:21:14.983000'),
('oy689omhijpg1jl2hyos0houuz7ch9jz', 'e30:1qieeG:xmk0gijF44Fwwtd6VsnLMSJu76-waU4FKbzXLOQHnVQ', '2023-10-04 01:36:32.782000'),
('oz5c0k0me4ztywl6ucnaw5g7gu89mj01', 'e30:1rPIBc:q2CkpgmnO1T6kZjLNKbaqMHDOAQmh0XXa5fHavvTJWc', '2024-01-29 16:19:12.969000'),
('p2so70gf366fe9xovr8xyif2xri9p0hz', 'e30:1rDLvY:Y2lIxZtpQ1BPdeuYCD9k-Gaoc_3zDX-2hH-7paVjqHo', '2023-12-27 17:53:16.585000'),
('p3a4tk28w5792acbkmr3oxhoviut4h8q', 'e30:1rCsFC:u-CprH2ZT7JSXSvBckKtyF0pIzBVV6uYY9coWgNUWyk', '2023-12-26 10:11:34.826000'),
('p7z4tzipb44tn6oscp4wruw9599e1vxn', 'e30:1rQqVz:j5Ew8aCQXdh-XWDV22CoRcIVo8qV2JSIKAspWcdczic', '2024-02-02 23:10:39.437000'),
('p9zvutntkbvll27l2oxt3mggta72q4ij', 'e30:1rLUSZ:FoNMMdQ2nD2ZSAt63sitRRBd4MXVFWlgtE6A6dGyPR4', '2024-01-19 04:36:59.594000'),
('paourrj3r3ca90xpdfnohks7gfyvt9j8', 'e30:1qe8gb:IW_8zADBlSgeM4b3KHbsqrsDwS-vxjXqFH6QOleYxzY', '2023-09-21 14:40:17.875000'),
('pcr4hpeps65jbqa0dq5tc5gehogixmtv', 'e30:1rCCVF:pXPaFdT63H8hRU8KYmtLCOcNiidspVJpQvaFPn9FEmI', '2023-12-24 13:37:21.139000'),
('pcyih6j1hkzty1c7p4qm3kt9nbshabxp', 'e30:1rD3n2:11IBWpGMcR401nAq9wTux61D5_ITdsaIJcKBJqrz7uE', '2023-12-26 22:31:16.843000'),
('pdhiexjdnpkji0yy55w98tydgf2thzb1', 'e30:1qgjjS:h6AEstC_j9cGg-HmNsyN_rv67Pvv_2oMK4tcFP8BEUI', '2023-09-28 18:37:58.888000'),
('pf28o8x78ns8v6q8rni02cwci2fe4skr', 'e30:1rLxNX:Oxe4gGkJ337llgFn5hKAehllkOYqF-JQWtf8iVZXfyw', '2024-01-20 11:29:43.475000'),
('pfp81xfklsq1x17lxd4x4127a7ypm2cz', 'e30:1rNnFl:kSgDSnZ_xITyBUqdtk4TE7H2kxvXG6Ftf8aF-EvWf4g', '2024-01-25 13:05:17.100000'),
('ph37r712z7nqn45xpuwbhrklchpart01', 'e30:1rNnDs:jW15eh_EALfEru4zalNAS-M3KKmru0PnQDuzZR0Fo18', '2024-01-25 13:03:20.826000'),
('pikxyyftts09yirfmcais8prrvjaac6y', 'e30:1rMNxN:HpxtplZ7PnXEN0ccGAF7_HgRSQ_3T1L9C5rkVPmVOQY', '2024-01-21 15:52:29.340000'),
('pj5rw7qu0g544t427ce1xsgoq0fhqmq7', 'e30:1rF2rE:8zUkQWA0yTY_FSJSuhqytotcl8Oo5PzYRWUVtn2mmo0', '2024-01-01 09:55:48.585000'),
('pjj7ot6qrx2m1tfk7cr7c426qwoigo7f', 'e30:1qdWk8:PTYt7neWbdYpxyASZubyFs6FhnizIaE6gLZUslwYKts', '2023-09-19 22:09:24.358000'),
('prg8ihliijzxz657qv3ej0bfafsqn605', 'e30:1rFFyK:w3HJ1gmOhavTMQ7agCq-RL1d6afCE7-4qQ9ah4r1OyY', '2024-01-01 23:56:00.429000'),
('ps9cpcrveos5tatuy1g0q6rpha723bmu', 'e30:1rEV0g:y4U-nXRm1NWmLWyXMqAN0hvJ7uIJ5cRWSTwCT2-ERO8', '2023-12-30 21:47:18.901000'),
('ptefo4st5m5vigup6axpo2vpc3oej9w8', 'e30:1qi64Z:zj_bD3J2N6BeE-XQwBQAl4RRhiO1fNcoZznu-I72W_c', '2023-10-02 12:41:23.856000'),
('puc136hxh03l7f6cun5oe6jdi44k7qpd', '.eJxVjMEKwyAYg9_F8yhaW213215EUv1_lBULq57G3n129LBdAsmX5CUcaomu7vR0KYirUOLymy3wD8oHwLoecQfvt5pL9-2ceO9uzVEuyaOkLd_P1d9VxB7bDwdmlgw9Bq3JQALGTHLBLK2WI6Y-SE-D1ZaVGpSaG-eeMBGazla8P9wLPPI:1qZHLP:oAh38wfCWAaU9HhrdUXAML4XllidfguDvI9v5r-0Zes', '2023-09-08 04:54:19.949000'),
('pumvx3t9pfznd9i99oerb8ju17hv3b5y', 'e30:1rEGXp:p5hzMisI20Nz5zU7_jzpZUCnN67umhCOgj-_I7cNYiw', '2023-12-30 06:20:33.988000'),
('pvlnl5x2x0x7ufmut26dhdr6hp1ridpl', 'e30:1rGoUO:hkYGWjP_DPJrFsZTTYdoc4h4jA7_55EGB4g2yPqrSAE', '2024-01-06 06:59:32.468000'),
('pwtj8obrem1q0xbjwaw2vpzlemd1jjfu', 'e30:1rQt5U:d8ddUZUWZyuQ3GdZieQosFmCeF_FOiQDptj3MJQbLmo', '2024-02-03 01:55:28.227000'),
('pyvuploy2iwji20oh0r7wrm6xj5q90zf', 'e30:1qgjjO:t9pheCw31VNUR3Zh9LJtVPRbwmgtkfmoZtBXgD_n7_g', '2023-09-28 18:37:54.593000'),
('q0ev093huau2l12v2wtp245wif9j5kfr', 'e30:1rTofd:wOnBfmvXFcnGqnw8LI48WagZ7MZdaF5hI2V5dv_xH-o', '2024-02-11 03:48:53.124000'),
('q1evmheur04w7yrdcmomueqav0s6418w', 'e30:1rNnB4:1u3DcuG_7lNwUbmYJoSrOheg_Z_0DB04-h8LYtFbFv0', '2024-01-25 13:00:26.547000'),
('q36tplhbsa0r3ko10aic0qyxvbuypvg0', 'e30:1rJOJm:wEuPrkj9rUSpkWBO3vl-etxJhPg-ubUlEHhEwHBGCRI', '2024-01-13 09:39:14.947000'),
('q4iizckr6qflxsiahap934cdo3l0n632', 'e30:1rMNNB:1bxHqiJOP1Zv6l-ZWv8aEosZcWTofnkTdYeRXYADK-Q', '2024-01-21 15:15:05.484000'),
('q4xs6ywxph48vner3kdgse9n3pl6px8t', 'e30:1qfyg1:2SPk2Ti2wroo_hHtDXEkr9u7g-qXj1YFfuRFmN0jcsE', '2023-09-26 16:23:17.901000'),
('q54mhqu7sdd1c3vh9h5jvi14xvbqge3r', 'e30:1qe0PL:8ozveTeedawatn6bGlq5K8q-XMzl_pd-XicTMuDGa-A', '2023-09-21 05:49:55.224000'),
('q6a1pmx24edch67upzb2znfehw81dkxg', 'e30:1qiuFv:5jYMDCQXGYORQ7T4A21Gu0dx_2nn_slQ6SZefPCIM74', '2023-10-04 18:16:27.857000'),
('q70f5v2dpsxi0f0h8k8qceujuvri99ov', 'e30:1rGYDs:WitFCk9iQmNhpGQ3B7-FOje07XcT7bdR0_BhZVCrkyU', '2024-01-05 13:37:24.674000'),
('qaizm5nqub2esfsw69v77s6shm6x8x90', 'e30:1rB0Fq:TYd-Holg9REdnZK8KM4zKN-J_NI-Iq8N_gn9CY2b-as', '2023-12-21 06:20:30.044000'),
('qav4am53qh67wv7jfvxwgkzfodvyzmbq', 'e30:1rLkm0:ccnNlHUuBVFRU1wXrp5JBQTMlxEr8czTjGxSbmz8g0Y', '2024-01-19 22:02:08.459000'),
('qga19tizdcxwq9ngubojeldwacgu74fe', 'e30:1qiyLb:cYOCrvFjijguazkwON12s2LJEklLM1VG1bpDHrzAuuw', '2023-10-04 22:38:35.924000'),
('qgbrx9nxyjo3ffx37s33fw9yilm7h83c', '.eJxVjU0OwiAQhe_C2jRTphToTi9CpjCkxIYaoYnGeHdb04Uu39_3XsLRWie3Fr67FMQgpDj9eiP5K-c9oHne7Ya8X9Zcm2_niEtz3hTnmjzVtOTLsfpDTVSmjRP6MHqKmrTUNmJsFZsOFRAaqwFJWs-ACMYiROwVqgBtZ5B9AIbgd2jhUrYbx49buj_F0EqwPcD7A0OHRE8:1rO65U:SvQ-HahnA7WJBKlVLd9-A4SjP5qnvIx-jf73BH4NELQ', '2024-01-26 09:11:56.505000'),
('qgfk651hca2s3txihav334oidqrwdrp4', 'e30:1qe944:KFrD1dqS2DBXZbCL-jMmLQX31R2WWBOxu-qJgI8WPtQ', '2023-09-21 15:04:32.556000'),
('qgnbibjo9gpcascv0dbdgtlolm76l0dz', 'e30:1qivGc:AjO8KhIQeW7BtzUxMdAId5fB9QGdWOk7wHhRLZJwEPM', '2023-10-04 19:21:14.062000'),
('qk0vm1r9pws2796gdec8zcoj1qareuj3', 'e30:1qgmUU:7XM31ziVjCxU74Y8O9nJXmCF7653K-DtXXIqwIAz630', '2023-09-28 21:34:42.851000'),
('qndl4r2v1t3jj82fdb8h43qqkyk539te', 'e30:1rLGzG:Ji1wqBqIxPIO_f7iPRfkJ5yOot2uVmhHSMzqt-qpFkA', '2024-01-18 14:13:50.562000'),
('qnwegsaxucvixy91faoerzjb1ipqdbip', 'e30:1rOpTE:mPKxjbGDWQox7ytz9DSFiVrsjB92eOOa2WCpUdZFRr4', '2024-01-28 09:39:28.278000'),
('qpjo5i4x7nhd9kneskaiex9klnez4m96', '.eJxVjMEKwyAYg9_F8yhaW213215EUv1_lBULq57G3n129LBdAsmX5CUcaomu7vR0KYirUOLymy3wD8oHwLoecQfvt5pL9-2ceO9uzVEuyaOkLd_P1d9VxB7bDwdmlgw9Bq3JQALGTHLBLK2WI6Y-SE-D1ZaVGpSaG-eeMBGazla8P9wLPPI:1sb9wQ:B3MYrqzxcumBUkdDTI1l4-jiYsHCKW-mtzynVaENyGA', '2024-08-20 10:28:50.062000'),
('qrd3veo188dh1jrbbv0wmqnhr721f3zz', 'e30:1rPsTx:OIzomS1ZHSBB9xIr_t7GrZhTQMr8sQ-P_hd_fD3PJ50', '2024-01-31 07:04:33.849000'),
('qrgif43hwsth07j1wtn508j01lczro8s', 'e30:1rOu9C:oyRvFj3gSpVF3RunricNAjt1nmRnwz14uz2iUGFZ7-g', '2024-01-28 14:39:06.131000'),
('qu9g64mru4e00ozznu346gr0ytvkp01o', 'e30:1rOnzc:M4dOGwZxTPAlZw8O8N-VVOH1DAlFHeViWhzNjAgpB8g', '2024-01-28 08:04:48.180000'),
('quw40uj19uc4yzd3wbjiy7uxkbr8df1f', 'e30:1sl0NK:VYcdr1684_XRxHCTlpH77dGX_xe1SWIj4iVW400nreE', '2024-09-16 06:17:18.495000'),
('qxs36mnzsw19vgyfdovbvuermp0ckejq', 'e30:1qiEbm:pYsC6OsGo41z-nnEqT8uMun-uTvkDeOFo_s4PDkexlc', '2023-10-02 21:48:14.858000'),
('qzs6eclkbul4tpe1icvt59389wey65g6', 'e30:1qdaU9:O8ccusp37XxJtBFfW5e3cleIlmbJ_XYLlrAsmJFOK_I', '2023-09-20 02:09:09.918000'),
('qzwj9e9uehgv7z7g70zyeoog897k5yku', 'e30:1rB9Jm:MUhWINkXc_tQaKsqX2tN5ZMOp-_-TTNEGco4kuO_PN0', '2023-12-21 16:01:10.732000'),
('r1a11gq4v0ucdhc8uek40tharagwdaxn', 'e30:1rEK9K:P5rEfcc7catlxBAHfJVzO03EqH5IzxV4UT0VCK_nW-Y', '2023-12-30 10:11:30.187000'),
('r24iygiupjkt26urg7x539o1q0aunktu', 'e30:1qisFV:_JrsYp4XRr0CPSLpPNlvNf567eK1rS1zDG1H1Kf1abw', '2023-10-04 16:07:53.936000'),
('r2qttnlhul3vutrxt8mxg27jblsxazlr', '.eJxVjMEOgyAQRP-Fc2MACy691R8xu8saSQ0mFU5N_73YeGhPk5k3My81YS3LVHd5TimqmzJWXX5DQn5IPgiu6xF3yLzVXLpv58R7d29OckmMJW15PFd_VwvuS_vxDsBdfd9TAIamKNqSDIN2IVghCux1rw06iDNFTwB6NhTaxniJTr0_uSE7zg:1spFHg:yaYuZR_Ggbfvgv4_iCcbPXsoIXyg3pa5jKpKsxoH2yg', '2024-09-27 23:01:00.657000'),
('r2uvr9sukvkqv0ewt3ui8m9rj44a0gwz', 'e30:1rRTFS:D_J7mbXHX1ZEhwUAueyo34QhaomeWp7Tj-Hk9Ju7N-4', '2024-02-04 16:32:10.313000'),
('r9h1dcq1tq8veoulriev7idks6rpwsmd', '.eJxVjMEKwyAYg9_F8yhaW213215EUv1_lBULq57G3n129LBdAsmX5CUcaomu7vR0KYirUOLymy3wD8oHwLoecQfvt5pL9-2ceO9uzVEuyaOkLd_P1d9VxB7bDwdmlgw9Bq3JQALGTHLBLK2WI6Y-SE-D1ZaVGpSaG-eeMBGazla8P9wLPPI:1sem9a:cm40UZhsyiB9vpWw2Y8KHzj3Zy4JusTCgUTz6QpBPRY', '2024-08-30 09:53:22.787000'),
('rb4vu6iip42cylj1zj2znpprrl6sslka', 'e30:1rFFyI:jJdi7jHqCpKr5gSQBF-e4DdEoHWvA5DLmJQqjNR9GgQ', '2024-01-01 23:55:58.495000'),
('rewxj22yrn4ggon81wi9ogaaps4emxhn', 'e30:1qiocZ:mnACfgSe2QPpqg1dBgDqRCpIAlVxy_ihbpiFi24w5qY', '2023-10-04 12:15:27.458000'),
('rgszcdajy9c09vsjds9ifuo9fp51hhad', 'e30:1qirNP:Vjedh1YxojhDApUdZ0juRbRk3sJZ2hVM_UpGuSw5URI', '2023-10-04 15:11:59.195000'),
('rjxx04lky3uxvr8k1gewogjjo0ngndio', 'e30:1rLFFx:VOMpsfJyjbwohdyTL2IsPAtmvbVGFAT3W8D87xbqcWY', '2024-01-18 12:22:57.076000'),
('rpb6j37utp3uof6t6slefkm9gkr3v2uh', 'e30:1rUB6S:3uxl-KXWVLEJ_uqtpsv2csuSaf7Lq8e-oy1cI6UAj1Q', '2024-02-12 03:46:04.654000'),
('rxzapp2e9udcttdzq2pczhw6tq19e6fv', 'e30:1rDfUB:WPB-vtSMNh7FXrF4eDTKU7Cs9H_IGlXWJEYNLpMWQ_0', '2023-12-28 14:46:19.651000'),
('rydchc5c7ptt1ohkbfyv4i2l82oacjqq', 'e30:1rAfIv:2gZb3j6yCdwJ6jhbbrAmeerbty_ZRSPxHy4KjpHEZec', '2023-12-20 07:58:17.495000'),
('ryi1z3pnve7t9p653y290c1xx28wqbn5', 'e30:1rLdsW:jOzX5iWSlC8Y1PsMxaToUjFMFyd0089XFKlqpcDSw6M', '2024-01-19 14:40:24.358000'),
('s03q8uaby2gdmot7e70d6u8fotq03taz', 'e30:1rB0z7:CBWeE6Aq_CZDMM9T5mfZaEEx1Nzyl5aHTM37QyYiSY8', '2023-12-21 07:07:17.617000'),
('s081ilavxkd80bpxg3a83zwvmjru85gd', 'e30:1rRLR1:_lsAGgkOC8eLmCltje-KMjoP-R_uGTibWBczY6GUL1U', '2024-02-04 08:11:35.876000'),
('s0te7hpzkqhnfch3pstie7rzfs3yhsug', 'e30:1rLq9b:3E2HuNTPanTmRX9mmA4F9mVIDR0yWsufZri92fIPrkI', '2024-01-20 03:46:51.678000'),
('s4qxdk6aahfxmcjbuokntl6hfivgg9vd', 'e30:1rQczd:qsJPUYAjjeRmdDkvcwnZiACfZl5XvTEvIjXO8umUTNU', '2024-02-02 08:44:21.978000'),
('s6mpwfjomi211se68rwtmkfrxjkxko8x', 'e30:1qcyQV:K1_R--Uh3DfTJ7jRWVEQNe46q0up2GwsNlkIOaC8ljg', '2023-09-18 09:30:51.419000'),
('s6qk63udv332ocyo94b3cf5w59zoh18v', 'e30:1rGMMc:brF5qHvUl4h_BGP5vyHhSiKepjd8jEANyBcNxwzVBCE', '2024-01-05 00:57:38.423000'),
('s9q47gtfrogyfg9ogaq2si1mfdnod6b8', 'e30:1rSena:mQc9cKdVpxOgYSwYStCwhEPJjkTK9xl_rKctCN9tiQM', '2024-02-07 23:04:18.750000'),
('sch2bw4abkrfws76jqao5duuaifcsr5h', 'e30:1qgMCJ:KtQBfgTFmkFWfGbpbs00VxDy9GzxGpRjVG-fW0rkBHs', '2023-09-27 17:30:11.957000'),
('seahc79qvv3z5kdbz26sfm9eynv6izif', 'e30:1qhyMC:NgfIme2fyBB0qB4CSiWeh9CHh4nNh-k53SeCWMBKe9k', '2023-10-02 04:27:04.809000'),
('sefyy5cyi6fkgou3i1cuumeiyktn540m', 'e30:1rAfIu:8NCs7s87dG8LvbgLxJQtDlQC09ZiVzfw8u7G0kDCCdc', '2023-12-20 07:58:16.793000'),
('seuwfv0u8lxw4sbnb4ax9nj0ai1mykf5', 'e30:1qieeD:xCxcsNNUT6AWha5HhKP7LxPMPL6hwOQ-11FER49rlwI', '2023-10-04 01:36:29.112000'),
('sfr5jompys8ehan1n6w77b1ixkoyzmaa', 'e30:1qiXTi:C1z37YIUE1TDGaHKFNGYHMAP2Q8XLpYyWRX_NK7QiqQ', '2023-10-03 17:57:10.280000'),
('sg4p64l2k9110s8ooicae16lto97vy89', 'e30:1rNnDR:vdQgNdDJSznrMAHtCVPC8HTqjD3-Fyo3JN8VfKOAQ58', '2024-01-25 13:02:53.310000'),
('sgywaueartzr4h0knydcc8i2634gn5cm', 'e30:1rCKzT:_8j4a3PquVb6wLzwrnn1mayk2YpJgFr3YPt4_cM2plw', '2023-12-24 22:41:07.440000'),
('sjua2tohgus5tvmld6b3wv30qceb92sp', 'e30:1qdYKO:tAdfEu8lrBmZdK_MUg-EyXPlcM2oXpK2g0Cf8PGff8w', '2023-09-19 23:50:56.092000'),
('smdnpkmi8fnzx6ai9jh52ii8a5903ra5', 'e30:1rNnE3:4pImbGj_laR7tyiydzSzfXONe1U8I_JYNctrtnucMik', '2024-01-25 13:03:31.673000'),
('snhsjclgzz3ebf96tv7djssmfg1od39b', 'e30:1qgL0V:ABbMOI5B9fVERODT-zDYo3pdelyj_9Bwu9jSPWcD6Bk', '2023-09-27 16:13:55.132000'),
('so2mldqvbrmbd7nkbfzlohx3jdgl62f8', 'e30:1rGbJ3:eOxgf4hRJox3rxB--H1V1zP2hKleHjIpQT4XxvRxpzs', '2024-01-05 16:54:57.039000'),
('sq3xjulj9q02d5ov8r94nysxczfstb51', 'e30:1rTofi:iDsAs4ZkOKWh6nZA4oBt_wVoFIXEEOghNJKjzCRmzSk', '2024-02-11 03:48:58.945000'),
('ss6qo4xo7q7tcbwv584ujk31gp422s9g', 'e30:1rEK9J:1FSC-hM_gya31CrIMoPld3vLQFK-VmRr6XK_NeuZScE', '2023-12-30 10:11:29.797000'),
('ssc9scl87f9sbi2lze9zut9grod8xxf4', 'e30:1rAO6C:c8x8W0q4nnTVfNHCwZOjKZi92U0E7LRW3NlxeLSBAa4', '2023-12-19 13:36:00.585000'),
('swnnv31f6th1mimc0p4wa36tdpjz616f', 'e30:1rB0z6:BmMGdmqzGEQYML-9L-z6n-gUDcuc6fNJcDysOFLgnDg', '2023-12-21 07:07:16.644000'),
('t0dnemzl5x762tz45rq35btonmiojh46', 'e30:1rOpTE:mPKxjbGDWQox7ytz9DSFiVrsjB92eOOa2WCpUdZFRr4', '2024-01-28 09:39:28.484000'),
('t0z9jpxrc3hol8wbwxvxds0cjb5ve51y', 'e30:1rCxCC:i1nMSk7L4x7j41tAhCD_kMqC6kwz0enOs0Kpz8mP3So', '2023-12-26 15:28:48.723000'),
('t2abb27w3nles5zaheeytlnksz1zgydb', 'e30:1qeL04:S7lV5qpPYbjJsAEyJyK1JmfX-3vbg1pgegEg2sJg6-U', '2023-09-22 03:49:12.708000'),
('t8jzxcqj0tfbvh3vqulhqsv28cygcehk', 'e30:1rFFyW:tzWP2L76rZGvA8WUcCLr7wbYdHUxuZq69kLek4fbOak', '2024-01-01 23:56:12.586000'),
('t983pbtin7sxo7atdo8weut6ly3zzo3l', 'e30:1rHkwO:b6vDAB64LB8SUh-k-eRJmygBjv6k-xUPfIdMtC1h2lU', '2024-01-08 21:24:20.876000'),
('t9wnd2fbmdegbeu99rxnleec6e1as1wb', 'e30:1qhpFg:dFZrG-VI1A7XW17SJR3eJJcBY7zZCwEwMNFC9fxgMfQ', '2023-10-01 18:43:44.975000'),
('tav2s9e5s8cgd7wfeelr3gxj1sxtbx8t', 'e30:1rToO1:7IF-_djlePN-WJ6odP5PR_y1Debc99VTylb9_d_A1yI', '2024-02-11 03:30:41.827000'),
('te75fs7iavzj7ku03gg2fhkn98ix63o5', 'e30:1qhzms:W2zzzEBkGZ2adTTENgu0GHprdY779yAVaOEbgeRE0Nk', '2023-10-02 05:58:42.071000'),
('tepq95v0vob6b1jkgfs3ru8zqk4np2nt', 'e30:1rJ1se:HR4jBKW4i7noEPhRurblFCsPNkExjkyh9uthk4v8u9o', '2024-01-12 09:41:44.694000'),
('tgka7uufda1uengafrmnqefrqq77re9q', 'e30:1qhAhy:NqYo902s5w5u1D8Q264jqKyPBiR2Olhaht5QKvENtNA', '2023-09-29 23:26:14.247000'),
('thopzofvboquulzsfkg9rpzkl3iqd388', 'e30:1rCFdb:bY6aKfmHYVks3qCAQYcqPQKApWIVfhOesrllkRe04PM', '2023-12-24 16:58:11.756000'),
('tk8xpfcqyle8vq7x55rca8i1mc4r7ul6', 'e30:1rB0z9:2-2X5OCO-yw5Ij57WWGulTG8Z8iBJpMyF5DIZbg7ojg', '2023-12-21 07:07:19.630000'),
('tkyqbdafuqlvnvhfwaudaj611n3jljd5', 'e30:1rJ3cx:qT8lbKHzMz_rdFSXYe8Mee0-OkuSY0ZSMY69cZ68L0I', '2024-01-12 11:33:39.999000'),
('tm0tjdrcjikk7gtu5ju6opfko4p1rnuz', 'e30:1rFsAm:cgL1j9z9etMTPDj7sWmE2AkaXDj_EFeTR2AtuXq4D9o', '2024-01-03 16:43:24.514000'),
('tna1bqhw6bhby6926l19f6k6y9lypd8c', 'e30:1rTofh:Bn38DQxGzE8L1mkFIqONsMDp-GIj-wXzK1N95n2Cezg', '2024-02-11 03:48:57.076000'),
('todjvidaphjj835kxfq9mjes7zuthdaq', 'e30:1qgL0L:1LGf-2qr_enYP6Ir2v-zH3y-7BlNAP6Z-3xSpJkgd7E', '2023-09-27 16:13:45.126000'),
('tr0orlvf1d99ffs0q5mxlunvrxi9ftg3', '.eJxVjMEKwyAYg9_F8yhaW213215EUv1_lBULq57G3n129LBdAsmX5CUcaomu7vR0KYirUOLymy3wD8oHwLoecQfvt5pL9-2ceO9uzVEuyaOkLd_P1d9VxB7bDwdmlgw9Bq3JQALGTHLBLK2WI6Y-SE-D1ZaVGpSaG-eeMBGazla8P9wLPPI:1sflxs:wh_Z5JgmSsOeC7CYpio-52RkTcj0gKYQzCwYdSrX7JM', '2024-09-02 03:53:24.234000'),
('tt19sf2hstxnft98bivfjsyu355sr24v', 'e30:1rSmuY:TrCVau3Jp-0JPdwjLw25vLmG2zxpynTZtJF0ezkjOxU', '2024-02-08 07:44:02.934000'),
('tuwh0hiifzp9fysl4ay8893zgm3pvoqg', 'e30:1rNmPZ:0uYiijBnDktNzSqRh1L2vl8GMBYJl0j4J1CJpy8kZPE', '2024-01-25 12:11:21.408000'),
('tvi4bibp7meh1g44spsko9yddnmtg989', 'e30:1qeIW1:R9WYRRQZkHzNYolLoyecd2imjM6PSZomCbVTKoIwl3M', '2023-09-22 01:10:01.068000'),
('tvmf028sam91x3m7sojw59p1geghf72s', 'e30:1rRZAG:Z5tRuj3Simlw2sQd_ja-XlXUDf7LXW-0fISRFUKRxJg', '2024-02-04 22:51:12.096000'),
('tyzege6tojvn2hdoeo4x4pect520ktux', 'e30:1rSQZf:2sxglfuixDOFc00islZ9yWBw_oHcdhCm_H8CizM5o5c', '2024-02-07 07:52:59.113000'),
('tz6or0mjhgtmszse8wmp08kjhxgudz61', 'e30:1rSrPL:G2riwyv3pQXXnylqbpYSLAshrA8oDXM2uceirDd_FK8', '2024-02-08 12:32:07.018000'),
('u1gicz5vseo68hgtgvet0f3det8qa7p7', 'e30:1rOpT5:Fln_A_sYgb8HbHrGl88-k2Zu00Y6DsqNDFXR_WLYVtA', '2024-01-28 09:39:19.156000'),
('u1p9po5tdaoxbodu8fz72cxaf3482vf7', 'e30:1rFFyL:QwsH7Ileem2doc89bv009dAuEnfFgTZQaA90rlnw9r0', '2024-01-01 23:56:01.202000'),
('u2721sut9vqzter987xelgjeq2lhgpal', 'e30:1rERZO:FeEBOuzPwiT1jnI9J_XFSuSS54wamwlaLk3-49ybx2I', '2023-12-30 18:06:54.344000'),
('u313d7yn0irgofbntmjhbak3p3t2pjt8', 'e30:1rBydZ:MTzkHIkJOdEytgX7C5ue3jql71u6i1Xera12OpovxIw', '2023-12-23 22:49:01.757000'),
('u42g4b8nrdbjdexf2i0fs1w40teulr88', 'e30:1rFRuW:0ych8fCRDFLjtwAoPmuvWagt-4hfLnTa5-XVhFHaqME', '2024-01-02 12:40:52.915000'),
('u5zuqnkfklhq6b3a5fmsujtja62yg1v2', 'e30:1qe162:soTosNQP3D3x6UCg6z4La0a3Niuz1bRcztQKFb3lVEI', '2023-09-21 06:34:02.546000'),
('ub1iymvra51xtd9vx4l17bbz3l3cpcn2', 'e30:1rB9GZ:NFjiOAWrnh11LHAPDvbQQR6J58PfGF3AufrKAWFEGRE', '2023-12-21 15:57:51.087000'),
('uczkcstykxej5ut8eoo7uhvjsyqjg3b7', 'e30:1rBftS:cpnzzwmT3o2t9-y3zhudCwktxjMNJkuYNXN2AEou-Z4', '2023-12-23 02:48:10.113000'),
('uf5c8k5281bgit3doo8o4f7zaau6s7ji', 'e30:1rTAFb:dYJQvrd9MqBPd_OETKM-mHX2X7q1e6IEywuF_0irdH8', '2024-02-09 08:39:19.883000'),
('uf5g8svfg9k6l1h2scfbfu0gp8h3wgjg', 'e30:1rB98G:l_Iq8wHBBncIUv1dopA0TjxRhShEOvyyr3ItLJKXbgA', '2023-12-21 15:49:16.810000'),
('uf5grn563yawb1ie94440hufyudi4j6h', 'e30:1qiXTc:sR4Ytl3ZxLwnl-WYe5BVBqZmoohI4WwSqGnYXNAd9R0', '2023-10-03 17:57:04.928000'),
('ui5u11fu4j3v2ey38bul94ztiaj9xq1b', 'e30:1qj3IJ:eEXOhBdEaFtZUKBQvYfzVSQbwvDO3i9A-vQH1oBoMBw', '2023-10-05 03:55:31.752000'),
('uk11gvuu54i1arnnlid9jdielzb2c6np', 'e30:1rQkCw:19WfwHION5ymCXP9Z7h4R0gZJmsI6_803VYNDUOsjgg', '2024-02-02 16:26:34.929000'),
('ul1fetih1aqexai1msg9a9lkhqp3oqjw', 'e30:1qdOHI:xpsfW1vVwUP0e1-yzTgJninK40c3B56W6obBmseNro4', '2023-09-19 13:07:04.449000'),
('ura7ox9d9krkt01jqueaourebgharw7g', 'e30:1qix6q:rL95PKcLugkByoWZmkBKedGa-HopLg4DEg9ageQQH8A', '2023-10-04 21:19:16.380000'),
('uut9rvf0leyzrqdrsq399firvgxuohwe', 'e30:1rEwQi:3r3yeRb8W5Qyqn745ChwOVm0XPQcfnwxpcGZVzWTdrM', '2024-01-01 03:04:00.486000'),
('uvzx3lx7gy8cj4f7ap1u9sopukwkeowo', 'e30:1rRIQh:wOa4L0QhY5YsxPjJMSFyJRbjphHxUvNM5hSlBNs32oQ', '2024-02-04 04:59:03.364000'),
('uw3a7l9rpun58uw84xutq173naqjeves', 'e30:1qj6no:1NJ0bFc0W03sgEXqQkYiEO0WW2CAOAnxvTsJ8_4jimA', '2023-10-05 07:40:16.477000'),
('v1xo18lu85tw5q2dh8aku1ri6jiuezs0', 'e30:1rJK39:ZuNeb9H6OKbiOH0PFQWnXY1EPuhHwSO09LGy309z6us', '2024-01-13 05:05:47.228000'),
('v38kwxau4jiclm75xskjqvhmnr6vdjhr', 'e30:1qeB6h:nGwAmyKGPxjaGd_8DInWy8ro2dZouSVYLqk3JkZaajE', '2023-09-21 17:15:23.523000'),
('v5fnqdt9ep84d80izpd0xyjkh35s0cis', '.eJxVjdEKwjAMRf-lzzLSdWvXvemPlKxNWHF0YjtQxH-3kz3oSyD3JOe-hMOtzG7LdHcxiFFIcfrNJvRXSjvAZdnjBr1ft1Sa782Bc3OuG6USPZa4psvx9aeaMc_Vw4GZgVH1QSnSCIhaDzChBaOgx6EN4KkzyrCUnZS2cm4JB8I6rdmlmXKuNY4et3h_ilG2YDXA-wOE_kVh:1qjsKl:lTCgLUFVSNhzgxYdvWWmOcyOVrlSqjLdxOrx7O52SBM', '2023-10-07 10:25:27.129000'),
('v7j1ja4tq7atvo07yagrl0n1qq0popxi', 'e30:1qgL0n:S-_8vYwnB9ILXaqiJV-IXTzDku5iaIlb1Ovw8gBYV9w', '2023-09-27 16:14:13.834000'),
('vclgt2fihtka61h3egc7d8alo7n783j8', 'e30:1qgL0v:yTievB-32oYXqoZ02R-pDjqFi6A_UgskYfMeqX-ARes', '2023-09-27 16:14:21.940000'),
('vda8l4qqzjqqjyixxv991f7xg7deri8u', 'e30:1rHDsg:v5tIhLnBG0KvKQtrjAi6CeqyD8pYRbKXqy34zaAmqZ0', '2024-01-07 10:06:18.558000'),
('vdkol1k7rrpd0xjseja1ixtcj6vi05ow', 'e30:1rU2Es:H8Zaki99IN27jHgNESPIE6et8gkWf13aEPgoWwHSwXA', '2024-02-11 18:18:10.017000'),
('vefnlqn9zrj2x75j5vxwgpoklm4gvwsg', 'e30:1rTnvJ:k_jpcxxH88Hhzdu11lcMumq-bYEEXM1ZI23b7sxLaUg', '2024-02-11 03:01:01.066000'),
('vkpsgj0vjsb79aaychcm19w4dchri8nw', 'e30:1qe2qq:7uFycxWe6u4pmlfUDA53yR8fX982NY9KQcZDKEbTido', '2023-09-21 08:26:28.757000'),
('vlid20usfpncwvcbsufc0yqimxwedn0o', 'e30:1rB98C:rM7I_Z6rJIroTFH6OOs-9qAUxBssVmZ5Jcm2KIxzOS0', '2023-12-21 15:49:12.728000'),
('vngyeyds4eyhjwyitabu0nphi8wiraa4', 'e30:1rO6Ju:OaeP6g0GDhM0jjk0oo96SqCVTIHkCRZGIKcbxSI9HXA', '2024-01-26 09:26:50.730000'),
('vnir7nfiso3h9187mzpz6uwcdneo3qv0', 'e30:1rP8wQ:Ql4LG1ZVOEELSfAWob98Mfc_A1uInoToS6cpsBIZlkE', '2024-01-29 06:26:54.057000'),
('vqi78z32u89voqg60hf6kuc8su9ezl1i', 'e30:1rIDpq:trbLJjFPxrdAqMxOIJgA1tpwADFGSRnO3rT_Q37kErE', '2024-01-10 04:15:30.891000'),
('vr07cxxgfag4wgqirdffnl5csdk81p14', 'e30:1rOpTD:8mMtF1RGTY-OmlnmtPtlgtmUqFx9D3sq-T3uY4fimO4', '2024-01-28 09:39:27.757000'),
('vs3q9yun901jcgpdsfeymfzzwexephde', 'e30:1rN9oV:rDqgSJjrJhnWSkLlGvRk_On0Kiwyt1lyfuWhxeiEY0I', '2024-01-23 18:58:31.245000'),
('vvljsyu4ndooph9tn9t96muzblnp78en', 'e30:1qhfhC:1XdKiT19oxCdtnd8IAl9ClqooY3L1uEfdMTzeV6-5kE', '2023-10-01 08:31:30.296000'),
('vwtx3k1yc0cgrjunf73bzbzigxgt2jh1', 'e30:1rAfIu:8NCs7s87dG8LvbgLxJQtDlQC09ZiVzfw8u7G0kDCCdc', '2023-12-20 07:58:16.257000'),
('w0uk9rmu6d06sxsxo5xrxwj8oieupt99', 'e30:1rHWZk:7gs6E5937_H1Vw0XCUHKlujHqOPgWkcQ6RRJeMiCQPc', '2024-01-08 06:04:00.461000'),
('w3v6bkqf04lob2053ifbrtcmu8l1g9fk', 'e30:1rFRvn:hoqiu5DK6eb-RW_u0jkBnl5B41qh9p0emZ7VKpUKxso', '2024-01-02 12:42:11.991000'),
('w7d6ocqkd3dku6wce7ugroo2czvzwwaq', 'e30:1rIHV8:3vtIwOShcQLz1dQkI9dZDzaf8Ip0kfzH_gJxN3bmQ6g', '2024-01-10 08:10:22.395000'),
('w81ahbb55w9sq91o9bosjdco8rjmnbsh', 'e30:1qgL1O:5U5IFDqJ4eJyCY7WlZUMmQsvo7s54va7nYy0EfyROTE', '2023-09-27 16:14:50.807000'),
('w9eawgzze48n7lf2ntlkac3fg7pq3s8c', 'e30:1qhduH:PfsQ0BSU331pIXN4uDLEj-VkJ6dYDCFB8eouQVCyVqE', '2023-10-01 06:36:53.973000'),
('w9kiqs3mpp9y3hm37map30posxtnwtcp', 'e30:1rEK9J:1FSC-hM_gya31CrIMoPld3vLQFK-VmRr6XK_NeuZScE', '2023-12-30 10:11:29.310000'),
('wa023kqfz5l87e5zo0nppodx13l4vqc5', 'e30:1rTofr:R3ufHlaFoJfhoFD8QjqgSGeHT8i0MF-UWpOSStfYfSE', '2024-02-11 03:49:07.860000'),
('wetcevs0ioqheegxcqjwhrp9la38ahjx', 'e30:1rTofc:kqJ6Q33IVErDTR-YvVzmzcROQgZqnp9MTIgsxK_I2Sw', '2024-02-11 03:48:52.458000'),
('wfkvzj6cq16jbidgunnmuerxudwhi8m3', 'e30:1rQFsb:3yVjhEavTpirV2dbl6L-Hl6htsPKHxTbIwkWcIJPkog', '2024-02-01 08:03:33.966000'),
('wfzw1203xg5aju3cq164k3kzzw2vy964', 'e30:1rAfIx:s64e9ihPOVGyjbA3YW1-E5MkmcAGDV9D8qLAlqXDtEs', '2023-12-20 07:58:19.392000'),
('whabon93gvijp8xxkv9axrpy21pnxtqx', 'e30:1qdXih:MX0Oq619q3jH7IxblHy_sHvDUFjkCa0SUR416W_62oo', '2023-09-19 23:11:59.937000'),
('whv77lz6trkpwg0yin6nnukegy4fy3hn', 'e30:1qeBgq:VaMrBpWfivUFGDL260qNBycKgkkuTO9pPjtd_M0Xi0A', '2023-09-21 17:52:44.678000'),
('wku44cgpditpdj9v21ez4jeemaej37bl', 'e30:1qeDU6:REp4PkVzufXqJ_bF9_-u6iS6T_-UJ5cvONa4P-xq64s', '2023-09-21 19:47:42.394000'),
('wn698skgcpkiygodgosz99c08e8aiyqj', 'e30:1qimWX:8onOZJxvsTo4Pm0c9_SEI_yJGLkv9QRXRmdKFN_w6ug', '2023-10-04 10:01:05.610000'),
('wqxvted9jqiwaqes4e6xqhy632ipi2j5', 'e30:1rOpTD:8mMtF1RGTY-OmlnmtPtlgtmUqFx9D3sq-T3uY4fimO4', '2024-01-28 09:39:27.902000'),
('wsn53scnnkucqksi69g8hfwbrdpne07f', 'e30:1qgPOq:o0lx54wakdZO2njiGM5eAVWXOAphna2UhqsOPo8ok7g', '2023-09-27 20:55:20.310000'),
('wsx4kwc4vdxn7caj7fzekkwy93x8u15n', 'e30:1rSrH6:N1UIA7kUKoy0zvzP4hE6eLAlFRTXxRoWNaB9Fe2o3e0', '2024-02-08 12:23:36.186000'),
('wvxmx17jlaxntvh16npp7pds152qsx52', 'e30:1qiXTa:eWxcurHC9r77seR2NxqMdZgddWFoi1R29XDoFwTeuQo', '2023-10-03 17:57:02.939000'),
('wwe9wnpjpw8yvxh75z67hduniqey8kjn', 'e30:1rMNN5:LvC3FDpEalTuBw0YvGojvddKFJgKOEFeMv6QiksVrso', '2024-01-21 15:14:59.507000'),
('wwenri4hssdu2fmcshkilugui7a8n2gg', 'e30:1qhSOL:AIKEB__ssfkYLtsvkevOaDop7AIpZbX0pFHCnNLS7Rw', '2023-09-30 18:19:09.326000'),
('wx4rfl4h9qotkqtbf6vjdtvkfg8erl35', 'e30:1qiXTi:C1z37YIUE1TDGaHKFNGYHMAP2Q8XLpYyWRX_NK7QiqQ', '2023-10-03 17:57:10.641000'),
('wy3clzf68fz8x19u5z0fmdw76yrkarqd', 'e30:1rSi3I:PXFKIbONgb1aI3QbELGu8WU9Yki2F7CnxyGxylzYnXQ', '2024-02-08 02:32:44.549000'),
('x04qpjis3odcqdvca2nzdh20glp8l7fc', 'e30:1rICzS:EAbHHHftprTxs1m1bht6-WHWVa-jDpOrFsAupKplv1g', '2024-01-10 03:21:22.473000'),
('x3usw97cmnv5mkzmolcj76to17vjcy7x', 'e30:1qiXTh:C_teQLtOo1QyVXFbuweArrWGKinuHvbMG325pVreDCY', '2023-10-03 17:57:09.562000'),
('x4k5opddg0ypwpwwtdzu6upfhsty98t8', 'e30:1qdpnv:DFH2mxlz1t48OYGJgfkS72D4vdBjTT4-29g5cTEX2wg', '2023-09-20 18:30:35.633000'),
('x66k56dxkzlx1fl2h4ncuh918zao3z2b', 'e30:1rBYsL:wd-8gMSOIF2EWGYSthWW3jqv01hKlC2I7V_9omF6qOw', '2023-12-22 19:18:33.132000'),
('x7nvxonx6hl1tbidqudiusa527z4wtcq', 'e30:1qj0Zw:2tAZbaSor8B82jmS7P3muttw7EvKr6qDIj1fBW0ZYNg', '2023-10-05 01:01:32.636000'),
('xcu3mt18mr14w7xajgehmjn0s76ds46d', 'e30:1rQkx8:pa1yvK2DYuvTP9l-P19xnXY4M6BTLx6MNH5wSOj_3Xc', '2024-02-02 17:14:18.801000'),
('xetgbnyo4xkor0595wrr2fw5xz2sdlwm', 'e30:1rSQTJ:z56lf8IdbqxnqFqYp8ubt1-rI-aUhVo93k0nA3pXE9o', '2024-02-07 07:46:25.082000'),
('xfe80dvd8mv4pwygi60nhs8sgond6jkz', 'e30:1qgmUV:Np7Tu2z_KeO3KUgjFpyYgyd8m_gu3fX4slXeW4E5OEI', '2023-09-28 21:34:43.857000'),
('xfo5lzaflnld08kk8xe2qtrubk51n2sd', 'e30:1qcyQV:K1_R--Uh3DfTJ7jRWVEQNe46q0up2GwsNlkIOaC8ljg', '2023-09-18 09:30:51.340000'),
('xgfpqetyc9av7rj4dyyojqxu8p2mlkbp', 'e30:1qiXTj:4YdmyxiRxCWvJYeMQf_m8xUEPk1w1mXbyQnL1QO_7Wc', '2023-10-03 17:57:11.394000'),
('xh9lxw82i47a9y9xcpzxqwjp4nsgzlcu', 'e30:1rFRyf:F0QrValAejaOqSh-MwnKlCAx6hjrX0cQe7XLc_hqM1Y', '2024-01-02 12:45:09.092000'),
('xi5w8pjscv64sulwizphiw9cmrjy1bp8', 'e30:1qjH86:So5rRxT8nGLa2BY6aYZbzdU0yQnTNcYvAGAoizmEGGM', '2023-10-05 18:41:54.482000'),
('xk3bq77cbotfacmlloeqk90bj0sclcb0', 'e30:1rTliQ:UcXLOzoBoDC1BckIZz_6kpnq3EXT2Fff91GRi5qKe2Y', '2024-02-11 00:39:34.390000'),
('xmz20jl61n4ic20n9awh85sppiuyykhe', 'e30:1rRDKA:uib8PoMw8K-gfCfVEriI2L4Si54bxJsl3LXz1HhWq2A', '2024-02-03 23:31:58.782000'),
('xn631540jewiwhg3iy7vkkswbi4agmfh', 'e30:1qgL1q:xl8gi6yE_WjeK2Bm-enNayXbDvv0e7zd2qbQaZ7YVwQ', '2023-09-27 16:15:18.154000'),
('xokyfgtkmu3y153b7hsrvydp4akb0h7h', 'e30:1rPTUZ:PpxGMUdjPHSCiQPv8OWdD-wLfUFrcJvDY8B9idcHWwc', '2024-01-30 04:23:31.529000'),
('xorgb2fy0npgzyi9yykec5olwo39y0fc', 'e30:1rEmgZ:XiOVtH0qMlsv-TRaztX1Pr-QCPlH940FZFNQuUGmRHc', '2023-12-31 16:39:43.921000'),
('xss90z291bsmg9e1jlrgwv62s5db83wp', 'e30:1rOpT6:UsiWaBxDzAvdNUbdJz6iO1aoDjeLUYc4_ymaUdj8Des', '2024-01-28 09:39:20.577000'),
('xtljhqmrn09cezllvn0yfmjd18r53ixk', 'e30:1rB9Jq:b6pROf2LYciQ_F6PUvTo0BdQhqbvRdMg1ckwLp15YO0', '2023-12-21 16:01:14.155000'),
('xwdxoectnovzqjdzjek1tnjbuphljrj9', '.eJxVjU0OgjAQhe_StSGF6dSWnV6EzJQhNJJiaEk0xrsLhoUu39_3XqqjtYzdmmXpYq9aBer06zGFm6Q9oGna7YpCmNdUqm_niHN12ZSkEgOVOKfrsfpDjZTHjePPQAyWLDZCwbOYgQes0TF4bzQyDsBondE19sY5MOzFAhom8MRuh2bJebvp5HGPy1O1daO91fr9AUeCRGc:1rIJdC:NtnAqhHzAajOONuhldBAirsahJOmwYU17Sv-qfJ6kUc', '2024-01-10 10:26:50.507000'),
('xxoxqnuolk25s9lg9em84mfxbuermq5r', 'e30:1rNnFB:GUM9L-P0YCqJWVEtV8OnsmjsjR6IZRVpzpIAij4_g9o', '2024-01-25 13:04:41.252000'),
('y3wepxcoe3ynvjzb1utatw6k74ka5wx5', 'e30:1rAfIw:3tI75bPAL29OUyN5Z_1sJZB26VEkHn_RkamnPzrzjuU', '2023-12-20 07:58:18.085000'),
('y5oi980n1rwarzylwesncmf9iflij9n3', 'e30:1rMNxZ:ZGhLbJYyMmKfjPc6awfMk2gl1q7KRgnyTN81rIYfsuk', '2024-01-21 15:52:41.118000'),
('y7dea4bc2hwojpps84jut4wuvtx3pqft', 'e30:1qgmUT:pNpZCVpLkin4DZ98etIdQPk5Dmfg16BJWXQgsx_2QPo', '2023-09-28 21:34:41.851000'),
('y7qz45ppvjxku4j5ruahgkmijah6w3l8', 'e30:1rGK0o:jEb_vT3aTpFsBuG4jbt4rcVeiynx1RD3IQs4YQgyYdc', '2024-01-04 22:26:58.655000'),
('yexpnhp0qxem4irpr9fz6i5gkdzszzwi', 'e30:1rR7Pu:j49nKz_TAmE22QHQiRTw4ewRwEvBnhf8pTnM07Us5yo', '2024-02-03 17:13:30.166000'),
('yfg7th88weqvekebmkocvueis49cu8wx', 'e30:1rFFyJ:qmfZrFv9n25AwetO686f4opeg0Qwc4H9VUgRBLjdgRQ', '2024-01-01 23:55:59.694000'),
('yfz026lukb2dwximjj8sl7jite9rpsow', 'e30:1rB9No:CbjCr4f0SDRkTGKDT2D19yfnUBTXbogUWdn7VIWeUyQ', '2023-12-21 16:05:20.544000'),
('yi7u49s4um17zutjiw0xkqorikluo956', 'e30:1rCCVF:pXPaFdT63H8hRU8KYmtLCOcNiidspVJpQvaFPn9FEmI', '2023-12-24 13:37:21.660000'),
('ylqy56b7y9r0gyjguxzn27hroorj2p7o', 'e30:1rAfJ3:_AePxgPAodDC4UV0Ev7v0NAaTPp_MngOYrjpxJS6j-Q', '2023-12-20 07:58:25.670000'),
('ym4dzrtcx4rqpabyvfgafogdo6yqqapp', 'e30:1qios4:d6YlOGO_9n6uT6Ncm1AuoT6VI0533ooQmrtGsVx0q4c', '2023-10-04 12:31:28.301000'),
('ymsw3pafia1rmog8dqas5g49nq3fzhg8', 'e30:1rDFfd:3WCyYTdlU5cY8z2OX-IPPDjLMhp2RWXfh_ZjgpgAKlM', '2023-12-27 11:12:25.767000'),
('yphz55y2x69ulk6l22rwvov0u0qd90jp', 'e30:1qe9Es:cgrBQ7y4roGmPYxjbVZ8LPuLGwdieugpuNq1MGu9i5M', '2023-09-21 15:15:42.702000');
INSERT INTO `django_session` (`session_key`, `session_data`, `expire_date`) VALUES
('yqoscx1ewmtvfq036xwwj5xf9vh9hkkv', 'e30:1rSXuV:5AiOSdHjF4yXGrXW__GII1IAJRw908eJJcSQn7JliiM', '2024-02-07 15:42:59.242000'),
('yqozadsrod70g4vn062lgvkrgwvjwa9b', '.eJxVjMEKwyAYg9_F8yhaW213215EUv1_lBULq57G3n129LBdAsmX5CUcaomu7vR0KYirUOLymy3wD8oHwLoecQfvt5pL9-2ceO9uzVEuyaOkLd_P1d9VxB7bDwdmlgw9Bq3JQALGTHLBLK2WI6Y-SE-D1ZaVGpSaG-eeMBGazla8P9wLPPI:1qjsJr:yzhXYDHZyaS2AFopsQbcKkVQr0cOYu8Jv-MulbnNXgE', '2023-10-07 10:24:31.276000'),
('yratagya07se0mdrjamyup5kvz18scwg', 'e30:1rE3LA:mMPxyIGewKTNR6rdEt-EJ5qWvgelbpkch78ewH5dIA4', '2023-12-29 16:14:36.075000'),
('ywnr182ofja5wky08vmd0bnycbea4oik', 'e30:1rGZRT:VhkPifFwfBEjY5pDtkb8movyjaZZFLQtgvoxWDsQ174', '2024-01-05 14:55:31.365000'),
('yxphh8iptucl7ozt692jzsub9wx5tnw1', 'e30:1rOpTD:8mMtF1RGTY-OmlnmtPtlgtmUqFx9D3sq-T3uY4fimO4', '2024-01-28 09:39:27.161000'),
('yzre8jydnyutu7mhm4oupyl8swij1pip', 'e30:1rNxxD:lpU5JPN5c9nkMWZ-EUXAQHJWZ65HIyXgvf7SWes6Lq4', '2024-01-26 00:30:51.763000'),
('z0ksso7r7db2f5p6fmftvax27az83gcp', 'e30:1rFu2G:DWGZv5BCdQZ5sVcALdLT_Mox2eQ0qCxucd5GQkVjABc', '2024-01-03 18:42:44.818000'),
('z0snqi7ckxgfyhq4u8e9mrygtcuxurfi', 'e30:1rCsGo:ock-3lzERZFUpHLN8iXeLedJ_vR1p-r9zXePrAUmTZs', '2023-12-26 10:13:14.547000'),
('z7ei9hdftxcjrmlppzkna2ewvysjtjfe', 'e30:1rD5tJ:L5l6qRb2YMt3dOhWY1CEnOC5bNbKzotoWTAIzF1CQwg', '2023-12-27 00:45:53.455000'),
('z98djsdwlw1yk2lho9or5cvbvcfk6e1m', 'e30:1rAfIt:43YmEqn-xba1AdaDiaiBy62zEAT-wFc8hLotWVdXTpk', '2023-12-20 07:58:15.271000'),
('zcf8y04sqk79q7lbehrtonb2hff9zbhw', 'e30:1qhtfh:67f3dL5sjAMDWaI6eywI6U2AbPpmOlHWYpY4RytNv40', '2023-10-01 23:26:53.246000'),
('zdcsh8wzq09jdroa0oo6bpgzmoumnx8q', 'e30:1rGVhE:LQPE0rdEdhskuffpb-lDNto3mf2JNmVcazIgqQnRTh4', '2024-01-05 10:55:32.664000'),
('zeo3mu61udrjgb2756tdonxm57753zsf', 'e30:1qeAle:qGLJKK2BWxd6RPND_N97E5EfdRtMBOknLJC-xhLnrqg', '2023-09-21 16:53:38.788000'),
('zg73zyq40sr350s22p54x4fh6qbze4y9', 'e30:1rNXeF:2Vj_fj9nuRpiKHljz6hg2D3-CmPwTd22qXqHUtraUFo', '2024-01-24 20:25:31.573000'),
('zhbwjg0qfj3lq7v4o06amvrfirl4qw74', 'e30:1rFFyN:_IxIZHA8Fz2Wjs8ymnyjSQiYqP7ZeBn6cKlgyWVcX1Y', '2024-01-01 23:56:03.449000'),
('zhu5lt3p7pay1ax0tvpwcdwwia2illip', 'e30:1rBA0g:Fj1wtnoms-rzYctHcIucgXz69gMPvGsjaCgEnyCVKXg', '2023-12-21 16:45:30.662000'),
('zid99874rpj5t03rsn8cqk0jpr1yu6pi', 'e30:1qhkX8:yo_VX7k5ZoCT7VOSMUoShrfzYxW7MGzXRo1kyxODEiw', '2023-10-01 13:41:26.364000'),
('zimypr6qejzzr54fwo0763ooxeirs2zx', 'e30:1rNn9z:W-LGmkl3dUKgHDKPooB6dBZ7c8Cr98EmUdz1btYDfJc', '2024-01-25 12:59:19.062000'),
('zjmc4vb02mscgsnrijyovioaoe40uc69', 'e30:1rSRp1:aFSIiFGKvgv2o6VuU1yttkvE7LkuYEkocLZNU5ql_e4', '2024-02-07 09:12:55.963000'),
('zjnsdprzlaj62pihid8d28u59u8c2dmk', '.eJxVjMEKwyAYg9_F8yhaW213215EUv1_lBULq57G3n129LBdAsmX5CUcaomu7vR0KYirUOLymy3wD8oHwLoecQfvt5pL9-2ceO9uzVEuyaOkLd_P1d9VxB7bDwdmlgw9Bq3JQALGTHLBLK2WI6Y-SE-D1ZaVGpSaG-eeMBGazla8P9wLPPI:1qjmdJ:CbhXmE6jW8GZ6IqlWJ8ovp2pbz6dHz_uIfjQAaXuWts', '2023-10-07 04:20:13.354000'),
('zk088bfqpi041n6r4s00lphjgp1zomz7', 'e30:1rOpT5:Fln_A_sYgb8HbHrGl88-k2Zu00Y6DsqNDFXR_WLYVtA', '2024-01-28 09:39:19.995000'),
('zka139mydrajvllmm4u0oej5567pwmis', 'e30:1rOqzn:wHFTVMAuvW58F-TprLC-WAkBA9rgz7f3H5Bfv_tyINk', '2024-01-28 11:17:11.257000'),
('zkhlqlwxrpojn6g1no5tas92ltk6a6os', 'e30:1qe45b:-21dQ5eEvWKK889WJirv9Mp_OAyHT1Yoyiyti8KL8vQ', '2023-09-21 09:45:47.912000'),
('zkw80b3ulcnxlwxtfk362gl9y141h0ad', 'e30:1rBBrf:qm3PC5thbh0KvtsbPgXpcO7I6MzKdY4BnlnJ0M34V2U', '2023-12-21 18:44:19.051000'),
('zlg0d8mozanx2ab82nwc84umcfb4pgqg', 'e30:1rOpT9:ZjT4j3C5extjn3Ca4GinvOT6M-W1WV1oAKUiZ4ki_Ns', '2024-01-28 09:39:23.695000'),
('zn4hk8k1qfurevjttrell0szikm6twpp', 'e30:1rOpTA:_ZXNENp04cVH6ueg53YAd0PMq4pA_TW5Vkq3hSCsMT0', '2024-01-28 09:39:24.360000'),
('zq3b79sf65o7o0uy9lw8hd0wux8hhvp1', 'e30:1rB1p7:TThZ_7acYct2yOvtJFv-EpM-iREigMHTpKABM49pRco', '2023-12-21 08:01:01.961000'),
('zt0kh8hfyjdmbicgwqz8haqke37iv8q6', 'e30:1qi3KF:9kQT3OtZ_-i8mAFBaFCHNagCfpXRPaD0YEJomB9T2EA', '2023-10-02 09:45:23.121000'),
('ztwvowkwatrrwz7oysbldmo4dlt8tm35', 'e30:1rEu68:jYgCWHXpn98q2HX3pFSLTUzcw0l0vkDWiBhaCkzymOs', '2024-01-01 00:34:36.023000'),
('zumdkjge4vabim0rv4pwxa23t41txrbh', 'e30:1qiCvl:cj4d1293SDRLdm0g-6wq0sfF7JoiKZ8nNGC2j3_fNJM', '2023-10-02 20:00:45.790000'),
('zuw0rktg7uyglfpn0xzj8z6iwd6tcflj', 'e30:1rCyHN:yI6XOmwWcFk-qc6qlNVW8-raZr_UFpQLfOMYDue8b2I', '2023-12-26 16:38:13.972000'),
('zxukbm29fdz98axm3bcf169n66ew9cii', 'e30:1qeWSN:yA_jUsmyExwO1U2dGTx6a0xnag7Pl3XbmrVSAZ5lnhg', '2023-09-22 16:03:11.976000'),
('zzcxux0teishkkcvyxc2o174ikduq9vq', 'e30:1qdbTf:ku_DQKz55_cvTuuOXYDXkklaXz4N6c_lHbvfYE3i3Ns', '2023-09-20 03:12:43.779000'),
('zzu080fekrs4ddfnzkr6utwdvg33kv26', 'e30:1qizjp:QLwNB5mD0N5hgY3rPv7Je36CShJbyxKs54AVmClRho0', '2023-10-05 00:07:41.368000'),
('zzuo4kjgp5s22yojmh0ks99f3d4wlr9y', 'e30:1rOs4O:VyVigEwhVFaMtUbdMf7iNbCCZfselcUQsgqSL-RoVjM', '2024-01-28 12:26:00.463000');

-- --------------------------------------------------------

--
-- Table structure for table `django_site`
--

CREATE TABLE `django_site` (
  `id` int(11) NOT NULL,
  `domain` varchar(100) NOT NULL,
  `name` varchar(50) NOT NULL
) ENGINE=InnoDB DEFAULT CHARSET=utf8mb4 COLLATE=utf8mb4_general_ci;

--
-- Dumping data for table `django_site`
--

INSERT INTO `django_site` (`id`, `domain`, `name`) VALUES
(1, 'example.com', 'example.com'),
(2, 'old127.0.0.1:8000', 'Authbox  Test'),
(3, 'localhost:8000', 'Iwan Setiawan'),
(4, 'authbox.web.id', 'AUTHBOX'),
(5, '127.0.0.1:8000', 'NARVIK VILLA'),
(6, 'smanduajonggat.sch.id', 'SMAN 2 JONGGAT'),
(8, 'test.authbox.web.id', 'TEST'),
(9, 'test1.authbox.web.id', 'Rasa Keluarga'),
(10, 'pemrograman.authbox.web.id', 'pemrograman'),
(11, 'man2sumbawa.sch.id', 'MAN 2 SUMBAWA');

-- --------------------------------------------------------

--
-- Table structure for table `frontend_aboutus`
--

CREATE TABLE `frontend_aboutus` (
  `id` bigint(20) NOT NULL,
  `uuid` char(32) NOT NULL,
  `created_at` datetime(6) NOT NULL,
  `updated_at` datetime(6) NOT NULL,
  `view_count` int(10) UNSIGNED NOT NULL CHECK (`view_count` >= 0),
  `slug` varchar(255) NOT NULL,
  `status` smallint(6) NOT NULL,
  `admin_id` bigint(20) NOT NULL,
  `site_id` int(11) NOT NULL,
  `is_initial_data` tinyint(1) NOT NULL
) ENGINE=InnoDB DEFAULT CHARSET=utf8mb4 COLLATE=utf8mb4_general_ci;

--
-- Dumping data for table `frontend_aboutus`
--

INSERT INTO `frontend_aboutus` (`id`, `uuid`, `created_at`, `updated_at`, `view_count`, `slug`, `status`, `admin_id`, `site_id`, `is_initial_data`) VALUES
(1, '935b981e77534a3b980f00aaf53fc7ea', '2023-09-06 19:41:39.200000', '2023-09-16 13:22:46.480000', 0, 'kami-membuat-website-cepat-langsung-online-untuk-bisnis-anda', 2, 1, 4, 0),
(2, '822f503ecef54ce185fc4a0dac32d037', '2024-07-15 11:35:54.895000', '2024-07-15 11:35:55.344000', 0, 'tentang-kami', 2, 2, 5, 0),
(3, '0140c73d4931411d8ce4bf6522915f85', '2024-09-02 06:51:22.842000', '2024-10-04 01:02:37.797000', 0, 'about-us-1', 2, 12, 3, 0),
(5, '9763c9452a4640259179192ba4233e91', '2024-10-10 21:33:32.390000', '2024-10-10 21:33:32.831000', 0, 'ullamco-laboris-nisi', 2, 12, 3, 0),
(6, '3a94a460b3c4477398399b9455a4ffe7', '2024-10-10 22:09:44.695000', '2024-10-10 22:09:45.158000', 0, 'xcepteur-sint-occaecat', 2, 12, 3, 0),
(7, '7486e63e4e884221938089882541e2df', '2024-10-10 22:10:37.068000', '2024-10-10 22:10:37.714000', 0, 'xcepteur-sint-occaecat-cupidatat-non', 2, 12, 3, 0),
(8, '2555e04329a946ceb6ba3af9e0131be6', '2024-10-10 22:10:58.993000', '2024-10-10 22:10:59.684000', 0, 'xcepteur-sint-occaecat-cupida', 2, 12, 3, 0);

-- --------------------------------------------------------

--
-- Table structure for table `frontend_aboutus_translation`
--

CREATE TABLE `frontend_aboutus_translation` (
  `id` bigint(20) NOT NULL,
  `language_code` varchar(15) NOT NULL,
  `sub_title` longblob NOT NULL,
  `title` longblob NOT NULL,
  `content` longblob DEFAULT NULL,
  `master_id` bigint(20) DEFAULT NULL
) ENGINE=InnoDB DEFAULT CHARSET=utf8mb4 COLLATE=utf8mb4_general_ci;

--
-- Dumping data for table `frontend_aboutus_translation`
--

INSERT INTO `frontend_aboutus_translation` (`id`, `language_code`, `sub_title`, `title`, `content`, `master_id`) VALUES
(1, 'id', 0x800000000067173ce062a70ae63c90b5be3dca4078b56e79213b52724ab5a5a0c66cf5ce8d639b4c731d44acdff677a458e329fecb8936f16237c3ce7c0deba923776aca42d41f6c5d6866e9f39556b05d609aeb9e9aafbb61, 0x800000000067173ce0a55395f74c2c2889e0d862ad60af92ef5857e70d5250c9e0ad11457226e39416500202d81430b44236bed75d50b3e66c03d5dec444c1747202716c37cbfc3009697a21e043a055096e2715bbe079b41ea7ab5952bedfdbaac71ec4a16c9faa9c31f2217215635668b3799d60e846efcc137a990ef9c3de2182c564d507961cbb, 0x800000000067173ce0fd3a0c29d174daec7096e62c9dcee2ac33e6cdb44082bfe284d728f87c2e35fb4287fc93803c151494051a02903b2810640c3a55a275018b2f33510728e718c4f6c98a57fb97ea117bd6624e582f72a2ceb7f86015262b54f5221463ff449bc58989d1ec324023a5f3b73ea27512c40199b672a8b4d3b1472fc1e094c87930a9c7b523a03ad0a13641b3c9a5cd7b70aec76e30df2e8de4fe9374d87705bfbd4a864e152536cf54cfc8d5aeab686b4c15e28b3a1b56b62ba1b238280fcefba768f631c507cba858b52cc3fed15f3ec6c60847b9af8f5572dfc8a0b5059bbaadc8fdde444e4a0c9b5c2cb2fa05c12d05990352babb34cb471a5f5a5cec9e8de4b8cb800704384dc8788146f0ea4b2a0fb795c90ed4927c04279567625f64dfa85a6b31fc0d937f62ca183a1d8b0e54d84ed50c694c127ac327bf6051fc59d84db37aabe067a31538bc1a3065fd267b7378d3ef763c747c81c62ef39727ef1c81ff, 1),
(2, 'en', 0x800000000067173ce0f1c3d086a3bbaa9d8e9be175db854c5f0047c9949052ba34d3f7ae4999553ac2fba2571784d5b46b9e038eb331206a492168c0153ca61fe1d2e2490290be1aac23b33713051a9abbbd55c7eb0a60f0ed, 0x800000000067173ce07c3eba3ae3d20eee7c17a3a0fc702a534c22858cd6e7d9d175be155fae98961d4c6eedfc54cf59cbc10a5a1cada587939df5fc7fc915783e882179be96c0660281f719a7abeea5a6f4c2a4bf9637e1b2dfa8e656b02336cabdc72fe44d4de2d621919a446045d29ea0617eae59c19503649734ddbfbbf58c45a89656c4b16c7a, 0x800000000067173ce071115f1346183f39b9d3b05e59ed4c4054510a84f9b6b3905ac99b016783134db44423bc8460947fe58cccdbfdc35971c17960b28dfd3255de997ea3724ee5e2ee6621a538e9a3027c97cab2e0bb44fa34cdea50739bdb637c5ae0655802f069523683e8ef86dcf7bb515efe7dc6d18cad9a082f8f719f463a7343115cfea5d3307d1dcddd30043bb10710d77efad8c56091d82b9d5c6667652ad294ddc31f672b496c04333117d9998b64a80a21d445e20ac90975f567fd1365149ff2e24a228fb2ce0c61506998fb9907ab103185e05729c9036bda16e8cca7e17e267901dc80776829a3b3f8ef033884a482f8896e7884994995582a850807b19f4813bbd4e6c896e482ce8db6dc8320fc2594f80670d58ca4d3c2268e80fb24ddecc647533939d3acf0a7682fb0bf7e5307fbf3a6ec9299afbf8fe7c8e1ebd2fa5d0174f616cc3ea25f6430be64546c6b1bb71ca247888feeeedb0d39338d2217773d45d6e1caa897d75c6b53592842fe69a47aa74882da844e5efe7d44752296fe7236aa87c627da9ca5fa0d82d099f799117b5fd37bd1df5270f14dca7486601fe5662215615869afd1ace9260abc4e6104bea02fddab4b9ba26fe3cab15bfad4927557d095dff6445244d97c892474735de3c978025044355e027db3ad394d0b9a1d5c8ff21428186fb2e54fce7c43cab99f7cac076c43f146bae3db28bfa3ace79022504be800ed051313d56cc8389b5130fa0bd7e673c9eacf7195fde9e8f71da97c6b36be6c4019f1e3e24aa89e5ffb15f744a736b8ab8324bdb32c1e7154fc51225d780638f59046e14aa472e0aded0b60f61dd1a8bbe88cd013e6a2569d396422d3aa41f8bd9e147e6adf88151f979680d8c01d26f1b46789225cf8d2feb62dbca47fa139b1ac16a826ccdb9f81e087f965c0be3ded39b542d31d580cbed74e6f0bda808cfab0e937a10b8e6c44671cbafe292726efec440bbae96215e56c7004672abd3da6fd0e9f909bb091b1d159ae63a72b229e9efbeb10b1a2e95bfde27161c8b9665d85d9ce151c9a41cf3a15afe92234e8dbd3e3fc9fd295b3a374162ab3cc978903cba8af13c471ff55db259534808359f9f02c4298b2a88e47b72099b1bc09ea59777ae694c5a672f4ab27d542e3827842f1eb8a014460ed77b53ecc8e95a263d2130bf0db8a5d079849eca864f9ec795d08da6a3fc1fe1ebc0a63b1e6aa2a9af6f40699cede8e6c65440ff6398061233023d1568399f9d9daee46fd0092c04c695ac0997a22598486366fd914e69fa86f7549c778ecc765e508fe7f6b708dae05a9b11905dc3f3a1c9e98482924c4db35e999d31fc1f2ce1990945d26a0200c5199a0b2b1282594b9114f98083216797670c3e7b606ef487da3ca6b2c1ca486f213ef2a9aa5e13b585e1a3c8ef8d00799cc267fbc3fcb0bdb79ea4e, 1),
(3, 'id', 0x800000000067173ce0b3f0f9de66ce9098f3056416dd4f653c0068f08ba3669eaf6f704f363408ab7305219bc2772172cd5e22319a9a52bbf48acc4d03c209e70ada6db77d97f3f0005a6aa55631b9b175133c1b09a18b1a6f, 0x800000000067173ce0fbd90afb4646e6ea76fd45fd70685fe5435cf24865cdc8dc859143a092f83e38eb4aabc4eddbfafff866c161f95dbc18b106647047fb2f1f5fe13da8ec713feb6f346d203fb02fa4e0e9dfd659014d74, 0x800000000067173ce0315bbd9966f2df2dfb18ffc874d84e4291303f58666301c0510110f2e2581dc2b112a1e3a78f12543996a5a1c26bbdd44d0d467c14d2848f4a9a5ca6b2a4aca40af540ec4ae8a3e2bf102525e62a7bfd7d85592ec4632cbd27fa49e1c05b4dc698ae0dc030529d40a041046d6a7f11b8d0a3394fcb767d8b93b7f55aa06037d51a44b1088ab8ff7cbee2a50efb51c3761af1a9f3fac1523affd290474791f059bf9873bd94256f3e520a5ce6ec8d500556b5147cab025e15a0092ea5d2c447b2427c8a055490f97f16040ff487042826, 2),
(4, 'en', 0x800000000067173ce07efb4341ca8d9453f1e3b517e6eb708c43bc87c6eb090f8124296c7adec163088ad4a6cd47609d3cdaa3f9b561e4f1c9d41df5ec9176b2a6000c57b8ae9f856e629d53c696d65799f3fa460bbf8b55c6, 0x800000000067173ce01fc9dbd6ff87db18742eda7c97220d59ec8029afea953db5d40a9da718ba0fed7f3a2406cbd684e29fd92e0c62e9fe640b5f37e37c948ad8c0ef5dedc35f13ab97b849ec690d56d885fd9ed4b5548e45, 0x800000000067173ce0b7668690c0aaf3d4393c05ee5ba9f55d9a88a161b30b2ff5082ece2b9440e855537411bc581b61af18b09aed2ea0ff248c491b442d3bed7b7e77bea0e74c885c303a75b250fff5ecccf8aceee992693eda5582e9141ad96443fd93ab0a5637cac45d9d8cb8c269d00e40cae4ee8147fa7698b691bd54e132bce1279a4b96879e45ed02fa3508fb8146f82a1848e05ae2c7e0173520815c6bdf32d175fa2fca5c7f97ded70d0417d2541c5c10a333e99c39220ebe14badf93e728d7ec441ffd010e0e918480f525ad36460668cf991481, 2),
(5, 'id', 0x800000000067173ce0f0408fed509b56768ca2ea1beaa326c53f61dcacd92943d2f892af2730f81c93971d161bf6a6d959a0eef54434b6afe210f44afdcae154c13dd9a0058aef3e3c417270084ebc807c3ac077a9d57dd30b97a9106906a61357e87f7e6db8312b21, 0x800000000067173ce0023af8fcd1152cb5f9f8ed40680f19e9f99903f81ef0f25780d2b51756e8a4631f61a103b0573139be1ccc97d4be493c74a5f594b819113f7809aad3fa5d01e2af3525278bbd12f468e1022897ccc0ae, 0x800000000067173ce0c580da256b033f581b2a8a8ccd41fd0f7e37c496027e5b936c9cd0571e0ffa6b9edfd3852da5ebffd82095cd1d109387a6ee378d36f111f94c43810d64c1b8db6d259b5e7501c49e83a72b2b25e6149f775abffefeb6772ed780f69d3bf8433bf890a49abe402f6f9185e4f2257655185e24fe84ca0fb811f725f105210c5d95cf59cc7e65c55f719d19c339db1b4dac462038f598382f21a174f47e8e7ad73c3f0b63ef87d19536e24cb067f11d2b7a92760752bd257d396a3364411da854ae639cc880cd750f78e9fe2d04a8dd58380b04b033bbee476a3cd5688e0b71dd354f97092f55ae55727d9834f4ffe61fc36114d58948ca4f34da1c4b59f6c1a4f12eaf2f1e7858744a2d9daddd36fd3c9ea36d3dd25e8753603280b3b8d3c4aa53c09b8fae9edf4c3d13d8497215c5298bfe1c61b00abf3d20783224a9aa14bb83af7cb98a8fed1eb8aa276ade5c4a2ee820b363d07197c09c702eb4e82bc874d30cb1b943cce3750c012a345dc1c90677ea06884211ead0ef4ae6692ad5e291a74a4d2d687b47707693449e6b89adbd58995b6037a27e6cd5af99cbf5a74a8b72f1b0a1cf5f8f2ba4374867817e6937938695b1e12a397fe0ec4d8eb694737a459c6b984212a4c6f10cb6170cfe5f67c0c63d4aba3bb77d25ca4bb4e8134e9648b6fc1d8d36ec69870933f82b09eb498dd860068cb59263e29ca4ad83a054cb2219fd19d231142f3179739cd4a6ca2dd79c15fde34daf032869151b285fdf4e62e5ceb944ea993582fcd0fae402ffebf3fca1b93af6d62f5dabc1384f3b9bc31bd48e6bb9772266b4e0f74f9352d9a0090a34e57ab7e6be3bb23ae5369ce99174, 3),
(6, 'en', 0x800000000067173ce08dc083d5d800b264839bc3e2f34acb5b2e9fec7b01d0a43852f7616ccb58c4c9c32f63197c412a774eccb22f46283cc2b6405b7bcad64f5051f65ff6badb32036b60e7cdb075482ff531b4460b00cf68b5801a739360f28e231929bdc04a4067, 0x800000000067173ce09e6209479a4292e71a1eddf212fb45a8891c4613ccf971ae0642fd104a4e9f61a0d766d2f6c08810b45c2789d60fc40a2685fcabffc9b9debe08918c585c19120a08f824c320ef3a956e78d7fc8cb6bd, 0x800000000067173ce0ed82e891818dc6386a81e712dae4a9327622c041abdc773e5058cc7be4fe65054c5d7cf4cc8ce0c4ef9effb127e5422513f537f9c29081e1ccc2ab93dcf5c8e80f0f5b0819bcda7aca575e42743fd41c121cbd50ee7d17ba7113b6f5c4c62f66, 3),
(9, 'id', 0x800000000067173ce02d2540205cbe8cda578dcbd4478208feb2bc4af1a193321afe2f9440d58440923ab99081f344eb50678d48dc040d5bb762bcf6cdbdf7f81dd2ee94bfa57dbb8638d7030f5319d9b72c0bf6b527a43f6e23736d011282e572e6d02d729339d15ab1b7108ce9184ee7a4192ba67cb0414d175bd21f9c4016a66a7f48511d41b4fa7a36cb1effe7684e5a66680b1078230ed99c10552a3272145cbebb50cde4c7b0, 0x800000000067173ce06d5133e3c75534dfd8d8679067f1425bab8761a8ec7acd944723ed925408ce28655feb0ecd3e30c5dead3994f21fa43ab61cbcbf13820937a726509b9ffe288aa302b9b69172696f222f7a8b88e46312bcf37942c8029a13bfed484d344dcac2, 0x800000000067173ce0dd05d3551b748228b72b9f7a831931cf48800918d75730c4c60788451b03410103854477ea66cb9ed6989ba42da53439e64772d2ef5b2b82144bfa4bf0fe106e, 5),
(10, 'en', 0x800000000067173ce07a11685554a8de99e603692857185f428aa390be90a737a81b74a1be49e82bd1b767caac1237a5a32f83624b61495834cbea0d50f658cee0b29bee23613741b4c4f7a7dc08e5b980e39dce8de28e47388e6f5eccaa11832f1d50b703bc94e48948c49ca41668effccffa751d8330a8cbe2c4c94ae81189248e6d882f5fa6ea64f3073352e6210593c22fd8017c2c1a89726d9d4f421620ac2bd045c7709dcc0d, 0x800000000067173ce02af138e43517a6064a83159d12f8f62199009f2e2387f8acc90cc0647684186c16e549c1b5d594d1a0045153ba0f4a00d62049f897ced9cbe415b0dc9a71e1e5436d2ce2846f31d305e83bfe59e8781c6695f9abde9d40f2341082054cc85460, 0x800000000067173ce070e1736c5dab4ab35b5b64c10c972e0b848d841a14cc5e20de9cedc4f0509251d88fd7ce5531546f94c0572b17eb1e642f847f821c4e7bd20438328eb995cf0c, 5),
(11, 'id', 0x800000000067173ce0798d9e737b7867fe44dee434c8b8e30645f6d9c378da492bfff8c49d9503b5342d60aa91607c0a2257de04c54e40cb82dc1521d196746e07681337bb93d8b43344815003bdf3640ae29f43b708137acfe721dfcf354ce0df70ea4b98d20fca492ebf51135fbf6b1c44c18bc1225ebb2d, 0x800000000067173ce0962d73c208c1724cc675fef617f35004b679f39528e6bfde66d7ce3b268bc44dc8d6d04bda80387b75be4936ab9a7f20d9dfc285587b82b7a1c7dda3133ec4ff36d969d179295fd32badc05b105fa0dd195093dd3de223cf084b818b1e036c91, 0x800000000067173ce027787ab0a63deb4b8bd717c17b11d7639445c8a4cf608976cc0ce170046d1421a3e7fc8f83ad4814188049e99e27b297b5cd3e507e225385bf01f1900958573f, 6),
(12, 'en', 0x800000000067173ce056ffd24eb1056b7fb6a201c6dfb1f148731fb2e3f4a3cd1921886f08a60d311afd2b765d5b8df06a0b2acf910b060cdb1f870d070506ed0ff5c30b13ac6a392b963c8db6656d6876cf9a2eca1387116fa28e2488b3a82a649e2dce395aad1ad39d11f64b3e6826f17f540e14f8750157, 0x800000000067173ce0d02d4eee11e7c1e9c15c6eaaac8de6d409643281003d88a4e7616e7cfa753ae4c0dab5be2da2b1eee146a02b2019ee99a56f9d8f290501ea0ea771378d3b9f0b9b5d39814e64154a09ba5f630303e11635b96f728bdb03922fc7884df1fa7448, 0x800000000067173ce0868f2623165a8fc4e06fd125a4925e17ec43a8ccefe168b81d5841717079e570051bdb5988fc9bccdbd9c5f761c88715c8758cc09aef1c2d744977e73f7c7510, 6),
(13, 'id', 0x800000000067173ce07ffda5f65e52933b294f581cf23a7645286222b0bc0cb40530c397b45d673eec988c7a2760498089dfc292b10b153f3a99ea5aaeae863988c5cadf947959b5585d8ec86c14bc876cb89973022149cea661a547cec9b89e918a8447e3559f61e8baa7c939ac1830e54c33b9f1857f72f4, 0x800000000067173ce0c2da158add6c12093bafdc67c1793ce0911f202d8bac103333c96cb6bc85727793995c065747e3148660b73d0b8ac3cbf7a5ff0a869e16cb85379501b98e6c902c98b9c155cb44011cf43889dce50b3b52565c3562e332386a545d888ed408289f1be9296f90887fe36598498accc9ae, 0x800000000067173ce088388b5b614c6741560bd1e86e83caead0791b868d4b91cede0848373b639c6fda7804677da5423841572ced316bb671bf137d3d1788ce3271f7a2b30920efd7, 7),
(14, 'en', 0x800000000067173ce07997927a5159d8c2cb91ea2c9c7b878815c8ad2da9a6961e645b7ec06a88bbb7bec8bd50f89b0ecaaf70260c02f3fc7f6a8a670318d47cf3c2d443ce41920973ad1538d4e4e39eb101141150535868c302027663d33e65eaa9766ba67f4eda9b79ec9f151a8bbed9d6082d43e6a3877f, 0x800000000067173ce003a12f52caa3a8596f63da9674637b7d84222e6b1cd9a6eed0099c12b0fec6543016ac4bfbbb2553156f685d26dbab0d1277752dc4591a24aa9912e071507f249228aa9cb72fe29191de607ca01fee804e2850df4a963d8d16261c3235a434227be63c453dfeea2fd67064a36adbc0fb, 0x800000000067173ce0290138865598f00b22941d5b77fa737b02e5deb19ebe8e7e7f9b171f29ccd92eb0915ecd2c0ac3988eaf0e855741b85e14a8988e715fe68ddd859869203b187f, 7),
(15, 'id', 0x800000000067173ce0163798390d050392c3ee3f2ba71553f3576ad042b87c17ef2d032ef0b6070e476fdada3e6e49c97d65351b5b2facfb9e621c9a6002d3e2ccc078b213232f33523094e61c30dedf23ce680dda8ba53a88c2fac7155b7276e8b5af4c9f500a7117c2de6f1d7229943fe60a789f58712f87, 0x800000000067173ce03b8ae968673993df29f5693e1ea2500735d3d5f59ab9bee8a15e0e026879c8da726fd49cba243e1a1c5c5283f040622e5fd0ba92c0b19e429cc9b20541ec7242f84d24522eea4e3572a5ed794f5a8a6bfd9402c061fd7ff472f6d254f5309265, 0x800000000067173ce04aa533d4ad746d58f96b017311227b17d3d9f61ab1ccc9a4221fe884eba6f93ec483e5da1fd14104211e869d60af6f7b2df0bdb479a9b0d9f876e691e2784bb9, 8),
(16, 'en', 0x800000000067173ce05d51709cb54986a2e2dce89d29bc95f47c2425a51d8f6f8eff347c320f3e869050678cfaed30277e899e5a8c426f249fe76608c9cdb5c9a7a2d42c641a5cd485ad40e73b8ec339a551d724154e7cf5821ceb1e1438234619ae5317ee3bef87dea86fe1939f1b13c6db380c08c697202a, 0x800000000067173ce06a2905221ce66fd0614a956e910407f2c280bddc4ddd5d21459fbcf105072ba7eb19dc2c421af9378d7719bf592257d7a23ec5e633461c1296c259f97858a720f60cf3b9a667aea7bf0955c48eb527052909ec1969b55b5de461622fba244d23, 0x800000000067173ce026e23a3286e787248c035be12ad3ea01ebe8a658076c897be9177d91afd9a7e1e471137e90555b6345470ef21257136f4cbad92e61dc052ae0fd5c6bf42c5a40, 8);

-- --------------------------------------------------------

--
-- Table structure for table `frontend_announcement`
--

CREATE TABLE `frontend_announcement` (
  `id` bigint(20) NOT NULL,
  `uuid` char(32) NOT NULL,
  `created_at` datetime(6) NOT NULL,
  `updated_at` datetime(6) NOT NULL,
  `view_count` int(10) UNSIGNED NOT NULL CHECK (`view_count` >= 0),
  `share_count` int(10) UNSIGNED NOT NULL CHECK (`share_count` >= 0),
  `slug` varchar(255) NOT NULL,
  `status` smallint(6) NOT NULL,
  `word_count` int(10) UNSIGNED NOT NULL CHECK (`word_count` >= 0),
  `reading_time` int(10) UNSIGNED NOT NULL CHECK (`reading_time` >= 0),
  `priority` smallint(6) NOT NULL,
  `admin_id` bigint(20) NOT NULL,
  `categories_id` bigint(20) DEFAULT NULL,
  `site_id` int(11) NOT NULL,
  `is_header_text` tinyint(1) NOT NULL,
  `is_initial_data` tinyint(1) NOT NULL
) ENGINE=InnoDB DEFAULT CHARSET=utf8mb4 COLLATE=utf8mb4_general_ci;

--
-- Dumping data for table `frontend_announcement`
--

INSERT INTO `frontend_announcement` (`id`, `uuid`, `created_at`, `updated_at`, `view_count`, `share_count`, `slug`, `status`, `word_count`, `reading_time`, `priority`, `admin_id`, `categories_id`, `site_id`, `is_header_text`, `is_initial_data`) VALUES
(1, 'cfc1219263624ac2b1373c4b97f1b798', '2024-01-11 15:02:48.494000', '2024-01-11 15:02:48.505000', 0, 0, 'pemilihan-calon-ketua-dan-wakil-ketua-osis', 2, 0, 1, 1, 3, NULL, 6, 0, 0),
(2, '8f158997937e473b84d0a93f4906a4f0', '2024-10-04 04:21:08.532000', '2024-10-04 04:21:09.104000', 0, 0, 'website-dapat-membuka-pintu-bagi-jutaan-calon-pelanggan-yang-menemukan-bisnis-anda', 2, 1, 1, 3, 12, 19, 3, 0, 0);

-- --------------------------------------------------------

--
-- Table structure for table `frontend_announcement_tags`
--

CREATE TABLE `frontend_announcement_tags` (
  `id` bigint(20) NOT NULL,
  `announcement_id` bigint(20) NOT NULL,
  `tags_id` bigint(20) NOT NULL
) ENGINE=InnoDB DEFAULT CHARSET=utf8mb4 COLLATE=utf8mb4_general_ci;

--
-- Dumping data for table `frontend_announcement_tags`
--

INSERT INTO `frontend_announcement_tags` (`id`, `announcement_id`, `tags_id`) VALUES
(1, 1, 2),
(2, 2, 40);

-- --------------------------------------------------------

--
-- Table structure for table `frontend_announcement_translation`
--

CREATE TABLE `frontend_announcement_translation` (
  `id` bigint(20) NOT NULL,
  `language_code` varchar(15) NOT NULL,
  `title` longblob NOT NULL,
  `content` longblob DEFAULT NULL,
  `master_id` bigint(20) DEFAULT NULL,
  `sub_title` longblob DEFAULT NULL
) ENGINE=InnoDB DEFAULT CHARSET=utf8mb4 COLLATE=utf8mb4_general_ci;

--
-- Dumping data for table `frontend_announcement_translation`
--

INSERT INTO `frontend_announcement_translation` (`id`, `language_code`, `title`, `content`, `master_id`, `sub_title`) VALUES
(1, 'id', 0x800000000067173cddd130ca3e88f0c86fb32f71d37d45d8922c0aeb85d67c10f303e4628fa3e48958778e60f3d7694127c5de7e5130a835b89f48a2c076908e4068ee6d6b440875c3933255492283096a6af7112eb46f1e21c77fd3ea04378cef85708d7738a7c244997375339e41382bbf867a1308c8244c, 0x800000000067173cddf7177d4a8e5ac2a20cf388bfb97217e332a4772b01259345f6755298789f7e96dbd10d02055b95d6806d5b54739525b0a7cc5447a243b9877439a099119c200d, 1, NULL),
(2, 'en', 0x800000000067173cdd09f70e4c25bd42f3542376bf8128de0dbb77ce4e80a61314b0615ff0305a32b5d1fc06c7ecd13a83cd5ea4edb26bc3f7c071d168b6bcee12e0b32858c9318afc38ac586ff63b0d9755cc18d258eb8be6d44efa76fe231f2f543cb67c69694c1c72a846fc081b13e6cd95301fb51b767b, 0x800000000067173cdd9d15d3eb51519ebec5a2aaa1c8a30ba8d53be1af4a7bce5961496513e6fcb9a1dca4974dc85b6e563c116f5a52baa3f2c852916d75c65587194e3826beba5f3e, 1, NULL),
(3, 'id', 0x800000000067173cdd047f34cfdf859726c19c395ca21e0c33b7d4bf1692e14af1cc7621d2b75b8e62c72a750a805a2a3f762862e01246d1f3704aa9e2e567559bb721fa9352e0cac96adc5ce18ea1c601e5fab71ef9b0bfefb7d8d67135af699ac8d5fd9c659b6d563256fc2f91f57df383dd17bb6ddb7d56cf107892f1c4474699b9463b696a76fd380b8a0597c55783c871de8be64dc9de67dc24d281c19f5f2ada76446e7b44ad, 0x800000000067173cdd353944d7ae63442406bd48b50b06bc864aa43a63ba128a8dda36ca46718e69dca3ab74038338782ad2658463a3ccf29e019b8f84584c97c475733ef669d633b4e45386e1a77981b6349b5380ddba7fff, 2, NULL),
(4, 'en', 0x800000000067173cdd663d733af72afbf717cbf2ad93ea465dcc16ba8d74b6a74d1dbf1b5fc93e5fc6d4d2e23ac8fa2daacad919a1064d40c54112b6a95e8f9d9ed00829f7e7c29801e647e9d9a7289d76569073b0dae3e9ee37f2455996bf0ca71600c167b862cb14b1155c15abee2394d980cafc637e8f4a3a095fd9e83480947947a4dc72b5c733b0b9c7a72e04a54add1d1cd6d1d244cb7e95b0b17fe1319d2b3bdf870d7b72f6, 0x800000000067173cdd0d51362b44425cfa05df4a37f00d7b31c232459b81422d8efa05974bfad8a91c8a954786f8d282e54ee9ad690fe009123fb3562b8dd3e7154ae48ce724b652a1d780b034d8dc3f74b4240c23234f148c, 2, NULL);

-- --------------------------------------------------------

--
-- Table structure for table `frontend_article`
--

CREATE TABLE `frontend_article` (
  `id` bigint(20) NOT NULL,
  `uuid` char(32) NOT NULL,
  `created_at` datetime(6) NOT NULL,
  `updated_at` datetime(6) NOT NULL,
  `view_count` int(10) UNSIGNED NOT NULL CHECK (`view_count` >= 0),
  `share_count` int(10) UNSIGNED NOT NULL CHECK (`share_count` >= 0),
  `slug` varchar(255) NOT NULL,
  `status` smallint(6) NOT NULL,
  `word_count` int(10) UNSIGNED NOT NULL CHECK (`word_count` >= 0),
  `reading_time` int(10) UNSIGNED NOT NULL CHECK (`reading_time` >= 0),
  `admin_id` bigint(20) NOT NULL,
  `categories_id` bigint(20) DEFAULT NULL,
  `site_id` int(11) NOT NULL,
  `is_header_text` tinyint(1) NOT NULL,
  `is_initial_data` tinyint(1) NOT NULL
) ENGINE=InnoDB DEFAULT CHARSET=utf8mb4 COLLATE=utf8mb4_general_ci;

--
-- Dumping data for table `frontend_article`
--

INSERT INTO `frontend_article` (`id`, `uuid`, `created_at`, `updated_at`, `view_count`, `share_count`, `slug`, `status`, `word_count`, `reading_time`, `admin_id`, `categories_id`, `site_id`, `is_header_text`, `is_initial_data`) VALUES
(1, 'd90fd6bfb7a9461cb1425352bdd3e412', '2023-09-13 13:28:49.185000', '2023-09-23 08:18:43.176000', 0, 0, 'membangun-website-menggunakan-bahasa-python-django', 2, 396, 2, 1, 12, 8, 0, 1),
(2, '092888ae188e4b21b73996151ab3840a', '2023-09-13 13:32:43.194000', '2023-09-23 08:18:43.416000', 0, 0, 'artikel-terbaru', 2, 20, 1, 1, NULL, 8, 1, 1),
(3, '7cad4054f51f4969ba0c397a53c2373f', '2023-09-16 14:00:32.214000', '2023-09-23 08:18:43.621000', 0, 0, 'menggunakan-arsitektur-multi-tenant-1', 2, 457, 2, 1, 12, 8, 0, 1),
(4, '338259b2cd79479f84f3a692b494fd18', '2023-09-23 04:50:18.569000', '2023-09-23 04:50:19.422000', 0, 0, 'menggunakan-arsitektur-multi-tenant', 2, 457, 2, 1, NULL, 10, 1, 0),
(6, '9a8081a2f2f9412d8acf9680350e7a32', '2023-09-23 08:18:41.882000', '2023-09-23 08:18:41.882000', 0, 0, 'python-django-kelebihan-dan-kelemahan-dalam-membangun-website-1', 2, 396, 2, 1, NULL, 8, 0, 0),
(7, '2dec2e9cc7f241cc86d7dda7abe18db6', '2023-09-23 08:18:42.299000', '2023-09-23 08:18:42.299000', 0, 0, 'artikel-terbaru-1', 2, 20, 1, 1, NULL, 8, 1, 0),
(8, '87a558f6a0454152baf78d1e97acda39', '2023-09-23 08:18:42.707000', '2023-09-23 08:18:42.707000', 0, 0, 'meraih-efisiensi-luar-biasa-menggali-potensi-arsitektur-multi-tenant', 2, 475, 2, 1, NULL, 8, 0, 0),
(9, '818eca388add4fb4bd4edcb4eecbc0d0', '2023-09-23 09:02:05.683000', '2023-09-23 09:02:06.308000', 0, 0, 'membangun-website-menggunakan-bahasa-python-django-1', 2, 396, 2, 1, NULL, 9, 0, 0),
(10, '0a8e2b89500f47328b19e9763686e7f0', '2023-09-23 09:02:06.860000', '2023-09-23 09:02:07.279000', 0, 0, 'artikel-terbaru-2', 2, 20, 1, 1, NULL, 9, 1, 0),
(11, 'f81d6c2225814106b52534a05fc81d49', '2023-09-23 09:02:07.701000', '2023-09-23 09:02:08.174000', 0, 0, 'menggunakan-arsitektur-multi-tenant-2', 2, 457, 2, 1, NULL, 9, 0, 0),
(12, 'ea078c6854fa4a9981fbf214e9376811', '2023-09-23 10:25:34.743000', '2023-09-23 10:25:35.287000', 0, 0, 'membangun-website-menggunakan-bahasa-python-django-2', 2, 396, 2, 1, NULL, 4, 0, 0),
(13, '8c483b17a286450f9f3055cacaffd0c9', '2023-09-23 10:25:35.785000', '2023-09-23 10:25:36.264000', 0, 0, 'artikel-terbaru-3', 2, 20, 1, 1, NULL, 4, 1, 0),
(14, 'b5d08396aee14a4f9716a6ed64447dca', '2023-09-23 10:25:36.896000', '2023-09-23 10:25:37.484000', 0, 0, 'menggunakan-arsitektur-multi-tenant-3', 2, 457, 2, 1, NULL, 4, 0, 0),
(15, '0827a13c28f94537aa72c21daa95d55a', '2023-12-22 13:40:07.800000', '2023-12-22 13:40:07.833000', 0, 0, 'membangun-website-menggunakan-bahasa-python-django-3', 2, 396, 2, 1, NULL, 5, 0, 0),
(16, '1259655d0a784759bcea112cc7ca2ced', '2023-12-22 13:40:07.855000', '2023-12-22 13:40:07.877000', 0, 0, 'artikel-terbaru-4', 2, 20, 1, 1, NULL, 5, 1, 0),
(17, '8819ca3e6a514e74a059ae33e802aca2', '2023-12-22 13:40:07.916000', '2023-12-22 13:40:07.945000', 0, 0, 'menggunakan-arsitektur-multi-tenant-4', 2, 457, 2, 1, NULL, 5, 0, 0),
(18, '7f37df04afab47ffaa023ee88006fa03', '2024-01-25 09:30:54.873000', '2024-01-25 09:30:54.910000', 0, 0, 'membangun-website-menggunakan-bahasa-python-django-4', 2, 396, 2, 1, NULL, 11, 0, 0),
(19, '08911a87ec4c43bab25013b4d78717fd', '2024-01-25 09:30:54.934000', '2024-01-25 09:30:54.960000', 0, 0, 'artikel-terbaru-5', 2, 20, 1, 1, NULL, 11, 1, 0),
(20, '272ded22c7e54de4aa99bd080bbbab3d', '2024-01-25 09:30:54.997000', '2024-01-25 09:30:55.029000', 0, 0, 'menggunakan-arsitektur-multi-tenant-5', 2, 457, 2, 1, NULL, 11, 0, 0),
(21, '7d8e60fe8aa04aa393df24f8f109373c', '2024-01-26 08:37:46.310000', '2024-01-26 08:37:46.346000', 0, 0, 'membangun-website-menggunakan-bahasa-python-django-5', 2, 396, 2, 1, NULL, 6, 0, 0),
(22, '7b1e044743a145b7931bf11440badad4', '2024-01-26 08:37:46.370000', '2024-01-26 08:37:46.398000', 0, 0, 'artikel-terbaru-6', 2, 20, 1, 1, NULL, 6, 1, 0),
(23, 'b847151763d548bf9520feb682aff571', '2024-01-26 08:37:46.441000', '2024-01-26 08:37:46.484000', 0, 0, 'menggunakan-arsitektur-multi-tenant-6', 2, 457, 2, 1, NULL, 6, 0, 0),
(24, '544b2045e2234698aa93b66b7e933ae6', '2024-09-02 06:35:47.458000', '2024-09-02 06:35:47.598000', 0, 0, 'membangun-website-menggunakan-bahasa-python-django-6', 2, 396, 2, 1, NULL, 3, 0, 0),
(25, '82017f2f6e5647a89dd301c05791d929', '2024-09-02 06:35:47.679000', '2024-09-02 06:35:47.748000', 0, 0, 'artikel-terbaru-7', 2, 20, 1, 1, NULL, 3, 1, 0),
(26, 'b1bbef6e957b489491e456e5eaef5a41', '2024-09-02 06:35:47.799000', '2024-09-02 06:35:47.971000', 0, 0, 'menggunakan-arsitektur-multi-tenant-7', 2, 457, 2, 1, NULL, 3, 0, 0);

-- --------------------------------------------------------

--
-- Table structure for table `frontend_article_tags`
--

CREATE TABLE `frontend_article_tags` (
  `id` bigint(20) NOT NULL,
  `article_id` bigint(20) NOT NULL,
  `tags_id` bigint(20) NOT NULL
) ENGINE=InnoDB DEFAULT CHARSET=utf8mb4 COLLATE=utf8mb4_general_ci;

--
-- Dumping data for table `frontend_article_tags`
--

INSERT INTO `frontend_article_tags` (`id`, `article_id`, `tags_id`) VALUES
(1, 1, 14),
(2, 1, 15),
(3, 3, 16),
(4, 3, 17);

-- --------------------------------------------------------

--
-- Table structure for table `frontend_article_translation`
--

CREATE TABLE `frontend_article_translation` (
  `id` bigint(20) NOT NULL,
  `language_code` varchar(15) NOT NULL,
  `title` longblob NOT NULL,
  `content` longblob DEFAULT NULL,
  `master_id` bigint(20) DEFAULT NULL,
  `sub_title` longblob DEFAULT NULL
) ENGINE=InnoDB DEFAULT CHARSET=utf8mb4 COLLATE=utf8mb4_general_ci;

--
-- Dumping data for table `frontend_article_translation`
--

INSERT INTO `frontend_article_translation` (`id`, `language_code`, `title`, `content`, `master_id`, `sub_title`) VALUES
(1, 'id', 0x800000000067173cdebfaf2224dd4d76f82799005a7d50471fafa0ce3bc225bff08ebf288f7668bcfd677691e595a874a3a44247c94ace3ed40690ef8ac2cf197f71ee0a01feac65bacb625b8f4f9e5d1e9f3e20ddb71f6cbc2a6907f9799ad489727e973527bd3ac00e2327f3780c3a4f3d8162ff8fc83af56818378404197295ddb08f830bd1d3ed, 0x800000000067173cdee1b67296addbbf1f263eaf1b1c133c42f26e18921c8842a00640e5c4c6a034140403c6d8e256ab2f7ccd1c30cfca1169681f025485a556acc7aa1b994e9193abff690d1105e9f5db35c5678de3f00154bb1d350a98110de3c17fc2a214fcd5f8327075c9f30ce010b1508daeae5f584f9e4492272bb323124a2492c2f41dab1241e676378141ee959810f446d5bb0b2f6d74c3f98dc8b96331fcb0cbbffe9eb7408ffc71af4735a088cf20b1ff2276d45cbdc508bf3e9715abe47d71636e98ce35f688ea6883cb54237a76d1c2bdb8ba1971146c0b2026b3ff695f32a2657fb68955883e04d71fff4239893596014184fb02a884378304d93c0f00ed6f5e512d0ff5233c6f7fff013d2e819df70e98b7731e9459131636f0875d26a85791e4d622cad08e9c4702110a104d4d3e437d6fb520915146901d9378f2c7a0ebef45bfe9a1964f009836afeaacba38a7dde37bdf7746b949ce585650334fc9a14c92cc6c885efac5d403040cc2840342dcf0aa6094ed64dc2b41fe812628940235aa71640d320f6c4f42d7ce829c38c9c78c90fde027828142af88a7b530fdaa40c22c186fcd3e75aa2aee70a77c162b6d9b2546420ba59a7a2658e7588ea30457183ef064fb2466d8102516fb40d42de0f24cb611d62a528cf4db7e78cfc86c73db288b6b564583225271430f484fc539038ac0c81d6c993adada160d1272768925f61c2bf01b4934dfdf5ab0db38d0175090cc7b471fdd2966998a536d60aef61136f349b8f9b074cb44e85714c45bd21993f2f302f42e76e036d40457f83e4a9a06cdc4fb81fd0bfa50879fa8347f206eb0871789a90960b040fb1f7cec8e033093a528b040a58c9f195607f87eb134b655858ffe016400a243c4aad227fc5e95622fcf3df87fc757bcfc70f043e220a966b1c1d35a8fd5c5eb0a97f7b0b4a17f1e88b69059453ae2fd118fd1da6d7ff5d83d8feefed66e8ae7ac66e5aef042e38b0d08194718a01089d3e0b09c7f4849f33f787d716be81ae35e117ff51a3a757e1eae948302fec49b7de51bebe45b859898c6a5354fb74eca89c71288c8b6a8775653050e91cb3805b597944a0390fd5199426c3bd1d9e0cd554f52aa331bef747dd99e5b773da32c8c863e3613a4d2ab73dec06bb0ff3c7595456a2bb67b99a0dbd1d05356f5b4ac71edcb527a41e5604f6e4a9681a32e5ceaf8c96560a8ea7abdacb1c8bb29f281d9dbc6a602d1540edfb7541554a0ba6c57c1088df2bf0b513d2c992cbc2e7c7aaed5fa83c156caada64646b63bb3cd70ccd875cdcaae2778f6efe5c1acd4e9cbfa533cbd6aebf224e1595938d9438edd198e578286d38a26fbfd61a7a1d9d2130810d175efda8d894161c3e23da3bf7aeeb758be798e00867a9f2147872d9a2b0eb011c75fbcd19e0823e39ab498c84e5163bb489befa6cf5c9b14221d34c4bf19a8ad43160d18121bd95ce93a43b355094fa8dc8aaf64e3380af985567eeb6a88c885c67a91405402e7597994b9ad8e24b64c35b78970e994761e99567711f96ee40dc1bf5bb6b0c3e0b8b9b86a0579f2265b2a2ade21addec852c8a6370fe97c6beeb46637034837719ba1623ebf9a9f7c4e5ed174c9ba2c797624c2245752169c99b9ddae0f22503d6addee4ceeac5d9c78a0ba80deb2a55a191e1a48905cb0dd1969c8902b234d8292266b188ff1c939cb26fb4f5b7ddc95f1fa1c7debab09f5cdabb795809d1355861f232a0adc90791d6369cf66bd4ae75c594f04419ab82f148d41211d0599c87d1502a9062fe11c119b7435321b5981c8a82959504918d9ed1f02ce8a8182aebbd508503bea68b71f0ca2306347d40c424a90a7691f165d9cea9a50ce44a21c63a771d7a588d6b061371c31feb6a7fbd005e79f03a14dc1d41e4e310a7f65fa74f1ec9de1ddbb4a8e57ada0bc1456bce72906d032cc3400b3edd49977bd80b75c5a7eeea9e86252e997b9707c5fc5aa4f2f40912fa17ecc0e77b770392f8856fc42d609ff487e67a71d71f22b92d097e2108f1fecac5d9b3a6a4e7d375dc83a8b0d5afd83b7901c8bccfe45659c6a06e05728ad265d94ebf19c945dc971f36165cdfbc7212450ad0bd470e0020272e06e296e48f0b336c021ca01f41ba6491365b5d87d9904e4240d634352981e977042266cff588ee0f6d6b866c51fdb7236e72e18672abef311238e4f3e1871197987f2813660bb0697362a11282730adbde15f608bbfbe9dae0b7edf1745299df8f5d9cfa253bd4f5c40dd0867f39fcfd19a8b01a8652f5eacc10b6f784e1931acb256ff0980591cbffac83fce59744a0398a88b192331a519f3e065bd828bd515946483219968f35f63045d23828f3140c0c81a959af447e8ec856cf9c33a9367e00f37be279850be2634d119b6dcd3826e1625b3924a92606e751417b6c38b466499748718c3cc7f120872b67db24cbd52daf5e26793bed6828455c6aa1c4aa2eaf53d28767780277e67f7ab114c2f6eabc699bfad19011f304c1d4f40fc87255ddbb08398d5bb091a6eb613fd77bbd6fcf4a17bfa25c0a0b45ac1f04d58ef92e2e3eb1271ad5ad23ab0efdc40bd689eb038e2a27bb068030f079002243c1faea306de5d30a981f2dfe9a84c6ca99f5619dfdb1baee6fc0a7009e3e8f32e1cc2d8bf563bccc5db871d94097cad06b1669e89456677bedc1d3125c4fc053517549c80df3062615b48285d7cf2a3e60a0908b9c642d3da7b071bbe8ce227e52411f0d4de694194c73bc1d69079dab9ccd6da3c3d45541b3522d19742e0800571c623ab10b484f3ef4f8d629607960f7b567fcf13ff9b14d92aa7fac6b264dbb5b261b184470b1896ac1ca9184011a8ffef0d81998594105dcee01f4e14b5b43a1d84debe85e6a3c0a2b0492b44da9c5b60c063b7e25bc0a0b6e3551767fa97f2cb084e159383179642f5791f3a7c80c3f1eee74123f961ded3d6b8047a6640895d72df81231f245dc178fa2c9c1c8665e6a9068f353f9c3848c997432cb43f1ff198c2b4ca1ce62dafa39167a81ed77523dc6604b85d22b2fd18682bf6e21d5a180a5d52d2a715d4616a1ef300bd46cb8af543e212f7d1d2786a8d887c99c00373259a8402ee56b32cbc631092a3a57e36a1e13c3ef712fd397abc87d3ae19b908b52669264de215e69f30df008346d9ef243135345538038d09699ebcf84ae65ed4f764814e328e2064f06af99dfc06457b7f7601f38276090e1aa42d7a7fea0fbaafafb31c12a47f2a91c8423f76409e198842728d794f48164808b032e9dc97cc705f3acbe6b1587353c463aebe95cb5f04dfd61cf36120863967f102811cb83190022546b023c6ff9c7a198a33d741387cf66b305c0f410ae69236784f99c556c8e8b1e1510e5dfce89fc6126b86b715b90642d133967a912c55ac483f7a1746096392027e59b2259b7a4b679694923a1a748683cd700b7cf0a3b64e04b94b3389d4815f0f012c501d4d455adcf2eccb6f1c33c908298fd2be45000bf0e79ccf6a25f12bda15bdd26c06921e5996aa385a660f2ba65fc89b9c5eabe3d0ebee37732e0429f27b17c126a222ea973b195290f021700ae05652255a217487f2322e6383262c39145813977f15c9695a6722e3438f354e38f36e89bf56d6b692b0b3ce4e91598685b6cba4c1b3b44ed0fa446093244dd667cf1c03e1dabf51ee2ded7987654921eb7a3ebed6e0bce588a8bb7bcc3c805600d445c57a622f1a919293f7bdfd9655a3a3e0dee2a8fc401213d8fbbeaebc0d811b4b7943682f31a0f4b3047384067a573642aa327d390d1091c9a1d395f82352ada7fd78be8bf4d40566c68768d01a3d8a9115d70413bc5d6a98f6875629883d781f3a072375133edc6b68cb4c15ab1a4a53bd92447631898af98db1837318f017bea57cd8f3daa2f22803f03a38f33e661f476200faa8437761db0bf89002cda7dc841d2804a90afc0f51bd2e9519d341bbb3f3d2409f24f0b2a24b33b0d2768e16697b08f499e3f055554785c42a0df81d67ae9c430fd2c0b0a4367afae15bae93a4b560a244f8946ac3773445043b666ebe133f09b86617a9c327afe38b5e4992bdec81e949f39f95979b77dbaa999daeb8d1fe292649153c67ac4ab5d9b1e0f4e9ff989a29224e4deadaf8b10fb3f474aa061394ae61bddd3234f7f2d6a598bc7c45ffa9f95f44063394132bffd96fb4c7f97d595f6fb3e339c0c0df984f8fa8f3908be5627ab9106435952eeaed79a4a1927350346756c47debd6d60a2f027b46603f44882ae7a1ae16fc2d6ffac39f6fdb052114111c1e4f9eca38a4780275ab82d46a8131ea915b9b0b41177d1707050af86afae7770ea19eb766f60019b54ba3fa563840005768ffc9165df06f46f8745918dadbef20706f55c4e16e737b67b2a138c0b639bff990ab2c3da4921e99bbb85b1618a9ae1d13d42c9aa5472365545daccef84745f42683830a7b8e403f5900e9d3f4625bf13ae4d5d876f19b4d56639aeffd07d3f62ccdfa36589aeda72f399723afb34d1cc800ebec41bb66c3b319e90e4beda98b9f447209dd0bfe8e253b67f7a117e9f3d6ecdbd0fba5154163e7d61f1fc8afd7330f311a619dd1f83f40e599bc26fc7c1f63946d790e6bc1d4828f2b93040550f2cd9048c90e1631f784efc30d1d39d8a37a9dc684363cdfc0f6201269f8d95ec01c3a558006f92888b44ec4b199d5b7fba23cd6e52a46ccaa1ac75ef6f39959b1f0db6b3f583c2649f52fd1a9ca1ca77f1b33e6ed601ccb4cccb4cbcb21a90283a891fe7017671f9f5685664a23cc76dad2913231a4b717597dea9d9dd9dbd8200de837bbdc4652301daea336968592698651f8b7803a4acf53d09b13ba8098863d6130f12d7d29c6843d749766f7c93752df06125ae3365e716409ac8b9687b6b63f8d49578278bbb995b155684393d2e3836ab8ba58ba1b14750cea9dff1522c86666c09e7e17f33a139f5de7b4107a72b892971eff45942601bbb77ec8e9221b81990568d8855935e350f28eeef5cd06c296a9a7c950e30f395ab2ac39887c3e0b70c6f6606da72f4520935028a881d8592f0079deffe39773e6d088507b8ed1205e18137d3243be9749ffad1fb13d2310af76e3c76118dfcd09740a53393db3126f0a86873be22d464683cb97c7d341bcdac929853c2410a753ad3e87acf1ac877be8c64af9f787442e7ce60717e320e34611f04117c7010d9e9f3d53b3dd03641603113de82f267c2f15595c75bb6f2e7ea034f6474d1ae6faa98f092b2812a6e6ba13a304628aac62715655317aca91f9f43e618ce2b2b050719b6716fa9e55fcaad23ac6159e221d0550eb579f47efcbbe12ee575f66753fbbce4359f920b7d5bf1cfb1805a00abfd90a45f74519e9b2e40e20315f467d32671cc75da2ab81aaeaaff971fac1ac6a4eec93390687d0cadbdcd7e559b72a08c5fb631c843c6badfcfc709379dd6a633369ee0b836992d9fa5714af85f856320f718cd93f155b4057e8909c16ca444a93c7397f498a7976e47c22cfbaa9094c9c548d617752ac1199f271a02c17cf1772f834744034b274e40628d466a12a44c343f019e884d153264b366db8782c69bcd46deeab9d7bea912f5c950724cc970168c9d651ede7c319461589cbd6d876c0387200e9fb7702a92f2571d903f8907612f1c1447982f56a1ab80d164c9408301fc3924fe8a601b83da2739869f165113d6559217333fd01486cf8ea8a378ff6d00ad6dc2a30903654cfe50f080d229e196290dd8dc753284682c1b615e2d2e59d4e2f80ab4feecb83bbcd3c061f33270e6a32b356d13d690367e2d222051dfed9b8f9797f6ce2d5879704dcc92fac8ac2f7a726a6551b475c1225c91a38ed3ffffe361543c19ddd584f190b266c4581f84006121346f55deb5aaa3218f3db4eb206fa5d4c696fb8ed20b6ab3afa7497ef96e140f26e4e29a681a6f0b1a1ee6057ccf5b2e5ca222b83f2e6d5c7f6df414e93c894a6028036a5a6973cb70e51380de42f9e1135dd6ca8fd9cfca3b388cbe5c61ad5380f9008736d28c0857b6c6a9e805976a7cc925fad04da455f37e1, 1, NULL),
(2, 'en', 0x800000000067173cde248060cb6e1aaf6ade583880285da8b31231f7b46c6be8e300dadcb5785dbef03a87da5a61327d79b42f24c1ec3ba1b4f7d23bb3f3db4e3139be5d4479be42433f1955ad786995c35d0be9619a3173c93ab06f87755ba0c851d9cf7d9e1a46732caf058b8b0830bbc6d90f5bfcca3097398f95ee5d4dd25f0d0569cc29ab907b, 0x800000000067173cde3aeb9dda640322e7fd4913efea23a96d58b1a5ea708ed2248e28dcb28b5acb3f751d6e0279480fdc4a4db1643f76e2fd7d6f24246d15474ddadd07fcc9ba11d4c399b11dea04e60511b802391b7da886353e9eac5af1cb83aa0044ba2b8faa3f966314b75198fa0ae77f45cfb4bdfbc8798c42690e7f4e32902f852540bca93b10d9b307c73f765e786067112915b5116dbc01a953dc2e1439a00ef8c756b1a3f6f6d26fa5e50c5eb54ab2fb172d74aacd9327d838d690cc836969e28ca77333e814519b47731f186182b4b6d40c4bcfd35510b766f5662f6414947763706e25a1dbb39b614c6fe3405ccbfb2f0841d4763c9e1165e2b255785a538b6a6adb40666086717989eca794d20b51ebab000f8f19ecc8fbcbf4479b5ee00590dfb0e282d760f565ba0397bed4ab56c46dd8edf1cbd1a3f3a386694d45881b8f90421a9b6ddb25f961c0d830ca2a61203a3cbd3d97f1b0c3caf3e210ea909bd52806da231d21551d7591e60492b5c54a391fb6ce72d3e9e1a0b2b388e912f9247b80a03a4a628a511086326f65e99fb3e4317d5d398009152368749dd80032bc179cc447f1e77f2db62c37779014abc9f18a27c111a0c1a61cf735cc8b5afbed5a1d98034bc709e1eba824b4011209f8bdce066b716bc37466a61b22aa361003b1cac48ba748d13a5d97dc9b8d380bf663b30a85490747fbef304fd9106792c6a3f8f1294f44f62b24e9190d991a3c9db9bd474710f015e3eb0282d4388ee9446a06fba99a391d8be9272f99a0fcff75beaabe6fade39e543386e43c81c2cee270a1d105689ab22e286ae4f6a2b5aae06a1490d90df840cacfcf088d2ff0b09a929a62ef1ae3b2d8e24aeb7c5e7e3ddc6882f8ce38de0ee9398bd3adabfd29b8ccd5ce837b2bedfff62fc95b153ac4d2219a826a86c8a94fa222a660a6fbc66bc3837ddec96c2697adb01beeb685349fec1e471a70e5c7df0ddcee25fb40df1a99c5f6d8cdda3b7a29d78e7295f098ee6dd8768c6e0ffc572e7936a488d27d4b36496448f56725e45b88acd01661251ae93686b01c975aa21786a879678fd90c2a3686aca8ec17e069dcd4e45c84e8e48ddb9686948af210fa356a9e92b30cd43992b820ee42462d6f19bcc7f1dd598d9c5f9e46c39f5a80faa3a4bffa0ed7dd9f08195bcdabaeb68f1c948d319f20663f9a1e464ddd2d0f6210a9214754504a6667a8288f9c7869521edf1f9a74bf1a7c9bfd3f1a5f36c3cae2bab2191fc9e99437788370d69250afd14648da26e903f149114b3f1f621fb2d7e06ab5acbaf238c482d0c8312a9ddc1e7f47fcf20be949dca736e5968e7413df6e50ec5d5ac574fbdbacb16a8bf2f67bad3fef37c50f7592536319bc455fc47df4688f9a104f7eb5d18c2c607281fd73d89909482efcf0a159dcb40299829b7059633b37f9e29c193893316a6f9cd7594f1fb7d977d7e88a4456e441ef95e532185ea1de2a86b8515e674ffe206c2c899f8cdd7433f601b2b71edc67a322d40d425741a6529fdaae78f4e3f43fda7ea37aa8ad259385f23664ac698f6b3d7872b8c95085867b44c0368a54ad645270118ea0b0aa8a1854b648847ba67d310e6be6be62fb1e2b608ce0799dd45eb90a3eba12bce8d3849df7db2938f3617abfb5ed0f78ef3cf2b87b7bb83decf4a97d3b51b877f9d752ac8f09bcafbbdac2ce1102e3a6ed4a47156b8ceb40d7db4e384127f6c498d3814cd263af188dc9595b16e5e46cc34bdd02b003397d0d7cc9e6008bbedcd876d5676db20616a9323d0d5ee94a31ccb7250c7cede5efac70fda1c8371a1b92a6cd47eb43a5d84a3e96f7c4caf3ccc602cf8b2561755054f16feb211940baaba73a29c55dfde4e92edc25958984f40b671da4827d2424fdfa78ff5234aa68dfdb3b7f61ac08b232a8a9b620556cec31dbafeb4ff5071a2999e7720d2d25652de7cace3db9b4cffabdc38dff85f16f48936786afa2c378f779d6814a7133fadc15750eb15715a7000bdf49cc7a39b65fcefe75622a49c4ce91ae47b1f04fc674af5b2097093035999b18e3d78a4daa765e7bb1b0119c341cabe519d04cd4e018c10fd0c6ffa7b6128b6d6b5bd0b2a787ca710dc0f3e5e1bf122cbc46bfe2c0650f36f344d19511822b42f24404ade209d7c7a9b2394b3ea55e32c559cc51e79873853ee5c71f810bb121619240f4edb45233c8668fe1111d1746ca2d3b7693d5e9f32f9381a8e79112570c9d508a2fc255f52b52f4a0b3653f472a7cd328e99e6777678dfc5a10353c023bf98ea13e6833aa47b537e1ef5e3d50385a682578295d84504e0d8aed67335245b60bfc55aa060f32eb18b90b0ce63a0d26c6a9dcce4679df987785023de4940146cff00a881b35cd0f673994ddaa7739bd2aa16368dbd5beecbae266b94366ff0f4edaa0c6bf1e7c42b0749aa876330736d7e5f3fd601910e387fa26a5587e4675958edd907e7d853fb9786ce6fafb949bd0f239af7b77d9ab0d07466945de86f2795defdb7d190713096a4d7842b054e12ffe21267bf0a56dca5202cc33d13658990be4ab01c2f3e416e565676dae3657560d02340cf52441cc98280f81a231c7349b050ac6b8686704ac87934c7ddb1b7273d8a65823bb89d3f3efd18333974774adab828389b193f45d6eed4d1ccf6e338c93e3dcfde88da9bdb9ca1ba45739b6f6fba24d684a08bfb0d0689295b721f68d4348ea2ca962c840102f8793dea68b902707da08d1142d268c5a558e5bb9e3b9eeec0ea81312d6b4c3ed8b0ef22be0a63a67481bedd1c8a479590e083394f0cbe2da2bb5be2fd56016aca67ca6eb4f9f3a0eda7aab27d39bda74fa8b85cea7b8d48c3c4d4cd53c2841a1719581d8307798900dbf90d664464cf45ffcca7fad2ed73cdc502d4546cc4d735fccd54e8006de11d767c7cf46cced32dd270da70b6a889af5b5013e4be361071b2d3acb5c87f68c561dc98579d679e3dc5e662b55b320059e93a71306598ba76cc0e4485c5dfd4af8b50177f56bcf62555de11e0b120632bd8a13bb9ca2b4c3d62c9b036c8f2e3c3294ab077d65aeb0025ee66c31849c1725991c170ce526b23a409a1f472f3128fc15e33b671a66d92cb67743348de4ba36f22732370e2018e14c4e6faac1932986bf7aa888e273369a4bc46618d9d78a32f932580eec5cac77283c74755a55283656f264779b74f5e15d2c73077afbb5fafd94b126b50a97599e4c077cccdc3e0c5b04a6858e1a0fb074022da2ee1eff8d0a4eb14f0afd325f2aac9f2419ba4ecc4b70f7ba223536898ec695274b7dac692c11c708057703b26428b6300ea785d53af12fdc804e0980bb9ad11c9a143fdad9aa93949a1dd3afb1914fe0c027bf4272fb63f41194b1294c00224537b16fcc4c98789de217b10b4fc80aad8fa5f1e9fc180cf824502ac19e9b9786ba9a8c7c4ada7e06c52592c424ad87ee8b09003a44768eff18d401bc93492f195ce9393634b85c15219cd7d78453f72d55522887b7be5d181e3886250038fb10091899400d65602f92bca4c037ac1578a1bf56bbf7e79b2ebd4b0e816b84b7e1b3b117792d9945e10bd640c78c1d942c944ba6d48f830d8f1a8d2180ea2b46333c21af6f8fb7368b79a434f84a60cf0715ceeb0e944df6a64a6cc3429247800482f003828b8a594287c9c8adfa90d29d06d51a31816cf17d8ac72ec5d9035dcb0dc79b8ba13e384eb94a59bf3fa849bfc1a2d566f5e863d236a1516027c76a9b8a79b97b51fafe8ca1109879a07bf6d7cef8bed4bb84b21ad988c544229ee7f27cc88956c2898d0f45039013a059485b2fc4cbd3ddebe48d0aa9cfc0ebb4582daf9d9983506ebf329159f997ab8ef7104120ce489c33b26e781429d27ef079da972d061463409757a60f257dc04a56e227f124867a821f00017c95dc7ab54f2e936ba423a93eb248e0b9c20196e1f37b49452c87e10ba12c761473c595abad8c880082739f033492b13302ccc236b3ce442a6be8f0239f084783600a8b054d451b94b001d5e6ac270ab149ebcf29c57e91630ed79d10512e21b11016805242ec3cb166fc3a132f5372f9d29cff61fd4892a1efbe9f059a275bac08abcb763588abebac4d7d4a49fd6df8df4d28f544edb2926c8e9bfdd894d8a47e845423c1345e8eae52f8fa7ce5d0eccac71001244dc1eb92975a0b456d33b91df3d8afc2b2b414c37216129060e54ba4aa549182d20520a34006019403cb97a2bdbea06ab0ca0d196fa55380d0a1f02c669dfd3e8a65f72f3481eb5d743914381b64d624bb769c9b7aa28ee9a21eefd89aa0613fa0e3a227f9c56466d5ef53cf82b9995db553eb59fdb4fb004b758c1cb2d057f850b9bb45341bd815f024bc38d4eda40fac77698f11c6e0866833352f66f439607a540e356e5a9d21f54f82d9e81176cf7f3071604b5aec270931181bea4bcea6fe8b6ec5ad51ba76f4ed8b2db489e3e204b8b324751f23e9f77e17eb4183fa4e5309b7c149724df6ebf93d03ac6e7c922889036f1c12369b791c7e31c9bd088af16f3bb0930663b2b3f7777c35c072b790514604ffbd08304a59028c893df1492ad5505a4f7586730b521ae52385e2658758fdbbb5ba67fc8c8e1e85f80bf8c81245860d60afac71d43f166cabbec8fc7caf877c2f5ae8caa7311392d0ea7dd572e87afa88b6fd0057e532b5b3773d786caf40225402f052c2588650d0112da4da8ed65e822bec509c1b74ff752158c08d620065ba378b9b600b30d49db8db68375fdc39f7d502b6e962d4713f4b9c159a9018a7e013512f6bd793f5c813cde611fbedbc5cf5c45f2b451cef88c591bc38179187ba23f22d1b0bda1104cd522ba00d78b47c7f70e71d9a5a05bad7f247731b036ddae8927deab12b2a9dd4dd14da39dddbc161627a40e587a5ac472a18b9119f1aa7d8c21bda0fa21676f795249d5d84a3033d7fd021c3ae264903f8f29af53a97bbcbc2df388799250191d833e18336e21250924c88f42899896d36bf77cbada5c10d14d21edbb3d7d4c9beee0b155102a5f152b2515860642fc2175e937d455bbf0a92b569a453e1034e71122d4f9fe8cc660c241dfff17b998976175917a7d6e958e7b88f5875a6d328e6d676cce76d57f5da4126e0ee73a8b0c5f6b4be8d3ad1b9e3b9942e4535314c50b994d3bf47e33796d3afe6ad836f8fba782e9c646a01b1cf6ddc916d1b4c2bb9e0153649ea72595cac02dfbe364c457255e6fe03cdd81a8649ebbdb4de2b4976cbc7b7ec7ecd2c53d9ce26cacbead4d60ddbde0e728da9d6dc421bc619448f284043b805c75d86e5311f432a5f830571c1910b060eb1c83576ee4c336adb2c84e33631f02aa400374dcb167366452f1160bcf7a1d6b6d2afa27893ee2b72c90ca16f12470df7ff859dc8c3cb3079475c991da3a11364a19e566d7bc783bb87ec3d68397efc47fd97be2606ebe86cd74f649fb06202c07761771799c2d5b1e05711b038c47b8164eff27ff3705244744766c00564170f7c69cd52c8b56ea6bb052716ad1d7d773efbb6ef7af51103c7de504123363d1330832499aca34b737f23a366348709c1d2acdcc3996f574170dbbc58b9969e56f2305e05ea4b5ba7121efffb12a0dacb25f451adc4214b8f004675204357c66864fec50727cc8ab01e56ec509d4b1aa6ec609591e515bdedaeb6e06244c86ccf7b35cbdc96f83fcf93a58d42d000de1e2e53dd535423a2f58419bff25be559a43dc65b740d0538ce55a87007932d277083ab52d59ba78fe697bec8b39513273578cba127493031431e0a7c39dea634087f0e87ff9ed0609e83039dd794832b9c4532e0e550ae44b5bff5abfb107e9613518497d3764ad3bb0f3b5331caa03b595d02e7cc68937382179a24e7bccc833338ba11945eef816ea18a356a3ccf04723a5713c71a68929e762b779b375262eab340ed77ec337b6d188c88b4219d8a42e091ce8604f70e6fd9e8792db2a06618fcb368127296f1621535a05925ee3a977e1cc137d42212002f3cebf116ab2e3c14c53fa09b28a151440a53651839d10f885a56949e51ef0f099fab430b7f1e9da3daab6e, 1, NULL),
(3, 'id', 0x800000000067173cdefa82ff104e02829c20a4b880cc3a6bcacfad0209c5e17d9dbb47b3a8689bd9d89d7a9e2f31435e8c93d2f9f62b999725a4c27b7d40916585cc8acf7e5a544d1ba03d146fcb554f8a1d09a7a341280d1d, 0x800000000067173cde353e3003a17b1904d9a04bc039d2dfabc4dd268364102d364da2ef998b97a2494e74e66ec55395cc22ae0421fdac9d74ab7c8946004a8b0ee3336ff40e67d47e6be0d98e05d3f1ae2172efd3630d87353f19c0b4c353f4484964fecda9ed2938d51ddbd0d69d67144ba3500ecc8b8442ec95a4cb992713a3f47ae6542807ff144fab2be143cfafe4a452f67b76a27ae9396d4660b5a08072c928a5b35d7827f51894bdb029839b0ea0760039240b5ec57ac1e4ad1da9d7d90fc48806312e2cc3f10ce4e3020b730d507679fffae53a559158ff0e0245dc8c8039334f8bb53b61, 2, NULL),
(4, 'en', 0x800000000067173cdeabd3cec47273c91b8be1317eef00d1807db98782c994f827e69a858cabd7e3685cea77374779b68cda4bde44c14ad58f1718570ddf35a8c53bd696dd8229f7ef9aa6989773cc17912041de9a06643766, 0x800000000067173cde6df70106c51a13d7af585edc1ca2f3a22ce5f61f59b540982ef4d70ae61bdf13015ad7e471eebfd34594aa4ef4eb6ef058678d55371744c985e0eacf5ec65c6688abd5e7b4f77b3dc666e9aeb5e3a31c0bf4c5a232430dcc07dc69134ed69b5e3695995bf8b7074cb15d899915a2fddb00ba9efa506b86aea296d146632c8fe7c4decfd7d55da58bcd4a836851e0ebcd447e67ae3bf44045cf56b31aa1e7320214d43d7e777864350e572018de1513573bc1273205aac70b113664366798abb298d7112ac109ed57537edda0b524dc36adcf33b02e5ec05cdf8326166487aec0, 2, NULL),
(5, 'id', 0x800000000067173cde4f044f8c98f4b9cf595f05cb5c4e0ba3ab185d4d6068d68c32f2f4dd9ca79d639aa9d74e73955ac75c9bfe5b013d5270e198a6ffb0d9f404141fd18b4fef0df9d1ec653a7c40212811c5850e76c7c236a5b866709c2345d33f53bd79807dee53a835f9fb1158e5810db1a423e810d0366a455ac680c52d043217b46f7504e23bb11b7d612dd36363ba87ffb20325a259, 0x800000000067173cde03929c825ea731941042978b0b9c286cd580e4f353bf606dddb1e7130d17cc8d274653681e3209f06d6a8ac7f1d8e1bc9c6c04b13a6d70f4f2d6cbc4fb1b5c09556f2b2d1789929dab56025fa82d5f11e0e6e777eeefd276898416755689eb1789c1ca9194d81113cb00a87c7585ea40146ca41fcba9b0c45294a779a8e42e64c574e66d8356ae09f13ebcb953a66ad6e937d448d25deb4d5e0463f524452ab47ca6c3c2c77a139eb592366f55c2fb31ecd145d54e746cc38644a01d8859f7c3ea4eaa826c86bb5ae6fff7551492394e7c18ee0a2dac7f3546d7552ebc92ee38971d7a78df5e89dabd938bf2aeb335dc5051abcf170f60916ac8c62a06ce41df29307e4e345096172809fcf86238700e0a4517eb26605335c78a25e45808b03610a511c36e83a2f8758dfc1e14c2d2191888c5de9f2e7a052930164bee7853372a8f0e4b5c5be418ff200337a8b7a6c57aabad9ef788b1d73fbabdc7a07fd3b1b082e621a398cbadf90f6eb4e777d2ad85e5ac6fca52dac77844da1bc9256faf8575cb017340cdff5b6e6491850afd0cacc8c774b0410385359062c4b7530a8c465f5aff3f6b1a8d68931179df96f3415728b0083d2cd14ff9d22502a4c92f2e4406a49e33bb2bdaffaa8e3f2a90c71a7fa6c66260319a8e307dd740a7888e26ba44828587336ae4b98cd939bcf6656c3fb81d89b91c77e5288e2f57fd391df517e60ef3ecf2de17c0bab7825ee39f81b23547a9169432e2bff31c84790a89a2ab327300813ef592c51a392bfea9641f0b19e5d3bcd5dc2e2155d8155f0509c22d05c6aa5b9bf697b8f9671b64ad47d7c38b5eb73ef33dbbce69b0e206f30d97456e66b36c381efff96b985122ed391f7965bcc03c10428bc958cd2879917bf3e3f8ba4d74c2fd3d1bd79fc323f2ddaac9432e6205fc06213e8143a9b70ce20160346330cb0d05e7a8711009197358a5263d52aed1205e9994edc74eaa1ca63c039baf7b5cf976093f204665d5f59cff7afe34256f09ad402200087995f8655d90b8893ff76daf14fd9aa54926d0303ac81b4d510db745ea4013e976cf14cedc555f3ff07a729c18800a19a9b6cebbbeb278f515f54cdbbfacad1e29fc456d9ab00430a27b83320948a73e98f6d35afd7c0a5095bbac399bdbebed91dfa053f1760a7e53db62de9e80570286dde6638cf99494f2c212a9b789a826e6f64adcd4648589b336509fcb8eca88d90695033d4cc292361923e1250d774ce2d62a0bcb608a8465cbc2906a643c0492b79c2e9196aab745ff0a1cc3c39366495ff9c175b39d02c66e8697b5be3d56f8d9ea1bcd907bbcc3515608646f687895b3734b54a0960595e39c710f3d747549f9cbedb990ad97b0f39fa60c78661fbcbfcca02e33c46504adc575a46472cd9bc0d3f7a17215936108b7aaea935fbbaa8249d0c3ce212b176a5184753a6f510d9dd9c31f120612984fab6f2023715df5f37d52bcc85927245e13361d6afe37dbd8bcf4d39fd1b3fb769344d24cb45ccec66bdaef5c8fe4da8d7ba612c1b059a7dcb8f399bd6b012c29a1cdbe81928fabd07bfd8439637453ff9d3732f5f7dc6143def5dd68e5adc7c9551846cbc0a16dcb8c1991ada35f8d398c17df76ec3dc85b441983a3495c2539ad0d3458a3c78e49c6ebb66da294654d1ce98c0b57b53cb5f9d0cb53f6885ba2dcadc28250fea1fa338f8120114350ceb9d56110fd9b4985536a392db22c77ff56d8b3f2c54c913fa81b35ce82946edce0a44035095e871eb948d478506fd633daf46fc4071378fe39fa11791f01d45770aeb14b86265bfd0cb08c29a5f7fe00131f876b937fd818dcf42b3c2ac8156f19d18b5b96b7749eb3cf084fb13a408f0e02db14ad724a93a35bef7b036434ce4f1c72bcc2730af59e2ddf704f47ce7678755199d1aaba02563332f37be01466b5b04349b2484c2137e9ad9e39e74d1dab4a94bf74a0f714c15529f826cf980b58db0a6b978b92adcb7a234f69ac8a944e8c868dea69a1e1b4bc2b6672b0373fc3f667bed2c522e1c815ff6b7d2eb17b5903822b2f6c251ec66d96d5b74ff65acf49151e180c2937c080cdcc8ccc9917c1f962a105693ed7a9274c83d0e8a501c43f9bc2d7329cdfd0be2687be721eb4798dc2037b51bdab3d878e139f91cdfd943f0dac95366041296099d25525658d810a1a49f6371a132cd1f169f0a11c4ff6509dc8d3ee46bc9f4aae714213afb628eda48f635985f0280300acd0152063eeadf28357abb58707ce7c67472a966d24a46af8942072760517cf3b3a6db6cdccf71736d373cdd1ef80025953fd22adf3878c790d151fd0aace96bee87e96af7c2e1029c4c2ae32371662e9c52306c47be8f199082a7ee122d32d6d4f4caa406040a111d80c8ab664d474ec889665e9fc772def124bab4f929a0c67f32644c7c2732a8bc874cec46a8468a21148bf367430491b7f9128e272c6f4b609671a020b54062e0fb305949c7c03b58c051279e0a52167d5aab86ce6f5f792ca58e2d6f0e253d0413ed8d487c4461cf1880377cb7df1c6615d9d6daa8a2d8a4fb2bc464ce11f65c27095cf24bb688470f751ad5f0fcab6b5f1325333b291e6ea5787d274adcc424b32dd0efde37c60f2a44f82decc43844dea388c2bfc48278fca6c7ce91e317b280bea3371125af1856afde30f81c9d26a864acf7d48fe63acd1f566c4f7392a661e1046188e1f85796a6f0fa9d782a14b1b5ad301b94bf618328eaa27f3acfec6055c539044326c684e07ec04e0a65fa70837b01676e2721f78df1d3c61c120a2aee0cc696e5ce417851ea9adcc5253a94c54796405db34127a8bd581f3bd6959b6644617d5831314a813c19d9200f2a69a002145f72b5262e074abc696daf9c94dee9376131a0ae89db90c4d25b051543326bba8b7c33fee19c80699755067ab1928d7c8ba4280c30ffb754a12a74a2de74c7498ef0b9e79b8b4d1d4063667d9e21bcbde1cb3ad16c78c25211c94cbb0b3c049fe52ec54b290165ebd045f8fd0e8b6bdab0b4869f4b51439f788ff92f8a72b3a7b28863d097ece4ee83639443e13ce89baadb831b673297b054e8ed2f9f975b886d43de26c71f9b3240ebcdf2e01d32d8381fc371ee5974aa80973b19d28e44d157b14eabd82ed66f1e3e442f88c3d2dac5e156ad785054507451b4229e5e86074d94bb54e6b697dddcb595e2b3bb50e7f272aaac6d6d8bfc20e1ca9b0347dfccd41791e7e696f1aa73f7bf6546862a0e9964939667091c9de0fef8181633787c63d488dbbae4f1bef2fa68d6d7b00b169e4f869c366473e43898b1ee5cfaad70c9b513ac724f7ed2f595b377fc8b3316ef176842508b716584c65a6930d1f76939aa11e427e78b8b863ec5101cb15a07254d72585de85270c19fc938fd0b525f17a227fbf58724204b6acbef4e3952cfec95512069131d915b005bd53d993f1e7185e9bc811d86e153f71a243f346825c72dd10c68e333fe486f4f3d907987e510734811c2ee7d4f3275a3f02a47b1a2c99019411a06484a6dc64d274410504ebd27599f9235634ad58c21a0c1c1cbc34957d8d4964d9724c9bf1eb8a33bec83fe28c829e83bb9149cc80f4ae084350da105cc0c4b0fd9883c33438256f2ccc86874927adc8879f6529bbca7edb3371be8a796f2c5490936a9c8acec2b72d3cee5a1d529c961debb74c53c08636322a9c215ad5a886fec88d7f6f503914a0286e6f89828fd73b6cd2a6bf92618d70af34d2aa7b2f536540b87df00bad147e310ada78b4339d7fec2d774cb3f63e539527846aee92de12c5a472a5cd05e7006ed133bcbf77609c317b2411e3a531f0761138a5208f28fce345d3c47a7242182cf6ba03bc5290aacf30ddab2b140d106e49034ae9fe0def5b03d3e50b5df968302487094dc8edb4b114557efab8729a922d08003b27dc13b53aa088d29af880af39ad218d0f055c8fed355d28ef12d4ef7fd997f4efe431551b77494f485408f007904088c78b219a97465b2a81d2ae06e6fc11dfce06458409246302182a291eb9a88631595de0be7d69ffa8fa78dd9161ebbb7e9b750edf5b2e5abb13af37713e9c84fa50cc2954e726435b72393931017591079bcf790047735b21efb71174dcf94ec82129531f1628580609557735290590961ec4c91037ce106c3732b114b84cecda8e21327b71bcdcbef3d26bb224282ab556203f728351e4d8367c7b8d2a9cd29f7aafaea7ca8404083fe1a37978c5377d766fbc3a9c18e8d16d31ff3eb025f97116c8732ed245cb317e20856074b9df9a97cea52470d06265a93b5931d2a377c88c4e64f97a48bcffbade20f408f654c40b4ae271f3d021d53a9fb3a8409ca2f59c66ce2a78fc506cf88f15070f86c7eabc660d107af694103c962c63124912ca0d5046bd70004366765616e1103855cd9ffc8d04cf6cf3593fd01b330b7c6abfbf43fcdd47f9955786d23f4ee67de6ea6746159b4aff6792a580d2391a4d89bb55a504655d5f31d3475c3ce486e22eaf4df276c06987269793d42e95107b41c6792f8971d30c2242a3cc1d99196aca8dedc12d27657d91fc361606b0b3906e31e75dbf8d2c2cfe9541732e33b698c0dc668a1fd12c83021beba9ebd3b539536f6d4d2e02ca39b961cd29f665dd2b3530de03dcbbee8aae14e3b45af09ca3173aa44cbbc331891fb7438a1e01c86a963ac607c9519d0355bd9be792eb534933a9dca478c8b7784f7634074cea6885098e84b486e3027b5e0ff92046f7adb34d96ec38626bf5dbe21b523fb0c18af751f2edda90d11fec083fd8511cf0f6a3e5aaf5c4ffbb75018dae53904d04a57fa5398d790ab3006f718934043b33a618ac8de9b0927b9c6bba508a560a9a3523c4a6d9d1c7f18a34eed099b18540cb714293e8de5fcf66f23940a89fc126fd9bc47e97409ed87331a7ac11b14f1135f984b3910c80913d93569eca267bf3e1eae99fbb6a5321a8699f9b4238602baf0fa3f6f46c6e6bb303194f1414b9666130613b13e6f3dc3f8495b545d10aeed20d4311708265f6bd16547a519c33e5d619b4461ea3923b4313937189e11c6c70e4fcc6ee54fad78c7a61974092ab3d424b2c4edd677bd5bb2b01b406d680b4f36c86f4e4d4d8700de4a20e723c38a9a12b6da586fe2c64192e2c5460f21fa17cfaaec0606bb31dea42896c415f86bfaffe4ea4bd6d955ac1623e49a2aac43dff38ca7aa02af93c6415a5b2293cc42c735608f5bd5039e7ba21dceedcca93e2ea6619ef9d0c86474052e453f6aa8ff2fc0b7b2e1501176ee68d2faced280865114b5fc6c944f58cc48bd83e50c42b731e2a2d07dfd83ac60b57d3b217eeba10b2d42e16e4595c98afdc0196430b8f6fe102399d02597c3d3927088424fbdf42f42192ddfc61d74dce4a0e58ca6426941e52c6a1c9724ddc2d2f400a58d5474e058f4f7752ff467c90592d020a6ed17ed49db32355e83bd4323749df54d8bfee62a158798fd58681d7e82ee6e4b59cf4b507bd9dd39cc949ff202feef8ba83f2f88b46249fa50555269a96b379dee4ab1f210e1e148f6462703ad3ce60774cd8d060a4bee52db3ef5b9fe8d137db26e9c283629ab7294f9684c2f1b6be459358b8f70d4ff5a0afd275447dd5c98d42d1d57d8fc5a5324f97c5a6283f2b04b99f13da92b0857a513021750c0bc9159e6b4f7ab10bd133792f853ddb0cdcf1f73ae2c396fc1f7e7d4283928e9c101ce63cfd9c173e357cf0fa3e4ee7240abb73d4b12ac2677fac7b2b2a9ef633428b7580b1888f6da69f8ab5e43e9432f602557fde437a96360b0a69156f43e66e2ef1064f31c5179ab80a670c58e5d70d3a6441a4150a60ca5d13ebe71742b57cae39d66a34cd8b26f30c95287e69b1db5c840b86ff0c4b12675873de2bc0abeb3b2870de7ec2374c45f68d02b2103a36533d30df1db5da68d87c0ef575ee5dae719d1e55e01a1827abf4219ce6b0209106cde1507130cc0250f64965ad1282c596e7181ec8f5f54e81decad7297576967e1a8817424d70c34b94ec926a9147b15e3cee5c053e30f097fef55618daeb23bb543c2858511f416f7a329b50015f0d4deddb63a27b1d0a77879357159c777959be466c56ed9534d4b33017976c4b2595d9df5e90a77ef1e0590dfe1a8583f4e40ec5b75b1668ea6ad0239463629f3d7594d8f8af6936783c32736c45a24fb063f7ed239fc264b68f719c98e3d39c49d7b67608bef7b2ab2ac04c6500b88a15d15e1e87e37e63a9a41666a4b8f8b7a1d12d37fc94943abc8bf7df62e69912160c193458fab35cbe2d18a47f65230d4741a799e3e0182bcff9ec9803155157731b4738c9fbcec2e8377bbb1eae6dcaf5068e9ab7e50a93c1934b710479659881b5b1f8548b55253617422ddee8b8337f5cc677209fd4acdcb0aa788016a571fdc62e712d2f4315cd83ee58ddcbc55306d3c87eca4f48eb670271bad1b8c3189e1ddfcd4cc145e6081a7cdacdce281a55c0bea32c54ef40a4c925a1bd1208ffb80462c2a39ae59051ce4e5290ba5584c12f2c8cb98b66a41f7b2c1acdae057f5d350ea31645516de9be93b2163e0a979d891fe64a696c050b88e61d45816493cc19be7e836918d8f4c067b88a2ba585dbf9c2c857b057a85d068c0db79e8dafc9c99c8bd1613ec06f6761ef4b7afa2f901684c26b6dc2b47510764736cb4b85c2a7717443ea8daa89f5839d2aa57c7bc02312670d9f71d26763d75c8bb3b9277e54dd6fc900494fbff662550e79d055271640e2d75d20d7e63f430455209689e26acf6ee10f05e0262b13bb9b7791dd774ecc1b8bec64690b22034a570aeb23633970d44cdb2078c2b11296a76e4dc63a00aa74c855ceeca3398f7d193657e4a5c49079ddd8af3c35c415a651987c24e6c78363687bd17d2e0d1d2b4fb7ebd11c1cf0cee98ca76ecf6b5f1cb1939ba72473808e75627cd706ccb27027becba80be2b7f1c82ff739843664b3e708ad17289bca028d49d59ec5e34d0e5c8139c451290d5bb0ded12cd8ca1a38e1bedf4ac20a6f7b094a4eaa1fb171e68726445d4dd97036c02a6c826a04447b6d856ed3c6a27aba31c7fbdf78899ee3137f2053e588b7e6f3a6e3c5adcfa187487cdd02aa7433f011d84fd0dda594b4a966d8df638e9e2316eef7d0aa87accc0c7ffab4c021d5dfe8e76adf66cf512897c2310ccc81fac00c355b27adcfe30d5ceadc8aab5700b046307ac9be7a06b3cdd5b6a412f9360af054eaad736c56d03c56b7d3a9c3cdc8cd60d849c44d1b6034971d5e80ad5d17644139f56bae4b10f74e4a99829baeb37408b559ccf314b6a8165fa29405684ad37ef46c90c9a4cf0462687e5cbf5d071cfcbfcaddd99ba014823c21f0b5e6e73e25768ac368f7c18645a5f6786c3ff9397bb3199c3b0bd4f6542d5e6dc61fb210be26bc403e1ecfd6802d0dff9a8634e8523b85bb498dce48c52ab5839522bb011a527c42ee948baea68dbb56ef54e7bcaeeb4edfb9ee59bf88ee96b2ea2180122ecd22b36dac86f453c55f89d5de8c6805a6, 3, NULL),
(6, 'en', 0x800000000067173cde4970fa20b7ad7e9f3031b0a573b65b958c6521c8395ac66890c98103181e27a78cecd4e22375c8d52acdbf5d93ac88377f37f77da761ce849f5097337d22414b0c8cb126769cddf629d7f0b9edb361314a15d6373e1833484cf72d53794ef82daebf9df9624197a0dcb67a9154205d63, 0x800000000067173cde94fc03ee3050b3a51bd89ebf8bf742aa21ec71af6922c2e698c1f455f8f7e4b93049336e698b5193381311459e448c92d2116bda506af9093a84b301573ac1777c78310be34f390d2f928f11682dd2abc5ba3f9a22af032299cff1b2e477d85040d5e631dfadc59d0c99714e487ecc0ae1f6e963a42ae34da9d424806eebb8883b6b325c87434074ad054a068b0261f0c760fa05747e1c81c96efa4216f15b65967044df9dfbd92f084bc4f8044324ee2ac3e2ec6714008cc173dfa81e29961745c441d1615952782f53c31e831ac53ec6adeac8120acd34278219f696ad5a5a2b7e8d8421988e5e896b144e611927c4d80788b9924780b5d8c46fdc36880ab389debaadaf42f60ceba6a6ec875367e899d55bd6f1e7b294ccd662e1510e0825e9951f5425da67a7695109036dc8d86e5af79346ee63efbb40186776608ac5fb748164e57f348ac574026e92d9b7d6dec8b81ca775f77d1126a6b8ffc464e45027d6a3e1c87b1af1a63bc4180661f6892da9cc4f0d9c5c840041996f70f84590cf389b51cfbd9a83542809bcabb161324d4ca373e56e547f1e582addd666af0e8aa18b202af1909a0b6cbc9966006e6e03b3cc0afe22ebdbd80dc82907f3fce89d3f8625e9cb6dea7c184c14b0ecba0570e788bfdd37a72d003c2afcb89f78e83e2cbf71dca9da48ada4710de101ad77741dcfa483eefc1b853207106f550cbec85a1175656cd9f574a7b441dd582dd406ec190ce20b142c43159ad2dceb1c705c0aea5b63d3129377012e036a815cc547d4fd115454197846fb8a19bdf3800445ff9a5e674da8854ba7b8570b76bf8004b2784d51b9444388722f8e6e35e1cf1cee68c23bc12f1b03828e93d31332f33f0db2154b83e747750ed7873ff838cb27a68f11ac84b19b0e6e49dd3603a268f9c827e71706a6d80f16f3a754c6fa3cf16436d0e3e078e82202fa0bee77541baca40d429aef956994f9ef83b51cc77eb271bd7e42a218dab3166219c48df7faec3cd5055903b2397845fb927731be01be7e4375bbad65c56c74418011b1f76b20cbbfdac79a533c2ab4dd979a3f69b23ac43e3fd079eb4556bfdb6354eef3fb41c747a66b8f8974011070cfc17a0dca2887aa5f9e10bd30a38b7da160894738fb5746867b0c217af19b4c2a04514c6390b5c77e797851ce6b96646ab4a2a7d2ecc1a1d03247d9d7f1d7861ec29fd64906699e559786d795d3fd67d7ba0d685fb3b54ab22d6bef8cb3fe100ec801587d975c92e54fda7d9108bec2fd7798a4633858393a963c6f1b2fb8ae687b7954993cfa6d27063ce62fc65786fbab734bd577404293f66639687920a2187afbf8e628c1e101e1127d76b33311651c430e2a2d48afc084518491e8ae976cce808c86de00a1db759dea00526d20b62d92fca5d89cdd89894f9eb6a257b72e0ca823ffd3af48f06bc3c6da5912c8f4bef1fe86d29262943b32ad964d23b2c33ecf1f98b867dc4615259444df29337e7c966b32ab9f42013804027e69bbfb44a267196571e5fe863bc581d0b71e4ecaee66d02feef9f4be94859520e449121c71a3c12b067eb20ebf2c5c538d7b7bf247873ed1238ebe789dc013abda032291accddb8e6f3092cb4fab6d6d74445f71458ddae23ae465716c5c34f84897308f7a6690a2a3eb8b51e0630a941df7edfb370de1f64e120e83de8908319f1e5295924dd4c156dd257680e2c8d144e0690b7d16907ce75c79013be666cb382b59b15e1be9718b8bbbd7a3625c0800662d78a20d1eab830db7c9059354fed7761091940ecc0bf36d49971d63d8ac1d3ca2206c13b4ad90e90859c52d640dd7a485e8e85b579859786009d1a223d7a9e895889988063a64faf6b637a3613bec3d42940895e4649c56cffe3ec3fb15e5f90fef3184f32563ddcadfad120f3878cc782f27efd6159280a9bb0e94cfb8fb8bae0f112942b5c2bfeaa2f97902e1a7f2f7e77d7f0134bb033c6fc822863d6674d61561500601cc2b72b16ae8a71d611ae2d690ec7f46d9da561fdbd5c3f303310e16d7ba928043a780befcfdd2e717a9c5bd712ab963f8be64966a88843f74e0c52fff3ba6648a432c4f0e51dadb68e7941ba83cb248cbd4a0393343b635a533b8353dde2a2a289b63cb7399fd31da6a61bbc77d9123431cb5c11b38e360ce56dd4e9d69509e872a190f4dc8b8667fe66836d6dca8ee82bcd47994f7fe8ef1c161dc24cb63a6332f7bba2c074947b0ded1e5509d1bf9890492e878d7ec6cf435da0acd21223ff48fd03fff48c45f3d11827e9146b2dd570f41d64e31441d96e20fb7ea368336456f08bd262ecbe97bb3b492f43ca38bad1a04e2817ddb89e4f68564e48809862a5279daa261a739671b1680722a586904ec3280eddee056be585926e4c1e82363c22aa2e8968c0b41450f2fddfe16f54b883973326736912fb204c87f63c390e8bf4450c0bf74f0f79dfa936ef62790ddd8133430f18e9637aae1bdb2b0e827ff7989c58853ced9fe27289398602d5ba4805d24b27b5cc8d0c108cf5f2946a8466dbb961c3f9ead8935a79c9554cc5eec48ee24d3d4649151aeee69b8392c83efce2fad31fe4aef1492c348088e9738ee9bbddb4ce534d611cf9a1b66da62537d4439150e220610fbe1c4a08afc402599d0b3a87b6a9c7613ad44d6cdadd1784e1ffa1c941ec43e98ff42f44a62aed7dc8b893e9c825048ae6dc6566470248d09feca3cb98aea557116c4e3fb332f70c8d9870e2ef414c178a21219e7cf2f1cf4676bd0a1e7a70942ec8e990038e54ca53b3183abf5d7fdd0a5ad1954cf66639355110a5d7c5dc6bcb2e69348c9a35ab7702a40bbca4917bdb4baad33b149f2c3e45de3433664916b039c7fd82e69c5b9e5e9e75571bf9228ddf04ea0e34ef92bf7ab4f942fac5913aa327d5a99ed7e82ff130879de1b4ee615dd878762ce5099745e14cea274322953cb12d5e79bcca7a568420e1a7c240007249244080f3f2b329b45e0582d53451876bf85ecbb2ca9e3b410b534fc251b22bda9441f80b6246397cd4298fd6d1154bff22ef3e2b192d9c85a2e2dd2624c7686ae4375ae35e22b1622e292ef2c2696576cef392964371030650372455e83cc071f4b1042aaf541357f355bba9d0cedbc496591513832ff818169e5c986031b6db4efd12e49fc095223e8e352d0722ed5b69b8d045679c030f374e148890b2095a64cf2ffbcc85d1e649c7b3ac6e0a950271331abfec7ccbf8d85d598ca5c619d2b8b43d0d79689c08569d22e504903ed9fc2a164bc0f84b1a957ea59b66ecaa3059bf49da1370f79725d77c25ce10e24e7e3e0747bbc38241dc85fde48a5d51533d231f1e3e58586378e0f9759934485c67e1b11dc4e2a669326753f0a3688fb1a8f934dfdef538648e75896fb43a6fc30c6cc1667cfa345e257e18e6f0e77c59323251f780c438b6456ce14ed5a15048ba3465e95f43711eb1a1e840dc17472d86eb87eceb7fa6022c8e6ba7107ee1da9789c93c057ef37eef81bab7a09c80d23dbebb1b0b9aa0e6abb4bfe4a057112b5bcd75490d412bd72b4a80aa9f8df1c68933ff27fada92a3c4078b51ccb9244018162d8f6df2b7d96201f1540735a1216e740af78da490d909fb3d5592cbf7e3d0bdedc5e6d7e954464c9e43a648a292f2763b0ea4ea05eb1aeb6e8e1a0ec7e2009c7257f4e3a90ba6e25adf13d7854b65182bd8cad314b4ac6525131d7c64b922dec4567dbb47495ccb765cca8b3c929eb854e42dce3d1a700dffbfa1d3e47f75035539157647a72d9b1358d8d86ee9cd7ae9431309cdcb5bfb083a7bb589c59c32b138e269ed8eb4050d7323ba85c35fca7e0d99f0a62b94d0f49cfeb0f42ddaa4f6e927fd4042b1e2080831ac79527c757da80cc0c55dd385c0caf57616d91921caf00214df4aa0199d738b267c652f7cad389e348db3997ae554092b8fc8086803cf8d52448e033aee3db77f15cb71e74f3c8d3c5a1a8193d9a65d6dacab1763ecedcfdb3cbb6831fcb119b2430f6218f03a69b6a19c177991327dae0dddb6f9f309a3e22bb7b2b1aa843cc5b509ee10f9dc6b8935fb7cc052cd108000c82693345df6ec1a199ceeeca3f5189eabd1e41371267c65a93e97b3c83435667b14811aae06b3f64c364f90257f778c78e209bc8986bb95fd814630b43da2d00b2cf2070570b885e688eb32d456709ef4b2c328e38fa1518c7eafc71ed02507f337717cab5cf529cb9d811c3cab500b2d369819cc20e597a9915c89279e17aa579064deaa4e07af535b9c9028f74317edc1a45386374b3a66b67b09a5d36127da2d4774cf7d8247142e3724e419b665f5ae980ed3e637922b0fafb79ce4e81e9a49bd8b82c1673473fb01fa36b9614baee874a1613a6d61b8ab25e335cff006564bd7482467775f6c66a6ff642085fa626f69c5a3fce9fe4b75249fe254721ccedecb5ac571b7a23a4bdab84da8faebe0d0be05c6878a958ad420a584f01730237d7e081e2734c598673cc22abde699e592ee87626db1aaa861df00b8fd1a7501fd1dab0eb70c03bbd7ad9b03fd61bb5724fd0ef391a90f1237470a35d2122d826a9bd0728c8476d6282f017f81c3c2de2812ec7a217925ec6cb97e68c98355c85061d3d2cf2633079cec290c6c6c40deaee178dc4eba58fa02379404c21ba8f99b5880d4e7db89916ab00d6eaab1eb95328df9572ab45711ff2fb53c1f9a135059f6b1167fa9f026e587c6f23f64bf226737550505e012475555f4708c17a3299dc9ffbb8a4e4c3c9b5170ed21724644ec39bebfac3f6ae4532cda885cf4040c9d8227cd41d0229398805aa224a7051da8a36b84b6d953e34c4538096e3f2fb06615754967f6f0bb027766fee4e9c5f9ab3d9c895996960d1307443195f2f2c61d6daeae196db7edb0fe9217f946b01fc8629eac69ac165afa0853ccf9f087ceeefb74e82fabd0fcde9567848bd41298a6f0947ce89e62273b1c27808e87ac853523e79da9816f97e1f5787e5c9bbc0263a839299b7bfed2456e9ca6db578877e58587660985a0121b7eb2e8c816379cb1741e202df5c7ced02eb48d5fcdb21476ee627823d26bd2b8f63879d07a27d57fb15ed6cb8f574bd9e7cd6bc9382f5f9849d18a4a3f698fd6e98335c7ebd172955f75066cadab0065e3f1ade99bad3b8486e1b265ed71259c14c0ad2ba3c69e813f77d078ae07c7816ea1ba6011d3ebff49454ae1d85ce262cc0c497e7b5e088bb5bda0c09e0b1e181c25796dbb3e3995133ba891e3a51a6ac0ace95a382ebfb96cf60dc608fc53ce71e81e88f496ce143087f4be4a492c8e5047f72bc5a0949bf0283c36b3444cb8a45eb18e599ed98d49d4af7ee66dfa720a43399c39ab87acba462233dd3d253c453b27d7ac056b49163adb9b0b88cabb6ee62c3f99ad5e29016acdacb92eb1a3e657dda05dea6ff249ceb0648bc4fb2a5e0998002105ed1cf9308bac7585f7c6ba92c0bb6b0c6f11255c42dbfaee4a22e35e44fe634caf4f6076381747efefca84c203d3b212bb5ee32bc4b68e6fcae76efc461046858c1a7a78b172410f6868a7353bf8cbfb6899f5a556a57706ba0f54a31483fe90625eabc2b76dbfa1d3919f3e389ed51f525427b0a9728ef194b857821f0ffe1c2ebea53bf7d461fa6c7800b123f969ba948bc2aa6f09078fb1dd7e132b294ac6e173c705b70ab31c7db0d52a548db7e973ed91fff6589effa98e2d833ecbd0f4a9591a3e59bea1d1edc44b851594fbdb82d0af67d375de0d802f1892434b913bf62b016b695174e589757a2f7bec764d2600884f72c5bdf02613339744049085474e74c092335b7ca90087c85662f3133c0a42ef5bc31d2ebbaa6c0da9dd3f59852ebc11499a4f77ddc329c6d89b162d3f6a3cf2af89ed0c945c2fb7e817ecd6e131bd59c9d19f8164c9fe6d5b191672e175f6678a4f8cff706e81f9322c64a39d441fe6a96f3d2560beb6d9116d8ee892ece8d376719aa68fca91bb44f7070e52d4b0817fb82c3ed828a776acfef538ed59ee66245d1cb578a3186c6e5038cd8b02e369a11eb5cad81567eefcdb37e062dae1a5c5aa9a6301b1682b642972816a55b79a9b92feabd5c3bbbfdd59009834dd4b516cb132d1e5df0bd23b832590654bf9fb00b89a62d140eddd08445c8147551c765e10ea24816a099a21ddded18c0f2b4bf380ebe51b090c64193295f4af089d504c3e7352fd0dce1e54a6c5a583fe84c27743d301416aad94eb5af4ac353374c9f75bb583a2d7aa3b0e10459895ad01cf26defd1e56661398fc2eccb1359ff07e50f339f0250424a1591e50785f94214c1031685d7e964e5584adabbda516048706dea4a67acc79ca59c27a595bc1a57e8ab06a705caccae71b2c3624efe43a6c52426ea0ce54b9487a4d9ff9934acd66bdb51fa16caf0defa95bde658db94717f17dced839345a0e53a0e377b4a7e91dd6abf1e72486c262d64c3db5095472fd0518235934a51565157a13970339a2264d0339d49599af694cfd623c0d00a1348e0435f2522c39e7e805b4e72fcc5e3676ae771664386403b24680ea0dee1add2e2fe31ca80b24bdf217ca5f0136245b4bdc3121bbdafdcb1f78c6524762cfdfd7de91d05e24d3ff9c40c009462799844e32a86d2e956b6537349f8e6477920e2c1b1b2d662c4b539584b62c8829d63f9a8d4375d841a1cac089c54752f0f259a3db7bc2fad0162f7612d837c3e85ed65dcbea2bd29c13cbaa2aabf0c0f4691eb5e2dc481ee503305de6af4d84bf5b267f2c346c0fa964f27a0b1606679d4406fa789a0b426c390c1b7c4aa35a3e21b4186e21a0eccd1dff3fab300b508ef9faacd, 3, NULL);
INSERT INTO `frontend_article_translation` (`id`, `language_code`, `title`, `content`, `master_id`, `sub_title`) VALUES
(7, 'id', 0x800000000067173cde2cf7a61d5e0d03039291888e8a0b3dbd0ea819ab971345992eaa7a414d494315e78cca88d38f8f11df7e5cb07d1165cfe5dc8893fc5199482e5c112e3259748e071d686c46b69bfd83aa0c161344566c58f0ec2e3f9e279e26bedaecb890d5a07f9ca21e00d71527f76ad14137efab2f6077d7315a82f3845ba555d2de00ecfc085e76fc751334dbb26c30aa62d9b770, 0x800000000067173cde6f1191d829552f3f157196728ac1633ba922b3008ab2d63e2703e8904efc9d8e7c178a6fcdcbb2bdf87ecdda759281ba4a09daad0008d7a27a61f183723060b5b6884171867b9aa934eb87721085c25ead086d0af9e5d310a0255df096de6246bbccb5e73a667e569eb8929a5ece0abd3017df48753b58c24a749489332f5c247db61ae0af37c0520645650d70ff86a57094b6914e6398828b0bd6effe6a676824fcadeb57853d38c276e98ec4221f0c8e5384e5e348848e553523268c88412c439c8a86a35d5f4f672d5a2fb913ca676f280816b75338793ee5e80efae70e063c046d53d3b307d5d4718380a74ff6805c93351030d3c7332d6a2601ca50c8071cb6ed7520fd1f3bfd958e067f0c2db63b75f93ed99e5703ce8dd7f41872bb79437018a5f3c4eab25862f7a9526d0e5d0a6e2852a71d77bc72534ccb2361d24436df209d67bb9ef6beab86c708702c16d162b3c704c98eb39b15d8fa1809929ab0814a21989adfbae588b8a2bdba9887628718c49c3a25d80e73a1a5e4feef688a30bdf44aab9fe874405150633fbd79db18f1f7a3fb8640c76b6bca4e6cb2981207749b7d868cde47ef6e1624f8532c6e78309d5c2febc26851501787e759899b11da35de1c7d67428bd0b603f2785821fe1fa2fd62ae6dbab1a62876d1c170a8b80330cb19845bcfa44230d63411117d7fbb56c23387c2b6f9111ec0d48549f4664540035e7f99ba81fdf05da362633da9dbdb6a0b11b11803b71ece4d7a513cfbffeb0cccf7ddbf2977305191658614af47b4f922e0badf017d3d442c14b781306574c9a80c44a3a8364cba19bf1b762f4bb02b44b498cf778964beb73c8d5354fdabf2918686f5d37de44b69273079468905b8cc7e4b57f1b770b96e066c24ff586e9623f77894450fe429e7cef0d5e28628036089a7d9a181e7665cacf0c1c15c94702efbce257a76848faf5de58d0696d72d0af2f44debfbec6b63431d3d767ad3bd896646d56f329bac94aba4a566e8a89cfe40d379c5a817f3fcf5abe005003b345336a0ff7ac9a3d66550e890884e07239f3e2c4d24f99b7100c4d2c7044dd580a5de57941b5adaa71521318b3df3a8c12342bfedaca7273b21f62fbd165e040ac43d4c60c6744e4b17de473d2488103683f9a73c9b3d15beecfacefe7798921d78cba04e2399cae22e1d77f9e9bbb0690172d1a1a898646b2a0e6382aefc6ce524fe11714fe306678244e3087c9a738d49c45101e2a2e56f7c95ac9bdd8e6fa347192ac3c844a9b6d9cd2c9b8e41e8928f47e499cc9ef5363407bff88ab4625b2d7cc8887c61c9ac8358e6a2f2275312d6c900c72634fb8bcdb9f2229788164e546d43e72480830b757b26781833447e0e65c0260ef44d60f977f29c52e6a471d3af4c4c95585473912b627b548cb42f785f0656b0e9f2d12dceef5de48696235021300c7a925df1f5b005ac3db7267e6dad18f52373eb6341de0be8a3a428f42f918667c3856e5d0677f533463786bdb46d552cdb8163412766ec844fb15c220ab12fc03fb380e04c5c72da1050cd0e15e8922886315f27f0f12e493a2706be5abdeeece9322bbbdd216e7713742922f5cc0d2b2bfd018112e4abdece9c258572e73f7467dab8f1d977b5ab97719fa22ff10432d1c0e8efa11f3662bc186b0e9577cbde36257d02d5b5a657f43735bbc317a439f86b4cde3ed4309ca89dfbd951f2decab9864f9a991f99238883daf95743e035f7a0b07637d61885da1a40e4c88d2c5a96a8b3932209de547571108364a44b69d87f62131dfb6ce96cd735ced55dd84a667176e51da5ec6c5e3fceffcf80d68ef3eba29f5dcfb46f852ca7c7730059e5111ffec60725d8c940b084f132db111f3087b33a5b5305c384cb40aeee14d6fea37ee8c68af9596f19928949bd82cf3278202a9dadbdacbd4388c2bbc1cdf414fde9adb874d0a47655ff4ec46a76d464c8e59677fbe36273a16cec9e840e70be4b878f38840ef1c96aea71cc9ad08560889f2b0b5773e72e2b1b12e9addceab70ce27fab287d7413e358e1f9837532a8d84db917fb7b56d07961a14fdf15bf86c90baeb031605d40ad7432d5ec65af52298956c96e973271f208980e97d9475b726cd8ecab87ff0bd5500ed75759607437130daec1eeb223034cf5c675e9f61340b5269333dc2691d48c7431ca69147c26d6fd5f5d3c5021c06f122a0919065d329d0649f5a1aab1acc46e413a9d3d2d9f961b26dcb09f868fa5dab9aeea649ecf67790edb162ae8358fff49ba5387a7b26c50e5144a44e9e39545836c34a8a10c4f058c8f1524c9faf65a837aabf38bd600ac40b00a33f785c0a4a85f980557c86c1f0e02374601f988d106cbd6969684e1362da3238e2e8f3055f946e5addec175662bd6805a1944627604dffd307a323a1aa88a950a36f37910d19ec4779bf88861bdd8d53427cbe350eed7197fd97c420a0b7c735a20d8be682fba524dcc20f951f2b8addc6a2228b0a9160709eb96d52cf9ca913131eb793d6ccea07459f48ff39fb8818e86e22c961eba1fe897f116408eff9f8bcafcf958bb71b8046197e27884caac23a62b0b55a443714a8cad4e514c80cd96b30a66fbda8da6b987d0428a4f1e701ccb6b4b9ed0895822d4f5668569266bfd9094853bbc42d6b22abe4ef2687a6ea08c594a11de6279cff435c06ef98f153404f82b55f3d4eeaf6f913113237923409750715d2f765ea5276c145a95309fb2d279e3e68da2853176f4997f9bc54e69d9ac058191f89cbb57dfc6eed8080154d9ebff87265d6f89afea60b35feddb023d404448d9aa8a0352b9ebcc6e6054534c54e2489a5bd433681ea5441eacf5e66aaf18140786647da6a9ca2af4907005a46509141ffc14a4dd5b692970b0bdf0c11b5b9d19b69cc956a1870bbbbd79a23251704c00a4f0fef1682dc848f6265e96bfa734992310f2b58e7a4cd39b619dfe9b195114a32361eed7f54460dab6e4e9b304c98f3ac16ade638faf66611e84c21f293d1fcd27e0ce1312bfeefe90af481507fa7cc4d9a90f7f690d22915363757bab4067fe51d5228de83404d04c42a008cffa7d5f44eccd3ccdf0598688757c058404413279aac0ae51bce83603d9e6728851dd0ac9281a8a4a18802dbc667b6075fd0b0e65cd1c93c237d722f4beac53e09d14ac5e492c07ca0ac87269320e780c58012ce3cbf45613634a582748e7603363ff678f7af201bd8947174f2bcf4bfce4ef871555ebba98ce0f1c5159a77c5793dc06b47b12cace18f8011187b77f69cea574280bc7d27f9df9cf0feb14998eaa0474c90af22748e6f594eb078d35f7772b89a5ebc326ff2824680eac213784a885a6e07ee5ada608e2e924237e72608fe4176117ee1529902983052585f58d293c53b4945e4e1512f2c245337c6b4292af61e069e14784932e649beab419434bdd139450ee944310244cb777ecb71bd7082c5f2f0704fa6860b1f6c77fbec39a3f1caf50c58c95a8c9f7d6e72d1bb1d7481bbd67cf2e1126a686499d4dedb5fcedb4d0b596c72c6cef8ec64e438f433d0557bb331c1bb025d13c4e71fed000cf9de29eb0c68c50de5d5e632cee5aaff0b48ee1e0dc723eb26a801c7e8ca04681d90c0cf41c4a9e8e334654a86396afa9dc87dee9e621bfaff053d75bd7777a1f14294dee2d3877bfb89cbc1c4b0a56e67b7f17016b74fbbb70a04f2f59a243ac07617285b5e8bda16a7529aef63b2527c5d2437fb0f66917fff8e0240efa5a4d553415d3f48d1d4e493859ccdd680e3c055ee5c6a3ac772198d119e5eef40ab056bcb927a0b3e4af35be160be9fd0477aaddb22471e8a29facc0b03d81ad7e914e418f32514d8a6703c606fb8a26f6cfcee4f091ca87fae08993b40a10782a24426f0f73da5f8052930c8634d2c8909c3933a9d7e576e74f73641ade1d86d428dc5eba38aa3e7639384654474c8513e6694813b46dee910411e79ef693d86de3ec101e61b13ed9eb98e017630343bba9978f0a8cbdb40c055e2c6bca7230d2986e23b42a67c5dba1ef6cf7f3c6a4a32feab689fb8f55957ecf2975574cbbd3b3751328d865b8273152372d509da2346d243b863af6d575f89646d462d0ba26286f6d4fca74fc18614b5e8e3926ea7b35e6c5ce2bc0799140d4cdb4e187b1b14267d7344d8df3fc75a0f7cc901bc7b1a0c804b3985915b3b2affc1c5734a8d752ccbaada64ff7fab4686895fba882a58a4979f22429b3b120c84f5a52a029cb80d863e9e22a65639f2a61235dc5b3bbf7e70872ae258d61c8f019d0ae5ad56075dee98194399dee6f545efd975802d1bc83083b51f259943a5068c54eefcab4798d91ca0e9c87541b968e11b92444a348bb4c299f026629f735e0982f79838f36a91c1eee9f95096a006a533b41f962e96b431822b6f893b22ae154c9340e8422c5045cc31226ec48f6101b16c3928dc8cccd502366ad73213c225c72c493e1e1023df59ab73162d44c09d6ae676cb3a8aaa563988b4f0e079150173f72e3becfe1d61a4f18c8c099e30e3baf259e4537de89758ffd00ee250e351098bf97ff6729963233cf9f4ccc1453d92aedaf2eee8597a1e5c78e8f9cb718827408af8ee0acc2b9170f84fc6f2b1d1bd41cc2377345ae5b6a7534c8d8d30d99f59f94deddf3e97aec5052c721280719b5d695b594840a4997283a06be289103ba20582967366d7af4a98b981167b296d2c299e4af1545f2eae9b2d3842da3a8f1348867eb0eb71ee29ea71f23e1e587f1dd67defae9e2e4bb982ab87216c04408103a3b7b8de10c9d515a7ee7ac91914aa17e8cbee8e22d4546c341c8bc9661aacd966b1821500ee2b664027109c1b5283608bf4bacfabc928001e8b802f868b18558108aed9b1c4a2528c3319088d559fa883f64e4b89cfaf164e496f601998414e0256c7e76d361aba89aed623587dea7578bc244fa2b3190042a9632f2c443a864c24b4128271633e8c0143bab25a30226de71d786ecc1c977948d206d513c66ecb532e5eb333794b15a913e062bad69fb4833162b59485abf5d9a09237a2bd4d35733cb7c54d1fd6c9b43ad88f1f10bf65f9c7b6c46f607c3672b13190f7704e130e41033eaaf0365e622ca29c596f7ff30bdba745ce842d140ae58bacb635018b343b407d8ba92a8cd49fcefcff679007629520724210590be744f4d3b5ba6251d1b69c230c0b358b1be0eeb63fd12cc9a97e7c2d3ab9867929e9d921c4dbb5ebf8cda8ba039f4ee62b31e1fcedb29424f6a195361e3d27648ae602c82c5be82bb4fca6fc66376cf3fb80b7ac0ebc60b65722d75d541342edf30fcc28e87f040482e39be3d147e51e9ab499b7ce522a0ef89f33d97a07cd094553758c77517e3f84d057e33c2102792639de6345879cd3dc46cf7b2af3e066e29b891c615f7016073cbacfba9a40250936d0a6747774cb924529626cdcc4d4534a795039be7244a469828bb5b919b8844c9e62db0553fc1392903c266028e67a8e5063952579e815344088ad66c525196b82287a6dbcea99114e2d48b1a9535a515d8252595007e257323caa46089a7a72a945338fe30dff5a8e9d283e13eaa90d889827aba50a319a62a8c560105f42d877bf237e32af744d15ad9b67fcf26690156b9d2604f05d8e5ff8e447cca0c260720b8f05969366c33c3f8f20c2acd19ffe6dd4afc47f037c88aae9083fce03b548534cbf54b56039c5b752c49ff00c6c881ca871c89db1ca860b07fc24b743b93383a84fbc834b5b8946f422bacbc86273bfb52812363b7d575c3b860e4933b42634063d9a98dfbd0e7248c78f3472d1c013205bd62ff54e9366370a33fbaed4941578efa491acecbb63e37bab1c6fe4c57fe1c9688e32da7e7a21ffa50d20254d277aa9b00c971cf935962767e022c924d21b698f2703c5b5434513663b6265c87517d892957b2c513b1ab9ad1ee4b062f3adcb8b81236ca6328639111f648dcc01e8ce19f6538ad970955dbf9a4a4e042ba3f7589b8afe4d288e27b0bff81f52764f42362f49149c971b0399ff73952a0ae5b96319415b45e974f0d82299a4d0f345dc96be8040e849a7d706b178f30e7a3b8730923d8debeac616987a2e561a9aaeff3d6cc7bd0bc4b4b345c5f82d81ca5e37b5ecf57f2d31bfe2498925d8af2244df03583d947f110b6f0650aebfef132f35673f6e964cba3194e2207037a960373d7e4b77f4a70d5321db64c840299263392ab0e149a459b99b457601b2fdb07a2c4c2c0ced5b58faa3ddaecdaa9630a2152ba1fde6f453e86275280bdf476f0b6bf1ca6c47a21fef62ab9694455df4c1e624044c3038fcb3237afd673d0b9f4b63523221afff993e1aca27f7320883d42de3b8c171b3f36d5613c7a48d42f0e153992827bcdc2d88af466863854f62137fe58bfa68ada4b1d5d3cbbf85520c6a2df585ede3a8404199dec3829a00bb361b60bb7a2fb4458974ef6f48d55a135baa100c12654c5f38535e4d771805e055d474833f800923e62bd57f35e6b258d8e968bb7b851e69fb3ea6d7dd3d51dd6b540da6eb9b91aee95982beff9a722b841a176d14668821bbf2749d1973baeefb38a3f526a4774716aec7a1ca42d59f7e87d400c1578f2b25a3131bbaaefd22fca0262f3eb0b36150f0ea93d39078fa5322fc6b97aa3eff76f48a5cad8a94d84de663e4919bf85866be2b39216ece704f9d83f19ce47aa7f618e634e7c8b53fa8b07e3a401e0b91de1da5ce01e7d0c18433c5ad71edcbd1ccf8ca70ac6ae3cbf14bcfd9f972ff7e4dd6338258828c1a6e4641cfc42dbaa91acb21cbec0855334a59a6c1e218a906f0b373f45f3da39ade2b9c4658c36ae97e83ddb7a0093d61de821227ce0d0794213f7776e6c5b91d5037017599aa8cac634e378b5a59bfe3d7a98d2061c395bf1cb65e23cf869b1b7d31d209299e5453adb20dfb12054b409dd812edface7c384e34e0e7ccd3bdfb0e3448d11510ec1bb581690ee6d793cab1b903df6ec7eda9b3bc970f76befae05512b7a28a6267cfb5800db2275220ad938e7c32bcc0455784ee8c6c1916ceb31c2bbefa0a5915181dfdc4e9dfe2070fffb1bc2fdd66ac9f7234d4d22707958f0e5acca57f43c442b5584d061bf5d8f8aa4cf7523748ed9b62880e56948c961344175d91bf3e7f610eeb1699037f87af67698afc58d818da352beb0b9849e4d36c7810d54352b22bfb89ca6982b88411b683bc909eb783f3fca226917ab1c0336f413243cf7f9a89797cc992fd04d2a5cd36d076c8d28bfd35f20324ea57bb64710abdb92cca2955cd23cf89ed36328d34a5e081d6b205e27544368f690afd6e1965257db6e1d7e09b384e34a8932a5173f5b5d3bed54a2fadb8609e1be3d9e0972cebadb282933aceb2b3fe391bd76f7d3f96b7b3778d213650ad358fbbacaeb3282fea9df49c6a002d1d78c043bea4231722fec995e078a117854020f46b882238bef5d2a7a1a91f60d3d11c2b2d2988b54982d8a382ee05454f932ea8c48b2778d8c6c29589537a2d83f2409643672d2, 4, NULL),
(8, 'en', 0x800000000067173cdef2087b00f9e3f2f67582db829f92191469a75dffc912db799c1869f0fd0122a00261e29f7de9ac23ab49cd59a617950b7294201d40a0b80a0ecdf48940bdad80a4f6f49352ae68edc2fe5dc5ff41d0587e5a92fb053fc6010628b9ee7fb3a4ace2da495fc09ee003b10b78be3425af13, 0x800000000067173cded199fd7f598a5b80c715f6fdeb804c0a31ef4aaf26c22df044bd34149435328ef566e957acef389fe8b5df8e5492f66d5639e2267378ec358c4239a75fd9845c6a568b7ba94fa0665605f52ebf4e358c19255e9eadddc4b0c348f808702a28133f86162c832ea413285b7d3bd157fda1198bf105d2c574db34eb60806f8cd47408983136baed94a2df22cfb63b21a8174bfc421420cb55cbc24a935edcb033035513cc119a7ed1797b1d1f545cdf8ed152360999e586bb0b89114448afc8132d250b891d0219aba52f347faa0aaf524978281558410809be48a4a522d19035279f4d2176ebba4101edccd4cb3311e04fce8e72f76057c43a32c0646e1800825c8c23477f9ea965ee47a8be6d98529706ee250bd25b21743a43177ad7525934b29b674dd4ca8df8a1efde6609c46958a7450fd7891b64736fb31202dc5a8b30e65a8dcddce6df0919d5022536f445d3be5f4b7fff5a2dc58d09563e881bef9a3c196e167f948bee7f1c993e59d43e309da7559a0834391636232883ba893b072ec9c57aad40940c33d83f9807d276ae8103a2fcf999468b7843cd14e3c56f7f1fd404ae993a7c1d1079a5a425544e5d2435df8e1e5961bfb353d32215d7c1c3689da69c7149ab54fefe752bf8755785a667be19af3211365aed9bfec30194d12aa639f379ea6e542848ca8e80338b665f4f1acecd48259319b0c3512ca78ba3ee7867b660143ed74641b3425a465359830ba32c3b7639aa7bd8a4825827781b0182933c0e2a15223d2da39b17d9f38a75627919aa23500ce7e93b2aec47880e77cc2b4607a5594fd79b35e58b1075108467891c9931ce5609c0cb1c99bdd299c847565195736496ebd1e5aeb8143e763e81c4172e0b413c7a326aaaa85bbe6ca3fb1f6c73cf97bf00d6e731cf7c922ecd47ef02a0f2e99dd7d51aa68ac0c9e44c5888854cf530101f923748f03b9b2f4ef957b41f4729cefd6217a9cf09e3fd665b6e1c211f8f1b73605f7336e5738e33b5109945e67f61a8792ad56b01fd9c1d4ab5c98a0b505eaf8de49683a6acb0a936aad2c281bbf30cb349050831b56f69087622fc7630e7e2a463c99e04f8866992775e1ed20f56f402dab6f05e5fed333fbad01198b58ac04e572fad9067861b6cc62e70ed7020a1d0892186c88629cf8d7367597bf3fe5e0efb15cbfaba54f2423c83843ecf84908ceadbf0e0ccde5c1d3b33118e1279cffebea4294fa1176142f36745e1e08bc659c422e55e08ef908245ac63cd34dc0e3a698a67953acce9fbd381871614fdfdbef1eb59b0011835400112f4d5a493818dcbe8895ada621274c5f5b1dc62ca748e2279f627285ff89194b5aa4e9d174450b24cc25f4529cc326de1bf4fd157868b4588763dc1eddbc269f0aa0f6536c43d24c023f9dc554e09f3165113e95b7a0809be21e66103fb800fdc4a706202adabbe3b5e4b3bf031dbdd2829f99fa2c7b49d394344fe6bf0ade2b768350a83d2bc48ad202ebe2af9de7be9b36330843da3204dc7d211d7b8200b539fa8e398f797ee571f12e041b645f3088053a71af26edebc39d34a7322fe7380c6c3e5c2d337dc1854e98b1065f777159e14145a1ce511bd1c17e7d123e6a5db2861cd39a24b60950d425256aa751f2aa4285b19356bc42f7f39eb11e65758de3d3ded272e9310720c415b14e323a18f2deefdd77bf0db9e08107e7e9e7c2136ce2c15130d974d8a31c326de55babf647ccf451057e429150d9205791da8042c1944ecf7cd8cdbab4b2283994c685a95f50003ff5a9b6411885c8f742367137071983f22a5d7f27e826394b341fe5851c1ff410a345a9f07ad593db5aea63c1f19a3f4506eafc099283bd4db38b28c14b2794cd20ea80355af194950583ad0d4aac7c964ab403f41b648815e921c73db8c11b7ecf4530dc0068be87f2f2e32f542047c59df3a29a5b678c6cf3cb51c9c3e5c6516e56c7445240088dea2afda91b5504e24ce6648f9593e95f70259ddaa9c8220bff4e31ca424558de809f3be936e90ee46c60879a2be6b6211b2939bdb68ffc72a0e96017a1d5c1ff9d23bb351c8817d559fc4f0c92e71ba2651f4443d6a8ab02b447a149105706ce79e73e705bd0c6012d09ea3a595b89833ff451ce937dbf9bb8a2f76b0bfddd629eac10733f3965862c2622a14403956f661581f3d5f9a2252ff439c26eeb4ae4b818a0aee81cbc6925ad83f52104ba470070bf367644a5c2a3bfc4b57cdd49cfd93dfc13153a573db653f4f4aa4f9790459252cb3cff977cdd57fdc53efc160b5f57deec30c13857b9ac6a8de5a0e6838f68ffd34446ec3c41bd738ebba61d55cd8d9f2838761d2148d70b0456af558d6383a9257abc4b50957534e30c25c635cd31c49d24416668c00c1c9d6904eaad1f45fc0e49b756274fb7eee84e7c4f2906d19dd7fffbeb213663f7735cef711e40aefae9a5b8062d26daf11a10ed06ed7461f0d23a20e617b685298d192c00a0574e0afbd759349fc0b08821ec6d38287574661c65acdb3a74ee461bc938c0b6d3a7fe45c2da870b60c6c9656a7f29e39964787cb5e3119fb16d0b0e74ba67e41c3c6c3be92ada37498034ec62ed45d532d564af4027d7d01505ec64bcf1f33f32da16e25068f97b1cd203ddbb46d3c5a660c105f703937dae2a7a76073643eb48d1cb0a87dd9d3f5faecb863fd0cfcfdbfcdfebf5aa0aeddb883df94878cb6dc8c30756c87b88cfe8fd727329ed823b8e550db229a7f467280bee4bd26302074e7f0aaee2fabdede98539090ddb42bfb751150a8eb139e9ff44d93dfe1f76a0cc8376bb2190ded7d58d317f33ea3d46eda173e8aaff0fb2b793403e93a26848c3cdefd5c81e77f650a5b2ea8bcd47eb4ce8fcdf2922af7b067e433c9cb9995baa8bbcbaf647b2b29751868bb53e2ad00e1a4d46888e29cc0579fc930fd7aff98fb41452b9d3bde2193f82ce739874b8f265298ddc15615f69d375f81512199e11a2f9f5092c462ac3378a2e9f01db2b9f11b1d224e401667bf04c2a80815e03cbb1f85564668d15f16c7d605105eff53461df8fefcbefe7ac3f9192bdac278331543d9f49b6644b6edad0c255b8887f379ed9c3e693ef88f327c5612c8a6362d05455f80a2e2a6f6df3ae89d24665262ca439d6da05e6ca4c781a2d273d87d2e887f9d4dd04a761d21f2261c6de16e98db3b811936b72dae6d0358ad756374adf72e750a131f52f8cc4a8dc5c40d13db34bc3d58070ac5d8692a449cd20b2a6b016e3a01a5ef9df270ca03b41e9c90d4416db93b4b3a100a138c1dfe6ac1ebec983e66f8ebfb0a7f398d66eaf0fd34c1bea2a1c07e46139aa6a4df75dcf369d1d0c4d0a2ec7907622ff3bc505e3b1b92e647ca491537b80aab336b420a008c50d9dc3adc8e09372e054785aaa347b0e08a48ed686c77dc4931cf4dbc0c6612b2b2c6f7a6b836e22c631e5e9267ae67897bcb32a5f36117621fc25282b27cde32a8291ce7373936f32c76d5b4d8507cffa05fea5bbc3a4ddbebb6834d19bed3ee45e142a3ca711a1b74248e0c0879c0a10744e4fe6c94ed787fd399118863e1e34923fe12fd2ed761de55b453f9e0d6963809c7da2947404e3902f2368b8d241bc64225fd534eebacd48591e2474b68271d7399613bb9ec0690d0b21c40de8c3d40b8ce0615a6f72c8c6f9148a4416cbc997f283a9178e1a00bbae7201c9102aa7e88ed1957f51bc3969385ae790d69f4c275993b5de43f1de8fa9261b60d34ef9204a7bd1f9ee48a5a5f4e70006361a7df52ccc49a3beb227ab774b90dfe2f727a19edf15f1905b321e6388098d034eb3130d8fcb415232b9506b44a52f70b6a61452a5ed4c509344a0e4002a4aaa52195e3a5a0523c7d7ca2d04110ec6def6061a6f71e8a030ade543e196a923bca38f826d98d2159727bb9032f01be05108202389a3aeaf2b4ae5bba756827bbe24c0688330fa1185e11c202b245046c9ddb77defa521675b3d37129360f6d79b5675e53acc0b74ac954ad4fbc6b7d284cf5f49c0570b81fe3f9d6e9b4eb100dc95807fa5d72835cafca6c9574bf9513c3249ca34b385a766f912f935d131a0636854d9afeaf384a891b238518fd9e5f937f571171b2bcef0fb3e35f0688dde0e97a68f7a004d53605fbb7a10e5bd0468f1c6c9949f64c7776ee8887f1ba206dfd1aeecf4151de77b3d1cd5c5e879a296cb7f7a1d27481a28b258d4a3e2e7ac01a61dddf1d2b775f859f6b234e8eefa95a8efdc529d990136b0a6ecc6224f7cf4e13cf92877cd6980007aed2e852dbb5413391ce202437f35d3d4de90dab7c0ad417318950908803583d58c157630fffcba27bfce026fc7a58969b886832d38b50644e9849d2216c7272df79deca96f044c3ccb7efb634c2074c33020cb2bf2a4336641b43f718a483420c69a689cad065c06bc9a2dcc03e999dfa336fc71fdf2d803f6743bb9b7fbc2b0fa4dfc8b4c72c70079827b29383778338654c02a42f02eed87dda4e8e090937a27257769e9291b13dcc17e567c054a205f6f474b351c330fe80e74afb7dd5d0b77725e1ff9941f4d76102db16a58575d2555b3acd591275acda28ef348e38174c8ebf2cfb9c4961eb8a729283ff69da434d422dd3ed5cc857982cedea3a13a3092fc3eca8727d303bc3cb90e67d99d889896056655700bb9e79303258993a0e2a5769c9a1f8ed435919973598f333ba907b855f103924e281f96978a2f0751c663bdab1e2bf5c9157a5399b44cafd60ef1de9b9f0f9ea712524800d6bc4385ddd858e751e3bad7b7a9b8a3556a1602424de5df0d4588a2718680a70f3960eef0e8df828056f4a78995a64a7c5f9f35d0acb054de5f78f521fce95a7ac745fe7afb7cc7a16bff56dc4cd0eccf6aa8a6dacea636481a715a3b2c71be2dabb730501343d280320d6e2345774b4561156e5ba5c0d4d85c98b352164466dbe00295b37bbb3e8274a044809d5aa712ff790fe2d5f2585e04542f026f947bf36c2572adc04f22247dcb263ad80202a99259f83f129e847ce4bb7933b7dab1fb405f4cfb8162cea06af4ba6a03c701410381248ec0a443e6185334bfe30e54e2169e6806345ffdd97f8112dbe8dc45a33519e6e8ffe83feb01a9d4e37a5fd499b90064c599d4a206353aee02377d605e11c026957e656c68987180f10e1936787ed4cce2aa2d11dfcf5efc6de092b50e3636a1e526acaf10ed7739d351e453f15f80877726ff8e50c25a3be77af2587129fa243ee2ae0a39503895fd7c53177c5a3787be81f9a0b9e09436824feb95902f70c7b26e8292e50f8634304075671838ae2d2c43e71d38751aa89842437cd4a2313928eb77c1e2e139a2ffa510bd6f49d8ad8fd4b6806d4c970bb7e45b8bd0dd0af67cdd226f7e27af20b92d682b66141f184c92b1f2273c1407e0c5e665c87cb0d2def322fbaeaf337b2ba8129bf41600f9873a74692af0b3d30e693fe5333091c0ddd010208d5e5209d3c628213717f48076881a78f3e377d1102a134ab181dc556afb393d1072d265846b15a213fa29150e0b15ed8b747ceada6a2b7d22172f45463c1132c577d34d6fc64c6c8f6fe2435038ea87e813eb5189a361ea4b5ec9223e2d92891843759005c704d338ccbc46f889cab976f3b4940a32c75cee8696fb8dd2dd001aa4444551ecc9a582facca96257add1ad205ad7bd4a2bed5ce1a763e4ab0714b2bcc45c265712371a994561d4ddcfc491601781b853eac8d52cc9f63337d8e8aad056191983bf5d8e09a253a5106ee73c0c851f6f8e8392db9f8d3f2c8e6875f97801f538b642283c9d4b840e3dc10f71f4abd6fe33123e59ad424deacdc83b502bce41980fbeb761e3c6196e40b647f553ef8148a3b7a2cf92d13ee58a11170b895dcb74762cf6f46f112d9d936f0514a6d114fa6a2f30e9559274ec5fbbc9c46d734c8e26c338fcdd39fb61877ceba95a9993ee31814078f3394ae6ec1dc78851f4dfd76f514ae048f5526db64ecbce6314968b798d450886a598a9ed20a8007c0eed24020db12c1b18a67f48516badef3653337738618176d50fc4fc59f7bd66eb81d4a2987515f2395d2b14b0e3fc503be13e8eb9334687786d580e1eaa211752d8a61cbf38b6c70c97b0de867a71c623e72536d9a4bbb16164a48d3adaff2ddeb53c77d4717d4ff2d9f2e7699b235a46d90b670c1e58643cbf787a4720585e8e1f21e42feec966ce629329455e3485ebc1f7028f00407ecae5946bf7ecb8d57cae0448df4c35d410400a1779caaf0d38ef74074c76bdbc8c2fe5d3a5f06191a3845ece06b5c676dd100207a008d6c6879f22b94bf16c60bb541a61f661289a6246f68f9b7c327cb3c7d63ed30d26f8e358d5e2b5f4e4ca8e1f081fc57b01b48f8864da3bf1df301e9a98ee9ad8574beeeab7def0a408b2ab96f98d0a5d7de439f2cdeb7bd3199a399167768d113eeb076833c39a7579927de9e787a2e1663e6e101ca35078d062efac630c180226fa9bc5e81f38b53a54839407c409e41f1b9ee3902493921054eed3a4168ed2235f635aa9550f9ac0635c63c2a41d20a34d54086c23c4b747f875cca16781df45c0f582c492e4ef3659da8995d722f2a259ae4baf9c0b0d3a916d9757a51ff6b74f81de3e8c9245e2936e379ff08218b1838a959061dba4a3f906932c625b454989fa7cfa113b351e83dbb56b14f7e30518ad3fcb10c774dce976221ee3b1f47fa773d9e19e31b9ed4e22bf2fbc59f579711c00a6672ed1ad4bc2d8072754e52d49dfe9b40934203b0d60b51ee4987cbc7605163a42caf937c463c0958d23843f28e892078ff0c42267a47a40a02e64c7809bc5942, 4, NULL),
(10, 'id', 0x800000000067173cde70d63a401c15cdcc85f52a4de4239ef109a19fad2dcdf18095bfe17bda16006fc29179875458350b2e30b5284b8f2e7515fb780b004482b3ec5f337a22a3729ae9836644a2da0095c242e6f7edd4ba4c192ed6b1fd85ab5b9220250fcc6fd360c8d4605c5914fb780cd04095dce6262ad964016e3567f5bfaf380b9331931de7, 0x800000000067173cde52af8d993f9e137b173b9e86f5ce2d9e33a282af3aec0e2a7b346f2402e50948d5c3cb789a6eee65d7b858a227eda55e345f60d2f8b3c8309011d238ec0c43db7666066902de14cb4712bc83a30c5b33012dce04714ac14b748388e474ee730ff553d5a7b3b00781988d585d924cc3c387858ddbac73c19b4f17d5a91ad537e91486723428c86d22374fb0f86867deac2863eb9d834c0c01b1ff9b7794ff11c3b18c2414471186aa6e45b527d5538d43374c037169788dc6a98d05850175978574eb13639bdfcc263d735c2ce68ed0610162fb552517b756ff859717bd668cc9de4aebd6d9014b4cee0f5d32a8bda8f40e20ccfd1186f08b1a5d6befd9bd23032b32079f11b5076af9293a635dab7880fde3a42ebc77bf73d66c2d3febb67d2ffd643e9a7fc82e1697f5f098ad34366d11e1842484833e4fa912602542471053dab36256a04cdfc713058a5eb5551cf0343f57b4e04c43f6e2733b641630d371c85cb4ee3ee42ce56da35d54ac7721cce05384bf75b3cbbaa8037651a81a1a8414969ac48567321d817d2622899cac780cf88f345808794d267d419f4d9c54bef9480db94181ff6c021076ae0a1e72cfb36f2e034393c05d1c1832c75e3e5adbdc2aac40d8aef0293737fe7ecb26262ec825df841d5cde4b2c8832d2c1726b069a5c2ce4b60a79109ce54b963ffadf569493dafb3c11fed60d31d093039c4ca1d935f63891874fb5c3cbc26da81d6f0c398cc0e51f4d12df29f35410565e7fc405ea66a3896fe065eb3c6922331faf557588760a4d2159617543498d1897970a85eabaa91c8735a2f6e712e07da70789dd3bc0116b0c7fd88c623303dbac5fcd8ab6bed700f39c15024ed90b42282a689590d1d25c75ec3bcaf59e2fe164df800cf66503050035b72fc12366ac4fe3653e5b25c4abc4e21b8a82c3b9404eeead663e0664f39e7c061546d6219f456051236cb51dfc2aa1f7f475a0736711a18705aba9ca14d3f01aee1be6b5f8e11fb82b8756ccb9cf350912ab92aa7584155fec8c477897bcaba3da52e8d3a663886d537b3ec179bb1cf3872e7a2b12f5563bebe96bc85ee0630d1b54c7f7108a33296e6cb92d5fc6c45c34e4222d3a1605d9369f309bff8c2db1a37df4c2d18206f4cacf3e5cf370c72191e73e02ab04d9f9e09a90f8c1f3a29cdd6a494e04ff266da907ed90bb3d9c56ad8e4ac1878cbb883592b510fc3e2636b1f066f2ad70f533fc4ad64b9abd62aa61a1dfc62e191555ed4c0ea796115337927d888bd289a6594818310a412c9feba80f5d20b5a282c7432bb7856dedf507cc62d0203e1f78386a6aff58cc399bfb8ed04b5578fcd62371668b685865bf5120c2eb154c2b41be75aa40019bc4da4aab58e8da23172c7f747d55ff772c0183944780e7bcf2411892cbf24b99a0b520c8160ee9f2277cff740019395590fca779c7bbd623f4635e35518478a21fd52ff48f5d3f8d0922cfb453cd1c6cab8bc342c1f94fcc1a9c0bb1af24214f6dd8a671b6d1b2aee9f23be425dd01fb34e1e0309943bed18694ad50fa0bbc3bd347d7c61891404911c27b28b78fdc79e7a4dcf060456abb46b50ee39cee6afe10c8c24b67b09f3c2d92fbdabf78e6459c55304e863fd6777b430ced3b9a678554f3d40d67fe72ac91ba8ee7d28b8d71d7c1dd36f79ee18b9b38373cd870d17077cd03eb11d2a5ea4bd08e62992dc029201a681dfa6e381c3b411a170c24d6a5c3b0479b09c9a7ebf056a34b8794273a253058046d19a4f8a3e497de7eb7e43379dc38aaaa02d5e9c8f9cf16e95414e3d0f4941d67fac1ae9ecefc25a37bf47c396c32e77294cadc4d0547a34df45e0ce6572be35fc9c5ecbabe523e2d1596196d5a0adad5533b017d1408997d208e854c4a38e76702dd2acc54ed564c6ccc97986003141af8d23c9d148626452cb66086b88171c5127121fb05d2ea7fd5a61fea5a2fe29d6689bf6e6378253b966f8d19fb438a32c8313c8f1e21ed165882f734f05108c91a20a26f4af5ecebd9865bed753213dbf00c7fb3a18bf824aeff088b694a213ef336c5076ba0f76a3762c1159e90f3f2428e2db9e504c389b9cf8489b9657012fc8e847bb5556f7441b6012de7b45d36b77e39e59408d20a14ce0ef560a0942679cbd9bd59e993c77fcfd48e7bae523181f2b0d592ad1628b1829c22133ecd31480f2cfd32569071d2ba3406f8706cb93332177b0416d2e75e03c6de1e0762079f6353d598990ebda37263f58a8a44d541d9087ee557be9a5d1ea1244ce9d05b66c9d59c2d05139bb4a7bade31edab3b893da0ce938b1b9270e31ef79e21dab62b70ddfe6c1a81a1230494e11e932d46cd03e4d268d0aff3ee044463bb5349a65c9585ad2b776dd4822cdf4e852ac168e0aff18b17ea774104e9ef4aef01bdb805541867aa89a5a1619e90486871e937bbd2deb7d2759b8719ea1284d2e11a43355edc3670da797530ba232bb1253d8f056cc45a0124f2977da023bacece7855686b822f624bb6b52aa2b636be3e72816c2a948d18a0b19b0df317b6107813840ba18c47bdb4fe77f776c396d883d82462c36fcb5d4185c149789e102b99d031d7a11c059b9cd31e54f0d4b31d2742a088ea970690bf57a0c4e58eb1c978e092dd65d8fb631f670958d803aa479729e323a648b2103acad1ebe355a579d564798432e8451942599a1414d0ae886ab81e2cf432369832aadd9f592f0cfa1569e6fd5b6c40d01417b5269186c37fa85bbb31c3f91a0d8e2f3315e0e3062906c07a8f1d6a26589d6452711b0bb548b1b221e8680b573a94713c66f01f919d379e768c86dc290f2fecc6b17fec2684c07c4198ed6c2d606f0abf499b1669a749061ba1bb76dc91dde968ea7017818e563485c232ced3145d63a5ea1cac75aaff0b68d1e6dd5a007e67d7514771d98c773f59e9a8119c76ffecd2343958fb4cd0633a12cedd6748a63566184d9740491a382783fe448277abf1b531b5bb8c8ea77a88718fe9a997da34010aecd35b6cdeda222a00c749a0d2da0b714446c1cae8a576f7848dd7fc8e927b844ffc6d05c3a41ebf70ef8570365dc956baffcf871b17e60584e3b724e05da938341a29c79a33b36017450401dcbcb370a071973664877affbb6a88e7c95aade64c60987fb764aef903cf339bfe516adb1055d1d9dc73da8fca5f05a604cf6e538073ab0293fcca3e070000aa0e0880bea8637f42807862db0065b28fa91827081f83c58547a0cd85cbcb200ed3a16c891c8c65ee920b895f22831ff85ebcb2c79fa4dfe46784b9dabafe92414a59ca0bc0da27d37d45cd5e40863ff725c8abb7b316c27bbff685ba340f50d6c6fa9d49f74f7c5f9bc1c29eb669879ae2744e9c233c3d6a80aafecaebef9b4d582f5fd03ba84026fc6e44eb5e842c19530c3cf43dcb5ae5cca8fc42e993142dc0b1e1bda69e37c7012254f5742239965388c2afcecf3d2821d52384f4c44d65d434176ddb259026d50c0a78bc529e057e8ae90d6cee70772b31a4bf2343806a4e6501ec34ef4a17f49536078c0e553b42c4d8bea1c1a396e3f1b35c7d2763989a46efce06f8e16676e6bd5d3edda5be0039e2127bdf4ca926d26af3ce51430faf13c3192341d6ac49ccce845ca0ab03abb32b59b04ff194780559be3280fadeee16cdabcfe7543a7d40a4480bb1d808c0d273c5864b0d0b7ac3f66b621a7053c1d63cdf982e57d3d48e66a8d083913e2dcf4b4a2e41b1e6a128d310722a60c82ff8a3350b922a96abceab3570aeda77f60be44a01d451345c538d22255172da12a5a62455bffba4751710a8e1c11cce4a6e510a29229005ca19229d3b1f60e4667c59b78c559ef5ebaba88d09b4468ae7c53c54b76bc2587706427e94f12c7977af26f629a9dc9316010b9dace72a4a753dc81307a66511eb67fdb88479d0d8cba989803fff83bd2025a4f1b63f0c846ce257dcbf9f121b2357b059b55274fb401ecd128df91c85c26df4a146160576a200b341a583b50ba347e3e3bc4d5a5d8b8a10632cf69ea064f3d9dec11dbfc2b7e2b4c0a98bf2e6b11d4092da80ee11bb32777e0b1fdf77395977616333d6ffa0a367289e5b4bd7618631ab93b3613c3f6addc80236966d721c033bc5549a14135ad8f00cd972a3070728e33057b3f1df35a11d25875f0f8f7b7a6e10bae5aac581f83edd9608a663e48177ea3d844d1e5b169f2c73b46e513a74300114ff98ceeeccad00a63ddc630d3640f39c576492135929fd48ac09e3f81eb0c7c85baa9ea798de7ee011278131531b9e95f8465e730532c7209399c7f2768ac83903c6598340a45908900f45166e97ba575069c493b06bd74b554bf7690a49f8215761dd030bcf605dd377437183198ca99e0671cab002e1493d8d257e8e07a3a30c7b7f22d9a3b59057ec9dc1a72e6ec639bdd15d59cf8b9c17dff4042cbac875ad287fcb37524040126da362a4550871909c654d1043c9fa3c65db84e3d12e26b57d496c30d8d66284da3f26da08bbd554fc5bbf7d98384024219ad0dd49faa240c6f627304bb1e6e61f15baaa5fbee1fa4de3f6fcf19be0924daaec1c9298a4464f3e8fcf3b04789915dc90eba2b4832e62e475797760edcf1c9356a6403a3ed1d1c60675067594dddf112d20aa6bf28e2ecfc0355ffa531c7c47c3433547fb2a559a26efe96f3fb646916feb2c32c0e636c9e357bea811d47077e0588f22a34e5cd5d55eaed79b629df970322792ec18f1ef6af639c476727489edd82b3ded11568b731da9c5f2b51a3751121ac3a4fd21c5ef045256e6410cc3c0a02b23580596b82167f0799ecc63c3bd788c4cf49b0939a7789297c9d363b634d0656e63ec0055df708872c5c6dc456e162163a3b5569c26cab0870dc19534b5e02e8fccb4c34274c63b6bda031589aad560d90878bf9b82f0ed84eb9e64bddbf57c1948ceed1b7db319df8de1d466288858ba8c3d406a27be70720ac7897998f154a067a1668cbf19e254b518ea7f0e22140f65b34a0955ea2b6e4fa91e209fc33290581f3ec377ac5131faec7ecbc89886a5fc4ae0d252ba75e159eeacda893309caf2b5a4a14774b6fa729b4c3a7eb1384b6943fbc650949c3deb121b6dd808b51c49350cfedc0e0831e15e6eafcfeab9b6feb66b991f683532068a8976a8bde5a5eed5b0c6a866b75cd97ab46fb2f221dec7a8e32e4be9eca33c3e4d83924a0a705322ac13f7a973b2c82bac049e0a300a151eb5f35fc19bb579bc3040e4ec4abffd8577829aba7566e7a52b850f63535b11ba2a4c764570368c2abc2fd89a19fbb3a225886c8057cf947e2b325a18ea2b15e91e1fb51c4d369f182264f55d1ab491286c8a1569f338b8726ace4d807010d219ab27fd36498acf62f9cf20c27d51a03e3cf3c6f242a54e080e3ffa205827167aad172ef1f462b3d1a527b82dad308805d95ec6187f0fb616803b2f1f21dfd8b806ea7825771c705524af3775cd5a5988b420cf5025418ebd300a06f88680c80c4873083592ba9008dad3b5057cde533ce8da4f804cea227d0f4ca3f941e985a143878f3fa910b7c348e011e8f5057118bba21e4564c26d47c7da2be1a60543d656945a5a9f1f6931b56fbb1abd591986a73eee4cd5a07ae3f22454952b5082805378393c166fd14112f0ef3b732c578b9e6c0033aba85c7c6d77986b9a0be41577efe6a2dde730056bee9ca075e57852af1c117a2e74dc272db5d8f09788c93f66989bb78314c153c1d3b6e7b8163d3702f8abd83665b7b63266c0c0a550ce4a785fca0065c48eae3779bb19a2770d82afd501ab017307219d22c62eb2a710d07bcd829f0fd8691de8bfee756645943a74010c9fa7456e47bc95ade3feae2bfbc56f39a5539e220832b251ba6dbd24d8f1c01561aba628c91aa9a89fff2fd2d9d42327156893c7fcccc38791ee0c25b18c382a453415bb4fb586185f2aa91f3f9bb612a95c51ddc5f0d633f4b290b7396a3fa93f4ac462a3d513c821b2d586f6ab52a06d8824011ac6675602f37c1a4dfa646f3701f7e9aa95967d4c625b4e14bec444266f9b3c401d48ab39f2e714d4b15c, 6, NULL),
(11, 'id', 0x800000000067173cde6ab9ffaac17bc70629b24a725b60c15e1749da801e8cf52c279c67a81f8631a0279d6ac5ec2298ee0f102de7d06bb4975ff5092d852ff6bfdd369c498f9453650e8edc05e42d69e8291164b5bc0bb6c4, 0x800000000067173cde4f73790660c0e878bf4d3a44110926527326099f9182e8b819938b79458cd0d2836f73ef14ea9fab0e913a2dc6d6d8e81bb3c902dc9272fa93c24b592b028b6c69afc6cabc0d3e07d338e07c74644304449812ba52c46bbe7304f4bab6c327fdd29c395c46fc56d38535a02132f23bcad7f1127287b4607c9894bfc4a53da094d261cc124f7aee6f6c30238c37373a8dcf72a9c88baa1c647b443cd956f0d691d4a80c2e1eb54da5f3c0042c3fbcbd5c3a5125aebb7324650420d42c72e0eca91c9d9d924385ae6b6d606790e837d05e11189096ef6681e0642d8d0213abc574, 7, NULL),
(12, 'id', 0x800000000067173cde1a22822eb67856f57aad5e845ab72ba8fe504efac3d1cd50d86de9d9e40b9531a053df41e4f81039deabc57d70003e4bf2f4b9bb16e8a4ba98a3034db327a9a2139a3f31d9de2701c51fcf40b11f7f33aaeff28d9264c6f566b377a465205b6f3a8f7cd483a60bdbc4369503cdac1bddfcfe8f89d9a68f6689fd647a1db36c1989e934b51e2c3745b634396c8664228f, 0x800000000067173cde8140c2b3233a624667cde742bf229053e17bc38f9b74ad3f1a63c736807201c3ed4cfe09e9cb8ce458d29a4bff3a886749ff48a55a746c88ff4a54f21e8e30460d3d4cc49b54734f631d4d4b658caab5f9a1e7647c29839ed43f6b47ec21b045dafb29d581da791161b0597d1e484876b5fb28b3b0c8fb22764c1d6265950587e68c74360d910bc4316ef132099e3cf1edc01b1a9ce8cbd25e11938f08d4a901c7d4bfbc2110ea537f018fc268a593dd82e4d4a1666ab851a36655cdefafac35b351433d2d322e8d526611ac150ea2d68e5d1a90698115370ed02b6c9da69bcd3952c4651e9c30966274514826950a08ee11c3871ec3764a2e811dc2f29709c7baffadc585126ddc3610bab04a296a6b85b124a0a3940c805f38861402ca3700b3b3e1e18dfba0080c0db211f13f1b2319a0d0a31bad94d98391460d4aaffece79fabfc1f634862308d17a3aada44512fabf402fe43f6f1d8cbcc7c5db41896c4dde18a5d10a187edb74d06574512280c0d4d5d6ff893fe5bd26cdc5810f5c89447fc69b8e8fe257e77c2a4e95ae14f3422bceb7ef25699d409facba85bc5d521fad654cde5473d3429bd2fe0a21f120a4a6b3641b5e0c39b0ecef6beb7f74044c14c2bcc792ac8f0f56d1272eea38a0df54c4460407276fc2ad653c6a5fc134ee3b94d38261ecf29ef852c017e4e02fc3e819a9a34991dd7adaa59bdf35b33afb7d87c5a4059eb7302e2dd6b6e8f3111139d079945fc036e18a7ba30cdaabfc1d78e3cf1aa20531df985625c5584180a0d7dc8e86ae2906dc078e42a9fcfe636c598b059d61f41eeb0bd622c288e5e84f7bd9a96a42229fb9ebe8954192fba22da3b074a96e7ac43506e3e02fb638e7118492a0fa4e9aa3b62f6b39c4b5e684bdd2209ffaffc4a90e09d1c69a137c761abd7a45319efa3925a77d3c63a590fdd8cb84a20309934ff5eb9750542f98559295edc93f0fe7673d8a6eede47c4bf971aad21c1b4bac59797f8ef49ddf25b041bfd5be2048ace2059dabea83cb8bf3faa5be68f232dd687e3bab2b89cd9280b934a5fdef4f9ea3988387537df428134ac4917658c099e4534e4d5bb57eb67100dacc97cdb2a9b905adb0a2426428830f7e7bebb53c105a5f2748ecbb96734717280c1362dc325f93481042225b99951a209beb88cf023dcbf88d80f65bd278547bdbe23c6feacac04d7d0d6307bc8058cda063ce42d062eaf53a5951138117853cfc3b24960e48346331a5b773451ecade0b0976fab7048e4c64bca538b20fe09430dc1cfb8aad036f8c4da141e18df04a02f81fb0b39701b68a5790eafd526a9a95e0b77e105cda7632c9d8146ff15a9679d9f7fb993f9a64fed8164074ceaa8cc1b58f3a37fcf4103dbaca3537f7047caf0059b942ca3d80204aa7bee6fcc7518d4d3c23b3c95ec5e8eb9a52b0534e39854f0b96c7b21df67ac2a9c03c46496905201440ba99a0d58d0e471ad3fcaebbbd205012f279f937b5e2cc25cb0105464073493fdc872e40c5ac1625b218248d57f66bfa96e48c52a7ddda2b3111e71e676818c6d09fe43f0f86a8b4697bf0507e6441e95040aad5c9875d56bc5a48c6d0623cef9c32c1a445d7c7dc2b362e8c44eadb6c75877b6e890b4329662f7c9da6ecb140c8043308fa2b8cb54a39a6ee363c5e2bf2ce27f41fbd96a871a80ecb96d6eac607d80d1ec8e10e7f6d681eb2595b1d871aa5fe10b3267c11544b1504652a4f34c5341f7466792f4fe6c8806cdb3d8e326348e179b0934eeeae55c1f578a2ac9853144683e7e1bee0f8da88c78e1bf940bfbe447c857345f09d9b35f8271712f429b6b97a5d9ff913517de963dbfff4502091a9d195ef90f7d727feab44064de45e5d30c2bbb83d5bd41ada16b28ef72f3fb40e7e9c82fe6f6b5c74746ec3ae0a80a442054006370c9525f0bf65942667eb3bafd7049b0d67c4d5e32fc089481522d7d763798bf28379721a729f0a20ddd9bc1266a170d36c9fa2a673ad699d08ebe079f4643dbb1ce613f95292571d85b1a8ffe156581483d9fc44cf4bcafd09bfa196059a4574772b07ef0e69e862aa00be6090e8d016c38fa257c43e00c1cbf117b6d305cb337dac67242cc9f81f17e33e97f8b4212b093bf01fe07afc0a783f390ecbc805e5330e0a40ee60a1439109096613a89f7dbb907948eb43eab50f5272827c4231ecab48eaa90bf728634d6855b21a19cb221b0ce8d0eac88bc7b0bf9aaaeff92c4ffe3d9b825e968a6d105cdb0d198fd5d7559f98eaf7d21f978285b97228df73ce039f8edd1c395c042d052f78499c1a38bfeedb408f25c17a4bd846b2477518430e116655552ac0528b57541f6ad5877c8d88693a256dcaeee3c70f97327d8097812108d5d6a2042aa26875a448ff92fdb1ce312a3f33d897f25b68a0d8a418b212acef947490b7b825b92a339e017fb63c537c04fd48afbaececc37e43a819581a1bc46348d0aba2512397d902d5c6d6ee54de4805c3cbfb0e5be3d1ee3fbf3d548ab552337c2d200cbe9c6eeab1b0e108d1502152e913d7aea96f89afef881f50f5c0739b18571d883280650d61cfdd8657eb04f36ad2fa1b5b1b7f1861c452a61770021dc1ecdc0d39918ccfca18302db847457b1f3e0f61b8d45156bb63d3ef210fcc588a7dd9e5dd7924b2a52cb4735d026b18cae68ff2f423f6fe9d0e78d63a4970d253258f1a84ef7dc058f77967373d6430ac53aac7997a08287e32b94f22f972579f9c092302757ed1698ea4d30e81f6f68bb3ba8235a3947e7b14f4c6e9188e83aae702499af0313d3b7577cc189e753d79edc4af45b3424f3c72e7086e8e77bd6e2bc4c78fe851c989f3b9a3ea8900bb71cbf2dbcf41d2e4e1f05d232604ed3cd431a35d3ab0f6793ea7993e8b28e9fde78509c7add49701af9d199accfb985bafd97e1f6bdbe4a2e583c2bc327746b743f9e5f408f242347fe741532cb56268b4b3ceba662611b293dc4c691736f860550d2a3b82c82a2d1a7e83424c531871f852032bee06826796f9dd83b43a75288c6aa1e3727b0882847de43b553b73189f06c1cd174e2deefc94f7a7609ac9066baead97300a34533bb685ef1affd72d94bfe59a939ba2b57a95bce5ec5f9a8b020290b7f13fc1ccfa49f04c52e6afdddd14b76da6dcb117d96457ab000fa92d50e983435420bdfbd400d4b9918687a89faa03de6bd5c05ac99262824b11e9cdfa42633532b25aaaf68e5357ce1d7e6c969e12a15262a02ce0865a0eed18cdbf590a032e1c113b886e7fa5188ea383d30af3c12f32a6e6ab689ec3857c9c899f767af6a5ad9ac256c3871b8de2a44ff7b979a8631a436b25ddb4f9e58e6a86f1b133b4532a4106916981b04d6606b74ced4328b07eb41c63b2d0ccba7de64a94d903b11ed2c60659353eeaece8cecd02f53ec23ebdd3a874f9a3c6b05866643897fc1160b0b7ed31daab13176221cae6d81f0b6440fa28cddcf601299d08c88bc366794821a3e8016287ea00742831ac69a8321bcd7985429971b67aa553968b1aaf09b30561fdd60a4116f74370887d98f3931190855a9f7f2c9e25d80e4a6cc292a0f1d05d2fc6478f5ec62739bffc136f533d43299cefc3659c03cc4ec3682c03e51e7e2a351b8b9bafa8e44a10452c65522892fd0cf756cf33d0c505d52f627f972b703134328e312502153da0309310e0916077e68045bee48ab6895a79c429d088958a0e9d024938da1f765585d3e73cffe3308cb2c77e6b3e616a73f71cd3e9952cc57eed9693686f1f36b72d66e599b82494ba93ad134f83ab1e5eefbb230ca680670004ccc60bddb5720631b41a185961e5ab8f94f491a61c21fedb4bc1529626ccd0c30d57dd839b50b7c75951fdbcb9cadf6dbc3a7f9fc7913f47e204a0c6e0f943414c6b32a321f8f770ca2c91b9eb965a8e88b48b3dd00a1d673bf15c080a0162256055621802ac0869af680e815784b36d565c305a7cf925b2872a4f660731ffd3c59bf1c6183e693b01643cb5c0c462d6c5c827b0c154e94e6be886801619745844d8c96f204d92151059285790f7fc3f63cbba59d098be9b9d23cfd3eea211a4cf1ece5c2d835aefe0514b8b6d77e2ea08250e0164c19ddabfe95d606fefa0af960b2c6582baac59f0a567b49742fdafafedf6e4b963587ab1b4881d93da494826bbedfd4e89a3a686c323f80cfa3cb543e67c807475f7e2d3dafb01c5c899ac47b69267aef1b860ab89f49967162c720cf7e3ba626758d28ed7873f1bac90e3f5f72e74bff95949d76fb52550789bb7c77236b79c7813dcf19f254964307bc8cb147409eff385efb2ff693c8ad328959a95b8528b62e41c779bb9d47cbbd35e2faba9a64e11cb638cd0705800886d11aa5d7cf36306c8e45a0022e641c595314fcdb5778c73ae6c84dd5eb104e5987c5ff3fe822159ef93fc26d43f94df27315015721d1c7fcee3baabb2c7e1e9923e897fee6093d7553fa481842d67efd403fbe1a7ce04c9cc097a6379a9e5ad4cf241131a6f478377088dddbfcfab60788c775e8c87628f7de4ab2d17af1ce21acd60b800f79c7231abf052fb7b3298d40c20e36f0d5606a2e746e31aeec5dade4bef24956dc79692dabdeeb6cf9eb4a3c1414630c30e988eaae9c75cdfd767cb0da2f90fed03a716fcadea5c7ef87cc4ff89887c5ac889866f4c413cd1c04269c9dabd9406ff27964821cbe6e2a4b327364dc2f62f233b0af8f173bdd7fb52d77f7630cd3c58f842d5df811ee6ff83f68940d988de655cc398012d9c8a2744493ac1d907429146de80523b4e0142c81649dd330b85e84216b85b68ea9e7c11f542cb22d51c1310c9f7ac1088968eb6c19582881edbe9ada9eb83997d45a705073ae28a4c092d74e9ae23529448a8a65126d473294e5e1e2c7c0aebf6c0699eb846719e2293ac4d5db405bd983956987e7133549188e1b3ece939e7a0630c406f90fd5dd631c8ef070a4c935a19a754b411d4a2e1be0c401c89b9aec60d61e7b8c97ad625f6f5d654cd7264b42a3a24c37392f1ee287558a5b8928100fb094f2e7a7eb748057b320fb792f6197d9d0a94da0b9068fde03c556479941c04d5f3fecb7ee6181cc4ac9390da3520ec33037e1d5a948e4b0f64ccd84559c30ea549dc4dedc9f662516cd9e19c7f86858767fcd89d57f98ddaac8f487d6e980d823d8ae5ea8d705ec4c70d62ec5e8a40969a5582d5e97375f41b56b8b4fc20b6badaaccd4e70ef2b202ad89442f434498ab390475f997c16055b0a5cbe77cd3a4db64b31643c6869b99dad30bd5d821d3b8cabd3951ed97ffc5c1a05b1a4a6c3fee4dec567fe10cd380ea35c1434d5b952d34bc7e5870adc83b57b682504ec433312bdf015f2bf9a00bf4d8fc383f178f0efc3831e91a0c3ba7470f36e6941f496848fd877f9a68ab33fb1880b52cb2815d54ce3bf3efea43f4365a2f7a8fc061f80b1e8e6cfcf37a7b8de639c658861683a3eac1021a85b0b6899f0a6c438a8cd15b1f6fde9ccf28e1cfe85bc0400196c5e8c6ad31355e81570d78f653f1bc29c706a179da7c942e0f69fc8986e88232f6bbc171e97362b279f7e9835b90bea17bc698f685bf2038139512a3ca6456ad8f827b3a950e27ea5824b4ca82aa2220456dda7109b70dff331919ee203f39e24815a15d572c980229d4c124581a87b5d99102e1a9be6a557631fb0c39d092a196df6599687b2c8fa60faa3a8d231f6ccea08d7e093b0a4d3e370d59b940709222ddee06e07baea965bee7d9331985c0683bc8a4f2a80daf4376b23b9a028892ee88b3a4bb514557d1866aaaf998f18f255f93e121b5f561b5a7aa5a363ade1a81a1b0e333fadded94e7dc29e66dba92804f09c942ca98637b734f25e647d99a4c87a7c0fbd711a6f46ed7bc11f010121cfbdccdf7595462218a0ba89d658fdfc5055a603a40c411faf650dc18072c56fb5fb521a9254619c4e5154df1b5a38d15e5e4227f62bd9aeb15c337c24a7efd7895b2aa23d67baba2f1ba3bd6d86e058cacd5ed9b74995b24eee7a07fd8e423fc8ca912576adfebf34badf8ad9d25f30d39a499b24cda633d9874534e659d1a0b3a08ac61a0818c02834d2e2d29f14fbe4093d1de3e2a7f2e23bcb7e288fcdaecc02452344b9562d0041f9e95ac184778ec0f2d692f195a82c1f0ee014e472f538cb51ddd097129c38666dc9ebbb3fdb3dfb4c6592e22791791a7d76d528009f7c5def2485e6d1693e7db69b30fb6bce8cb4bf9d062434d2d12d5cefbc6c7e15428731bcadbd0a09d49e059c8ec4de41d88d0fd8ab38f9b030964719eb2d1dd10e447706405d852f57af9aea9949b653fef615d8fb83aa44729eecd58e9e56c5ac15439f605b20a0e8b54f193a93683a652f3b8e13d8a042d4242fd5452c18f15a480361f40128ca49a4ba36221d2c65da28caacded4de339bfa9435b4a70d52771bcf44bc8bb0fa2c4c0b9d0cf17ed8f3d3d106c60600e23467a52e2750ff9951386a4d7ba5348366bf53776da689e86289a72b5373145a1ea8809a3b5ec555e376ab3ebd9ac3382f8ca8865c76f2ad74f6630cd0575442caaceea5936a65f72e1a559e3d405404106b362c8013b4641bec4aac35d8987b454b6829bb287ac5d0e92d6d7f642289171d01a01a78d966b9871cef1f47102ecb99388b548b66eaa5907051a353e21499fd18842e8eead0b28ac0d772b379a6c96128655c7eaa1c6bc7d387c982ca3a677a6f8ce7d92864a589ab5778dd9ef36ab53739474173dde9c9b221fd0883d3a92270e2b9b3d0bb2ca73465d9ebc93470fc36702054ab987b809f7e23ce5b767196d066e2b6a10a3e3da6fc914b81a39ea38d13eccbddf654de345715b90aa6d70258349776ecbc1d3969fc8816ccdffb5f22d1a5f033e410b1d5a7f7a6b8d92366a9fb9630b6b4931a600027b5adf06d019b04cf0032d865baee54bd182326d3f29ebf6d490bf72ab39495fa7ebac850d27498021558d22eeb62d3ec4333fd312e049f720e25ae599b44f2ff89341078e660bdd4a7ddf5ad31b2b83bde55381cdc14d49178f074fcb71ec8f58ad3edc3a49c362e243502e4332a47a087f66a6ca51c628ebb50757915fff7adc20d927ec69b72f76ff309f0edeb12452c0409e7051907cddaf0637b79e7a4b578623055affeee353ef4364687e6509dc6aab3312b188707a80aca9826c8aa5ad2e03690664262d61ba9cd0e5f4b70e0353ed0fa51b780c95b92ddc505b56893e5cdd2bc76ec9ad07cb348d7ce615cd06873ff6e76e82cc4912a79bf1b24c2661a5d1d4d59d246fed9748695b269dc689a2c8d52814ab7bc40a08d1f2232e88ba7c596bebe388604e15374d66b024681d19fd290245db6ac20beb6587172f3f3185d0a575ab4d998151db19ffa53662f93435b1742f624f3a93cbf22ce29eabf8c3810a844c296010062359fadd5517bd14dbad07243ef98a68606a53b61d60cb56a32e96bc6b7b27bd1b7cdfef08eda92eeab957ee5acd42346b324938f68be4c4e9746e98654e27951ecca57d06d84d6fea489, 8, NULL);
INSERT INTO `frontend_article_translation` (`id`, `language_code`, `title`, `content`, `master_id`, `sub_title`) VALUES
(13, 'id', 0x800000000067173cdeb1ee312d5e620041ff5ec38896fdd7a2878286cdb748bf78133c62fd4b53ec8f255c4f936f302999f5caf6ca923372e5d09d71b71f05e620176493046ecd18ce4f391e39504ff955fc37421a42bcb1b210d6e6273750f396229a9b89b59153719454490672962f03f705da3ff23467a1ee388548c7141adc65aca5a711c88698, 0x800000000067173cdea88f322edb17ad77ffa56cbca7421ea94207c190883031cf90c68e005afe95b0abbcb6d698a9a5ffbf4a3955f985a92b8f4edbb34e8d036b68f6dd7ac1ab363c2797edf28ac32ec8b84057a4b707a324588196a8c96556a96dca97c0ee624e057f249211286378acbdd55c5983c2c673ba5fe8cead2655ae7005745b44bde37f3c08c6351a7b127b7ea91f865a44b985f3e0f6dcbd72f82048fe1a347a5c9b70b93113d1f664f4640e4d45070f9699019220800a5d7d755faf41de3db0d6ff03a130a81438b817346925176a743c525b057af851d5488a2c69fc0a32abc75cf92b89f8ecdcf1f07b4978e9c4cdff71c3fc0a5f845eadbf09c9de471fc187883151e2d493421c1d0f3bab73b9328a7d123144f77858a2f942568bd725d50b4cdaa94cfd1e94ae7763bff4091e39883b2423ba27a7497f88eeaa98b2fb78d2cb989c444a98f0dac48a8f5d5d1173535e60abcba469b7f41905f9c5382c2b5af5fddf0ad917f4614c2e73375d15944941873b1dfb0f373f40bdbac9ca56abee0b84cbaf03db6214aeff652241064b6fbd3057057579ca42ff80fb7608cf88e677b6758b6f6471ec17934410ae9eee34c8ec841482b5c5d3d6010c13b588572bfdc200ab694017c8e2c5ede9bb90c2caaf8397932b53888aa6ec1eb902287a4a480ea469aa15cf012ad7617a5b5eb2fea6bd1b2fe701b581839a956bf5f78c38aeb756d62e995daee5dd8075d2bf142cb1d617481cfe5d4a5e9ad43ec0284f98e6431a3dc5e59c98a215be162bb88b69dacd6d9a415f947a6db8b7ed8bad2d937ca0e24d1eb79ac130a0d2b2bbea0ed1d78674d23d2c55bbf83ef52d8aeed90de364d6413cdf0156634ab14511ae87a971a34e8e1772978996b797ef3fbc157fa7e29766e5987ab2eb2fe65835df9d827b79ec2531171f253a3e99ec11ad6254a2109f926b32475735b2f0a1381c911e64eeb47f77db8b2fc69ac20ad347f7d4f9b485b7cbad0019bccb96d04be49dcaa90b046156bf2b38a885d133eec0077ec7cc8078d8669593e572f98f11c6fe42c6650ea556a14d97c33306318f464005850e575ba0e646e5893a1af13945b12c1510de9eaed2ebf666666042fb4ed6d4dd7bfec0ed4c32de1d1fa0ecbe43b094167124598e82c58c8d47a949c432f790e7d96bea42eaa65cffc58440baafab79970ceabb98bf6642840a8ad1627549696c29b37e0b009f33b1c563d223ec38632c233930b9ecbcb90e7d01586f2853714289123ad6853325daecf736233a2f40ac34d068301bd85492279201670a2a9dff9c63195800c3f8c7649eb6999c8390d03f0a0e3286f891088ccaf93d36a4aed94d1bc809dd06914e94d45da92e5714fd892d947d5c20b3fbf963fe78fcb85c951ba707b277abddcd67aba1d47208f426b76477b33050ed0096d40d3b3c504ed0f1f459c3ab81dc36fd2f015324d711f8f6ae7397c093ee3a849b747beab7b1762b3444af42a982e1658d184251395f92de56162e03341dbb8d5ce0ba1050fc91588379baffef3abe3e89194cd1268fe2d4eaf7c05e60aa20adb6cc25dad3662cab470e85fd7fe6df587d6de8b641f37c5b5657b758086a6b50f1ab770a382d6cb6380aaed72adce50ee3879cfe6db6b8335955cc989f72bf35c036402ad6657fb1a49eeaf8e3a2eb404d9aef9841b1c4dc8b8a18238ade82d23258fbbcee571355d1aa38c1cfd6fb3289fbcdd21110feaa44a36e077e6528c2a3a8c7ac89fa36e6dfb8d457519d21e0c2a089c8133b7d1ca740b29a67b465f7ae998f32436cb5528c815ad14b1e016df29a35716585c8ca4be2a2cb19e68389daacac62070d03d0b07ab040234e8b5ec83c2cb64225d0052a96e4e598cb589b42552dd0d2a2330f1c0559e935762520eb6c4ddc17ad432fcfc8b280739db32d67b8a41a3584033af5b189d4c910bb5e8e7d25dd964b4787152b63d3fc0a8eb08a32686113bc861f0dbb3c35571b3ae6cb8f01ff00490eea5470a085c487f70625e2511e1bd1d0285ad9fa73640d6ddeeeef8b4573516e3def1a798412ef0ef0559ef90db3afa2d31e70f0d76ffcdc5f4408beed7a2af233fb41d795ae733f51d3214972e13d1689db43ca742775dece9054c576e69d38eec3b709103284a70ccf04bb2860115e56cca46f328fd56e0fd372c42ac245a12271e315569e9fa18ac4c569304a78ec02f98a177c3910bb8f56e30d81e957b0958081a37019da4f462a4145fe48b0fe2b791d0f1925d98017bd2182d99c4e6e35c6f43ac9a39cb9432f0ca32f10072c703bde86aeb0d30a3de4b5b3533e814426a0b9ef28c9af28f0189c5e695254330c6e045b48e2acf0791cf8540e15799424f87803e69735d7dc8c8619562fc2d5aa313ff06a165b4d943cabf57e94f98a329979d8deec99198d75d115a1d909769c113c69245876a3c5e8c44c494e98ff81fb4a657865026180e941ac776e5b6514a457329ce0de5258736795f4442a14cbc944a3fed09f6b6b20aa7382d11e2ed2f4c50cee5a7e7b5eb8a66c466cee04d388296b2d9c22edaa09e5a3604909a502d42de873cc93cc48ed6f087de2ee0d2621a865c53979ca152563b61dfe20a829f03ea66c0e666772c111d2314c09fb1da23b7ae6040af36acf94729539215b0ed655cb91bd121d9ae6896b70d888829975ff987b00bc94d6ca264bd7c608e29d93b41c37bca24082229290fd8fdfed5c7aeb2c0ea65fdeda50a7e0cca068863e594793e25fd4eb9408f5790cb7197f0783636f6c954c93e68f8b6a66e9ef9962a05370d3dfbd88629bce7726d7918adcea7591843b122f5aeebba71b3d065110cd457390f7c370a820249e3fe5a70e0d34c53305066b2c6a5bde1513f983c193280b0a34d91ffefae0e4afc377436de1724d6b3a2a9f7c976d1a1835fe5355ec136ff732d43d57cf16bac6e967bdd0c2df59605e39e4658b6c1c8f3d9a4784cb5cabdf11f70f459ba6d60d9f9828caaea1e6ec345eac338ce9c054702c0a1af1300d8e31feae37f1296811e1a2d9ec5b3f2e609d8ffb32d4c8b86f082d60a237d1bdf06fef00cf062b760c6d46af80cfaeea50a975437b6cbbcaa53f59d2be4be5fa66120457850268ed6e47a90a0b58bdd37a0e979cac547746800178ffe2a8ccce00ac03e8ee7b4a308af0c673bca3cae67888fba5722527617dbef4a2cfccb640b635c44b8e3b03c9a3ef2f7879993c1ae9466768e42486852957f67a5c92e1011ca7e2cdfccccf4d308b129d1d55e72a8bd1d81b0f1592daf54b9f3554fd9859fab584dfa5212dbdabd6e7eefd3b70cb85e823bda9214ea13e0bfb1d903b9c962ee00f4431dab8e61aaeeaecb47406eeac750fad61a9400fc7b029ff7411f3f785183d1f494b67b29cc1336dc2bf9c2e4e357dbbe5da4ca0fb9cc7423d32a813e8980ead38525abe64fed52630862e562b010906454aadae8c576a98b7356e634251efc6d1944f328b1763e9e00523ddeccc9a72f058e7d32d0764b955cd40a9a8e64de810720cb6fca7438ec7572c965dd10a2ec8ed79fd3df1e764baaef220ab7103e3b8b7740c3c2e1b48201a75830d7a63ad45615cadae1f2907d2e7a8efca7f74faf2c307a9b266a5503d035410f0695c3ec35009f29174520103ff32c472fe750c474c39269991d527facd84c6c8a9af49b91b98684c14d938636768220f74809298d0c9664903e9a24a2c9e0dccf4337c4a5cae6b854df3f5cc5a1efe7f368cc5b70335b43ddd23814a04e5dbe39e4dfda08356e5bdfc62ea8ae95e912a49f0f3d26ab8a434ff224422fd5aca54d5bc66aedf6c079f4cb4256d70190407f00838bdfe1e13fda96aeae16c5dea604ce06714e2754df01cdd15a273c2ff5d98dbf758458a903d05aa110f21f815b98d43c9acc34a20392b4db195e5059e382b0e1d7fd9f0e45e11854a0844563963d6272747f41f9af941634e7b91b98a31d3014b297af9cfd88629dedee9b0fb9883807a94cbefb0a764d078fcb526f54fa146b41679981d43cd69c9c4521b832460ee8ebfb617d85d36917706f41dd7aa91f3fb3b0c47c574207f1dd5959f05cafbc88465f8289b9cc2838c8c45e4f9926d634ca7142b4693cfe662805ebc335e0ba41645d7e2a0b6cfecf9eee9cd4611f22485140d72baf760c39546bb5d3c314675ed6287c4445bc3e0f12dfebf3f87bfa612d8bc700fddcbbe50377114f69d22acdecc08d7a5fb01b224131d9bb8bd1d73de9bb09ec953fb6c75ce10359a53d6da70c15e95d3867768ba75aa7aeedcb6f81f0445d3d1937f17c42278468e3b7faaf5e66f1eb2df94b07388c7cba462ca0a36d15d9754583817680da436fb3a56a66beee0a578e53a8ef33756a43ad26b58eab9bd18822c7675f306802162c8bb82e3ae0fdaaea81b414ec7cacfe6df43fd5fd8a439645c6d672ddd3e4f6f6e927a71fd50a107e4d570775726cdc656e311bdb23ea091114458f6646dbf09462f6eb741c7f1622cdd64376eebc9f5385a946ad2511661a49c0673e13e3c8500929d67d01cf9f6fa995e86d0a8788fed38fe42d63ce8729dae4a6f11fc6059de8f8d44a2098708b674351898a142c9b82bc910ed1b5e93aabd45636dbb3bda6ee577175cd53369dbf2df6fda8177375f236e621c5f8214cff752cdaf5af5696a65876542780886ab70034fc691dc86caf3da5ac83a315df35d1825387a1504486b766f528bc662468efb2c5a1be34d085cd3c941a8308bdd15be25566023ae6dcbc64705ffa7c816a4461e591fc6c582cc4cf4803ec61cadc2d8507eaeb380ef863f4d4fd3a80937525d9ae958865b4400db804b89c350168d3442ce8f17765ff98e3da84b81629c51937c5bee77791f0d2a9ff480a61ea6d349acdb64b5075934b5de4d7119116a4b129ed19c53a380b2de5920fa5cf0a87a9da85ccf8e51fb1e28704b33919ad761339a969bea832991b2be3b7e46745ee298940630c0f414a26c0b7ced2e2a1418e9dc8e0da68e01266c9ce56dc2c103746a8e0fb857bbc9931bf883a7716f2f3bcc163fc0cad4dd4888d9a90a46dc43689c4912956e3907b4ecddaae48108b33e1745151502ad1313d6621b16ee39d36d89b38111fb12de2864da7be2c7d4d4322bc774ebca3f9a6bb619bbb352fec71ee0114982fa6d1c236ed657485d1aa2316482a03c0f59ab74f2da7e031ed875917de2589932b79a5c3d5e2c2347a0d0ec7bf9da7be74e4e57268e1e763253c78406e648055fe8cb6080d606c4270b6de8b2f065221af3a6d356a99113a2f48932edd548defac1956aac4e2bca456a28396ae446f5b593f2a5097eaaa8b213531dc1857c37ff529434fc528640c1133d4d6fc7b2a1305a0b26edd9dd18768d82835f4e9538f920b3c98f823fd87b932d5b5538e99fbc308fed5b4eb91a273fbcc9f8b547a167771da933505b4e1e685ef674a3f80776c1fffa284b1b41e0d8a4c3fc921a49efc84af7072ecefd9ee28646deda693117a59fe7021380c15253a1a8c17f9df7c05b1577d1e7ffddd9b0f2b398f5bdb955da7e73a666476931f6d7110a9a2679ffdd24cbcd96daacd0b39b34324d9e06651a70e842dc15c035021b3187a94f39c222fa752ffe7d7a85eb87dbce863f7ab42886c08de27b2bd6bff18d3d39f3df113bae5a6e78bc489c78d13e303a97b370b83238a0cfce51df2905f2a73caae921c599a7829340ffdc26c1f8ff10b8cde308f60b5f7bce4fbd399500ca8c8b9e3426b49c23adefce56b868374df5426d7122cf12712a842b094bc24e094566411558571fefe189c73a853167d86328cdc197b52f4af3e4ca161e4c25dc15f99de20fd7e2ae190cb45977f971e4a33e6573ba071499fce6a8438d5214cfe07354e32293341cf8d66dcaba7b0df088458f2fe01ca2aac1fd655a1e105cfcb6f92e66b0482670b154f374ecc1c07d8480e1b44c8628012521863831bed42ba5fd631ead42956bb69cf634c8126d57404b8177d1a51392ad3241484a1ac6f55212eadab2f3826f1f9e24c3b5964b6519812bfed0dbae1d2e82ecd9f87a0f377643c1778e7557195d4499d7c52b6ac1a30b7f, 9, NULL),
(14, 'en', 0x800000000067173cdec52e35cdc55da8d01581b0e339c20c838291b6db1f13b55be92fcd4296fc191d3582a3fff5151bbdf3753c68e985f11cc533f72dbe4a4f0fcebe724f6e4390d1d6d7422184e48734174f3902313c6ba40936259baa13df31d5ee5756fc965c4e3c83890470524364742573aba5a5b1067cafa74509df2d3d58aca797207f25b5, 0x800000000067173cde5603350284ac295ee66986cf2fa0c51a0365bb5f595215636fb6094773d8693bdf90465f1e12ab084dc9cb3a7606a17441b6ee20b26442a7eb3ea273a23ec68f4b52fb1415488d3b2e21e1735b5ee1591dfae02381f9fb7ab7a6222a304b8698230155d928491abbe5c735ade362f158276a338989dedf7d53928ba48f66192b7e7f22049dcfe5fedc35deb175a713c3e5658b618be73b4969136f3f8903f46fd274efd0d187331e8f7b8a72282e77b0afaf37ebf9131b00836cef58561733943bfb3036e9ae82ddaf6c5b69ad2dc321047893a4a29a857dbeb20479925f9a9885d9b7af884fa6100dff8a2267b6e66f95764e579b618961f328cd62e4d4f2dd901bc4251d005fa3e90c101f404f9380c708b9076f020d351cc5bd27c4549e7ab53ea3ffa66c358f2c694ba4b7b5556a1cab9918928db98efee9aa9200fcd16856805f9a64ea7027f449b9cd21147b20a0d61a0c5b2644c5f33c574922dadaa9399657a4faccf694b08735ae0ca4f327af2ddc316bfbdfc34c5761e0ec15c0fbdf09977efb971bbdef0b19c51cd19c8652ac1d3e56d4b4f04da8b7c302abaa11e21d499d9ddd5d85cbe648b3e7ff8de38f00a4fb942730d16dd8157525444ccf3b26dff6ed7feaf34ce0efd766c539e64306cd19c3b30b2d916cea5ababf925418eb54eeb1ac08905c4d1a24a29c1f12948ba8e1edc666969947a9dc9e6478342d14fb4702cbb566b1f09cca9cfe101397ed0a9b6c415dae01599bf29bc4227363aa7c58f85448a6cc09b1092a7f76d3a8730a39bee339bc57f5e0625d77d8b3041db2ffb9d5a11f1f5a30a3794c5b4dcb801123e14fd1e419080259ef78b58f213c0a9db0235bef12e06a57d224d5b282996f08d052bf529ec9ffcb739fdc61311230c86dd61257edc82490eba5aea495d9cda6877cd1227addb3a9d2e80aa22aca7c8604a4abd8d58e90ecae7bb8236582376252a85068ee9525704be9eb44002fa156cad84e8547dca271345ddb4b5effcfa61a4c34dea9a8a9857448dd4ef503968efde7397334fe7f3d8eda36444958cdcfff1c9b2b1d42a17b0e58488c497fcdedd6da0c80d47b335649e5efd37d0794e98a23d16f14d7bb37abe3a8cdf81574f1bd2ef223807d18cf1f31b6f1c069389c2909bb456971544cb474a1d807f164ff15b8b5591ec0a37ec2ac6c389adc554cfe9d0b8f5b5032674446f45e5fa6563576982fa2356e0a64c444c8407a6d2f243564a4b07dfa5287a2725acb7db3b94edaf6fd5dff72b5f7398f04a655aed95c611319fb318a0063f311134c97d1c59780385640f290316e5e1c49e7743396f2ed68b7a0e6e76ae3de83cd627648f20eac2e0a0c83efde49dd443347cde06fb061fcf56a2c89625a7b27c8df32d6627157c172f427681f6811513a6a2e760f1a6719d0d66cc8a86fddfe00e48ea565cf0bc5ce853a825e7b5877f6443f249a03db28ac8e780bf476ba943c5799c224ccad21f90f092988c25aa99ccfc04f5db1536b29e6b45939ed3dd029addbb33d464db4acc9b78ad1e796e7e7f2af495605adc88226285dc623b106244968e741e3199dd8b95c32b0cbcb7f5b182d2e5b6821c0171e0f6d094854e944c4af04e6f799123d6fb09200eb3e4d5404367ee0ec6653038dbd75c5eb81f33720cf9e41489ea1521c927551d84c2050b8b0c57c9969e2c348c6bd687e25c155b7ff9a707e055e7d07f3ad85318509e6cb82fbd8df588ed28027c5ede082728fbce0d4ce1b16410a856aa177737cb606addf0624ccbe89dd50988229016bb1cfe021b0ef82a0f2a94153d0ad159755a2e9cda7d7925cccbd8c78bbacfa5947a3df2ba301b2d567065120104b6546036ce6bc248bb1e33222a5eece3d5575bdc9080c2a03bb44ae503756977edbf01680cb7b04fdd63b453fd34e5fd4e5cc8446f5a68a9720b56a26be07d37c0ef77f8299dcce423723f0aadd034481cd81f42659512db5ffd21a494e6d580e2e4c74788b18a4999cc2e3d0e5009ef8fdc5ac4c5ec21eb49b7ac18934ce37bcb5d40decec32c22e9f81becaeaa0b06787c8c9b177c82b933e8c0989fb4848e599c0bcfbdb34cfeac9bca6f93ebec0967779e516ef87afb8ac4e810201f4ac934fb1c1edf33ecacdee0edca7033ca0a6a3c7c78d6b2ad59c58d798c1dd5ee3fad796b92ad556f9a1594da1b80b6d9d7b7a13043162f1f68f78391540d070dc7f26e0304762c8a1673fc95c5b4bfe038aa35e7e4294cfb2e7615ca91a974833a37a7f582982e7b438f225b2da53039060748dbb7883507a1c69f2b807aad4e9d5e7f67257b94700efa64308a633b9018f9f6778661f452f5e6e3f5992e305bbaa0c8d4165db3b793c8c64449e4487c0e52991c86178bf4356e1a23e9204edf1e97ffb3f9b929458d0f65d31770af90f3b8bcfca2056ba6bb7a704d3e2f558f26c141e1248f421a35f916646476a8b536dcf2d4725f1aa128d4c3e0f51d51143742d1406699426b414fb3b38fab65d0bd39a16f36388d79a7063ff468b775ce38b2fd7331fbcbd5496dc16ac06eb712d14bd12421709ff7a50bb7da6869779fabb590d6db45454a857254aa82c3f8142d8ba66bfa000a5a92a23fe24b543831b197ae13faa08a8ac12b68ae46c811dbac37630022392d640eac9f196a8bdea8e0c5077158b6630c9efae7e57a91458c9d0b4470b1d137c0f3dc3378deff2f5eef875a6e2080b03ef19e28f186a542490e39fdb60c60438e3331dc14ff8121815c7c88f18cb2950a75c0e4d753871a157be16ad0e70da0e12c47d7cef8685a085b2b31b12eb3f89429a2cefd232803df76fb94e5a28d707744ffb0352dddd8c3fd0e48301220cedc67feb23685b4c4d7107be9bf8d9ef351195cbab1c89aba8a31678f65bf755af1d4b995f97a3ea756353f67cc1e30219afb5fc14678e4c8e9047a839d3396fcfa422b568a34200a199c94548883e4b3c377cb8d1372097daf17a61d30f08e37b3638a0814b04a1472d0148934cb8f98d94df4bcc3c7cc7869c20269b0be10f57c05e974aea7e3d5d972ccb8c9860de2f5983d49926cac78b183f9ea07e98889f83a68a78cb03a907641d06aca0c4d88a0e3957dbc2d0b8d5244b8540ccd29ee480c0f8d1cb9223cf79ed0b0d59fa171abc7f8586821d1a47ec26db9b464b6ed8357acf2636752af42e3297e00d60227f2168a3b9d9ec7be5f1b9c38699bdf44f0c2fb35dc9250a3fcf75af42bcc9056e9c4ae525161666de4cae5fbbb6a6babb15395a3de2f6e174db5c2f6022b84972f6e8f0d63d7f0250edc6509b6a5c210964f88b5e8efc2172b600bd7f87a7a042300288b1f110f881a3ebaeebbbacd80dd26bdb990da7ee045d8abd59d276aab62dfa732a1d06aed4fe46e73a7c0beeddb300baa991a277cc846cbcbf223b5a1f5be6f4378eea1e8757b867e07dceb3803608ab8fa3e9ed899623f12b5b5712c636ba7a43f67f975af2e4963531b22b3b6282ac1bd8d92cc56578e355a20714b3cfaa9b41ef41dc76b17f364d717c77fe7f443d70e7a7200d68b4e1217c918d701c4aa287e50eb944fa3abd9acd19b5949f569368f6b217eb12989ca483e3674de02bd416021b5f8f8832b71b2fc62eec3ec938c806f87c3a35018264b98349543a66d8aacd7469af04d2418576b3caf1ce7d775dc6f0a48629d06f2175e030f7cdf82b67cd9d3844e23ac5a21c4304a2cf2e38647e10a700d0b42f6ea8dd72bc0267b35e4a06aecbd6c610c06f04c1cbe5dd9e1a248d3ef0c4eb5b0ddb00fd3ac369395a2bb36a5761863e3d4515a59ea63158d5648f2cfd35df76e540e85d7e47ca4a234f79258462e74e94502a13a4842e0cfa3139443dc954375ff08194badea4c6a11f044886e52506b2a4101c3d0f217419a24b13a83f78a29a7b82043493296d792b46eca97818f81fc3b16d38bbd5151652ba82859fed022a9355224ebdc146ea38297288370ff727e30b49ac8ef36947e702cc233895aedbe5b6de99ca602db44f098849d7b1406e2dfb4bf32ed37ed79ee9fe4c07fadaee724793b315a73f51cccb8f8f6ad246f325761f7f8f40b16b7143fc34cfd4e379aafe368274496c788ecc6d2f1d68e4ccc6c7b1668dc22d26ac57cc25d496ffc9485a88e6c28fc81e2505a1984ec4d7f6b3c5a56691b1a0f5879254b110d671b0dd5f24823af67b6f68b6a8ebe75a8b43d7dc0922e3f2e810d5c0395ae78b54e775af0d02f7e6f29522d12c1e0d7ec6317b37de2d3adcd36c584f4044de4cc60646de05599e5f1878513c58200de11544b526b8f1db317db241c9fcb115aa5089502bffd5c9fda1d056051e488e315bb749a213790cb4d1b7c17fbe82a26445ae35b7b90719c7df9424f6f40674a38cb223cede4b7c61258e227a90462ee0811719b11eb70ef6d40cdf0412adc4fe3c47283cc60d77616c90f3ea69c3a1ea06e88a0fe97dabe17ecda80028aaa87694daa02cbcd66c3825670e52bef398ada09eba312feedf0ec4b9afb8d6cbf5b820454f9bf4dac7e1573694e13e922bc3b3b5e2315fa9b49224173da57b558b3b4dc6844f1f9339dae1e89be55d4b13de2549b5db74e1b18cd34079ace8e18b9d2f86605a49bc137d87b6d0dc5e29179df5ac6fc359db9b9fca3303c7393ea1a5b619e1bed0603b6015d02e6eeb17e68495827dee1bc065da59d9c10e1998641087dd7bb8d47b91b031132b88aecc8eff6a5f377b85a1916b33e515841d9cdbb943581232c87f7a42af89115197db8e9fa69c487090a41a25c13b1a2060d18e9bfe08e3e1f9b9728696370c0dcf2f2343d6eeab15f825d71702f1390a0d7c77dd8f8a6e1dcd9c90ced3ed48585348c5aef493ffb2665dba962f08c299879b92c9cfd9f502717c83851afc05ed82df10149a3cfecc7a55c75fda53511397699cbe527e85a675327cffe41937a128c669ebd8eb42940d1bd2ef62d80edd0b4082cc372415d83d24c7a3d12fb6d5565580885965c656fc986e32b9a01466a74d26607f74f3badbcb48e8a50fbcf64c691926d5fbc49eb19a41e257410820541b6145da1ac0e6de2e4b1a592214f9cdaa9802028d63852f3b425f30891b972e8522732d167c816dd19a4967203ca37450012a95bd625d58d51ad6a0472a7351ad81a6cfc31585d660b2e3695020b5a8e552bd9da552c0ead245a69c4e9193d81755e6f0a7aa7e965171bb749a28656215bc92b338a5d70df9fb5de171687288a8beefe1484e9cb6e3f32826cc51b65b3d8419c5e4a56359bfbaf99bc7f81ff3de2edc9eee984753efe98fffa2b45e3ec4ed62d4c8bf7695b794415ca0681c85f37512cfa8bccbc18d2ecab96cd38488326a63dcf53aafd4042d3fd6bbcc7f1ad4df79bd911d6fb5bf7809987f99bfafe5d6fd0bf638b566f71309a82a3ab3be53104dd92aa4747b4605c33223b07b5a422c9595c3d614c0e55eca7e8d149a142deee2d0c4aaa6e5a7276fd80511ee5d1af665b25ad205c8d2b8068882b10367478891ab929f3877eafa38a71dd4036396a51f11c0f682760133f0f77fabefa66985c086b14c9797c18ede19508aa5c9b1c17cac1d5c8fa2323fa8719b4d4b4cfcdff5d1c29f6f0f2041d39c6db2120ecf73a8a98dcf9f0807b7f6ae95e8c48596ed98d7b24e908cfcadb21ec21ebce7037c0324a35d6eeadba28964daa31aadcb2c8ee8e88e274e9d404f2fe119504ec77f4e7f771778becf56424a72c1e151189949d3731d3c6e75d26cf487a0923dd586e9ec27952a46461cfa54a280745aebba9589270097a2c18c8bc3a951a66869a0e6d4a716e1350abc0d2b62db19f8834b255ae69dfbcf58190d6c858b371c9e4f017a3ac83cf2df29f7280dcbee010e891cbe9a275b30a5e2a23131b5593af24c473bf5659b91c3a08966c45d0cd58f1e2e4ac927bcd14accace4ced8b3cdd56d5653aa1dad964e417c69b65b03f2836c6e69cda995483530ecb32b67118e19f72dd655eb4959b406ffd695c6eadeaeea8da6a1138b14b6aaf945990ed5f06b9742049e5be25c8c9283f8a50700da0e25b53c421f8d0dd412bfcceda4cf1af1396f3d43fd9e50, 9, NULL),
(15, 'id', 0x800000000067173cde97f0c5fa43e4e41f65c9d24ec5f051959615f0d3a6337b05778d60cbbb279118c75e6bbadf5301979cbd202ad8c23329a463b3fe3a98f89f5962ae58cbdbbca42dbfe5ce0838b05e411d667458d4e0f7, 0x800000000067173cde07d055d48126401d72bd24d9166520d6a0a6008a4f98aa8e83899c9910398d4807e5425e3ca70b33d04cd7fa32756581996b5dc659d193b5051eac7bce9cdf5eb47ff7905bbc9a837b7a81c5abf6abe6067eb08fdb0b53848b01914e6d9e7dc39e45af92bc61d3d16e761b4f327b8cb35317fa1754fb2e9aafeb750566ed195c7a5444b0d76a6212278a5f176474f4eb2ca05ca817a1634db9edea6b7440a8d339b03446640052c4f5a08a93089d567af0674772dc7933dfcb23e2816d9bb1d54ee6c6febfa7e70ab14e443efe947a67b8f27475046f93addc8fcf390d39cf7b, 10, NULL),
(16, 'en', 0x800000000067173cde2246ad71f91e7b95c35d39a5fa00de9a91e772039c9975e1a5a341b3fa821b089535ddd05ffc78bbac9ae0b81d4c16095e67769cab7c37b5d6a28928916d78c3c3e722047ab5d561b58cfb20179dfbed, 0x800000000067173cde4f7c3e645fee330df1f5d09f93670ee35108b63a777d63ee053b75a9c03c12e025422bb2ba095981d3a494b48c3494242f963022656068dd181509be629add3e888c34733f5971bb3dd87216a5376997c9dfffd0d0504f58c48377aaecd7984d687a73698e82c4ec2b224f52883a95d627ecf4d13fac9d062d5b1597edad3219a7fbe1e0bc2a260af9acd116b2043b5f2c1d492fb19d17c8e606c0fdea8bd433865d7e7ac954de60a96c0f83fede10a5e6c59bc5b49f1746d36b4cbd2ece816bdd9bb52c79065137544bf6a3c41ca1cd4ffbc534be200f78436e240cf7dea07f, 10, NULL),
(17, 'id', 0x800000000067173cdefbf978aeebb577298e50c248159d446991cdfb8a48d390455de0eb073f415181148dd84d645ca8669107cfe1358952ac05debfaeee4bdd696ea89bdfd6400ae3e79ae8f354b2988b85a060b2d8dbcdbbab2da4659ab3cccc3f0f59cd03540ca5001709e50421be7f0968890096ec99f83bebe81b299282965476974e0d45e6fd9919efbf285793cb84641e43fb18507a, 0x800000000067173cde68b6390c6942bf253f53d86510998e37cd1fe0c535de45fe31bdea279b99b1cd73a112cdb2b04ffd8ee01dbabf00faaa72b1ec7d99fd97e867a77d93a5cb69ef057856dee5b44a170ca2b81278e10557fff7423c326396c08b1c7ed0e3cf101ec38c74ea514d8ecad571b3640b79a564d7c8336e5c6d5433120040930d84faef6862271b2d332bbe79bd0f3434e2bf8423655ca19b2b7cfaf4e4f098f1b83aa4e1afcfcce10ddc90e1343649918b0c4b8fafadc6c329f6da6bfcc66af9eb00c815a5385c39c64df808d152ef7d0b22205666024178da6cf42e8a67e6b3c0d2e7c8203520e5337eb42d3c09be5e00fdf29f734fac9b6c84699e674b98b2d17f076e4545415ef6761a475c3dbf99acfb7e4f679795167d193a4154bec125481d6e106fa04a161488f2daa1da905e767f07f576337df0cd1f6ff80a228f2a714fc41c19984bd99df14ea42f5f00e4f3396d6642cdc8b2536fa2ff64216e793e3886de6c453deb95ce4af69b28df0397169ecf89ba5b59ffbc046b840c53737a6a40ffd4144ccf43642089a43bf41d3998aaebf3bd7545cfb67fefaf8200f48220edab90a0cf178e2656467de651041258603582b8d5bc121219dc550e4bb8e1baa5a215225f0d2b5ae43455f89d2ffd5ba7e819a81c5e5da3324a82a6e39ea4de2885d09a726ae31d688932ce97b9e8a88aeed3903f329bbf7477328307abe35f1d33cefe0f7bd2163c643726806907c57f80d2293d3ce49a7f7c3b98c421f3ec5a031afcddf7c8bddf2e55ba3b60dbc3462367de2de39c83cd899e61674c69510d7f9542332e17eacebf57ca0af6149c4070caa065e5c15bdf5721ebc515380572b13c714e3c5d18f9cb2b4547234f447abacdef1b20ba779e25009fac024bc2f4f08166e69638937e87bc8036628854386f2d66938b34f60b2d02232ac2ef24759126d6578733d0fbd7310a072a91068402cc014d9b047428de1bc1b2f4f4d80fa5868482353402e422d1f8f355fa833e0bdd8910937d793595e8af6e61f7fa2dd4efe3fdfcb317e960d4c893a91ccb15a533bc9259edca5776f39a8c8f0ccfb265b15886731e6b7bdb7f94d47fff2f9983e31a34e877dcdd795ea5a85f5811db9869baaeacfaa868110a56c8ecace84be7ff1c148b9f9869cf33e7d801e3e0b0053b3e4110beb7befbd742fa77740299d82ad0334dccd498eea37382fea63364e2ff9fd2b6239b010d93c0a87f68ec42df31fda11634190cb7d5a1cd4add44989ce466edd8d535306385e3cd01301a5b5d9ba1b30b66fffa8c1aad39a2fa3eb06be5d732ccae2d2e522dac68f316273704546254a07e9d3a468a6f7182201d935131154bd0fdf8a4caa4d348dbb4d1dabea3f93c23b51a694ddefb00eb8347401579048f92dc8cc3cedd585cf9edd0b24ef64f74b9eda40e5cf7754b7622fb75ed86bcaba6fe8fd773a268f923d06cc2fe0c7ec00985b9ff58e57fb13bd0f93f2d50c7201334d013c094378440bf9b13f7d818fd25d2031a43751e6fe8230d7ab12ab89fecaf6dbdc0e3fed48592d34ffe508615c90fc1b6ed6131356beab42b7f4d27b387eb79dda259eb2ecf8fd0b21b08819430413f9fecaadcc3df053c01086e7fabae8ac751938706b8bc5365113e4302e57bb5edf0f5749fcae1a0786b31306e0320454c3e52324c678384fc0fcaf4240b4f75bb86bb869bd1181c6a12ed8cc9a51a6ba50ebead61cec0fd1282c957e78b7deffb71145d402aaeff78379ab1b02d5d41e7954b4ff972927c166d40d13e5db26e677176e246c0730b7022ab8da11a930b65a4dac0aac5053b3b8040bc11b0fd0de7b0af604ad4c8eada88e0a187bcf9470254bddf54cec34caf5570ec9b667a44ff4804d838b1750fe813c639ffcdb68986778fd836c663069d169448ab3b43a3f6d8f40a6c97e6d4db9e906189e4905d8f977dd40ef826324a4b32507375af04c50121a27e679a4661cf4f37ffbb167f90b08a4223ffa92956632e311176fe5dd4da5b933b690c2f4ee5f8152ee2560039a1ef1c609d935683fcdd776104382da71f385ac667de93c6fced05df49c892afa9755ae44cf224bc1ffce75d958f5eac5967c0ce7b72b60594d58ea0299630a0eef529e3405a0c48569dd2132bf787102320e45d359cc87029454ef337d6271b09d76d64401a81f55935cf458f206e0657c7f600b681172d4e1d558f3f76c2cb8f658ad8bcfe9f06f2f2bc313dcecca81cfb7ccfcad1e058d78a0d3b5ffb585b2bbe166149afb308228039368bfda4977e056a87705f1dd28b55d3f0d4000f98545f1fb8e6a1a5067a5cd28f45a9b5854e1c76889bf1b5c6b7b76e7db550f59f1d7fadebf3329fc7f6ad4d2da4051c062031422aaf345a3b112b0006b860d0b53adfddbdb115fd5a89530d6b5a2e1b36628919d7bedb1137162bf64634701720254077633ad170f45535791be02d05359f0d446c5734782b85cf91b694141ddf5ebd08f07a6c24f742d4efd31b18284ff9c0a48c7c48674c03bc1cdb8da62ece9e8e0dc781dd3f81cd86564cc8dc94754a07a28b07311b0076cdfe9114c324b39638836ba1355bb75f1939580cc6d05f8c2e8370b886fead90f4653e60da449e7d879a26e8009e541be5293af31d513a23114adedd88bd7dffd3c18e9b86027a275f2b3c6ea101d4b505f3a82088066938f1a85faca316655de1bb012550e940f0f954a71a49dc269707865dd0283b4abdfd648f886bfa9b5357e706fb09d63d874f4a28eee5aafd1c0381076f7d9a773c3e03c398731c59fc5f256bd1623ae8260e606ff9ceb86cbbf976408f53963086125d27bee1e599d9d8a8909cff26a37bfdf828e58eae0c3a6b696c830e0b03dcad96b9aee4fe1b37cfcf6e5881ef6d34b1abf66227432cc210a0aa4f83efc9d3e4486da759ad86a3a61f93a559b754dfe95e44e29e68fd6f30eabf0d5057c395cb07ad12938d8fdc78852c7c43476111c643d73105cefdc074843f5df1b6fc1bc9e0addbd5e67219c7533a6e1cb7600122829a4f3a1e4e0bfb375338ee6f447210b209c28887a050f9d2fb76cd437f4dfc6fd21e546c09c9a36e529aab8f8e13c43623e13f461b30acc61a0b260cb9fc31f608430d5004c4c15f2e8a5e97c6329af72b6647807314653fd85ded520344a6c69e93af9c51bf5cf518e8c18347a23cd81a91a8b80c4b5b3d7f527524cdd6a105c93d57e2bb9dc601df7a9f9ffe26735469dc105fe6db1201b4ae0b665220e7b26b1308adfaff9689235b82edb362ba9105afe3873064080b68b2e3533c08094507b1eb4e6e094df69e5c042b16059b99e37e107b7454c0e1a96494de62e2bb4218de53eb1bd54b3fadacf6dab04cce62dbbbe1610b5e1388e3f580f8b339bf56edb4997dfaa52535a0b8d7854651b8b910efac7b795da2eca7bd359dbd7a84306c2345fe21af95fee87946c4bc5c543d888a5dea99494c55469e6b18c591894d5537af7ce2a987e11e3e9c4d021dcc4b0d6a02e3c5d82c669654377092f3a6d028c45381a8c2b90ee98634d1f48e099efc442df5df6acab3e04b6700d7e9202dc04e24892a5f2ad6b30932e04fd0c6ad217552037998b6aca3da523e40f417f03c8211d9d9d373626895a318a9de04a61bf748f179844a6c1b8af8900078bab61a27adb7039c0a6cb4497185297a5fc15c29744010acc5a573d23dd8bccf671a41ca0b120bb43c10b626367cec36f2891d76964941672adb14c4448a0d703c3564cdf43f43c98e674d23fe00a6886ccbd9cb61e0719e778ba5c8094348368efb78c22d9083c989e352d31f6328f2107285652917e27a09d826d08d6ad299fe88f8eb7398063b84ee9e54cbf9b9e2bf62af6af61b007d9670a4683e9284253cdd8259e96647f187357adf5fcd780aeb7ffd8e7a8cdddf086467ce3c231dd266e35b6d05c9b308c280fbcdf75b60e43ad7a6374945d85260bf835bc8d393ac5767c24e41863b1697449ac45dc5000e007eec3e7be44565858d8f91c1ce25426f49f493c2264596d934599131f8869b7ec2ed67257063b31181d9035551f2b89f1a8c33c97be62dfc5eba7b03831cb498da0dfc275bd2e47933f4a76832d04dd02a34a830dcd37140c7c735770fabfa69be7bf705b6c5e8ad33c3e0626d133f1e02508dc229d27c89523fe457de63558531f96c20a43701c2ad60620afc82b61aa7dd7c853b3ad252d67b22ae32ea281541ffc65a3f0213ccf8549a3b230e395c9a4b23c64a643e12bf4772bac281bf6c3a06af064b12cbd5931dbdacaef832bf65f879b514de08436014d7c5bce7901ac574e3cca8f72750f10758ed6528bf7126f157ea51a18ab29a15e311282371377125dcbb1b5a46e6166a6394cdb0f5b22ce188cad37c4948cd7e3a53009e2a6c6ce053d0c9f508e58c2a7482b257cc220de28f960d4e276ffbdec98b932af72594be083b0f2dd7c6c345c3684df02b5f851b82dc82134a4769766525b160e0a283022cdb0fd7602ea5bdcbf6f95488862a29f393b728b0ff229eb66bb439494927834926af22625b73134747f6b81658c6d554a9f58d9738915ab623b2d0f658ae04a0ac0b5f99a4b3d9ada8dda1168744498570637abb6cd38e061094609cadc3629377b3b41f8fdca6e3e87abe2faf88698ecb88721b80d3350bb3f9c617acf80b11dc2192735418cbf69977867c06bfeb3d0fda189ef638e566fdbd969e01bafecfecaeebee7e90ee4b41c1c0b63748c88d0b83765f9217bb2f8984ac28c61f5bc535f6c548a30999f096bc9e7c331af26376d3ae8f5aad161b07abb474505abfa131078504dc007ebe73b755494f696908627fe6086d5c025659bf0e4370ef12d2de60f797670467c5d0ef95c89fb38d23ebef6a54b4c4ed5bedc48e8694b16285bfca88a5112923b6177e19849a9f336102f7298c9c2c34de02bb3e1e75bd0992eea95e607b4be8de3ea1014e32e83308349b4bb797d3b056f1cef612972118d9e316f6d2ed8b79ce92e70f842b82c9c8803c6286cb6a9bd3161825d40decb7d9a9b2d389b22e81b518c81b6c2c6aff0b7884ce3c0d6bceafffc4b487113b3b5b1efca687d53621fe4fb1b6289da70810a9047edabbc915a4a05cbf3aafd53ed4ca8c7c56543882077f64cfd3cd304effca9b4db02145f4a603203ef3c5353d2420333e916b011f8c3ac35f7cafd129487e0643a89902ce74c59d9c51da9d45bbea1fdcf3989caa9c8952c4dc76a0921ef0054a3d5e294d81cd74389d52e478a3f181e98c6de75f2ec1a5cb6aaaca66988e80cdc77e12c95b97dcebe18c7713502b34bdd152bf2ee234d9dc4886c96d8b55f4107b2a69370d47e9a092c0572eb7ae3f1bfd41250e92a8bae7d137435ab50583c8dde5b5767365f37dc20840377ff848a6e4b203d0780c9176fd535a96e4ba4944bf9716e28348d28a4f4a66a1ed3447d3170e3bd000901e2192aa94853027463b16dee6809abba1eb5581dd5ecc952f4a98005ec90825de7db9a67f994af716091a005c98388a3258c3ebdf32009438452542d76d6854ed12cde6649d1b3f390d141147d9b745b1c65064170d82d50826f29fbe858e844f7085376e9e51df3bf0b50fb92869c4f2f29cf5d0cbad7a953f88ebe4a45672bd3e14b26b2ee3d3b675635211b2a23706ce7b6d927691a7dccbece9f969b1aa79d71671e11c0d770bc0156cd4c976787bb46c8a9dde9741a9303ef0ecae1e098fb7b37389dd2fb1a2960c6d8d3fac45ee9c2e1fe0ca9717f74d28d7220701796cc94533c570058dfa71ed83e28b7f466624378bafc87a02c849161c45793f9bfa008578dacafac7c4e7cd5e0ea54fdce4e67fa0e0ce2b8e4616160de5542ae8cbc8d6aa2b617ef0423bba7da32f1881933287761f95ee56f9d731518f44f089195820d8155f32396a9757cb910b0203c770558b6430f05d332948f6cb43729562431fc1f3a087923d1d7ed5a088ea92e235172744c8efe82aa909c6c6a1582b45ea1d67814bd2023933ac876ede110e635969102bbfdbde5b3cfd9564525e06e8205662bc475b04d6841377fa85e2958e37b09276a3b92c9f97878fac4bbea33e55caae8b2e185ee5df8f21cddd3cf695edd7945b51fd1f53de205d4495771bb79f2e442615a6eaac58e815f6e8806552df68ed04cb9b3d2711b622c544e0f4e8e69888455f8cd9e2991474b00dd0c9c510b5399311ead73de4789573c201da7e01f08aa41cbc702107bba78d4cea02f7af412ea763dd181fb7fcdcca296da5626f56272fc9a2fd603e12b3a659ab6f950ac8b2078363aad1b93d93fdf8e5c8a8b133fdab0777b3d2ea185e5c7d8742489856140a2a9dbb85fc21f4f6f5675b4de030a535eb520544bad2ff31cdddea809e1f85aa07574c870f5e049aa11c72ebb5d7510489880e9395414f2877a91b54ce587a36dce2b3952067a4fdfb6f53b860d1de2ac3f039e9ec8c8850d95805a8839b92756ea36994ff9c8f67f4cdb13376e263a5215ffac9c20c9f36e0d2d7d24db91af36dd4639cb5e27a2d95360b445e5a839cbf1ec748cf5602b1ab6a16ca81d22db855860b3b1366a22a824d1636f9d0ebef6921c3123f5a577e4ce3d9ed93842351419050106b0ed8c02b9e120f741e2f7e622926f7b842a8df5c5c88d9a0766d19ff026b220169faf115f421ece8ffb41c68934025d54886fb9b772e5dd86b5530aec30bb53fe5f995508f3aa289dd0a3247bd632af013a791f2f8c71b0451873ff6f2ca49f6dbb01ab7f4beca303ed4f529b9d45cbc1e516e49e9e0053cfde0f9f4eb3d529355ee747028fca5e197c43f90b5f66b345ea755e21aa7ff37c873a301e37500dac61ac85137f0eea5dcd6201edd4c0ce149041c0def1d256f37d17d80738ba39722f056ffdfe751a59891463d3904da54e5ec34a048927c379b84c250e2bc0ae30f80c8a14a28d932b1a688184e6e74823caad2cc1ad32b669a26c7e5837048315bb9c137f27eacb80ebaaf15bb26d823e57c2b2690dd4146b470af509c8154a9d6f80fcc18e5e465593ce7c2a14c0ed3284dc70a1c1f3a595c2c5206196a066178afde667d07d84a83d17a1165ab3d97a454e3c7b9537eca9e6645212e1df529c8903bc86a546a574ecc9572705eb1b212d9113e13480d79532668aea921655e2ac9b6ba6bbabd8dcef5b3ebf2bbbb1f6443f3fd87a28302ee8dfba23675117390fac997c56830701f38cf657505e1e397eefa2ef1b042c7020bf6fe081b08f59045a318e08fbdb3bb31dd5a351ef16adf4ed1553af2470e9e725b27a19824a26d2d9fc651f60dc4a62b17dfcc40d4f5320e11dee82ace646558402904c0c5b1136c658e72482aed0c62839ffb4028bc162658a2852c0cf089bebc014c24c856d83748d4559cd628aede3444c948117d3d68122fe5245920e24dfbc0ce668285cfceec85c5267e18d4e7f06b7b41c16025f4a2ab86957622268264e2844b6e71ddf1413f2a2cb4ccbcf9b74bf286806636de01e5a4385e315cd2263f2545a5227cf77c59f7e7c1ab557e13c8ec2c5cdb92, 11, NULL),
(18, 'en', 0x800000000067173cde4d87aefaba531ee0639092f6d5d48e3803c078887ce713f1a6d5efd8c1938ca804d0782ff531ffced1a20b69cef341332acca7da196c3d0c4ce18f2356b784167c8980312ad9f97cb336be292df98585b7a40f1786a6d0b6fb33d62b9559bf2ca86eece37e418f45eea56ed82b08c883, 0x800000000067173cde1599cf30312aff9f1b4ff94384ba314c1a3dd9d097cfa4cd5d73b6bb08773dc59799dd723afd77589b4820c0dfee29046d174483e036a83be2294f631683e9c85e52a88db824c9efb96c1c3eab84702c794db8ba417127ae11a58e4b3186549174007eb9e7f4b729c65fd58a7a621fd3fd6e8cd19e96eb77fa440481463f585dc3faf544f40a91766b2506961942b8665171c4a1e2a6b24e6af00c9041585860e1f3b5d4360c3abe60fa23477864b0ed69620d6897f0783daace2fc529cd4b100beda6203e9c9567581fcdaaa32b3e02f9e27f6578746f476471a20cdbd3c72d9c2ddc91317ba130be140cd76c6e752f21d6fef433ecd3600f7e766e4725e7252855e48ca3a7d57db8b4bec8b429cdef629899bdf44129171a9837ad6c2610f4a320d9844f84ee8236705c8419a0bdb1a7588a8eb2c5e48fd9d3a97c0cbc528f7254581332c8633a150a8bf8d333e462a45dccefd5b75f67ff51f13b738dbadc3dda52ae5e8135ec99abd0bc24696277b41af38de8a23c99751bb770bbeaaf76d941ee4e50b5adb4c78a4d48d13fd199d9ce1913100f17afa2c354c7c71c11ad0ef6a479d989c58eacfb7195bc22d1814478faeaa3ed4222decf27613dae2eee5c3df6bfc29a2f65eb83388966edbe318ab0fed9d4e5b6c879ab8db1de76628ee166414b0fdac7dc39875001bd7c9268065ea7b777a3c41262b6702dab68224a651d3c9a7303b50484ffe21a762df248960dc972438ec26a022542588d0224034cd49e5af8ea5c6059393381b37921dc08b33cfc0510de58877b1aaa70fbc4b65ab52c5567669e2e32f5c57890fc5c9d271b210c4dfaa56385719b1fd5f94ca5ed07b2d90f7f5a33a634bddd7118fe4583ef8a717eb923d9375a7fc663a96adb6f322ce7ca31976902d2bb051c79f04ce12df15df8eb5023cc5ba727d8260575926a5a5fcf2bc90c2c5d5dda608a93096ac582d3b59d99abcbd89c9c5166dd91a33ea70b6e4c40ac150b314f4f1ba8d9abf1ed8939a9ddc579548da9947c1e5b30c6a378c709e81861da16a896c785a9c272332c37ffd5de95d2b68e9d7c4868ab6bd939f25b5d8d92b3ed7a390ad4fc3cb2039f5ae71123153505b8c19275751eb6946334ec62a09a0fe35518c24c02cf1e9cd93b53b51b7ed0d0a3ae750d4a7379b67d1a4d184f9b2fdb3ea17caefbd351d54d1241e8eca3edc0f50cd18a4984e77b999d187eb796656550ca4a92142ffbe466602fccbd64ac7a2fbd6531b68c6b43b448c0e3555a17de957e94523b8c65963b17d06e0c013a4e61b520a2245e195348acf0641e73007dd6b200ca2edfa928cfdeefb256798465e990d6ec2fbf1869f88cda9710f22f9ac9fe50d1991cfcff726c5ac7a35a7528a14120b6d0bec21a4ffacd285f1677b4cddaa46399daadba30dd15aea872a740ea67b2f2cf9a2d823b2ed93ca6bc2359217cd35bb10154963ff2484c1c8b093f6ff32454bdc836baedadcc55f2a66218b2f90967fecb6dd7925168b6fd49a52569c96b481a0850c1524af7bd9ceb7d38ef55d24281283d7b048e3ec8d727e5ad9b26e93e0f2323a496e58f30363192a921990c3fb5c7b39ed2893d2dea0ea32585a25f6cb7656487f1ff5fe6b53d27b4c6d0193a9dd75d0ab5dc76a3150e155656f556dac0d58750aad33c2bb6cf697c73d39767369fc860f5a2cc8922aba6a6bcd7584c9b47898e3e3c6488df698daf36e6b147e82797905773491e37ae5c1ae7c6d5feaaa10cb426bfa090fc39cbf32f9b96f390b77f0d066a226e6c52d7df04a4e24088ca38370a9f9ba58867ecaecec106dec41cfe9304581f8ebfbbd533a8ff82ac45a066c43b5244992b907554b94a32d99067633adc7239e64f9e354819e01a832355cbecfb0023beb4ec866ecb1241f02efb5dccb6eee8fa22b82dedaadae58415f9c5b65a9112c5896a3ca05bdf89efad31b941c8c61b22734df73591aba9fc0d63cd8c98e2a60659bcc7e77236fa3d52edca83477ab9c1e0693ee84a5834275389b3b45521189d95d72c490729cda75f6702953d789342263a114326a1316ff66a7b8f224c35b6b02e60ecdde28c95053e72a0cae476bdce375d9fbe7e1a1795823b893caa119453ec008c92b62e39cb82b16d2696f277abe1c69e9372aea5bc9c87892acd1b1f64a631d7167fa7bf731bf9c29ad45511670ae71cfd2a58d1e3b910345369fecb7c916dcc1eb8d36c49a1912694d54832f87128467f5067575cd89604ba8b89a611862ac819933f940a730dae160a637b5e01646052fac5266d396201aa5b939e72542a24a305f72db9d819dc318bf4c7e60ca108957ebd984ba46d218262a1bafd1730cbcd202ba1343697a8bd9bf5e313f2ce44696160ff6f15d4b2da65b6b362a8d1724d8fe5927411f3a69ccbaa75969f8716d31d728dd9204a3727f73dff704fab0f4e13816638239b45c99df36195b3af46cb467fb53a18cf3a120b92093093a6ffb59eedcd18fd391fa3098fbc4537b255dfbb7a0f0e8cb32b19cf15c3c82f58b8f3ce3829df9abbf60ab5470b9fef4e7cf61afa61c0678e6f86d85b41301830e627f990dd9d12c7ca77d19dafacda157b148eba2e3845a5bdff074b0d097bae7cfda7ebf4c1e35ab7be963a5311781f23fa0dca9c05898b75416cf4e1107bcb8641b3dc1e3bfff514b0bef2b5e2d74c2ff656f6be86f47299356e9fb695e8d6a763d1d66e80bd5e6b2ce64c20cffda144cf8ceb97f3af03de1cad4be47950972dca2f6c0e239eb728c7cdf12b168243144ddf6b46ba0c3e168aacb11c140541b1f92b90215235f6ff441ac71de12d78e19cf6e0fe6ab6c8ce3f718191273b26a595313e4620213656a5a1b04f397353fa1bb8b90d356fa9d328776b15dc9e8acfb1c8e14378c427052c6c6778dc35b1dbe471b3f32d162387737a5b60f7fddeaa0051c99ccf740f4132817b303f7227f3da8c35b609a2fc78dca61a62e15d9db4d924d8c2a1ace78da218c821ab2e49c7cfdee690ad794dcd86cb5e99e5ad6e9a620cf1808c18b854336d2624ff5bc40a1fcccf30656719c5ea254a9fcc2842c26b528d287784d7daf9abc84df924866e28cb54c3b29010d17cd63afbe5955d5c7073f43d206fbebbaac981a625d001701d389f9857fb0fb29a83381d4cdbbad9d1ccd5bdf5e11f191ea04a2b58c7d767c0f5d09ed2ef21c4ae1eda10c99d95c5ecb5b8ccf78ce0a22a9b4b37607595c20b7aeb6aa03cc1c4f60bad67cad4936550769925ba89f6c8afca878d1c3042d357748a9f4fefc5aca1a8e9ff49306eae14aca1e66557ef187617a81094b25a35b3060aba882bca5d2269ceb1305276d9b19e6e183fde391ca10e7910eccf984830b07cf101b3f4542e40041d548be8bfe7c72cb2a209946539d8441ba1fc96982d6d6e94f088ec8eb1f89edee56a43dc53f430ad505a7c1518e45827c2c432db587802bdd25b5968fc7e250b03988709ca42d8633feddc2b292281ed4cec24c6157ad1930a231ec48d69b0344492041d3a283a5da0b95da2a3bdb6b6086e4cd2b2476487704e74dacb2f279630c83a5cebee877d5a1c79970cc037ffafadcb8dbef1a954b92c1163c875b2588a72be770067672bcc405086d96e958173d68d0ca252cc693c9a3b32d0fd5578166a44df1ddd48698312d4cbb2d8cd3acbc3f35e7a8a64cab59876e6b4ff0874b8740bb173693ee0d04de4d9fe3b34cbdf6f8159b152ad4b7f24a548a3b8115e125749f512f2a05588969ec63efc297b17215a41e3de016f9d7295272801d0052b9822108bd7f0469031e1a1898d53a14aa3cb1447993fecfc8cf29b8212c7300b795c49838c0a8eaf8bb956744ccfc821653f83500d18bd2187d0b59b4fa57efa1a2ba41a5b554e398a6be710f09ed750d17fa8cc5d30fc1e7767d7b0446be346c7b0d5c36ea10cd50e59686586aa477338f6c63dfdbfc67374e010ea17c6508cb2c0aa45cae1cd2f7286ec93f25dd717e185ad994ea444c2b73f641f85cbf72a1f194449599b0570ff8114443737b033da5866359385f6da9d417fb5920462ffd719665cbf905d91ae5559efa26395207a7327f58d10f0250f9fa4ffc48996bfee1a16d0a41e1022ec4c7fa9605dbb247581b37420faf03d4bbcce710eb0588a09fcbe52056489fa519f7308ab4b769c8257c8061d4344b54c1989428015651bf577a58c3b109d5df63323d3cc7674c92676e272674553486bfe7d01daaf2af016141a2591c7f6f1d540c24a40e364bc7012fbf6f46193c27fd89e8e6add7994933de7e6f8ac16ab45d357d1b50e174ae62be65aac079895ea87c8d9462733282220cb45eccf933608d5b6729c544e15a82829a288e0aec8760e23fff21eb010ae53938a80d34bb2bae218732fd6c10c79d23723e7581ee0dd2784ba37403bf985bb488a06d5c950f4ae624d2712e371fc63ec9eff00129b4bceaf51ff8fca0f0a87aaa8838762e5c7db4bc4f16df1e64f0c96234bdb2f60f98e0ac9fe8ed094717a5fe374d59ee8c74150ffd69ee7a60603ba3feadfce80e06231319013ddd1acc7c8379be70b68bc27b6f47dabffaa113f3d0495010e603c6647d085a6d5278e9dd488c5478d980bf498b1e4de753f7918779755353bccec0d39527bf9ec938db71e225ee615d81c4a01ce86fffe2bfbd1c50487ec9177f9da5644c3fdb421cf14768677a87cdfea515cdc240484c4e650a33f77b3cc59aa5e2ec7339a54b08f2725568b36c49e1942d7c821d6b5d7be08182b4f3c45075d78edf1604ebe413311e5c7c7027213511e60c84388e20de32703b47539a023a63d16126171e40c3da701a0a95606753e0d631687fe2a37b0ce515bf310a64c9c13223155cf6f77612f62acbcfb756b23f0c09cd576f4383f38dc6834eedf7de2fe2a5868c078df740aa8835b4fc579d525658dd8778a3fc4ddc0aa17f2526485a8b877811a28a1afe221ffae39760218f57c84f615c473ae671110ff83de5b3efa17b5f8b126707847ec0362d31f53e9b2a7fce89018a4034d9b563c0b9274a1dbb9c47ac7305d43854043a5b6ca9f75554cad0d10055e38799d0c53159893ebdce96d506782f470bfabfab4d3a4ddb8ed84abc877630e30240b5e5be1d5cad6329d1c288622e2051386e6b7bbe1d95cafb55ecea9c200d0de04566f754e8484c6c1261ac20d223c2788844787ad4f65ea2c297dd82a58ea8b6a0a2b71f5a896064e62d7519f64b89f0cc101d926acbbbbabff929ce2baed44a8e0bb5c3eb0bb2ef9d3c36ca3d7c794e77afd7072ee0a08b2a059f8d84210b1b38468dfa2d5afa8f0575abb76f3abb985a98da1ebcc6a1a41c95e643b92c9199817183e94532414b7d04b86d1c82bd4eeb5f890b464b7dfae9ad6c02eb9dfc761d2bfc7c4ceca5aec70373e5de0d0890a6a0744fee9d934139ee41fc3756b4b3d1d89a88d4cb4e8d788e473a3f4f869cd63ac17e2c8e1bec1fc8e4f57c40ad788f9a195a8f3770887df407ba2eb175f2ac9e730a9c4c4849b3e620fcdfa0c127d5a3db88d68e102fd1d15cf24ed5c43362f2ac0a328d6d2b99093770c19e4e18cfea92d39f51ce2c58d8ada6ac5b71dcf14affc7c15e321d701599fd6a8b120b00c87957c0051466882deb926575047bd4521987165fbd887451d2dc449181630b31a46a009aaff09e0b643267c4b24c09583a10abd8b1111ee1f2c09b49df1e6897dc67170894b1f456fd44ef26476541491799f999a1ba862d2f39754b9f0478939782189b9460924125fcd0859d82831ea84d56758f4b102bfaa5e58eaabb5a87bfce36cc5552a4ed0cef4af47655c1841d81413cdc86575fc28c7ffb7e56239b75e6ec128607c579a677293a2ce93b050311752e817b8a3cd1e2fc80adbdffd25dc59d441de7ec8cdbfc7be3402eb0eac5543dbe873b50b24dbd1ecf536cbe84d4ce25e5e78c375ddfbaa2a072e2316c9049fbd205edfab0703e13b45731a0fcc5ec6e2dc28610a58dfa50c6bd5439829d277ed3e1ccbe0e7a19ecfebaece808a76030bbe823253c53447e9bac47d2117df9b8c515f97103675c4ae89c81a0dbb0f4800c80131f601db5dacecd645463aba78908bacd7ff057f77b326ef9eaa74b1093164cd4ec6f2cc8bcd6864f212d0c3d60cebdc073a9490e8638a95c5dd59725cdd76c82a2261be0e2fb7a5365d426d10d77b41229076bdb722a918e766059c0d2df26d5c1c3d32f699d8743172c5191e6c81759a483a047efdbb62a51880dd6198f20882de2923f4050567d944f41f7de5987739351df1bb0a197113025534ca43949ef6546b5cdeb3fe5b18aaae36949a2825ce905543774fe76ea5b1e1dcb9256f0a2128a9e585a7a8fbc169d13cfac1f6b160532d95f766ea8e2360c95baa66d04062c47be562d1fdada78a9e778bb13215b729693ed2924a5450539e5fedb31ce901cf5d57c4e97f710db51a4e8c2e099767a1f3d6f72341b54cb4f21a770bd5d98095af4a326b8247149bf322ac71e30b86320e7fa3c9e52a0367ff9187f0c146b1bc4d16dbc7455e82550e4817106482c7c828610b8452e8ba2dded51a995e64649a3ec010ef6b14235820d9452fe2a9648d9b29a4676d9b23d8b471a6a4a851477b8131cee95a44a074b5347b622e52e90a4ff874cb707d403cc83d88a8dba6620f651246bb7f4d3ba3af5ad543e8eabfd978892536804ab15a93e955907d16f80eb6f371934bce8adec09b44e25d71dd1aebfd4896eec29079e040400abae03fcb6c29a07a53b682e8a9c467a37696bd43559c60ba886a9744d12cde8dce4bab64b5aab4f198ec4e1a8148e3a7ce331a17a981f210fad34d5f8e985cf0, 11, NULL),
(19, 'id', 0x800000000067173cde870be6e799c2aa743a067fea1ba4a8944ebb2d859419e0922bbb1aa8588ac2de29d2882aac1a4f92dbdf00be55bb83dbaed4d1379534742b3980d13653295408710c43a29acadee8e987e9eeae501a98840b3026cfd5b5623e60ea0f8f000dafb97458e18019aed6cc3dde128e074ed97d378cb44d674795f4ef8d848ad80862, 0x800000000067173cde326903834acb62d0aa7f1e7781bd86191e14b9738a170ecc64daf1d9f127a9c0c60f29fd3db871819f1ceaf30e191c1ccc1e300039d6d64cfb1e7d9174886e30045ba2cd1cf47e0f25efbb5e21544eaee21efb1b03d15e39bfc340676fc6a141e4874cdb3d859f380ddf5d59164ce6ffc3f9d0255d1fa13390542144fdfeab9dde91f5ef9b64f7d9f2eecf08ff7572b4f13fb2021ad8b784960a383f2bc832c947f4679733639899ef87602ca5a2a8f07079eaf6661ccf59867bdb1130271594bba902941b369368dac89664688dd210f351c18cfa29625b56faf2c9939cb068776a934b68f2e5eb76068676d1eaa5efe6f8a0086d6edad7b285029b55a2f76bf14186fb6f9ea505627bb8035e43cb17dd898815e0f7360ab72f11e359f8c4f08b2228d14075768a1e5369740e3917556bc18bb51c4f96f911c4e768c757472c2f96c350083d3cca3c85a27c098d52e165d7171a32dcd93ac627cc257cecfb62d4c30859ed292c51d5964d7d295c61b265458800072f10b41741b0b94a2be41e9f9c3bb6f3bdfb65c9b74017258179c6a70d26266c33964892d8e293694a65cf554f53e4ef1a2bb65e8e3f38dd6d11d2483e622de89f8cf4e384a24c8cfc210ee1e03881822b45fd99e0c5529484dee25b38c89351d0afddac61f887c11d6ff7e51e0f8fb9588e832d4991734c7e797edf18eed5b39397f13b4fabaf1877c4b34c08e58e29eab0ba3af8e130cdde5a1cb1ea5c12c6b96a06e8fa2f466c5f9f13af0b742fefade9368b1784d415c19489d44c9403985d174c5714d721757e7720bca8f018ec7d4347a561ce078809c3b8305b0f52f5630c65aedbc2b96bd49e3af92a5006f56cde10394699cb56e0c5535dd4bdcec1d1e4fc77ad95dece93259e42de2065b63047dfaa31495046a3f388550c78f050c891691544ab556d5f848b4c3c08f04631ceb567a1c643872a874fd5a12a22e07ea3b2a5294b445854fd1bf80ae281f8f80bf368cc5d86c1177eb689766d28270712ef5a7cf8b5382bb1edd0184c66622d7f898f6b16d2af14a41b01f09651fd01911f5847383ca92adcbc22170914870be05cef12838c008b8721f60ea1c8371f6a133aa4ddf6c543d1dc92284bb3e3f382bef187dd0e1d42384fdbbe9b2f5b166aaf2fd90ae62e6ff06952399357e9908627a55a32a6fb3f6d7d9107d58e933191da5b3e2ad1731c3592087c9aaa87a3223200af69e9bda8c2737aa2d8ddebb4dd29b83d07a694fcc237f85b5587acc71bdeecad924b0e24af5d324fd38dd908ba994036cb4991819fb45faaa6f196fc72b9ef6c6b3db48e9f354470f13a40959bca20bc84da820387521e9abbca6a553b119579a6e3d7d8a5abf23d32a0bff30993c3630629f0e5061bcd43aae36efd576f5b88dea1130cc1f4174201ff7d18f1d01e7102b19989a17c7e7231a2dda0fd9e4c568a38da4111462e437741b29894d6427f4b62301d75fe1122acb9eccc0e15ea94face75ee6eabd55151efd2fe7ff4cf92115f41ad369db05884ace3a255649600bc5fa1c71bd33755d76931f2db44f4c087c09e8efc31448fc4323e8dea571da454faaacd484d914c9d715e096f8f7c4ad39aaec9d33b4ef29a2055b5e78f5747888d51e9a5f450369764041638074da9830cb46922514079fd161919e45d977337d606d77cb908b19c39e1de1199c14c07baf314483d1bfa2f52fbe3df12ddf01850ffc5a0c7dcba85dd15ac8a1d02d5176f19428864bd3a9c41169a46cd40b3b96742e7a4b1f8c78d5cb9a77af1f2a51e6d6727d92700026975f7c1ebdaa7eccedf8ea93428619b9b19566aeec5e3f70750d9e8e02bfd49968e35b40547471e032616414694c976c22f98a1c9237d3cd13da59f443e078f670771ea05b0826e3cb68f8a8c7bedc6c02e17bf1b37a5300d579607f76155a76a3128f8331415b8768b38f650c5d32ae448ef01fed1a21080ec2c8187f65040986bf916ac3c82221fba50325708cf230143094990535e2c7cede60c38a50e167cae8d710aa2f6cd8d27448cbe830d070f7c264026d20068277e33217573f9260a8b5ef0031d8b10ced6c9fdbc93aebfeb31f582b72568fac288bad144f4e41910f8c265c426f36550148a02db4bf34a7a7a8bc5715b249caa970d7882172b731bcaff44e0747eb5fd3932349376af9e8a8068f53892c6746fb8056a71f0c2af674240b8900a841e71f5679d0e902bcf6ebb86713bc2f4b4e308e1fe9dce26dc39fe5ea0166b460dda2b43156734e49bfbf3f2c5501ae792fafe6a02e3f4b992c6ee171c461fb7a8f649d1d1a483e067ce38942e39c0fd87e3ae8d3cf6d587554f5e10298551a86f00a6f622f713fd3c73f7e78eb54652f18815d9c6a6dde5b70e4bb93a44a8860178b5139bc0a18db81c47860b0a37b03ad1ed9baae8dd817cbfb8feef9292bd22e2c10e25d7100641dd8508d97f2f387886c7f7993b0e116cdcc6283c15557de7701d3453f38136e511463f2dab619b5995ca52e995d5fefe9c2263afce1514051e4bc64fbb96b5587b3af9224d6872345b30768a30693221e868543812e9e92a878b04faf522d945d9092841c13cd53e718da420bca4c57fc04a161e69887ec59c93c27033067c46d65bd3d8e34987fcad7b529d4aa17b122b1dd1afe93a58d99fb7ae51c56f695fb971b2f6d672cf47f1a0e9182db8298651baf27bf211cb252cf2516af01cd4ce3fb7a52bfee15940fc53f734a43a0c73b83f66c4f3beaa295fa52b613cb506ef6fc9abac7b0c9f19faa54cc8c900465dcc68bd372042ed404285799648771c7a03eb333f149f8df3b0a7220184ddcdc825d1ca7b6e04ce6d32dac4008630b61abc0153184875b61025f6a039ef20eea4fe2f5a417a2d12380e76a8af6ce380252216d57f2761666a01510ea066fba3e7e540aa5068c937e4f722f49c66d617b1ee51fa55a52c5a7f143ca6bc8d02026d836be1687ca59ff5525960bf0534a29eba72c8e03e4a31bd26f0a5e6182c81f8db6c5fd688eccc1a753d617116fe84260d5aaa7ce22d0e55e941082c0867e8ff8032b48f50e5fe880847257c29a795f7a3f37e24c2c118bd5708e41ac52b386a1ff198581fabe8fbeee0298537b63445607e492b318d60a3fd1e8af400d7afef3faad7c97175555c74b331e094e72e5f2a847dd8e2ebdc99177272f6e877a48865566b5766fcdaa2ea1d49e0103cf048e7ae80a43b11a3af51cc94e8aa540d6490cab5a405ce1a2f03e0ee5e09a66fdde7c3dc6853959b7e3282e1f8857e570af1674a922add1070381e4e66f2f54520dc8e1d3ec8865fc0e3d0d47deb7a3c7a7420c559299bd5e8428eea95171e6f677292dee74c5fd8cecab9a90aa6fa3e3b4d4e7242ef0202c770b8ebaf36d6c96c122c760daeb2fdbc493e5597162ce541266a9b7f38eecd67436ae16db13f9877ff2b00f0b960f57537d818460fd5fc26c18cae1ac68f32c188f8dc32c98daed24b7df9ffae9c2d3a1397e26bdda1994abd14a9d5a5fa1b4c20a76cf222c8fc571a52900f819205c31a35e98b1a3c9ddb48628a6322a29a24d0d90d09a59a7e01af59331a230dea90f8d55764381d84e3eea8e0c8a52ebc50d58f610e16478400300a81d233f3bfa6e6c976e0bd7a15b5bf106d29862f6c03857f89b4546b0f24347aac0f1c1a0eeaf3a95aa74bba8df016ceb1f55b1f3701369bb4651d77ef690a8bdb77994fe6c6d291eb579e3cf8f1c4b807f2c1202da97413be61fb52aba2fd73c0cf7aace3bd1bf486fc88f69633da7405b444b69216a3f6c996afc4058deec06d7caf6f851b8defdf3e61009de57d9792821829a0162e0a6f6aad7ff48fbeb2233ddbbc12122ff4e71e98db16845800b00475e988a85bf860078603220c7558ec99154df7e4f6c86346274b403aa94c57bccd939acc6e966b95e92ef1f293a73cdd2360f495b8bcf81e5d223d7ff36839893279afbc054fced2f3b7b95a8bc655e6cae92a80c7809ea264137779d4e130c2f1724711c2648d8bccab9b8b1308bc4deaa8a7277ddb0f57003ed477bbe30c8760081405dd84fe2c56e629819bf4dce263365d1498c6f9a9a96dfb9085e59e08cdd210428d4b0905f8bc1cf13cf056769507e0f8e3c54b4850bf6f6fbc0a394934c02d8ce4bfabf61916a9f5f9fa154c1dcd9354bb00255434356a89ba6d8073ec5664039d1df656c49834a2263d23bd6a60e173656aa7a2dea214fec03ce3fa4c5216cabd4d97f8e466260953a347b37a7150485d54cb13ac4377d10adc1d6580c453a628ac8093203f79d4cbf1b90dcff6d46ff6914b86a418a9aecb12c28e62a0c8808dc550c82a8efb606b89167bc269b97c59a850f5bdecf13e7016e463cf047077a6c496ab310fad4a919f935deb459cb8e2df9587770f615767380f868725d70f322816131c3181d7bab7fe7eacdd41f7cdfb594eb818255aab2a30c3a709366519009254cc525bd3e15f92e590d5d861e042d4981326f8a9dbef622cf95339944fb5fed8bd767c47ec8ca93cbdb8ac264e850694086b455488d2f9185b28551191f36f3ec9ba97c232a2c6e46223557c42d3917d7d3c642a2be8162b606cfc23fe7ba4cef8eba116c7acaeaac49f176390ad873f377c8a18c5f1fe681fcc279e45d8937b92c170e37f7bcaa77d4d3c94a20578d07b0c471db31fdb54befc549f97c01d1e7ce7e3cc8ba3a7465685d8924c64bf635c5c0d7067fd9ce4b5142f677860cf9e552ca8538be77dd4de645d428557f90c5ac68b82c9e724d335cb44f607e4b49e281f31463b9f68bb27f51ef7d6af39a908b852c5eb51f57190b1442482ade7542216292b200c072c08f9ed35397eb64d2f3569c9b2b49f35eb4a724c411440d25d9e806ae3f65603fbdd52e06c7ac5bcdc686dc59d76b0bcdf4c72e4aa235afe06f17217477e75981b789b4d3b5bd41cd93c2acdbaee69fd7ea036d9d2c1d12c39be6e0fffb3cf721e96384728b46e322e40a8e4400e262d1b7b349af4bbd0907ba19be291ee235665eacb5f201acda2a70ffd4c4fb7cb16b3973aac51182a74ce0eb4fc347a6e7ac6a0e71698d1347dea19284e910ab8872007bbeac976d37e27eff91066483f55111a2fb1b2492389b4d478f7cfd8f08167998806ad6ec508ad2f33977b8721e037bd297411956e683ad0f7f8af77c385c127e4dc9c8e1c99ea298e17a5444687a87875a7237d29c19630e27ca6acc57fffe65701b60d6b19247f2fda2f752b9c8a6de83d7bff27a47b89f39c425f2115deca30b1c40015fdf7c75aed383d6de1cd3a8188c9ade5ade3011ff9680f00b6c20ba7b69c82fdd4fa069a636932a43bf34e7d31705f1a2c3247b21cf7edf5ad2feb8ed3193bde7ea5395fa1b94bd16718ed2a09b6951ee1ba645ec6210857b7c7f494941f9d92f77919c8e4671bd291c647a377ed5d893477a7f1b20ad1ceac0f918138e2097f7c15822e651c100fc51cf3a7c7e1fba72ff08163bfccedc83441f6a351e5aad7c54e161d3969c8379dc1a7d57d574fdf63d6e5b9df7a3480e3e389c91f669e1e0b5a4d23c7b34b3936c048e3eb602f0a4c2aff4d84bdb88bba212bc8c80a946cfe144f883b11a01a41cd47c3afb03c3d475fbe3f50391fe4a4ceccb36422cceca5a769c0cc8849647865c7207ca7f311d99025d348afaa168625d181e8aa36d797c584bd6850ffcbb5f75177a9f6d40cc2c0f1688861d77f0bfccaab1ee2092ba5f43dec51e53ba0d317bde72eab2782e3bd7eeff2ab5b79bea82f83bda8d1d4845d40589e429a416a8cb52a5d476e357985fd706142a5e6d33b517b3d134f3982ec53feb31379742e63eeda3d9378661e03953fbe56937105402e72e3ca0c0806010c9922ce73d39abf55cb8fa8acd6cae63f762cbf44f17da7d95061fe6b91377e5738b41a55bcde86de54e86da41bff5e469aafb31f11b52fc88bd292dd54b9f4888df62538518a1a66eb62aa51c83c51379e9852109bc91200bbaac0beeb3d703c195c2cfbc11cd1fdfa91f5df4fc016ef20054334f1db03e073108e878ffb1536e04c00b2bdece74458be4f8091267c96, 12, NULL);
INSERT INTO `frontend_article_translation` (`id`, `language_code`, `title`, `content`, `master_id`, `sub_title`) VALUES
(20, 'en', 0x800000000067173cdeca5bcaefa74e1c3c9fa1a5a6964d6cd1036e4403cc0829b1dcb777d3f246243df44fa0e4eae6b203804f4abef8a16ba6acbe711d78f4beaafb35d168512d6bfb85b7c935f810af85bad30e28803dae89134d576221dd22c269ba81c8b657703207aee2f8cf1ef77edc0f361034db24a08ba54b339d6ce4c7f0586a071a96caa4, 0x800000000067173cde824f22570aa8c3dc548177560c0454bea418dbe40570ab669e36d58fe9d0a29e625c9d1a44175e61bbc47b921c484b6b3f50def5abd3468398078d62b9ee0d4de3afd1f02b4cdd4dc7dcf5b3970548f3ff72274e386d10cee9282294b3e8bd7db28a8da74c7399055ade222dbdf5b6a386e480e2f28d9fdf5ea870a91ed256d7dc67081d3937d2ea3e7a823c4144d6ffd0de75eb84e1eb211b49e2ea89ceb2d6e6d0b1519b41d192b603dc2b692ca6e05e4d9457af8ce5383de4da8151f789286155fc1d9468b1719baa17b665cc01ff9efb23b57fe97eeaf57df58bb67ded28fa9d12a7d3f149ade62f7573705a19d0d3be3b096ba2d404eeb3fa8a3975f3a6dc468b77b9937d8df6a87e5c56bc986c5d4996cc59b22e662dfdb8d072ab7a44377506b46949cf02b6867b11aa09a79fc8b0b4cebee0ef5b195a9cabf50f71a91ebb4fe6b2458f404fd138664cbc81b1b6da9df178d0b51504abe26f45b5ebe7b94c0304a08396c85c7445b20276690e96284aa4cca1021c09ced300340e1e713e903e4bef87c2721e76669b52d1b936db347ea7d3a0f0445026b09eb644b0f354765e7b95b22d8081a8368849bb92cb677052e77691fd156298f5d76fb3274c091c2d4b2e843bcb2badff8364de81e42f26a87a20c719c10f0fb5d5a5f6449dc8f4fd0734e9112ffdb9c603e46ae18deb1f82f19e9050c0a9fb6eef625e5db31793d6e93c3330585772e561810ccc95405c1e6927dfd42a81517bdef1d9ed79b07653c3137ec8137066fa9e3c6fd8bee1ef85f4d86172094d8f7fb870f764bc483ce2a7ea11230eba1473d1d86fc64bf18a1dfb2defeb1f2f5c4fde3f734d7f375a8a4576809f70e372eaf1c30a1591384c3a16dec544090b770b12db4b21147bfa8b42279ee89bbb0510ed197deee39613d726e12994fd7dbda683e6ff103f64fb9bfd9f480249fef0aa59c05773e4609e5cb47daf3c004b5872b17fd0cb1311325f78ddba3a186294eace11358a60d1ae1b4981a77b61067420e57596c04d8133c73b65299c9b85250e066d45c48910540c04fd7bf9bcfe56792f2701dbbd19ef226797d7a959aaf0a97f498f37df43d731872ce853f59dac970258978eed3b2474a21f62f5f3421e2dca3edd4d9d56ebc769b415107f08edaabd6006dba7f236fe4e2eadad208bbaf9551cde26d8ddc214c72298b007d18c27e9e1d1c1b7a517d93b24e8dc6e7905a89065695d90365c743603ed7e0dc8fd1eecfd145daed870485734e9cd83faff94152a3a51c4060dd970701dcefac01c0cbf60d5ee958e83ed2d7f8c57b8096d3a81dbb7c7d711139f15c7b2f4c5b0ac4df0345284f6cb9d764f713f9716330ef74f206f479273f9502548f218b4515f78fbfaac042e7bb53c6c14f556d3438fa288fc8a901dc432f858eaa250a9f4396dded1270e3af1dceb08ac73e6e114ffac4ee69c3b1659e98b83f4fe9f23f4b7edb5dcb49f5b8438130c16c41ddaaf0dbd38be74c6ea011cecd7e376dda59fa37fed9df15537a11f2eff1f0993eaee45f746565220cb793edc32af8cbfb22c4d9a8928cc9b46a1f67c43015845df95a57157713df7599e3a8040acef30a4797099864d63efe9640240076caa4ad658fd4737ca096fa24724c14b41f085cb2b587b0bb78a1741cb622f8914e811aa8a2dac032ce51f40ddc71ed0e470cd357b2c54ad9abe73e82f823ab38d9d85fceecc21e307fead578b94706162cd2a10723efa6cf8e1c9b672edf8eea866a58172a341b243b6b4138c56471b133f5b264601410eae39c8611be0901ea28ee1a1b3e8a79c8814fbc68b36f2f1eb3ff045723ee4fa073c916ddae01a5c2716858e25491d033a6cd8b92cb31bfcedd631702821a31b82e44d2e4276b33f95d8f9505cd458abdaf410276751431785feef804fb8ae94fa554fa82da2c0ebb3c8e456df569b982cb0538486c2977aacebcb261cda08fc4f906a694db2dffd0f805389ad3145e27057b036e05ef1939a76cdc2c079cf0e8e56760079e0473e64b199381cd6aea3292c309548959739647280d7d4f8f827132d9ceba971ea2f1fd0ba71c69c905398c9dd5d5ffa717f112dc613ef68f5e522c9041aac898e82f8f740dfe765e65bdea68f3045da4a31f560796c24f98de187abf8a4abd396c4fb9509f569e599e0f2384b1e8f418fada69a426056c389e608e0c75db80ea9f3cfae6e838841a5bc37a039b8edab9a0760a2f3a9fb26e4b53c6d6ad8da2cf778290200a01e798a711abff228daf09d3ab818dfe8a5a5de97d8be1daaf5e54c67b95e3f4598bf9b82ed8453099814bc2e8cf1cc5198a8fa255741dcf5f9c083f8e5af60f6a0d4d7772b92e49cd7747014ec6f541c20213be52c77bcde7cd6352554ca7649c03a1e340825a72451ea7321fe6b70e71e1fab85aed933b5cdcacff6afc9a893235dba8e78d6f0269e941590208a09837b3c10d2dc55034f5cbc39bb619af238ac858ba57c581694eacaaac350db48a0fdbaf0a3dd47f15cd673d18ba8d593bf599dbe503458f2edf5d70abfc281268a5ae6c075410c2fed17584b2263f6621dd5a874ccc57e4272b646aff669bea0b3b94bccc45c08825b8f14ba7d9fe29a6b856ac018e9573a04b043719b45c13fff092f45503c92f1ad983c086091aee0bb941cfd6063d73cff4fdf2533a909abd5e30533aa7e05c34f2c79bf973f1cead833c283d05ad4d970da2fa133975c2cd01ca3f65543794d05780fc5a3a8b6501ed8440943fbf388f1f2aa59571699b6c0870bd7ff97ebb2e83ed21b9ae58b3c3c0e422819ef24916539454f48edc3c9f1ce1f81fef7d21eaabcf5230c6f4c579e92278c29261518e1eb84207272d651831a64795d52d6e0c68f2a5dcb03fdae05c68854eb1b4e36680dcb2dc0c6c25819dd57fd56ecac005215e1255149297741c779818ee53cbf1bbc42da42521112b8f594cd42d76042ac2a40d1845b0de275c7e5219e56eba7c2caac0ba41980cf52d5a8d69f9d0e5de75490329cf819497adc202cfc37a3cc35cb56dc1566c16ad8bcdc9363374b36f2ee23fb3238733ce3e3625dc34d1d2dc5ae6e98b869199a9d84d57d2fe6f713a0b617e4ce260c5f65c06dd3bdaf016bd716fc75c215f1a5a4d5613aa36be675690d2b2fcdef555a5218c265aa80a5a4055c2d25fd9b9f6fbfbe632926d2c710f2e70792eebc8666c4a85325d33ee6a0b89a77880b1d2e3540e1914dcfb6513d3d281f362f356cd4b9d2edba7d5b51d53f662a9064fe337e5139e03c7eb58533e162a409f353570bd4ae436a6a1f5ad4bb98f7c23ae43cd761f5c28e85114a87c2426a8b68c1143933759866826b2728fecd07252333550b8b7c6fad7f324aa89405b5728a7df62ee60729e1d2c7ce1bc852a332c8c646400abcf8db04b53397524a49d599b9dac3f5973b2466da493145219745fef8059ccbd4c7220781ecdc50bb6a67a56b101ba8039e2fbb20b5823e7a11f20c9cea02600b6d9289d2388fc7c3d0b408cbaa87f13224cf944a06743428c93654cddde9706ab789c590cbb1c57317096c704ba506bb1fb82e44f42b80f7c6c6c4f3f32e45de10ff94ae605a1664854e9d32351e60bb49ffaddbe8ffb0fc553f747aafeb33b4b21285a903ffb782801022906002db73416da1dd774f9857b418f2e67c42ba6711b46a81a4a57764eb0b54129b69b3f2ac49ca1e3d0cb4f64d50bd9ea84f8c26657ca3be2efbad2676b0f5c5db5a71579f4548e35d13397b782bcc5a1568d1baaba5ec914f56693041c1ec07a4ecbc9e7ef1841c0cd6db4e6cd4d4480201e8b974b653d710a05c2be15b95fd28348021f6dfc39ec02f5af21e0f13e48da929a0bd3a93e7109d9ecf26277831bee85fb101f5f5ec4f1f39af6b8b410a058b3bf20b0b4d62c8ba71615b7d5c6c99f6331256c0360927989578c3d8330b2e2ea30dca516f518614e96cee4a317980faa84188ef9580d0200cb5cf711340ae6c69a1d9433963a8b6aeb7ecc044601bf96fa696c712cd5023f6d9f25b9d47e285c8effdff7e7a9de8d3184055830677b12f50e3e40f957b97a069414947135dd7304eaa58c84df30fb5f353f7e7c74ac7285fc2bc5a6330b5f8c013d93a6118a5faf9ae78161a37b631fd179df904fc3fedcf675d8e9b41c6c8fb7032447655866dca6d989af74d3d23298a2e78a21fae87a494ce637663d14a3eb94a57e0f8d5cad029a824b8de04ecd21b762ed4ef743aab95d94ff96a43c3034d3b6744c68fbcb27601826995445c2f7211c18ee6e21847393cafcccece2445785c956f035235d3a6f7db4e90e7c00f7628e96d3c57c3a0a9c5237d751235970d0c991824119b9096a3d585955027e9b4df9b47348daea152bcc825767d09b140e63084be9112db69f56a23e141afc4abe03e1d17fb643086a093acf8f26b44498fd93ed63889f4a65a5e31a187c616df954cb5c3f6fdab40169e1575b2c51e76fd53b536fc093c08b6a6e73b66322d769ac8adc8807f43554a7f3b4b6b80ee80470921ba8d518ab855faa4191f7fa53ecebfe85478ea559fd979c0566228b4577ebbfa3a451f6efadf439aae3524f26c1979363f5715102930a94992b3570688293c4fe5ef463104f10df6b700cafbed1b223588ec9130be20fc02b456b3de5608b155472a84b080cd65f39e63e7664a407eb8b440f44ccce9ecf8924019dd1759986628c6878b8188c3a63a6b795eb4305ccb3f203da448b78605809991602b6105b0eab487ea76f3c761ac3de9854f99c2eb51c44a203c89a3c1d2e47d7b5b7485067be301914dc9980c59218a833908ae36b12ab6aa23f928e2b8da036c67295b55d99a05a573f3c9dd9b8b26872d34cca1ae0d6fad5c4c6228d3c77bc1b35c5f5f1a5e1104bd2d7ca1cf61909385daf5ff396c3a3e2e63a12d329f84c3c7f8c8b01c76602ef5416bdf9f10ea0658663d239c09ff0e67ccb5a6f505a88e968eb786ec210412185474ad2c98a2c621d4ffa141c8302941b8a5e1a4df41f628a18cb8a20353b4499fa1cae83e62da4acde63759da587e0ae83e82da66fbc7fe3227a47fb1fb9acb6e8fdfdddf1c53a7a3b9ada2719fbcf250091e3d633f8575083def37573f78779c282f295b02ff3465022483b84c3aa18d70c483e5b1575ee8ce082352b39e9c13abcb728f54df722bf81743053a797e95991a56c8b709f1e979e5e459b8a503709b7b628f330dbbf4c7f83e119db6426bd5563b8978a77f16ddb921c3b452e5cddf2e977d7654626b1b1845e8cff582d4dbb87a2b7a788696cd8405a35d4fc21898bbd9ddd1420fc601721cf06aa0287d7a13a36a461789adc2695157b27f9a33fb4bcce4dd98c66b8d296c21fc480379249cffe2d941aac4e3dbcaea962dedf8c60c5ee647bbfc20faa8a5ea80a7918128989f19e5c4ed229897802f2d6ef992c17ee31d025f21b71e7a6d5d26aa97b0a9f6022cee26bb162aaf76a38159f9ca665bc81cb2250c279a1a7202ec1fbaeba02de3b32253001efbd5e867028d15eab9a9695fba8fc2d39bf8add3d75e6c0b008ff886f2c234a5206765fb180297814d1d6921f261332fd51e7aef2540cffa33b730b142abf9fb2d6855f53d4625668ea62c5c73b4e9e99008ab07dea2c268d8d39f1079fba2d842580df7454b834c99ff8c5154ef27eae4586fb6e77c00c97a327acd36c00fb43d7d728699a725c18c505e31a3c89821af6d9429f0725d2472e2ba3cab72f19e6a5b3c9acf9720addad7a6311fdfbd801e5c5c2c76f077e8c07d390e87f6e34c5488620724f40c1fcd3fd6ac31fc49b67b3dfb7b4810b5caca35e667c577dc48f352bd6616f5b3a827c44a4aabe653b0d47dc92efbac7e188efbca13e6494990461b8b708628205411f71c4c6a6ca633d6a52b2655b266cf35d71ce7cd1b407476e5e88db94fdc656fab5e5a4f587f4a5f5abb5957d143ca17750791274f90549ee779289d1bf1f8c830b83cbbd596636aaae36d1dc67a695bf2d32e604940f34a81716aaeebb982f063a4f415a030e71e4ba45a712dccf59be928486ae7d221fe2e29bfe2c6ca02667c584159, 12, NULL),
(21, 'id', 0x800000000067173cdebdfd43514e0585dec6bdf368b7d174ba6de6dcbc964097cd80b956e55e75a1ed777f954307853a5c0fa977ee4b2de2763341fa4761cb2152fb7c704f316e7091774c1343c5de6bc19b6f3a3234baebff, 0x800000000067173cdecdd5d901f74a32f75cd02c9af4c04f36cc350938b3c7b223d0a91a02073d18b7322b2de3dfb2eda4239fc37d6c6535a664a5fa6858c4a2445070c738eaf8dceacfdef44e4aad2a88e72b190a96cf12cdb55bc19bd3d5b3a96d91ba2a8f3e7caba4f611c6d6cdef2ea24117f099fbca9c3aca1f256cb4d5ccc4e4eff8a69ea99b0b41e3db38200892e0b3eba4d3b9e14d9c0bf1cb8b7228ebd07784b0cfd2e510c2e8d64c485d4ec987fdd614c9a12ca86bfac580d621bb060cea5ccf4aad5f540c8124c7201bbe9c4d28121ea7b054adbf8a90c3261be583c54c7f165b65335f, 13, NULL),
(22, 'en', 0x800000000067173cde804136d493e0d5038f77288c73ce1eec0f693ac887303867de264a62ca5a106f3425cd8136c0f35fc8ad1dcb5c67cae5d60b02e8308f5a5c3164a96d9fa8dc120697ece88edd472e83f6ed603c3c5d77, 0x800000000067173cde0dff7da241f40e937192d69b12aea5393d07f98d938b646761f114ae0f2b3b63495448731bc856787ba1048b76378ca9dffad1fc60eb878420a14885f190918194941ad6c2709abafdd150f26f62ab8b7894a3cb5b2a8d0343354e83d58adda3d85d0983def1f726ada9c9d8a4d16f9c27b397557d49431ccac30cc5839ddade5d6b9f3c114b4387bcbc83ec97f171011fed9122ac67e4bbc9bbe0b0467a6888c5310eba1410d411c42fe826b4d37a10d54b1a6bd1ce72be800f2d1b6724bc88e7c970760dc5e081e76677a3431abdf3cfcf2f6afcb6c6c7f8dd46791568c6b8, 13, NULL),
(23, 'id', 0x800000000067173cde486efe564def305c3ff0367f620a7ed8bcfbe7908d75b8212b435b9d8a98c67a3db948b284acaa993c6138a5516c6a24db3ff97f135c11ac75d29a5ea17af9b7434a7f04cbcb03c4d22838ed8b6dd8960eee13d4b3db991729c7c07a895a9386bf73daa651aa293b3970f5e9cc52a8487014f6f04f998de13183c3302d8cf22994fa8d54a842656fbede1c53190f7abf, 0x800000000067173cde75c5c0ba45d0bedc0cc265190441b0cd7619a7f1e2f155ae74408d2bc96b1d2ea66b704f140d8874aa9170d138b097a9c731d4f90bcf9bb57b20e54431673bfe93c281bd6c8d172cf6da4ee8abe607d2114b9168d2b97bde836436a93f91694bd1c7eafc0a2c2dcbd29c0567f7cd43518d115d8ef022643f33fdf0cc2860f8d4c30e6ab0d79fe057af42ab1c9090589833eb15f246a3e4014e429be54ac989c4730a3d23f3ca6b1f4f3a92a1983fc8a4d373cbf2efe664dd6ad123d087614e6adafd69d005116daea0c9d562e5a864aa28d5304b5e010b1c2ae89f4991997f12a94b9427e3f65e710f6c45b96b013351aba217ba9eb5983e7047159d78926216f185e1a214be48f1356042e60e920fdfa25e7e065d1cb6f7317b3335cb32cf4d25e093a2d3dd1b364ba3435517338004b824bf393932fbd23b91630792cc337addbdd2138c7290d7add1dfbaa086f2bb5046688ddc6d5738e92d91d493c9ead6925589407012bd22bf4857076bd69898e5baf891674ac597b5737be4fa7063026c174605418f19c8e96b8fe749b222ea5415165da7df4db465baf81435837a79a9b1ea22aa406adfd920c7951fa7ec308ac9b6bae43eda89a141452201be5d2c5fd69ffbec4c178a5923ae5380bba22f96242cb99d4e060e0d9c8f72de895cd9489b56ddafbc58000d2582b28c660e2fd9d307f7d46104b69a2b40be3545d2fa691a05ceff27474165ebf759e62bec23167a2ad1962b49fc21744b3d8a7c1639b0f24359f5db8215df9fb6cf23619ff71693252b9ffa23e4c88b05e25c7385e71f2064aa19397f69ef5811024e44871a1ecbd59674b466f038694c1340c620bc6200d86cc54144ad8b4441c47bc1ea8219fe522f2a74a5cce1edfe9388475dc077fd5c9e60b0720d8db6c74c91294c0fb64040d0f4a03163ce0c18ff76f35106786607e8962a709efa9c4e497495d4c7d95ba7b4006b200f91681d56a3deb284dbb8c4b3976e92d5c19c8cc6540dd1bb7cf9152a226617c234cf710577960b135aa245e54f478c3fd6d09971dffed35f8236f250f5d24d3a3bdc5f1dad23df9b40864c2da421294e994e2aff81e8f8e3cd611dc7d0a3e5dcff6f30954f44016368f7da2449782be7b901ebd6bf3280f21978cd14be67065b5ab8c4a944a34406568843d6a139a6e7b000c17222572fab7a62b2a756dc651b0a8fdfd57a115957dbf3958861c327f39908491d000307d26e875733de8f453e3062126f5b951b7f22b26894ef7a237af812c147cce9f17e2a09e9c0a9f2d4181ca32de37f2257b25e69edd9231f32891df46f8066fee65422264e7a2922fdd9d4dedac777935b8b812aee9d35eadd016532c183b2c7217d563d2dccb27d61d9c243a0c0cb659efa0356fed407e696c574e37c8a80b285f1130ab5832a52baaa34634184443a244e7a01edd89ae5eeb31215403d32b432a4ec96ce6c9c005d34f88d88fb39ac0b2e70cb638db0cb347f301543b4c2dd5ae5d0b76b3a6a0a222005c9c3dc6a33204c5edfef3ed300043ef6200c0e24688b138714d626a9bb5fcf2a6a9fe66324014764783b82282f027e6e8bd998f6a5c58ffba958cd25f15ae0d02929b6adfdba50054264fc6b7a0ba57e69de49e8a9e8a01b60b6635f46ab2615151ebe71723f9a3349100889eacd5a73c8b8ef7a12a2431b81171be36c4f7ed5fd19973664cdf164637db513721b8d781c6b886aba153f67611a3cfc8407b96cb9bd200716258acd831ea40fcdf162882140db7ef38df24098ef39bf60452f47ff957645a1cdbf72e53e1588f065db0a48a0a811aa125a75c429ef1db97606d89b8f873f9accb4c80956636abe2dbc1aa49a5532d8eab3a9d95b0772741805229e84341f0600f06e6ed70a1e7f6722bdefcead7a09dc537bd40047720ac6777c885f1f228e1f042a61ffea31c8558fdc385cb58dd285b83c5714c08a9da76673e8f235a3f844be56847aa056392eafb63d605545117ef4f6217f0e5a6c7d3f0263a3f7e6dbbd59dfd9331b04ae296c96dc8c0e4a41f6642cb6d3fb5db9bea3eb16f26eb6c4a80f8218cf2136e1bedd4ad50503d2f9f9f19f78564f71ec12c48d0b70bf57ab9ccb15e9d33b43fbb013503571516efa601056e8e2a4497ce099433d1a320fec0a0ef3491af0008d92f31d98c3e6c357cc8810139a6c18a6364307f24bbf67db6523beb9e55095236c275bf97c7996425768ff2a13d59400c495e8a1f15cdaefb835fa0501d9c10eb37877543458a022aca6a5263667750fd6aca573143385353be274989e29cb033e6e95eb33abbd9dfd7ce78a3f4eb8235650b3f8c0c9742621ebac47119ebe9aab7b389dcefe213097fbf30f5ae55274916ba8eb61027cf2d03b0bd5d71ad516b4ca4953e1b372ec2b25ebf4e3fac424d7b0a7f5014f585c0a57572a8ae374dc5c866764e1b990f71c626b59a6166a1062a703345fb65188d7664e685192e08d912a001d9fec3aa66c28c81e7e852238db49294d1467acc0289a76afca4c614390b30c71f67c411fabbc4f05676c29a529e468ea4672543679fdd68f0bb9478ce37d1bdd02726172d3bf9bbd1e04c0e6a2d4f690986aa30c9ef5e93f1766b8108f8462a96a290564822a4b55bf7fc5d656d440b707c1d801e1e2b796f7483f6b283f3010b90157edc6b306785b95c8931564c02e5a2d0f5086a960d7f507a55038d97d5daf59ca2a173112d8926ad7c2cd0ca6ed2fb1668746c416b752ebba7a47045cd801ae611763fd84760a4c4ee9b32ceee927be9ecb3403e4ee98f270bb8f6cd02493a6b8c957670bc399727453048cd26dd0fc2cd5db53bac4523f9c89d90c20912503e09ed77bac798a62654d3d4288e967141ca51ca2852931fe892f650b200c16f8efe5a16178d1e154ce78559b8728211e58b6d7c137ec5e75e4ece46e6a0f51c6b69081bafb0850203e4eea6d9ca4ae27bbb1a52ff05adc090359681677f0285ee8f0740514956e0aa38d4f656d2e5fd8930e8c1430b7c63a4819fdd18d357d08ac3523c66bb5c1e6672bab3410e580896d9adbd5142121a1dea21f2dfbbd9e10883e1e9dfe57e49a7a336df7229447316986262ba2a4a5e51707366b00f27021956c63520ac4d72e3671c3a8cf9c20a789bdc9280269f74eb35803f0dbcc378182b18437f30d31bd354549b60dbb6b8ae8e9dd089429e5420f68010670a110a176650e52996d925b4b8e043fa7e10a337212587eca3d41f3a063218a6f199ce402f9b43f7119b0b457ea0f73876c62e5a151797274cf18e15d4d90e41db6e931034e233a0841d99a377553eabea06c4dfc15aef6079731435b10c6d6f6748bc908077f70daf16d6af6c5da6cb4e6cece86ef3488e378aaebc2e56bdadfc5897150b382a68c4b1ae491306e6979d727d93d04bb9acb27d015c4d7e4d0db76232898a82f7a8f220dde06e494da48997b43651c9f2610dae399ebe024ea261d08ef417674804241ceefe95f8d685ebae177d4ae3131d3cd6cd21219ab8209edbd0516a656dbdf6a1c3ae19253913b2306ec880a41716a88b08416b8b8d5ea7685ffdf221c522e56350a8948a5af16882c9585fe8721c48b8b4fcda3437b12512461821280369be0913bd238f1c6c46a1b05b01e43e8dc8ee0d24df1bc73ec6a8fd11799a62c4e940dbb1d5a34978b9807ab483f6c3a9fb3132e884b6e273c9dfc0d9afb949539420a2e6a82fb0f9b97a8fca58c31c8fd323743001dc44d818b5719cbfbc4151aedf20212a4621a9fb148825c0bd2f761b05d217f7ffeb80a5276167a6e15aaa7fc13adff21b24e8a2f22c49b3022d1e3b4b241bb0124a88b362177605d322a676952d3508970b936d651d312346238e534e484e9a12c126d1033100a74e463b203f7f64a52f6343de5d5d8dd9f9562117b331151189a18ae49e531647dc74283a5753dab60a99a2ddd25e67c099c11206fb84a7ee9a2b0ebb10be8d44cf5af9d804fad327dfc5b8adddb8604e0011b3c7c04f1a0bbe56d56394bef4343c6eaa6507d124c30794c7d669b83b6b4bd6057342e530b118ebe7123e2d1136ff79c187aeae73fd239c4256ec9cbe10886a78e8dbacd671791e8efc91d75d69914ad0470b6043f4675bf7309bc374f4f4d68f4bac0d1250c76e501c06163a52b15f94af83b09ae1106029c13722f348a14482460dcb5b64282a8ba9b7087c2d166876299d1f31e4fd4a2899a5e5c25026a65a4555b31f7b195279b39a89b5d3bd1f985f8153e8c39db96196ed901bc9e7bf16d88283ecf7c932fd26f7eea843b1dc560b73d43dd381a37345cc2259a19da8266e7194304575863574448c4e6cd5d001ce821fed5e799f632f55a57f38ef042d6f15085e54dcb0e1ecc30597d1616e7bad9e32cd1496ecd199f7f0d9cf676054f5dc8fbad6c576ca33c443cc2bc8bded62d170fbb5380029ebd3ce706cb3ca1b15ec6a4309aaa8f3fad8372786e6d85bd37fdd53059a476b38ce8245cea0d64b222f8720c8db8a03f0e3e6991c599b67aa4bc560d87f72dafa8ce030a3040e3cbde94672c2d845e7c8a67c73cdbd18c24939312054eb292d8a1de01452ae72c4f6f3ebafcd5fdc89ffb694c8d4c447ec53c37f10cca9d203f68192f948838fded372d85333008c326f821cb5378a61004215c90bafc5ec8b1a3deb8e3a8cfb637f584c30d88fc379a7c0e07151b8dcf59f905b6ffbd528eaf8dae34a1620d0640ee5e89dd652c98f2daed03bd5c74380e39d26e96676628bff404c5a767b37185319663cd67635c03c50634fc6be2cc24da6fce64d8bd1b4ea07f6c8adf36ef6443bb0cbd32987988a9527eb140b70d02d108593ced955c77d8a95788625676b8a729401505d5065c3aed425a9df1b833d7fd643d9cfc79b73dfdd655d7cb656b286cd5432d5653caec090026cb77494dedd1daa3b763a6db4d718b6ba1325c1d0bc34d5b79315f23944cca66db5888df240bc0ad14eb101af043fa09e96a2fef40f5a8f11f30192ab34242007e316a7830fa4c7dbf80bbe8d9ffb7647e5dc487800dd9b8058446b25f1c3ecd42cfea1ad94dbae15fd95582b3fe65c4f0e607464722eab146f4085f62f9541f934bd89ec3b02c9593259ca0bc7fbe2cf0c93cf10b8423719dd85533bb8d3fb938731ae8150f8006ccbb0b9544c538da91eacbdb71826fc672ae77ab1065c1700a441e7e371cb95937fecf746d61ab7a5e43a5116429174df525c687c1755332bb8bb7f35302613c668211be9e5f6e8f3310fc4da006c38b5e6c234b400607d317b09596cc7d9f923c00cf1328cb06a5bc1240706e991e69210e109f27052f1ac8fb58d9845d8abda1176c2fd7850a7144c224caab9ff192fe1b96592e9703656c636e6ecf5ec262843b4729790653d44e5e577bfe05f6802814c3af534e84a4968a347aab3ba791403ac69faef5f56475119d2a55697d0ebf978b72b6d973771e5b30df7d7634ea2b01e40d1047d20a43c3a5acffdc2e78f4bdbeb21177e3575400e0b94b68e710f8df0dcb555fddd8016d454f7993e12975615ccb7baca6fafba7ed347afc19e5e78be5c31b7c3310504df08ab5602bb98b1b50fd73890181df34416413ca9f9794db2bb65f8d7eec1e9cd85d8636097afb0e7c3ea42a1cdd2ca58cd03026ae00944951b86da59dd53567ed57abd836ceecdb6b44df4a6f6106d3bc2591b6b1422fd95d698b333f0b462502fd305d0f41f8469e526ba2f3abf264afa105fa0fc80f85d1d25cfa4df550793a0fa8d4c4af46981f91114a6ff1ddd988e6ebaf8847f4aba570ee556b8da2d13713d23fed5a9222da24f9855d9fabf6cfe2355ab4ff09375f312fda63f8ab9394a2f9c74f954ab211bd249a8ea527329ad0182e0b5b19d123aa79f635c64f278e9b56c74a8c7537248784623e3fa205a50a6df1a27ed9321d6ee1d4631520dd66bf075abd6e1ab99cf2e752fb4110036a9ac9afffe630b8563712bdac418afbd76782966a66386f926115f90181e6ef720e8eaabcbe3c7365574be78cd0a84f8382cf5cf5eeef9eeb9832519f71f3180a5450bc6510ec51ee21a7d9753f4073c882616c17c8f664243e4c3366a8ec2c0885cb4b5d7e3b2d43fae07bda7f232ba07b70332ae10e86e9b4edb703b3eaae754cf8a3be0deec87f14b1980febe7883e59c8fefdeabf627daa11fdc1d27e601f661e0d9a7df77a6ec852d088e6d9a58c986733b78aac0c72dcdea4c0faa798700bcf30ca91a14fbf1a1bc1f62203871065d258635e2b9635a20db64c555c97315ca3cefe0951edbebe73bb6e6d230775e0971d973bf50ee63de4e122045743ff9d425d331a2d69027e7b254c1ef15378f4b8b780c7f23a6f9a0c2a284bb78f0603204c3da9683b3c5fe1426077d1dc73877e9638c445dc7d3dd68340770d9272e91483b7f20565ea669ce104231171894afe29d8170d06a500f023d564d9eeaf922126f66ddc6ce698cfeb87138c6e5163a94c0538788168b7e03e1417d4e47511762c62a76bebb85dccd09a6265ae02efb4bd827b3fa18efd401a840362cc097d366ea636740cfd6c86d935bc24eed8e0eb3125097e3ba126250d02eaf567f1a0eb85120317d7829b987c6584fd36eb6d9e52efaf40156651f35769ca0244e7b981c73374cdfb19619c079b39f485c9d912fedca165ba3a3aa788e6cbcc6e9901d6fb901f5638cf0e8c7ddf831f63af59204cabf4a40aabcbe701b43b9b6da980e2111cb24ae0d629dff9a63ec57ffd57a232b388acad451443f420969e0672c699d2d1ab61741b02107a243beeda581b1d2e1df2677af8c2526328ab907657c74efa198c4f5b5ec7c89308fedfaf69379fe2f2b4e32125e2b20f94ca24f041df8292e09ab259b808da9ac28df00a405132859922a7a3551d3c31b652e56f38c25caca4a5485847235fbe8ff31ac7c99365e040ae81933bab8f3e2590bcb2674baf96492ef81ce4ac246bb752b13055cae1eb0dde77ce812c40c641cd341c2a0bb34e6a3e2b078063abe6a362ce217a77043911b6b6b9b6590f2fc596c5b860dfbf9d614da06549dd2f7e68e1fcbde7f4a42e03d037a32fa96981b217e6df197d5d5fe06a2e47e60e984d15bce7ce20c6dc064b2cabb47770e0a3d53b4bf2628f2896645d6ba53965c2db2fe0098b62f334d9444ea248722427c886dbe27a47d229e56f6545687af90c656d5fa36437575519d64b1c146203a8cb307034b5f525f8b9e1ac16397ab50b8de32af04d9c85486c5034018d77985be25bca95bc671d59d56635dddeacaae88e26e82f6c1c10ef27f72b7a6320c7d424898469dab1bc2e74b3d6c8602639b5c49860a54fa53fdb0dc4425d95740d590c25d493f6bc96dc8c83c2679c536e3e2cd1d4a48f7980a187a7a36f71c85c79b1b2c9466cdbcfb5459687314e046be5736f3325c73203a4a746a0150465b69ce0c1022378ce85cb89830d0cbd7de85c9f6bdefbe73730f8b35aa5ef59616a6376401526074635b6d4dd8bc3a4f7343b8a9a7bdc6fc5c6939bb3176793366bf59208966c8d6e, 14, NULL),
(24, 'en', 0x800000000067173cdea6f5a7aea01c12245c21725bc6db792d3c85a99ec9693db6fdd30b91ed3aac33d17821e0b605af39ef7e4db6d8380ba39595a183139a3f1ebfdeb920305e3083e76c925f3b17f888f0b0807c16708ef0f5407aaab86b5c73b66c7724e0515fb6203278da8990e29f390e718231283f49, 0x800000000067173cde3cc688e6eb0bd327525affc30debbf415ca09e8860542d44fcd022e89ac244df988b33b04372c57cbefb11a71ea92fa5551ea966d9d7a0040b0662066a5192b7976b93fdb4af3332594fd1c11742e34faae35490ced30d7f7dfef4c76484a6c0a5db77a4cf17ed68f318aa78d2c529cbb1613e6737cb51735462a8222ab5808e51b79ab961daf2e968da986c6deff9b02a7a4fcb0db21b108331a25d99b487d240f4bd541ba8e03ee6920fc6b652f5e1d6349bc2ec827238fddd49aedfb9664db3bd99fb690961c94d58c24d4b4a55bc7dc6c8165a81cad3bde56f9ad22982710d088fc44619e09606f62bf4925a1be221e1797c6b1e0aa27befa342dbe9da6ec2e11f8d1fe9c722b8364720d1a74ca2b530a94ed78a0cf2636589a2db7ff4cf80b849afae269fd4dd8881eec8c5c755a421a3718d381808d05711b1271664e1b6f3dbce7112607082944e76ca83332260d6e6707a29fd0078ed37ec1382854404298b9d3971c7ec5d4a2d7426295bd492d996c9c85393f6a49c9892f8bc2771bf006445aabcd2f785e2dd77d9a8a19eb02782a1b2d08af3ed252e6855fa5f0a7eac7f8bf93a23fd1d6ffd37980666ba2b46aba24b4f4a20b64d679c09dca0074248c83c117ce0997687acf03688ca534d80ad9452e452c1d00a884f287b6e1fe76bac0bd742dd06766656ebdb5cad6098cfb0c5ea7e85f7da020d23a27b49f6894404d19106c4b0fa91c727c7695ea6c117d496fc38d0b7ae5242ba044229732d8b86aea2515c41153801442c8208ffd9d9926e47ff0df06ead250ff8e2eb8b302b3d9573cf3ec745e69a79aea2e2ba6a4befef1ee4556376afc1f2923622f4b67c985049bcfba66c1e7960124e37b14e84d2b25089fe7bbccb4941818854de67d5a26236a77940f8a2947ac6c22c0a8f9306435f447c2bd1a59474fe624525ed8c3d21cf58fba7589adfca2d2cbcadcc456860773aacdc35d4de3b333499b02927b29c36a5cf7f1cac388617b9d41c5b56a6046d146202874e77dd52e0a8c3cddb8721446dc29c4d317fd76920498999a8d3f1be697450564cc4908f3a712b0e3413c0b5a4bcb31c8bd032670253f83e3d4ba3c42b88829ace6f51ad9d7dc9ed026d6ed3e7f5de774d070ff3fc454adad0db4ef42316e074a4677545b8e15d0e4d16bf95166c5b4531f2e122404db73cf085b4930ff3a3df40f3bad22aace6372bfb458cdd2999405827e902fcca6381f2acc694105babe137aaa099fec977af9c7ad67204bde2f135be4bc5b760ff54dee3ab358c2a436261b80ce4f0362e28bc8cb36c836b585d4059042312dbab344553ff1ad887618b1b5202621ecc364ab9940f33d8f7fb17016b334c3977c935aa2f807f076d2f329f505a03ce1da65021c886dfcc1b0fc921cc40ac8160c83897461483b1b7ae91d905837c8e09ac078c55b931a65d6fad459da61029ca1763b14f07dfd4e6f91845bedfb463ee75a73fc9e6d421d1fceff28e38330504d5078fd8fd9fb8002d466f8844e0923e7d04128f490d0e35d5db14f213eba0633ecb3dc219ea9d4858dd9657c4458b9168a03d0adee36e3c9e8c7fbb5c10cd09f41416ce324b22a54f602d7cf683326b192da141264564e5cdabcd0c7df927976c84c5b4ef88c2c2ecbafced4932817a7890df6320be6ee036e1b215d50750d937fc0cac6a956399089c4812fa508252b75b863d5f0c75e28c324a43986b544e144ab2f57f85e9f1d90fb7e5057d828a116209827e61a3ba64025ecb51efb258d6ccdd645e395b02dfcbe696293cfa3a5e00964c24eaa55fb5e83a19bce1946ce26de1763a92a89dda5364513cdc0c5c3e5b2cb0510e63522332e719ba4c9b7e6414c3608092007d551e0b6b1a3d82e740b08796d2b15095857581e4e4400175c459e1c48fbbc5d732a94e2753bfa2de18bdbbf3e0d1a836318d21b6b9e978681ed4a0cb51a6a7d666da3bf1fdfb47918a0247ee2b14d14ccf177569a4248f5fdbcda2bf76c9c24589575a2ef538417ee24c044bb26ad7c178486165d34331fc81ddf24ad89a86236fda60eb550a09746b87354a7355d11e32dc599a73ad391954262fdfa20b0dc8837a29eadeb770213dbe16cb89e17171a551a5dbaddf17dae9d9c812fef957870e2da8a4cd2fe2cc272a411099dd460ed7a7fa1a564928d5eb6424a873908dc47f7c5a22c06997e2af85c9511c62c3466d39fbe683bd1756f3b12aa888de6c10160561ae705d6bfa3ff777a38ae1b19dba395264e6b6323be19c4ac6599520979c7659362bbc4422ef2206d28212a30ed94e89b4be46805ec7352cf7a89b7521e48e648a58a46783cedfd884f4ca96a8353f0eec494bb7b1f5f089486c1eb3135af3f64af0edbe380de863a1b69d6b374276c54e79e710582259191c5594fbe8cc018328636f3f3f7c8a38b0805e90680a5cf9b13376ce924ce8b2dbb05c696173538e086beabd1574c0a2e69ace191208db2cafb20c0a30e0492313f963bf129d0272a0b31f864daf8c73186585a8717c89fce0580ad79f552aa56c9946d02cd523e42c1d42f67ec58b7fee1df07d03f48949b59934278a61fd128a4aac822ff684433d1c7c2ce58cd69341d9708280a69fe0d3e32c9aead2a58dcd87563373fb29bd08b0104285c15dab1dac2437cfae9ff8241f6161a87d74046f8f6be96968e5afcada4958ebfc604a607e0177512e6eeaca57f4f8b4a7ca5d4a511b5c27255b7593b355c39188a965dd722ed0a936cca89fe61bbe7975e0441fa0c5a864ac4e70658efaf4766b513c546397206740bc388603cc712f99457a989da44bdf57deb6482f60fdc68de844e6fd4e20c9c90f9157e95e2df18e786ff405b4316157549cb37283ce7b55cfbd4f42cf20b84648515990cf918b13a80a2aa756e282a19de5f57a146d159dc35e2bbc1cbd7027d2118949f6d43bfd188495919997143397ebf28624b109bac0fd874e6a022e2e01881b3528eafedf3339b5b1b7602510596a83e9a00683e5698c2583ca17a270d36671d1bcade4f13823253bebd05b83904a6222710b85c9d4404eab42afa5abcd021d250d32c538ba83788ce6ed75f56cdfde6dc6f69c774ae2cdb55b67ba9266542432733b8f4cf67b1146bc2345270372fb08b07beaa0b1dd53676a3b51a73bb38b75e74df29bc68a132b06adc6b5fc482b92717d7433ddd7c2dbd09e2b12e23dfd569aefb7533ab7997ff4350dfb087cb07ac2d186d2bdbf52f652607bc16696ee1970cfdf5d1b42042c41bae71d7d1864eacae0c96506989668f9a9ee05edbd4edaffbff0581db54ca3cb4fabb356c5bc1a28e4e58ccf16d31aef5b7f804b8051a04d3826aa85d9aacc1a5d73a807dc80e7f1826d5670b79dc5eb29a0bc86f93b6f2b0323a14ae50428949985685fa50b5ea9ebc182fe067d099ac5a027c9388c7edfb8540ffcc05b7d5739a9bc0aafe2ceb98ee4378bdecf15d5ef0958f4422a24393b58c78a8c41a00f6a87ded8aece5b4eb3c93dac64f1dd4d2f9574e8925b0eac7ad20b21d96adb5cbb808b8fdf2ef4910ef1fa1dfcbfb377769e5f7740d154b4c69d4a9d4e42ad67516f8640d316a685ffed12884b1939dddb3ab8c3ffc4f8a9a9e581a9c97e4c6909a94236b4b964b6d48b23d96e8786686570264bb8ca24f00c1cd4f063b2ffdb2bdf9eb1cc385be012da9a3577d8ca93f3ebde35e9f24779f31902af8cdf9ee48bb03140d32839d1d6da305d0a7e0e2abfe24dc148c7d0572f901e70651aa9fba4fcbdc555a0ac5756ce08d71bde756cee6a4794e178cf13478bbae9126b38a86a2aa01e4f7a1aed828d7f7cc9eb816be9cea50db0c38a7844d409f14af2fb622b2722c0d017c8edb47f7c4f2c7defe39a5b3862c09a3e3713fd1d7d3c2ea73f75b19d69dfa874c3dceb7cce088bf0a5bb045a63eb8d7aad7d08e7806aac9707cb343e691180b960a66595d49bd8a7c3270582c6027bf2625a6627ab739679a6857e46abc52000282e2e8fadc076759cacc91c4c214223f7d84d18106816d67b0377bed747c7c2f191432b6fb8c2c2aae86ba41783e68eaa706b9cd6700c5d59d6e14bbe32187cd25820bc02bc79c9d5f3229b25b681579d8b4bc68d500f24ba8dd08ca881ff90db9eb145542aed895eb3299002eee5133b0373328f12c96d6b6c6b94a834ee75f7ebd8498cba891a60823c3d3ed39d5989f354bf390ccb2a2f913043ff8f3291c125e82dbb8008edcbe130a2ac6b9ca1237b14a6e98846cecc2eac50aa77c0c2112eca0f9d76280880ab9c6e425b9d2d15d753c3959fcd49dc5f881c13dbdb8b103accf06d61eccba6aeb77eba5ce771c94cad607a552bbfd97bd111c4cd83a1dd923a299ae882c75112f233f034b0f101ea1464d2e803b1ed3faeee1e2db6c5b6a8c74979ed7b0eaf3fe33eac712e98fe435a55ee55ea7dd7b2030ffc23a18ecd7cf0063cb5d4c0f5e9df3048c51dd7653c52f52474f89001cbe28ef97413316b18ab072d5469640631524eb42de93a05f933c3d4c6036bec16ec6b3c40d93626ae8e131c0be745a78a60d2b403cb0577c06483d326c79fb15a42d515bf8f8a9f0e5879cb45726c2d1e90614608817c36ef7e417982b1465eb0cd133464ce61240ab8ca5e799b3f93e57fbbf5619cb671bfd11acd833fbfbff124c6ed26fcbfe72053a7868a71f524e94c141fd39b02e0f280b34f864fbf2c5890912771f0342ff35a7b373d2eee2d6c432874e56697e79a41aee2ef9b597a953e12d3a1f4d47d26938b1aa6e744d1f3853ac42f83ee2dc55cfdaf6e20ba65cc2e8e2a9e1b01e1d3f49a59e9eb1fe677a06f26f00cb51c79abb56a1701b73bf515f1a27d558a14468e1f6c2fa9a15d688a1f6d8088433cb8c091a47fa1cd2a15d7ad05bc85349cf8f5155d0f08239a745a5bd31051b409f2c50367f034999c8f8f4f2aafe99e81f03174ba8e7b15a1970af382a12cc5ce250c11ce9ef31689f021d7f6cb86f029eee726b5f7acbf7d80dbd873d9290e5acd8e20040df74af3bac1817f056d3e3e194405395c74ad754df3cf771f0850ab06b8e61eb9025af6038f54d8396ec5ecb3ba111569966a08be0ce0854658fadc38bd7175313ba5465ab0ee5dc41a974b5336d6c3bd3054a4248c5ca0a52f95e7ed808937df1ab5ed12bface4fbcd3d3c491ff73de7cda2332740b86295cccf6ad6e83c04936a5f0c1171e5ee0134c846c1a36e42f4c6ce9a7e1bf5b1874fbfd70675cd4aa3d9b7516dae92c039ce51b137dc51a955bbeb9b005a5c9d5e3e0626d57cd22f05a0a156fbeebfce0b990e2e54e9aa99374abbbf2ade0b3bc035d071e417032c703ced2dda33505eef7cf3af7b418fe01cc3904ac3b554cb6adc3a4caa4c851bd5d8b8dbccbb22e324dc1869dabdb33b42a9ae2f9dbdf705d3bbd2a218a0f0872e8dfff7e9f260d9262b4aac17a9011bd60ad42b889abd7475b6d7957d4f1f6bdb089dc959f1dab64980aecf092f0e5785b36e3d778311daf5621c4a545bdfb6cf51de5cb5e3514f108e1f61694ea73991d17284ea469c1cde0d1d2f19cf60665867b3da877e955e74edbe816841643f94eb35880b875d16716573b789a80015bcacfeeadcc8ea2c21cce9a330c40f29148d15da508ce4ab9c5bdc439cb4f1660b27f4033c4fee1097bd8c219dbc75d1ab1985b25d9fbcd2e200b88f562e7c468d7c90a131af0c3adf75bc2f271ca3fe746523464549227648005b4fab95f121ae2beb502af82628c32b48f8efe5e5f305edcd69fa1e4cc904caa72134c957bbc61e1068333e2ad41372d040e5a0d25889087b20353180837c8102bcea7c36b967606386299354afcf277734e8e9b59760a8da2bcf5a12c6da8a4abbdc19bd3c620f34c9fbf199db256ea17191eae6d5ca5f2e023af76bd3a7ea614a4042e6b89b5139c268282cf394e43b23b758754ebf7d86acea27d50fd68960935fb2d62464cab9c3ba4598a563b25c9332e6160cfda82afab82964645f8873e76035af6eef1999a90b58a4068f5580c98ea12b0eeb19d0bdcd5b22b0df90220ef2bde99b45fd36c5e0260a34c623ba4cdab9016ecc18df9c4d70b0e5ef2d23622cb9cfae0f2946f1d2f6256db57ad03cd63d3dcf5fee6f9c537347be63a01d77ee067f98ab25eafeda98c838b4fcf6f8c6d124b4a2234025850835b5089acbed0875280fcfea77026936cf234b59ca91d2f96d80a5d049c9681b7d2e5bedd6af3c2bc7e2744e5bdea45809da3539e426d60538210d9814dd6ae7a7ba1a062e83ae110d04fbb9cdfc7ad9822c9d63bd9a8ca48787377a1cbbfbcbb5802879d2ed337a7eea6a58b5dd4e855a360ba4db46d994f86dcaf89da623392b7b1211e3541028b3b0a102a991664a0051d28ef18b25e92164832ac4a4da81027b9105b6d9572f17a8e0d35693f365065b7f8c49c51dd472ba0a8bf0555a956ff376ee8b84a785cea89d0b992d130d28797c1acab327e71fdd7126520a290169a57dbd50ae376249b5f36f89062fa13cde09de8bc58a267cbdf73799dd4c07f32fef2fa374227b66bf92d3d821d2d7d2f97a72befb1eb31f208f2afcc8931517299018fed8691202b8749d78e0d09dcbe9250ff37a5cc24fe3f969b21e004e745c4c8652ecbc075da8b964a6f7ce86090dc5c5011f9a92b165f1ce5a8cd0e24cff75d33a93bea7c70e02e2270c1fbea7d1970e705ff1b7a3982a268917fbaf71259bc2fb29814efd4c18ce35916e1fbfe67e7f58070d88e9217749a295821d1093d745f6dba1f69857441db3df0c88cf9ef8b17bd72b74cdb20dbef9bb69434c4c30fe43b5d65ccbcded94de2558cfc70ec94603d85bcd67, 14, NULL),
(25, 'id', 0x800000000067173cdea070773b1dc2f50e9488ffc4aede4004a237b7a450b349ad01521029a088cfcf69fac7071f3b59ad6619aa3332bb931f27f33f58f00fcbaf2f99d95fcce6d116f7dc863fb6a22e507431915e903a8fdea259e7bfae9b022e3fa1a0b5dc84adb0382fefbaf5a5d02dd7cb6717fbbd91df0ec4873e44c5528a616e8d1a49fad0a2, 0x800000000067173cde71f54345f9a3363955b20f275d3fa8a60c3cf92fdd13583020290e3f4a4647a95f08903da8f9cfbbb04ae778a2925d3fd2f07ba86371b2cce6ff591051d2ce8bab237a4af384fbb84463863af963f05c53882042cb5b22166e66693438690abebf1ed6285b7e3b85fe82e8fbf4c7f5426996a4093f1b02d9db73148b0b98fd13bc61018e5ef33c4319205ae19095854342a8bc0ea073d2b22c424da1f669bda0847cc9382ca56104ce7312046057668565bd32bf2bfb134641e63549350f5281604f7713829bdd72c8b3bd2df858462d6b4477782c81984ad12b792bec692d517022f4aad6ce8d5184d861496adb260b37b0779fd4b3be5de71a2da3afa8174b24997a1dca0e2be6ed21e845ea3ae20383aafab77769d3662a45f6b9b3407e2e7388a7d96ddea12a1dfb42e266b429c5260e4fd66a4b069e0983e23ce2b5f7768a2565413ddf8c100dcc74b6ea99d17af91edc043424476b0f39cf3c951046596d05075950d1055e9c6c61a6cffa6b6bae3a6454e92bc61291f32d9dc2fe043d8171b1fcfe2955f0eb3bb9773e4f9430cac27c5bbdf429b8212abdbb387d16c2af08dc6a274c0c859e93890e2a73ddf9a2ad71a4eac39a422d20420efda53bdd72ba30da2086a33623512966607fdf4ecba8592b6ba2420237fe1fc973998a43385c0104c928aa4ce074f598a55fe0d12537cb83284c0838b99b77dfab17a27885d6ec4d6a298ae58f2c80474f186f75c08ea0a85797ccd50d1e72392f883dd64ebc2f7f566f0a33b082f6976a586a505a9ff7bade8a44b45f299c6f62d3fd58734857f55fbeaf49497bc436b681d8f9cc6a24e694311d90a3e8c02771492ad26ff051b64b974606bd7c79be3f08ddd7a57e7d2c1cf0b36588d646d2a9c109ed7993c72cccdde237b048d1fc735029388a3fcc83aeb8e2984e2da6108f8f08b221e913848013cc0c497270ecde18fec3dd3cc102215888cd2c4f4b42066b2bdf1a415f8046d846fd162ab2963a644ddd2254754e6c061bd801c55e68be2664fb61874c33262a055aa888aa9551868bc67e894f95a4a8923f9938658a1948a2d754b5bf7dc6c925f04dc3fb33b0bb586b2148ba145bdcedada2d22ea167d67fe5d70ea3465ecae1a9fc6740e1db0e6163a675d2acd0fc27f7a3c429238989c757f3fad0bf853eeb356ceeedc3d7ab758e37bd683290da79c48040c395c6f169a305ef1364360c65f44ded5bf3715ce038bfce0a105c3f6eeceda9b34a0ab3eb70c1f387beb317bc0234db986a7ee77c96c3d59e3f609e4caaabc5bf4dcd2f16e952decd254b83ce12e86bf2b53c36b5c02335b92bcde79393e01210678f28b523903946f4def93f5acb5b4b70f719dc70e99c607833b2e8def6af4cc6f06d8987ce3306fa8b45c5eb19f40576956372f72ad691ba1b56ba396bfacedfa49cb4aeb3f2acc38fefb86d5db242cce0f4fddcfdf7b65c4f4c01204cdfae302286b2646e9652ce040513a17cb4e8eab684bdcf53038aadbc82cd959afd7c3fcda8366a5103e5d4932159ea9f09479c20e3ee079af9dcf0e5e2d5dc644dc5b6dae77eb5537cda91e9062c5f9fabe17839ddfcdc8983cf7a0bf331cfbe1d4da5b8122d2bc8ae99b30e9209d5855626b68ae33456282bb3b0e55644631a18007d4cdb323a8dfc270caedd7cd65031953fb775f2f1773cb42f8cc1884ea62bfefb160af28ff20c083bd5c15f3688d9901cd777bf212375fb584909a1928de7907b3a8c3e1f8d3307ee668994cf64295fbf1490b56ddcd2bd9f74d5f3b6c71b972c04ea231f4bdf3c68e2dfc763c4c118bd9ef2dec1803e724ebb0fd207e6563e7b4e74e4751e708d2a85cf7c13d2fda311f08ad7c22a7290fe31f3d082b558c5d89a79e21151d67bdeac22b48b25ca8eb8f5cab1f7dabec94d5618c8881f5193c517676d1e3d305e94ad73efce10de6c3e2371cea57524766fcecf741843798b9f539a4274dd817532677e085b2546fd7a7229bc726766b391ec1388a3c6ea3eea5988e12b92417a8669d7a056c1c9bf34b1cc2117d7a2a4ef67f2f69d12dc0f0e1ad37ccd47f03ac610cfd6d18e10ef8edf369cb7118200939b50dc7250bfbcfe32ab77dfd52cc90a1f9da9927bd5f01c71b38cf1f6bfc4886a670739ff9ad6dc5749f91ea2358e465eacea10ebdab9c52982e00c40fc865c7b019db5a4e15f1c764b00ce0a8fb9cb1b822e07c710e04bb1f5c5d7c3db3f852a9f5454976cf7f9a7048ecbb2a3f5aea70cd4da475f5b3c1d1591735c4c619b66002707094d76fdc06d304c1a8c74b53193ea6f600912ad789fc6643a0cec1867f656fc2832dba0712a23c81a8f115c9bace0941cc614c69a8749fbbb8c506f24e3cc04a2c6fd9876aeeae293a632165d96dbffaeb72546e8ee85a2aebafcac85318b02c2035c96ccd905d4402eadff17ecc19eee1ace5ad8ede02cff6c57a478804613e8973447144a436fe0363a94228b60e84d334a80007f0d8cba6472063c4df55d380054aa93652a4975ffb5a57b45fdea5363b5dad29040aaa680d322eb75ae3851c83e79dba78d039b72a341e99ec76bc28e6153671efc1b68252938e052cb05a38d9ce1fb449bd83cd5bf86e4d88c3fc9c07ceb2948e94f5e9ce58fa35e0be5bbd71f8ed9f401e11684e186117bb77a26b517760e6199e506fcf62af09eccf277334bb0eef9cfc62083f62cd742c8e65436c8936a1d3e26a71514376cb2d4aec11c0927b905713206c5c1c8f8f9d7ab85413a0b9e377cdeec22605349fcf419cfb97c8386dd75bb372f3be26370ddaa1d6c57b933a1c6191129a6b09470e2b9fcf9d745318022a1108edf4ddd375a94dc69ba94c60faba6bb4fc4fff2dee90aedd3296c2d83c5002a6d9b49e6bd462ec7b75ef0205df7285057e2c99c140631c644cddc06c361ff4764c91a15426671bfc81dbd9de9b2674988c9852d8e363d8f6123ca23c61ba10c2cfa05e6e0633abca681485f23907bb5207369f206b26c1d122181dd69678b3f7af56d3b31080fc25ba76f52305b52b7131abab71e9eef7504b28ed692b73be257c67ee1cb9feeb7eec9261e693711d940b9be58887e34814cf4a5117d3893a208e510d1ef3fce4d11c968cb709abc8b91254da5ad78671c1a55e4f09679e40f3ee14c4d0ddeadc40a5f27ef9dae2541902d856e85e88ca44b31af14fffb886b554f7182fb9a8ac95c3e1eda8838ea4d1625574959b8e55171db5394a01270a73a51ac16cda13fcc953efdb7a949cfde7e81110efdd8a6fffeedbbc08255959afa7a4da2084466f2aac2c51cc6f435e4ca99d3c6e3023d11ca8fb8173abd9f986291ad5caae8484ca580f8c9158ae1e986709ac05d2bd5407cac6ab2aa463ebc8fd7433885695e81652ec8634dc0d61e718032a93ed5d4feb68e300415d3597eb9fdb494dd8b2d5854c4ca78d602b51823d64029d634d6eff62def5335c27a5f2dca7e13eca10b8371bf53dbaeb45ae7404c91b887ca374d7ce9630a9df2c9a68bfdf540e87cd9948f76e2c6b9b6afed40c3254961471caee66655a4abca1da64f8d95f580866a8716d719fcfaddcedef81efcabeae6747351a38f77848f00998a1619ff51393d73d89afcd454c9319b7a1dc5350a52dfd0ea95bd8957c37bf0eece29c9f83ccac523f7ad284ec570ca16bf40ec16fadc7f83b4d514cb00ff34715371e6a0143939cbf66dbb61ac9864ecf8b2aa0bd7e7a3a4b56974ab8582ff729b4aa12d1cd3d7e5e40e83c4e1dd8063bc17a0e367ceb0dc305e52d2fe958a843429db192be25f2c4581f072e0c3fe8ed9119ff831d978b7404a16c07c9ebcea2d0cb002f3aad9a386996a29c95e611cff3e67192a9644156bd75caf004e0b8170354cce5ca55b2c7192537af2ad64e146e01184f3caaa85fe0245fbc0752f796f70c658cf887de2dcea53c7742838f816207fb5da130d7c95c3634045ae74adf8ea3fc2e7e3489b94ae944388f2f117d76b5e77bd10d0bd5420852b1aa44cdb861fd11407bd86fb0d58669d0db345763e7d35377c6f4bab4a99d149b47b7e0f1bb747018316454d6680dbb8ad5ea5bd69fe1a59d22c39d5dbad8b74df0e7b9cff13e1963a1d243da1d4d693c112e8e7bd086941298a712f39080c8e03dd0b73d607762445089baed0a5a493d62ba8f5eb2a7fcfd3d2317341dcf7b0e7d5718df4e32076727d4c73b27353a60e20ae94ee35243dba03ebf393a7bbfab8e3f3beba3faab604d33381814a2f772478061c7abcd1a7ccaa0119fe3d82daadc54766471cea5d7e5a83f90fcaf2e3f6ea2c6fe76a87e3b906b709ecd8c8ba60ada15757f8b7e18897a9b31dbc32975c5ae3d03d56b6cf0a3a82a1714b92c7f3ee16b3ff7e86d8909dd035ffc7145f42bebd6f5fee0c265d86120901f9b5cec971796dd951d76176f39e7cb7af9912fe9ffaa7e315974f1d73ed48fb701f813d69a79715cb1282ed885ff0253b84decac076c46d5155802d362221bdcd70071bf7be56eaa72cafd05b1285cfd4e29e2e5eace77dc7e00070c42dde76c76cb0f7c291dda42f0243db14d81ac842d5ac630b35c54a98591b89ac623abbc998f0c69d279ca679493de800fc275baa38b321157d1732bbc8066caf5bc458d786a8df382745fbe9223cd2161d01ce538f989b46984a8c047b7c3bbd1afa3b50623194d21c73c5250305f458e40483ee7d317121f0e3cfcda7dd504c83b8c945b164cf9fb4e007eb5d6faf2139499b95d06e34dd09c772fe97642e891416d234393dea47aca0add9e7daedab50dc0d5698ed8c17787b9cac9df03a3a336f5ec584bc73bcd29b7c81943e61c74ee17433bfb61d82260fcd6812e64a461e2b9b5f91b84ba78b4d02cee1c9c7fd387ce0d4a15a71e15ae222ef1a88b5fe24e8aeaa6e857a0fffb6245fcc120eb7529cc718647ea174a2f3297c75db33c8ac65b20c122c657ff8c6c7ea03fe154141429c6f357e4def770910f6a58cb4628912f9bbaa3567fb44f30447353d647c2533b57f083c52c68999f7055a683f4de908cb9e3a244029ad1b7511df8ab3614b16e4105d3fe1d43415a0763ed41c4544c7c0bb6fe55d40fa62b7cf16d150cf36610c8cc8d963303d7465bd98f2da7479d7e75fb0cf5c4da1a8dc62992482cb14afbded7e6a2006a0a5b923131df13c18f46e4926818045e974ac535200582803961d244db84685b708a2b23f701cbea707f39cf56fb7760950dc180856a1548ea14179fea573300abfc2aae57d0922d400f9a0a90e7ed337e51148730bda6f2827b979e4e94999de759619c8be1a3209f6e4346271c466c1e23ab8d46e0eda528e6fed9bbd34e8d9025ef05e1f106a1abcc0c179693b177b5f8c868a932554f6a55d046379aad07e9f598b388a36b4131a2e44627fe9538f90f718ae2db6954758822e007a9b0bc74a1563f91e1392c9e841e3c4d15c9212eae284a3b949c0f54d4a6bc02d397f5c98dfc68f19bc3eb08ae3f299d00057ff0c35b1c91a81601eef07582c2415c8abe9bf6094d4098e8fa5d6678b75a1dab7edce75ca4e5735746887fd4634c4ca274f16cc5a26cbabed70b16e39f29e6e90ccd0f1d863b19d356080dd7bf4b1434fdc71e2dcefe44b7884432c18400d81172d0ceccdac286e1cfaec8bcf95721c00890665ec60381cc166cce6066e4cc065a559a3048d2792431533f0f829ab2ee323a02617afc4346cf3d35d12b0203f192224c7ce52d2cf63370e0ae3e3139d76441e59329aa39c4b6469bf71e47f979ecbc689344ccba40ffdad140a6b50544db1148bc98d3f8509c1c7eddcb804e701d2d9ae3fb465bc990bbcf30000aa726374cb78dd607e66f65d1fcb217c01231b566057317640ebbf5c9a03c55289ceb50c27f51679c6fbf87bdafd722d051bc722a46e4e886a9031b695ec5212c331b426581c0f00409f096fb23acd486af3425d487befce7e71c4b330c9166f82e555df77a4f4bbee6fc5f80c0ad9baf678e44b734a0c64a93272da2adfe704208a69f525df263da6d3d2638e3c1713bfce4618079a2ff682be2fcd16c410d57370fbbc62d11a240294ee1d45b5eaf511d0, 15, NULL),
(26, 'en', 0x800000000067173cde98b977eed9a0900f72ba43492ed3af7ea01cadaeb0e92cc7a193cb1e05c69695defc91892d245d3cb562719116e0a6f139afa1f8b00d31ea0c110dba4c7b20a2fd5b2fc27aa8f256b32001a70e1910c47928038ccb354785999d4d25e5c707ea9f31f88dacf29c6dbbf9cbdbba3a7881636d28615593f4d339219a771a2d965b, 0x800000000067173cde806b8ebffe4983eed3b0b8765b83bcd0df7649d2700a6e4cc463c05216c10b607fb64eed852841f4c01a020cc2a1b327491896c7d2559fb5e38796ee54a97ac631d82587d5872d95c8b3ef37d08ccffe7d2dbf2520fbfc136b7f285d0a5f16e6d3db0713903342a06c80db20a6eda401bab84f0d4db0ddd8743dc5bf4bee91849c698331655c3c1ccdc01e0a88718a0d2f4a2c78af59283b9757d1d074a07862ace9474526b0cd67a2ce53e9f415d708be75b4abd1f16dc2c14091c6b794f4b7872b9c3599992ba126548f1eda13963d48403454aa1b035fda5da71472b3748f6315678f252868f5f86684db64705baafd8078a2189ff314bd11a9dd629c2f2e93d9b5f4e53deabbebffc4867ed642f881c81b93a238b5fe250d2718cfcd971468db909476ffe6c5f52b83d9f8d27d7904d8b6654653614fc3776889f229571971f625ad50cb83f7961b96b0f7cc223752c8d58d6e53c0230cd68be85eb84f57b9a6bd3a1a3efd38eebbd705fefdc909cf56d4576e67d3cc669affd93bf0d045ef2d9ab72f0c22e67e7ae5de0a394228eef4b8c6c783a4ee1a751bb19a7a423201ef6302dd9e3e4ff014399502af87cf900baea4cf806067ff54032a4de0647f222393b09e3530bab598307c86b4e8c0d123d3ca2c2c6ffb1b3f3c613c398f7fbfdc85eb56774625905f7114ea40f2aa0c365d6cc8e0f04fdc4e904e75c2711c5915740338cf54398fd8524572533140f04414094a0bbaca8f9ca15bb3720b47d7fcd55f0bc6d6fc11d71e7579622fc2f2bee5ff358e5ea44af3554cddd57568dc5f0c7d6159dc0111a9f13e411641327d7e3bf6d3a3667c88a606a992cc41cb5b2e9e2a632836cf91d9d8f9333c70b800c5b0973c780207ea6fcecf566d6c1909211931850eb9ce9907c05db32d67843598b2ef700fa7f1278b93a00060e536905ca61c0c35c62bc29a38ab8e43c717a5d1849c920493369b3666ae9c98cb01de05b021442171f9a14969e1f89d29a00706023213b8e7eff2c993d5fa62293500a2f5e9bba8c971b9573edc79ac055e23550fffb703c4267e51d467debbea2cb69e7f8a49278226f282835ed92ac626f3febf87b502954f25c8b9fe0d3d905e079f811eed8e4dd5377a83f8c75f9b13ad65f5dcb13d621dec4c11212d418135d72b81e190fc85adf41593cbee48e7bff7380c99f546110311617d54f92d78076ad794ed8f76e5d78199e8dbfd090c4cf862c8a042c76350efe0b7d97ca1cb27cbb8c014f6bf6a46dde3913b8b9f72ffcf3a1233436d4b61165ffc376c269cb25ad2334fc24ab608adbfb29492c4d4457ed6d4ad9e6b5c8318187e5589c6af82cf66571c4d2ce10bea33dbb253bf7bf4b01eb9ba971af1b0d8f06eae8fb1161f98d9d6ee19fa034368b4f30b8a9396dd5f28943689f9129e75992978702c9c48ad167cdc2854d105f45aaccf1c8da5e36220cd8880765fb0214dcf36f8a21dbc356f35d5d05f702fcdb46c5f6159bb20624faea3334c8d093d15edf24cdbdb413e45efaf62f5c055d4b2fba540525e2f392c574fb7c62001b5ac12ac753568eec1af5b1b56785658166bfccc8d0a79b68352fc42066d8a1b963bbe11ac2f91f494321bee55e2d751a47ced6f0d91329178ea22d9a9b6d50a52a39f0da51c5a3721320f38e581a7c59946b391733e0291ed823e269c0d7f26595033b36afe5fcd6787e8a3933c0d2b5bcbc91c65515c982c4666521b36d4b8d3feccf536546bd8d8aebd80f4732477b0b60da6573e403ad5591e45ec8ba81c5abb04e5db32bd39d53109f277d63fe6f6312300560dfd533de7ae5bc4426a649d3546ddef431e1bab00f62acdbba86c78845189a376d265e1c52dd53f8d8985633f6ba0de76774bdfa71a7d8386443c4d7fe7d166584372348be7a56ee574c9882189cd38e21ded907f8ee8ba477afc8748190e915d2a98169bb07c828a9961c005c9c2cc13cc10299c436caa1ebc9808511f1761b1cc99dc656b9d61e3f5c2031424ba59e458aa3fd01447a4a6811b849059dba3d6969c923f9efc9e9791adacf490842070328001cf2138a89077740713f4959e9881e160fd8697c15ddd43175b355561f52e5bca04b99bcc186969e346396e68acda47a333e3aaf59568de15a5e34d0e0b56c694acb0ae2409006e1ce2150d9705bbd960b13ffe24409b0c3bc10e85681b2704b4acceac38c75f5e870ff74cec5286dd415ce4978d550c5234326778cc5709f7599364975cf4957e95586341c645466a4c09ba245f4eb0d69452037d5434344c33d45f88e1525fd8ce7ddec377b17fc06fd984410fb42a4337f0974d9244efcaa3f356d097c2bf728c01c1f172fee95ffd881467ffd2544a8e57e884e93e36733ab24183f1e3488e93274c0b834afd2fd38152e140d8fc045a29ab1a7f19627a41fa0f9040e474e9dada1b78cae10bd1238d9117e97524aed5acab1b00e98a856cf564daf84444f385fdd1f46df15acd0e206763bc9d67e3bac235aee76ad2b86143266f864e77f1de5cb4415ab0841329330843df794f4d2d57fde4bcf8f3ce34ba68da1d02283c7a5db7227d1969fa5527b8f7e41c316207f5058ca1a8f808cb21d93bc534cba52ecd90c96be5927076ce9ea2b8cd0ed654873a4932fc34c4120728bbdf9fd0d45ad6edffef598d50a8e7ac2b38690397015a29288ef63f53fa5da47ebea7b97acc4e99a56c1d8b61f481d2b3d5a40b91dbcda9c59df59749887dd6465930f4a0117efd5d8be2226d1dd12c4de807534d71745ba5a984d93a7c976203dbe159cccc82d58c4d53eeb022b064d4f75fef734c6e19c21c3e6c6945395d87263955e12822b7d7e8464f31dec82c22beec7ea669f8643490f1a6b37b58cd41c22dd2ff6bca657bc436499b146bf198796707dde2eac868aa4ebc586b5bed5fc544a94012d1568a292e0686d981c839d89072ef83a9faad2e1a824d136fd812c74c8c7340d876273b9d8fbe9bc0b2fb3d49e2483e47b25d5ac6be08ddb0b6108da3ad73276cf7be5a8295d6f950a7ce8bf509ec918fc3534f9f7b6802d986137aad1e66504a0fad6d4606ad65d1af485f4b0d893105f48de16c06a4d2530a8546a2d2e213f77a1d0d4e6574b1ff55821e9bf16100d409fceae8f0411726ed43f246ed5a15e2b4803b96162fc73821a7e150370cb108cf23b01edd85451a079d4f0c7fa93f89c5fd81a69f0ac6c798aac76cee90c25bc98e9f155cbd2876eb0af3ff92852d42c628daf016e9a7676212996796f31eb7f994450f9ca10a4c3737cac2b97aa3181f1070dff1c04996d7a0860fc46cf24d62d066a6602e4556247442d014d81249064d3269db2288579d78c10ecc19ec9ef04e9f99d5172f181d099678b3dd7ea15784a55e50c5139781d5282268886e74af17ce23b31e986ef4b4f6eda0891acc64873373d3f97f303c27fe63655a4164c757f57d3b8dd3a57d5a1e48b5f88bd7a988afd9c1f4d91b9698b7dfffd04600cf22d681b6d10446bb69a22fa6d5f6314cf3c685abb4c153ef1e17b3d05fa59162dfe4fa29b23f918b8ff8f29a8c808aa7ba795eab1de64356867043e4b159d1d336e595dc30f26f2967f35ef08419aa7b7c7b80c3efb849a91dfdd4e76e785122436925d5ec9533e0cc410b653b2ea23527c1c731ebe27bcdc7da02533013f24d75033988e39a0667f8e54dfab5aecad55d92f82d3872b07a4aa2932d9bdc0e77a4a70e69c2003b4632375e347e4a000b945ca4dc8a9137fe0aca561b7bca4f75bb4879faad6364c1f9ab1516623d93320a99d6ea921850e6e84327789a15d0f346c8c648f9a7e2ca9f7a37e121b4a8167137c709e52295046379187fb724a59c0abc9ec225a7eda00419c68d1ee6287b3061880182a6fe332b3676e381687dabc85049248d90248da784fa9cfd2507f7727e5688dd33ad8cc69e17fd21de507f892f9599a97762c25b694e9a5c7364a215c9b2ce574316098b6193e695e84b239b7cb1ed1e22bab64df0316b59aede9631ef75d55d7bab982e4b27730294d781861e53eda35e93628c3e7af27f204f74e4cc2fda6b1336d97c3cad1ac6a087b91afd1e969b29753159f20f48c9765d164b8cf91c612a21a5b1de60f00e6dcdd12f93e748152a1e6a34495cf8d088b06b17c094d80b6d09adbae94d78b8b87009584bd2c3e465694b1dfd0c9f4bc15d0c9bda0f2f8ca985c5ebf12dc141f17d425cc7c90889f18ee1b5c51c9847dedfd0a147dbaeaa5312c7302d5d3519e12f94727241c17c3f085be43812c3aeb5655023c469f60d9d302fb3e9c7ec42899ab4f02b65ec990520926d7ba68759a523e9be55bf7f8fc9898bab04ee6a9544307e7c25c1029b3de0272f42aa3fbb75b8d9f5af70ed18661a76071e688d2dde58e1ebfb6001f4f20cde2d591de99378e944f91adba0f85d6203f2f1ea138f3900fb41a2950c2835baa172570ca559606d173ef40c1c56e3a02032dae1d820b26e385390bca2346151f34c0386607f1de4aa93044f57ee3c2e560c69d120250c7caf205fa1e17896bec56045f0186b2012efd1aab37b5d7f74a7c298846a55d15ab70d827df9e67ab6b9c8a9a85da5c7752095cecd868b6e8ab7cae4d39ba261865721b2d793119771f1b5b7dbc97785680e94aceb7e43049fb53a4e8d2d9209d37fe535ee255435523cdbc3c4ab4b5fe7770842fa112d354a656489d7e3a23eba5e5d2e2db4c907ffbe63cdbc30aea7df4f1c42a68e953c784c5c20c64d36ce78c3bf5fe7c321e5545551d97714d105eee55bf0c857c88b222b89ab5d6597715ddd037e6b27a6ba6ff828787f8834f7476131e5a84ce37a11e0e7e6e4275068119ad4a8eef94a38fa9feded7b453eaad5ac4f9a617a7f1a1f0793068af59748a26083bf9b411750083649092872e653bcafad07d1429a9e3c589f001a9fb8c3318992f5f1bd202e30f510e99abd69b21a6f1586262e6a36785cc26b170b365da471331959c9db546aab10ea64eb3390eb724d84109ff7a499da29f8186b1a0743a7664aa979ec5fbc91246b2d3e2b043a27289968aabef7ac3898644e00f6bef7774cd6bd658cdd08472bc705d11b70402135e61218e1c44e09ec06d8d950d9904117ac8c4910c08cf1ac4ea1bbc70eb1e29937dae1571b97f1efea4f5960f343cf55e154cdaf4c1d602c721a1e7c48a54883b436cb7206f951af321e3d2a8e8145fd69363f2d1785c0a3879b37fb289d1b9102b3ec6fe363372bc7d1c18ccd45c3abfe5f82d21e1e7c17c776aea84dfde11760a11a5ea782e97878f854fa387712a8bc6330c18535362a1d93e395d06f1b279381a0a2e1b1ff2d5595d9ac5003410cc08254caacf7e43eac8cd55179b6d5c0cb5ae9218a088c3ca6b8f21ada70efb58183101ede4690693839ad2b87e3ca7c6fe833046ffacb510e2547a7186287c3c1155ad2d4b453d33b6ef1dbbddf7da40a9811f89f81596e966bbb9c9b147f67ecb051421b8e73ca3c3ff8411d20c82556b6dc415dbabc81d1a3c17014488e6e1314054597dbce33df4e13f40f3c8f1956a8ed316a559842d05710210b1d89119ee60275ffe705ab05daa9bb69b896e09b8bf34e3b20ccad741cc861118dd718817011e857e41960ea2cf175d2300db1fec0f43eeb46d4f08f61e9ac5152e16252d15caa35276d9f0028aba5352dd62062bf14834dda01a6abd96f81acf905ae4305379b3eb98c0f120b05d2ef526c4d20807574a1928dfd7e25d032a70a3bf9069e1ff976ad80308875a7f30286e4724ac33af86e941852a0a952b620652d67b703b5a2f98e4fc5facf97a464fff1398d97e9f8b04de7374cea6182fdef9170fca6229b14714f201f45c6cad5a14339e0df390a833875e63fc74f6eb3f050b7abbff2215bd3d47e7415d5023db720ede355e9624e09433b6518952c93dbcf27deceef3ab1329b42f67b792fcfa67e57097a3bbbc22b6f70ea3ad43e8085e99c875d62db54a731d7ff92df2febc230b1850377bf80690f12f808c06f37954d3ef6f4f40d0557311f040db59fb44a21f5b3ae8e9aec49362a0b496e44e990d22453bc693e, 15, NULL);
INSERT INTO `frontend_article_translation` (`id`, `language_code`, `title`, `content`, `master_id`, `sub_title`) VALUES
(27, 'id', 0x800000000067173cde178aba4b5f3a6f4100bbda0edc6be37d6e6e2b533de4765623a5c67c56b9e54bd7ff916900d0590348ae6f6bb463c92153054ca7ef693a256ef3bda8737067e0992b38045e42c9758462a9be6bc36fc4, 0x800000000067173cde382da00c2d08857d84f06b846004377c744dcd847989d2256a119bd3403996605d8007139af26cc7f1b1ce81bbc73c39bb6e2f1db6c14c80aa179a33ad817360e02df9ef80ffdcf6882c47424ac4fda71d1221572930aec9cc4b4833c129c5ac6b64ad38305a0b1cf578bbc626dfdb0c7bd43a59c87f283f1ef734ae0f432ecdfe013ef814b842f688ac8e730a554a09c64b9e87a99050d7d8934ebf3de745b6cd2f5e490b7e32e5546047f9a71512b07f4b7fcf742c58a2b3e27f61b180ae38b0ce58ab23311cfe7af24ec19e543390ca877f3eb87121a5ff09be2577fbc86f, 16, NULL),
(28, 'en', 0x800000000067173cde65e6153b3e151019f49d3911153aad5f6e4c339547ca23e9a107bb08c512556c0b9b64e7cc52b3bbf06d24da663934154f4de036fa2b73bc99afe202a44f58bd40d8bfcf38cba96063b03a05b3a71f4b, 0x800000000067173cde8adf7b9f87906134a64f4e24c7287beeae5e0647a8b264ead58c07e09336867f0a4f8afabc7148d59b2924407da1d87abc713f303be5948e1518f8c15ff4197370d5460e31dad5b05b824cdd640a8348abbac4a8d84144fed0966879255fa74482f45e4c15ba5218f2a843ccc066b0dac0ee1f9c796b56fa9897a2c62bb6553d761d4c30ad1c9219ca60554b5405cf403725ba37aba058a80b6c92ac52df89092069bc083aa601ac674adfe4d3488f35e77ee92b7108cd9032fb75737bfdebd7aac935d75e751106a85617a3caa78e70a2e5f924013d6ede3d150251e3cab6cb, 16, NULL),
(29, 'id', 0x800000000067173cdef37c53be7a7b2b2db72ee5250a139d3708b7a5c94ede27fcddc357f93cfd2273431d03f88170eb9c5bb95a34f45f722c9ca476668f8502b1867716b00fbbdbf1fa42a5089c069763bc37cc7e906ce3f57578b3d3c967fec433c0f0fe4a36708cb29967f90895f1e5c0cf210cdfa1fa0305eca56575f1e5009894c7f04c3f5d6e83b7157ae58d380ad79d307242f1814e, 0x800000000067173cde029ad0b2328680bff4b9822e19f7a17c8d1fbd625668205a64961caf606acf806d669bc3b8048e9fffaebdc1f09bf05eb17a5009304e7f25effbdae94be77a97864867506006005f82b66eca308828dd2ea122bb9bca1ea8bf46dd6645d285096d70905b1d76f9b93c2b1f779d00c06b5350de3422792b8bef9b87f691ec9480cda24a696d9518754a01fc76fc65d85f7d12a08f7e41f334a24f4d7c7c958ba8d53820c724e83fa319bad49eebb8de32ec3799c841c2fbd2683c2eb79cf85466ad1a73d1a0ba02bf53d3404efcf81ea8f46d77b85348adf861806dbe3d84ccc7b405cada934765df88fce878fa40c76b38ef74f64201fb2fd82e8ff1f08ab27e0ae8f1b4908056eb5cb5de9a77496cface5838a98cb5fe8f93d28819fd095bdcd01f06b95b0b4797366c9314d7b21c5b086f468c246758373f4504742efdb2ead66e495fd4a26fd4e1881e82960c90e170587fbe05af01f6db86f6ae49bd731bff65c2f1815eebf1b3b6ede265f6544a7abfce5f9fd19a733f7f93bc48649a3abcea20c548b9f12a514a798ddfe483117169a0ad7e571692c15d92ca2dc5487ac84a0c64e4258a2c5353c0d4b42be725d8d6dafac39f64c44aa386ebd287cf2fcd4d5445dc4ee145409d989203095b0d1ac785eb1de1d1c3cd6dad9a6e92ff7fe672c9dcaa309a5d7b871a5ef7848770358e76cb2790e8553f404a4115b1aa92b9d7fc00d03e5a3c14baf95938e4cb0ef1043b893bb84c49dd4ea62a12eed889f9c66432c1a7ba04929968fda7bf6596187743c1ebf42d40261a05291eb3c9aa1a83d2c9491ec96198d9aa0b273b9502eb9d8a2fd4525455ecc1fc5f4e21dc41efaadb62bd877277a5f57e6966f9e9c004496e45d30856e17342c4fc7e29a31607e883c0fb0d428cd8bf2100f45800d5495bf4d867aab1a5495d685b6c79b75adcd5bb20f7703567d41bb59317fb113bbcc69d5f8b8a3e2ec0db0d922bf894676e9dc95d1569349716ff319741a4cb9cf6a6cb6e17c0e275369c80249828945cd677038c978c9cc761297b6bb1d46f62acc05d05f02982de5e125ab684bbdf49053f57367c6ffb03bb3830c57b8dd43069eb9987834dbd6e82ba2dcf9657ddb5ca73e98fc7fec904fec880d3cb6dbad715a980e9bd9445d3b701604df2969e189ef59d47e5052c3f980c9c1d1f6d90cc528b3d9ae74d4864ce78783dce3bdfa543caaa2eeda5b48dd2d827427a701a2d2233dd21c1d0df61522703a55007048781c3358b0f6bebcba6889ea95fb95ba744d0c769bf2f510b0fd363337f3f39d1fd4135691bc00cfdf513019fdf30eca8ee4b3d449c54de0a421fe89b6d987517e29819b367125fd856641082177f9b44cd935e91bf9bfca04b93679b2253ec1ed77b4e142556fadc8894eddb51c700584bea5b97b3e6b27ffd26aea269ea7ee5b5ba1e33642af7a378cdf47fdd5f9b25dab6a4f9473b3dffa304e2eb3dffeebe621e4d0349d4fe2829fcc5177e3dfee068aa3417fd02b3d2b904110782777e5989f1e2a6babf9fe2b78da6d840c0b77d51129347bfd6a00a14fad582a471bc5428e0d97587041e5f8124a3ccc9e87fa7edc18ed49c99244cd9c3a13fa6b82b94dcd8101064d712ce9fe7fc1e9aa561c58035b1eb5f113bebd92a1963d481cda568be60d4093eeb0051aec5cb19704c2c5116baeaaf5644e20b0105e422ea07a23fffa56b037d8537c9bf7efb26a0ba9f27555bc268d62c51575ccc72926acfbc6c9ac59fa6514fb5ca452250a67420dd264c036e29f1fb106f2a89c295b89a0fe2bc68714390d84a11c237a505cfd82e847a5255f52b9d1a799cb088c4964abe935d163378f60d50cc8bd6a4dcd41dea54e03414d50a25956aa3393f1f6442c23e4851900977404697d8c4b944fbb9ec3bd8c770362f2248f78351bc85466d67481c3fdc02c1ef7f058583c5012b851ed6609cb8b2e19d4dc1eca6c16fb09f5fd02641f11e825542e1d14a08c1784b9399ecc494184e37f314c0a4c48470e19c46eb430ab5ef5149f77a602eefd13ddd9e367c702a424d546631c4eefefd20c164b552ff9f22de9b640e6023a0dd5288600c0b98f29efbf2805b77687c520fa3e0c4fc5f02bb31c89dbebf96f4e0050e50fc65f9444c2494103bc2e3e55af9ca216a95a0bfa08f98c6dfeb25407d3967ac7f49885ea9d1962dcfe8fed1423a613c18af5480b8cebf21c81348d111d44a637f71256e0aec387ede2b7849510e34dc21910d3eb06f5cbe05034ae17091969cc302838af335a816fcbaedf111a797461e351f7eed01794eceb77a7ac2b1665a612618556f75596dea3d0c8f0313d9836798a1362d621315e2f79e4049563c8714557b7942a949d70dc7f7fb7174906d3be23967dc0c75bbbd1e2dfc1e6477cef3073f18bcb82bbc379f0abbcc9b18f779c7e4e7cbed2dbe13572c52875f9b4d94a15909bedb20a9c45a75a6e3d221609b17d13474d074647228d6a4dd1dcb4b919b7499a3741af69c9d806268b448abd2034e51821da7114104e64db56327f9ce7a400ef076afa3592e39334b641de77f1bf0396951e4f07e1b9107c07a96b1037b9766486b3a4724f77af1cf82500fec740798656431d14bf3231fc2c5b7123540ad7a94880ed17f1a323081a01c3f771b2e1d682f101928dfef8dca783ce94d1b867920bcf3afb41c25b0094d32518bb6935153ba4ddbe6fa47aa6997a7e6556c35e01177d9021f60df1999f4c5ff0026a050d76004f79831f34e3f1de3cc7e5282cddc066168b50cb6f38affab071c0a4b2fd08e9bc65c021ab4ac95b69d07a1b8e9f5a23352c958ab5135682caefc0cac89a21229d0fae8117aa6e490cf8a8a59d8ffb323cb9dc4b9e6f987f812ca302e6d17c0f156749c86fb3a09416d8b5d7bef05aa66c4a6afd40cff603916171d1b9dc36f5816b4f14446451f01b9ccf1334e1b7904596b54b0a93715c34f548c35944254b563bbb5524683941d2ac134a17d8f7d38f424d465797d30927e97669b8cbd5966e634aafc073741400e94a6466f7d63e7d35126a89988ded9b7a44aefbdd0600c78550f993de0d9823847dd0b13261ef80b4d587591631d28b3d78ee867cf2cf808e384973b1e7ef801a657513023d1f60dcbd015f23d44e470626b2d6888c4d10ecd519c096048a82969926d217ad9aa7b4e674182323036f4911c76360a5fac72d6af901b5137b9c847cc8546e9334042ff6fdb80071dd06d8d74e9602397b787078d9e49c9a91957f57c104bdc8809a6bf69b3bf73fd41ac25f48cd1dfe86236836a75b7e5dca88b98bb134eaa8baaba5012dc866e89ff49f25595d0b62a0c24fbb3db18fdae0cca479cf836f987838a8a444d844fb4bbec10f3baea2eab21076406d33381daa7146ff583901dc13bb2d33eae885313bb74307f04a5ecb78e743235ed9af0e896783849283989c425107bc0231338312cbcbb2174b7b60bb584f1a96280e35aa4c106595985348185b6db6450fa30b2a0230c3be7b02c6af6c3e2ee6448fa70df257f485e2b99d157baa5e6ceb73d44e78f0ceba0e45bb631836242314cf2117ae1b5a6d25cfe423f8badf49b702dff64eab9cd8543c674851dbb957659ebe147484b5e594399f45e1f8575da878abc16c78352088eee980a9aa07d57ddfabd8c7f1209c3cf4795f3930d3384784ecabbd5f407d29f21cfdc8b3ab0847c1460905689fc4070c01a89212aae3cfe105ae34beae04a689f95c2d3708ac502a14b45066d2b51248d9d0596b3a7ea39be55366bed1c3d112fcb7ffe7e631ced7201085ea7d9d9cebf99415419ce3fc23ba2af9bc4239ea4922e27ae3943b54db540f2241f2837680d4f0579564fb043465c3d2d5cdf39d68ce581b25e15d26f34e3f1d5a577d4e4d1f54a384897f0a341740233651deddbf3c2b38d211e76eb3c16f40cd20ff1df878ee593aae7139819f8bd5fd5b7fc5ac1e04e728a1c6b137ea0909b62d3ad70fb0fbdc24dfcf1abc1b61b442c9c51dc0e8cc21f916456374b0093e2b78a89bf3773b4b9eeac3047dbdadf8dfe1ad0be61feb447ef91d4ebed809123301c6e9796bf5e563914b007ac13646b901aa8bcc94b300a6fcc39c86c32df8671c64df93f566904f1a88191a5f073d700333832e7d70780364e90b56e491dbf2ce614f2b2694c3682db12e808308277a6a20de3a644592aac80f8b3a6f48e37ad2b067939f96d61431ad895d0210da5260fb7c07fbd80587bb940da0e06e1893f34f37ab3340bb3a9c3255a51acb6ef23b48c3608da3c30739a579c2228fd3f950f08021990cf630baeee820f54c2caf8cf7e6d98ca88a3c58d91a422a70c7534fd1c4b98c25095e0794d5b830a07c304cf9e58387122ff22deee7b8ad1657922a2fd4795fbd80781c136d1bc64f9939a69baea1f15b07ea19651f1d69d27fa0939cb66c24c2cd882e682b0c16ca78962aadf309d9a866dcf7c88b02044139cbff2c640b62d11f64b05201918e6c285eae8f5966b353f7dc113dd34b89112af8b435e4e0b02780c34e27b8e69a93617ecc1da7b89f695ec4338218847aa813f7053ec193745170d916d806013c7188760f17b6c833314b859feb4b5a305db1b99adf11c3dbbeded57160eb49ca4c2598e853deaa23a60f523478a5b24d0c5944b9df098c0719139b60a4bf12f6d695bc97ea0042e87e6b1c160c0e684c4403a1d4a9cd01720971302508d56f49f736f02410afa70253a93aaa113740dbb2ef00dbd3b506eff091924aad5a47ce6700993842af34755588fb2209fa1287611438023d14beb15cb5aecba309034a33388097c3d8e686358738e9e3771023beba930be49ee3eb0fc207420f4a7d2ff86919c0b210723335db01695f27d6d61636d373780c9e1f65cfdd29d386bfdf55b7f0c9bf9ac5b73830e065bb98d34d80b3aaa58f24c3c3f88e5577f2ab6aac4298d2f794075c208e5b7195ea65305a257d1284d9b54458dadff7e7ae31593682000153956626d1a2350715bc76d04140c95cee803b9cc3ac09636f9e8b466ffc8d32470f810438c268b545a8ae1719666472098190438ced1a875e6b00938ac291ba180e1412c27dfbe48a15274658727b6858b878748e30dc414e43c0961ef5b174f715cb732790d77f75b67bb0622f1778b0a7029d6b2464cf5f8dfedcf636547d29e2ee85816edaa0554ae09dbd71433d3d7f3fa1cb80cc35704725ceb0522e12cec0d076b7c6cedaf0b56eddeeb23dee6eafbcaa604a2674be357ca73ba019149dee28f3ab17fd40a73dcddfadb289b0366cff04a3658265193f0196c576e71ad701384312bd34573baba33c152f1dc92a694e46721ee59661fc50f359284fd11b0927720160fa2874c161ffdf7f77056fc18de826bbea89fbb00eeec29757693d09c94fa801ba0b770ddd3b05c63af5eefd8ed70722a71340c571c68074a646e68990934d066c872a874357bf40fa5b4d2923edd5890a1443ef8991c4ed4c84c9b7d38673490c7f19a674285cd2f8d750a0428f690e236784be5cf9023944f93c7dba4513cd91f1dd52c3cd48a62681bdd70f034803e8ec77a1d374fb7c8dd12536d070215232465958ec3a18edb439b40cdff5e532d7648bfc8d96ff09c65725533e48488d38368fc8352e265043f6cbf34a517f1ffd35532dcf94330cca3c2edd496c3071f8d563d0d0813e5074b9f66b5955f4a9233ccf3250e700681a3f598c281c219e14a3891f0924c9b71494f17c6310ab04040f450e84536afad96fd25a387c2d86841f321e54032df2db7868e84c94b795ccfd9d2550fbefd35af809d5eebbd9b7b6ba257ce99f7fb95a00364c512dd34a89071105c36197a0058bd69e76bcc9b27022b71e0c6b30c4be2b472575fba538b25bcdbbdf44bf2a172d72c6d03425c243595b588cd2650fb0245556b9de3228686455e4d8bb52d94ec7fbb447ccaa3bf76c9b53afc9d1b6258b176d3b758c0ee0b8f358d6da4fa199b6c3435178b54084d3f1190073044d3e7d24832786efa08f10ac1ab3d5a88a31d12b28ca5543da5f44d172d89252b8ba927c9a31f5c0f566d42589f8b407ec4e40acefa10004a49a41c30e99ebfe57277d6ffd1bb742bcb62691ee4f26b52896ca06dd03da5bb30cacfc288c725a237d975ef34196b8f9c1c9fef0d38e7b13fde84d8706b117f608af0a81a9bc4c8bfdd1df758d4c3b937fc7f3cf724ef14370385ec43449295689070bc2c6705e49e0ff3b2f41318c39ab07d23180ff7579a91495ffea45234ba2b1152d962a0cc7cc4ac2a76e39a50dd3e32b295bef545733383ff365d92fab50e2511713b2b8fce88c8226060a8b3c7f6938d11c0887844581e6737e3b8e2f6c8db5439d2c3e3017f734356e20150c87af68fcff0920484cff3e53d45a9875b8b84fb6fd6059bccf8fd241bf272c7b8be88bc371029d11d5846b600ef19f9902c03f036ebe276d390a5a0465f186b957349e9c91ba51eb20f7212f4e73fee14226a8ef35d59da515c79eaf05989d3328aeaa8c217616fa1c30785f3db167dba250cbdc6a58bb29003bcbfa93324cf7017d5b14766ff51c393553e16a77c98d94d67a236e92ef79334108ff65fa33de7c9eca1f76bd71f759b7fd1ad087684f4b1602f51ffc75037366f203160468dd498ecacf46eccd313d0b4095bfdd5cb852b407470f425e278132f8fc8035232bc44d3203ffc789ceebba8cefeb82f9a85b267b87c4a71bb05eea6b7e0f556d6ba37c88aa2eea8a9ae7f72b33cd7e83f0253d649029833b409ac7a0461eec2414c4dca9947b3465448e740499a8cdbd079ff6ee37d8d2b021a07143a3fc14b3184a3d8b950113ffaad4f9aeecbba5bf36e01bf87668e1eeb8a8516c51e5ffdc5115dcd11e68d4595392cbff67f97684c965eb70774f8bb4c7a3aafa1ae613a6f4d5d87d273be5b04d92407ee95fa3551afe19b7c278722b0c354dd27865f707fe00b81529f04f004228694d2fd4c08c2d5917b899e62e3047d92bfe7d001025ea68d1c66bc1fe34003dafacd43cbd359af326ca663fefe85e02f6d591bec4f68e1c148adc93bf63f5eb13c91211d2e25f2d1769d979f2191b9130218a5446cd1371f50fb300e312d0939260918a8bc19fba491afef487a748a3832ff0947769da716bc9c91f71b01061e662646cff86ebea4bac0892dde0ff0748c09bbe0d316c193fb804f9d0af9182b581998bc34119bf1e5a726a9a44abda925ac455dc6e9103a863ce79da569d9394a51fa7809d5f55a7c36bdafd8069a5d0884a92de954ddc404bca324a9dfcc2201a37a004e043a555bc735d3bfe242f4bbc80c2b47292dd405b6d164b49c127853667174aa3f6205b8691315ec493556a65473f1c314e29528e3746692e53256fc0b8de3cac001bc290ca611f8a977fda5e20dda215adc43e3f8687bd4ce3219e86a64c583e31803e9c68c87c488f7b75303e6b8ace1252e6e5280e958b6c76b6bdf1655579df43a394b423b35797c0078f4f2850cbca69bfbfe278b18a3af9678219a4e001fe42e0549d2397cdfee, 17, NULL),
(30, 'en', 0x800000000067173cdebe91a8753a2ca6ff821e7b913215eee9de0a20d9d1c53c66bb2fe0d42193d8dc0a335f4f360aac372096a7da9121fb5a2f7aa0ea0cd8e4e5c06bf4a24811945aea28008017ca704e45d9f61da535ee71b22a437355e1b1d963f5e22b74a2099115ca01a07767ea09b612848b2f58f462, 0x800000000067173cdeb36c2b389cd1c54f245a6833a9ad0db632bc6bf856300cff6dfd694e93f35393c1c233193fa28f9648cb5d74fb1643fe6666ee92d2106c460fd261993461cd7c57abf4824447668ad8764ac61220324edda67a5b3a4b2d297e82511fe61f93e4c1ec58b9339a70823afed9255dbee71c2449f984129909475be15027e9002e1a6d2b0bcdddae5b09b1a71b14a841dfa2f750d2394f7f9a7c1a8484d177986ab4bb1b98926ff788962074f82b7a3acc282e6f9c586ef4b7a7945090848f15f8e2389d8ae3eb8fe0404503751fe973bbb0dbafa0890a7c0880fe2d78d1096ca0c256340d6eab655bb5793167f5ef0ea98369bbe8d7ed35d4e348b6763cbaddb9b1e63a54a1770627510e8d6418a5c10eb761591795f44338633cb5d3b802046a505fbbc48a7e6dd9ce92be1b47a15f04da95a54907c1d16f05c8838a7d9d761ed5340f48ce82285704db764b8dc946dc0af4a9b0f0e98f949bc917683959916ce9197c045923e04112a2dad622fed76a75bf286ab5fdfe56baf35b89094395fd988e03d97573e98d81bb82ce40c5956a2d750d91d8bb448cc88d6705ca88caa12a4f6ab1a6567473b38fec656463267be126f5775c666f5ba234109e5e8aaffdd02e2df3f13d7565afa3c86dcff5715a48e8cecf3cc504b5c90591debed60ba11e7e2a50e6fda7c5cbea96fe2c2a5e2a9988f976b0190731be8abcecc89371bbec9fe9298c7ef18835d5acc551c666527646478310c2bde3347baa380cdfb3178f82f894f700bf050166dc71eea2b898c7af8bc20613524e707378876f5fabca197ee055183cf3c415c6489ee8cf9fdab26e355ab770b9ba2175152988aea505f8bf91b63274e77da1a5e9203eca415f8855c947f0ce02079ace4178cd204c74faf7cb83a2270a741a2fae607d40507b86c9b122a26b21da2a987cbf146e98953cfe44a353dc6d7fc127cd0a74acb31bee95c0976f0e5096ec6163acd8269e23ad3ea035c462cdd18bf3c4a35c8477c49ebbb8f40960e9af8036ce51f36f4269677d1b21e68bff368f116e026dd94bba734cd58f0b6ab749c89daa9ce64b41c67bdee258276274e6a3c58accff4f9165bcfb8ceae23ae162c16ddcf428f158c90cb95279991c027a5a9fa81101bf880861f608c2c6358a3ac149a4ef286826d3d1da7bcaffdcbf3ce9021800fb6b38153ab6b977b74e9b766d208be535d4bd0fd496fc91c45ddd6c12073982684d1b0e60cace8a8c2b513a468debf1abe90064abba7fa890219b632343dc786fbb13eecf3e4e37861c7840e5a34ac12040ce7f1fc292ecf5a254c16e45bd76291c15c8f6186a43219695c1b6f549fdda87ebe2ddf81f21216188b219b66914e6c7eedfed2cf0ccf6d5eeac3763ef31df15889c6e676aa3bcd2f28175348990658ef646072dd341588abe9b2e9a2c649e39dabe6b1310f2eb36526ee3d99465d0b485d2a69aaff079f2347ab3c22d5c48d60a3d4cb01f10b5f85d2890fde735dd2e25b0b742bb10adbfa06a2808c3a4c18b09e034aacbde58a6c0a746b4fad5a18dd7fb12dca54916ad3540ed3cabd5f8eef064ccd3c1d5e79d6b664067fa8ede8c57d828ddd3b20635262466107ed6c1b54cf0c8a63f55adce29c2297063a05e27f0e32018a8650e2b82232ff0a7b7b7feebe4dbd222083d12f4999a20139b7cf0848e7fb2923663e2358e0a93510cddfec539d412ed87dab4e02763ce1e269a0b4fe6830a32f79fe359671eac9bb30d33c372bd38e915f4666aa337373da4be25d8649198bc1281dad9bf85b5e2f11369c6107cbbb2f9319c1fb25bee4fe9b950a86f3b95bafa83c2d34f77757a6e0f23027323e6287985f3f5c21b38a658d2ae35862e7fff4c9eb895fafe3842099f15f97e93966837832eeb2a5260c0a240af2d5fba7df3508300bdc5ebcecff439405fdc9140352fd9c893d6c5d1b5d2548e716e404c6a808f4b5de0beda47a949355f7d89559d09e0a3074229ec7bb96d4226d35a9cf1c4adbe60598de8a0f5de9de25325e006c182c3839585015d86ceb4472b7299b6258642c7067483751392719d315834d4f5b49a0bb6ac9cd213791afde823df21803d3fc760f5e1429374f4ab79d1c517366bb6e5389c23f85b51e3b0436d9955c2be427f6648c567663e041263dd0083c3fba2a5d29d699e0abc4e7a9e6dec42d854685dd3132f62b636e7c7c1b28bba6d9994597cc66224e00b5867655c4e11673c221ced58acf69f3b694d8ae06d32e9b50b6e9fb58640cbcae0f306cd7a64af4e6397dbb9c498ad7a3d45ec070eaca2fa3fa68ad702aa3dd0d013412085341e4cec4ff387135fbc0c1e3a95ddb4b8561012fc17d252448fd054c8e7f361a0b0ac548811c637c87e56981df00e3c5a3148ea3926f12e4643ba4c11c67f39ee2e8390d7271bbdb8aa95908eeb80c3c1d1bdd5b4b73edaabb241f8282683be8cf695eb95b97285b009d5748c030b7f6a542905fba36fd5c23cf27c4797da550e21675443dfe508ff9719ff4a946a57ff6cc9bb4cd058f8fc53ad0263dfe675723eea78d91946624967cee0fb374685c934264696ca81cc32594e8e1fff0926ae2fb9f74eab3a7e3a25bedf97023eb0bca4fb721e2d8da6b76df82b40028284cca28589d00340d233e08c68864a520cfa88685915409a45e2f14e4512b62d4c7bce3cee0204da561a659106150a809303d5862f14e757ee107e7f5f6f5e98b814c5030e290608f10d37e0755d7bf44710c372cf3567cf09ccf37009550cb2b6c8ac0885cc15743dadfb80f9f938274ded61b29586cb9ef911da5cc5e6eb31baa6186f357735c1b618681177b1db5f37346f9896056a7e418c955069503587f2a7bae7a92787601218a41afa0b3f102f6d61e344b050206df31d191ed974817ac740e093e5f0bb0cd32f084903fde3091ab0f95273cb8caf58d565b8000088a305a8c815c2faf84386449eaf3eb8c30e1dd9068da2ae36962f68f9950f5038f2c21f60f51831a5a98a3e1899e0c19e05bf8c1fabafc7e3021300aaad9c6b9ae1e30900f26fbe8487c1008e1b69666e4418048ba98012ed16f06613dced8e995df5dac59699c9c72ddbbfbd5c6279acdaf4a849f791fd52dc91c4793476de88d80261a2bc9990014069a770fe1acd23545f2b662520f48c3e73ece429bf2bf2ed30b1265a3f992dafcbdb11ce470b70541cdaf87a87e7b4751664cf7ebc2765496a4f9f46187923c304dfb5516a943847887b575a1e2f3dc50bba70043e0d647b122c871f3a9adfaa82b6c7835017f4db08b64db599a51e51042a65064a7ee8cd475ab472a193f44cca4074665cc4497f10f0919fbebaa239331ddc2bf9ad2006fa04d083a4a2727df33b24f2eff53ef4d694ab4080deace949b5a28f411d0f41d606d0ca54664021f704f2af0524ab8a09a5c03b0788685cadcd498e243452e88bd6472e3dff4bd0816e5de4310dbb058cb11b934d98759a4e77a023c63de263a6dc6688f0332e7b498b0033db6eefacd00e17cff59fe5740b70ca06dbc28742aebf1fc25ae75971fda33545e32ba29d550c41c03ba1a504f7408586995ddf29885330d369670837d7b37f28875ffef7ad022ba1c5422a5aa70c71e3a6cdcb6e9dc5649fb7e492a823e5625b26521d2f720c458621cb09dcc629ed12ad1170ca9cc65f5d68c4bb504ade68d5afa75c0ea462ace857f2e4a2548bf3d02a127f0b386a8d5391a2ac1f0b98afec2a54114b6e0815b28e17a4f41c0356a0a5b49b2a465239941476e835c59dd8c597575b5f833aac5f03f913586628b98d232d553e51d0a327836b839d91f9fe60fb77d53d9b5e50a1b7759e1be516f5fd7d0d7de39e33ede0eaf1df9cf148eba580a0e7482bc4da83d271d080e47bbce2fff053bdee68a5650507c718f5938ac39dcd9dfec53a61a7f95bf6ebbffcccf6bc484adfb6e7f2147b564b68891042c75afc6974148257a3a48a705f02e1b927ad69b841982a3f748c1c25fc96db6c0d543abde5fe62c3efa71077462f15a40377bff330ec0a62920ebc0100851e1669afe8a69d02630e2e874dc116f382c6b4346134ef460c71654f453e61d6fbb2158d8d98e002cb310741aa80209dbedb58c28ee116a7d8c40f994ca2673ae21ea0d957ed07bec748c76dac56c5144d52ef4c340c931435cbe61ce105d4b67473b7484e305a2a9acb2092e33629d9c3faa77118c64063849c5bb0185f23650ed3a584df99bf1e37b6457e756a1b57dc6644d75d057bcc2da58dbf222de93bdbf6d9b5b22bf1c4eca73aa64fa18cd908df5d5f3a17c6e19c78b964bea532ab5b813f8124e6a0c74190613d5d06f77f6c95c53ccfc902996ec8b8e02905fa8f3bd985a3323466f1163e6868487ab35ec28b95971fb625c5de1fee73252264bfeb77a79806e8e100a6be6583aa934ba0689a557173fea05b8b060a0821a16560740da2a67f94249ebd8962b5ff1293b3ab7f905bd1d6309133e28809b8a023f15d41ace6272cbf6fc1c99e2ee5a42769030c40b305d388dcbd722cdc217183970b1e6a54962bbee21fbcc8a04ab6ad33c89a7a9e153df93e0f276b893990bd9ad011fa2d4cdf04747153c2adf68c57f5b162eddb3392917d6b9cc573132ebea30b0ba76677911ca4265f8edf9fe0c5977d71339a892f7b559d677f2cdc4074403ec96fcd17db6677e851cbc7673613dd257afabd79fcc642be89d61f7a9388e80d2cf99d93bb8d8fbfdd4cfd63e1e6ef91349a7f0ed22e90d321f55fe0c1514ec1a7533cde2a795809ac64653fee8ae326e27f164ceeb860c859c77d21b6440f973cb961e6ab3e3a0a164f9c55e4a8330f6b5317dc810957024cb5f4cdd237f41dc72841675d006ea74bc7339ffe401a4a64fc554b495b3297660ec0d4cc1d81cfb0d70b1ec6d181c9d40f4f670ac40d017548e2a69194b6bf29c7f6fe6b1d68057c1bb8343ed5f902020287fa840cdaa183d627abf60506f48419465fd44c3811001140a14279eea8f6d026d2d0783db4a62a4ae43685e54a47a2b4f6399cb9e8ed63b6b394cc0d25ede07e8ad07c79685eaeef8b18dc28b21f1050d6564bab71060005f5f75247968dffc39e91a2eefa60bcbaf7d3d9c01bb25a75ede710eebedd617c15cb8f4c449ccb23bb84b68413918ea188891a45ca4a9c09a77966f901478568e2bdeb0917020e50db10fb8beef943b9585e320a4e94c24268372d7c09d8398c3f680b8ed52251d1d141073b2bf7c3574bf7cc91f7ecaa30aa6e9e8d6560f7c908ed890f1d25d77f07de86120dc065858c24c3dfc3a34265e33527951271e016ce27bf8e921c6220ed017ba641de53295a52297722aec1570e956eccf445d91fb1ee16efda8f3b8b699df0b06b2389fbd7a47249e319636735bf8a90fc2302bcd7b3d0c6c6eef6cc953ba7e34c47a3cff476a7406fa56eba43115d5116d0a0f72af81d88a776dd1718825e3590a56de24d5fc1b77ff8f72a0154c3382389068c9b52b04bdb984ee18155bd4a0f015aa5320fb65319e087a228bec35d284aa21cd779c31fbc8a20b4e3cfe7aef7b69eeefebdc005bc8cb66d4b25634782170c4cf626a911a605a51e898c48633739ab5787bd5de5829e9fb193b559375e47cfe76a75df3686f86a893ee354bf66da9efc32521c3525c413b136658f12da73748a168567050056e207b48ae72b688cb1e7ddf2052000c0b1c0c0d537290fc03c0698e11d2a54fa4464b0449d75576ffc92b6891b201d0136de6a281586bd6cfe826791abddc855561e07a63b561f76f32c31d341fced207d98b43de32fa40a9910aeba0c5ddafc77f15cedb01c58d4c7b69f1a199ab7494bcf756b9f525e4dde187fea073d3bb0e580ad0f61c6b7fc03d7f1524d64234e681eda9f9bb181f6cfa8c273747489987f8eb71bafa1d8d7376ac0a2e67a96299ec2433c836f1cd58109c74c2b2d39215cab31619bccdc9a44056e474482739c2b8575394d979d3294e338f05b333192f321684197f5b5fc07d602f805833753149bc1c360b586b9fc295bde0eb484a9f0fe05453a50a74ec0a7fa2a5a96ebea5bd4898ff841f2f0934cfeb12de647586999ad16b4db75b60b409fa89cbdc05f6d213395dfb806f4caa68f389f750367e3bc07e3b0f09a52bdeedf87e7e84076b8d272ffa2e1f92f8e80f572c158b1262e17f990f7c6c1f40adbf98d7344e0140fcc0d086145653a1fdc5ee37db24e9c825378776cc211a293c147f649188f0e6f3dd31c0f1e5c9c0a5e57405360831856a5042a757dbd0914af94efafecf24e04488b2405d0354cb78e814ec40ad1cda8173a914802d58cf26cc783ef5e8ff4b17d8f2f1d06fc8df5cf9cc5341b917421206d56a37beab6211085c7691e74a48fb8be2033eb2856d45bc79cd6c095fa983b380cdd089e9080627558a21ffcc5bc65deb73ee82db00eccee80eab4ed768947ce50f482390871f55a4c94042092628424ed7ade2eac9df7393d1b0a2632575a840b531b5081879f91717bb222286ecc5825affe5d082f39154fe7473d48b36f0538c677f92ce53565795e24f558b813a06cc60d6eeff83753c06c96256fd8587a7546edc027bf738657fb703af38872cc6679c855e7f565652dbe506ba53e343c0dd98ee5f53823728c2d492be34ac0904622ffd9bba3320279b17d6915d1991cec6fd4a680a325c0335ea43b3a364dd230fb944b77aef837e864ec78ae4fa340b5efe958eb7ce066d94f88a98538377ac767e35aa573b3c2ad83d9e845061b6794b7b9fb9931a4d131c807db2502118c358d4ff1bd93d8ce15426dc68189d68ee18d16110533b7489d6eac5ef0baddb4b80f33c03242a2a1ba, 17, NULL),
(31, 'id', 0x800000000067173cdee0231339e24bef3cf853fa16f67a8512c740bb49aaf7d8126de0e5f65c771382b77a13b43fe11af5993f6496e5fc7b983d8bba5b6b0850b25b67f610fff3ee00a8d29a9d3c085b4e2e277c24ebd4b7e4406f205ad028fcacf76db7cadd3bb6ca2b013a964d485224744d7ad4b86299be1e66a5e51bbd74c42c9fb622df30ee21, 0x800000000067173cde31caeb3e2ffc2dc5188a0464973ce31ff101aa6c5d09d70e6255175b02c2eeeb6fd62f6f4a30d128f550d51fd56e3d55df227a418629ded26e3b10723f8455d81d6416b8f44b5e23e0ffea53ee41404fbf008ce466bb535bc3dd95c412efcf02f49f26b02c194d639595823b52947408dac5f62130192e04491f44bcd723bc1ec1f4d3992a945e0af14ffac588bbe022c7a8600549e4b2db90c123151409e0df3aabae5aa330b7cbfeda345a22e2b7095698f8cb900591fa497d5ee0d3b0840df9abd197c6e5962e24b4ba0ed4a76ac8859d7849bcdf8c8f0eb0620c9b5cb1649bdcca247a4c93c091ee435fa2393e86f74630e9e64f3a378c6b5e70db01b5e0860c3a429ae0844cecff928a508d9d197f39e073ba9bfbdc4c1a965117cb99f9858e3c02caf770ce4ab5313ab56db852ebd8b5b108a85704753aff2197aa31f042dafa4655bc6c9f09853a9581c22e72c01f9973fc29e07566e637769722831465a4e74d0a3035a60db2a84c3a02c4d91f55a46f66b1df08bc6875320d5120743d0674b7b0f8d07e5518d8c3d27988257d157beab3631265c729a4018dcc3a362a08681f6ce7e93790f54007e94a033369badd3f2867435348ecccabb138f7630afbaefcf7f2b22e8fcd509f34151b3e5809b4a10a47204f3872bc1d8f57542a6328e5f0d6827ad5bdc9f22d3a9b65d988b315db07073973f0722e5951696adbcc2d4264ff28c9bac11935230a522d48bc64b8d439c2f38a495f589e2c0e0dd19a5258c4cb8a071561275d7b38ee35816517be67050cb15bf481b327b05c6223d78ed7d0ebeace3183dd169109fb02727e5aeb845c6969fd0103290e68e1f7f302262f7ba05c25804815040c7de68336e6ba9df21f37dd57af7d03f790f51ba42989bbd811e9be7980f357b66de354c65129f3335abd93dfc479194676ac64335a99df998f33a50032b00b701a11b71064fb5c8909b26e404e053aee996f8882d8a94b898427284752efee01d9161c105ddadca3a4d9f343b17f4699025796d6f5cb39732540dfe3a494a45b9f81f8a994f0cba88be6516ec61be932e3719ac1f192a5db39e9295e7b3e0c3bdbf8e1f0c81b10edcd55be6bbdc28e6dfcc9c941aea99ca2806651030b76372aebee338263bbc29629c56ded6074281d71c305d8f424d163b99ea7bf4487ffe7da982a041d73b24a6d8fafd31eb6f3634ffc7fc987df8bd7f38f750f9ac712ec1740f1ff0e24ac7301693438d90cdf40279fe1aa4cf4ba7b9bf95c38e107c2caa2cb9f0b62a9c0b0ae3795fcd9b1b83ef015e35200a02444454c3928a8513c9e7b5193a26b284a1e097b41881d6eace057a1d2bef4e5988149e39c401c0986047196104badd80b8a98668647c6d54552b586ab42ec5088b253e8af799b791f2f4a7bac8de9553b350260e00ac2493d92e71eea059c0a1c6ca30fbfe7cbc06a780070424f7cad44b82a042c5b6f1f92b8e5ca60cef4da484043fb2bb4d8025fa1db170456277193e049f0b9914587875131f7193fabe887e46a1b2f27cdff2aa04a8fa6742622a80d5d7e14b3d047b04fdf13ac65b070e3c989a22a671fdb8923b9ea993caeb002fb909ca1955f50388efd101786badec315326a31c3311afbfb6b0cf2ffaf54327be424059ef2e42916945ffd42eab9d0564217057bf9b2640bd5270feda2881860f7081d15cf57f0035976f93d0bfc751f9d6c03007cd60419e31ef2233b837fb0c82c44c1e970f68af02321249418af348a1c3f4e00e6d11f83307fc7a01af6044773aafa1a0196eda11151feaa6ee4023fcb3ea24c6ad051beab5ce83ae1e35282f8bee37898496200aa6a7c0e1d0c124d90baeb54861c6f8112c4e2c10374b0738dfd5541acccd7a5f2f93880eecd12c53fed52fd3717f161b106e1e368b79d29cc827029316641cfb81f37b8e26437efaf3c871934116f31ae9e266db9c7270248459cb29bfde4f7fad24476cf9f9e3b483618638f32ffd3d773b8ad0c02f8277df2db78df99df283df314b115382ef3e5bdb56c31bc9695682007cd3781b9b630b0c7e08faa9302d3697681e52f1899f9fb1bf9e35ba5f535898cb7b4edc3bbc51a5c43cd377b41f573cfb04838fded356ffc7aed8a50c18eb64505f765e24e2b82efd1dd1295e57d1b22019737dd23b1fc5838181985224c21b60752326f06ea5d94dbaa35f7859fd0b34e7c6eb9a719219c860277d8c706996604522b9e140e10e60f9d6d67b7a2592c74966debcac23768bb6af2ebda2e79e6749b0acb458b5d40581ae0e0e3f9d4b71e93db9bcdce6ce8d1b74313f8a6c49dbd7472d04ca7d8b59cc893983d05a48b53f3fbcbfe3a5bd8a6afa05e1bbe556d68552aa25b1cee98766e2fbd17efbe8fbdc0212e5a62c90e75643bb8685dce074147f67806ed3a373b1645c2402e90e9a27a9ca2c610e9b620fd55fac1adb06c15e6215cc883658b18eca11bca75747f919432c52d49db5ec21df7879fba69d3271a372ead3ec8233d58e46f0922a148f570b2dd76cc42d004d8173c5a248d05447d5d528dd5873611a50db8c4e9300f1ecc85f465738e96b3cdb36950afbd5b091b69f6250329874aa732effa2f09b3edec6a4a353769ebac1f8f4b31d4d6726c91d84434c88415befabc4c28dfaeaf349f7d1eb63b16c30dd9d7f30cb0d6be135f1372f6caa36cd746a9c7ad629bc0840961202b5405f00a2ead7c7c7f01ff7a014f9ae77177249d170598f8a845f4c48b834150368b900bc1fe757fe925bd9f38efdcecbfd3fb19d26a2275afff2d40665ec59cced179a827dd721b6896db2ac4e1bba68ea3605bcddfcbed719087053608df91c699a49c58ea50e74cd15950a5b066115d58e1cc7cdbe4233caf157d6785c95cb6f6df5d1e06671b2c8f2ac301ed5429d1a84cfb8c498125e779074e7dce43e4b182803b7d8156291fc16af9ae326cd15c05d5034de12e5e551d4f09e32c110fe0c7f8490a97f1e09282b030c78b2ddca22f0a9812afe485f59b995a3befc4251de17b6f0aadd96669b22331f59549fb2672766aa17fe830b6955a52f09a5b87b38974dcb4940f8ef60905fc20d622a19616f1a0608d7a2793ecedc9e534b7f0b2d7b8886e40fed665890b977ba4c67947583122a0f017315d611120e1fb549c1f56ee4829c4cc98c43b9e69989a924c474595c5c254e6a69bb7be5505d4be02afc9cad32638a6479bc5bc557c204e1fe564687bf5bf3f354691ddf70403a8a38583e0e9ae5f0496d7891da425f29e5c745d3bcb6a219b29071b7088e4d68d2bdc3aafc1d74bf192467538b3374f679764e6c5a21507a865add2748923fa0696c223cf2b6f3616e69da9482e3b4df1ff8ce6c9265c7a159395556546d3e5702bd66549c277467b6a233a423fdd2c691b1190a757ff2b7b2bf3f3ba740f7680758cda6dae9ef0b57d14c88ce790c72f56cf7b123b4f138b3a6d6119f19e94fc7e066d38b85c5e3a2311df58b3b1997ac6917ff57126771a693c1c25beb0428062411a5f7f5eb18944640e12205118f32206bd32ee6b665fa202cbd4be34af4aec0626305f71d6042ca8c63797ce5328f1d7293af413f7e20a9269191069921c6d55c21deb9cc6ff1e6edbb44305273ab61161918a1e4635ab97eacd7f8abd497ef100d37f3e79c8ec17e2b3a9919bb4b648ef8e367126378b80a6ce90f159d8e9e4dbb845d6601b43b9953cff982c706d3135ebb8e4d602fde18719bfca06f3062be5f098801f646ffbdfd31f4785cb106c0c754a0790c54e5ed0f7fca63841b99f4cdcffa6538d39a48569d464b93d696091df8de7b679c24fd04c5891904ac1cf37aa45313d969df01df57bbc627bdeeed1ed68bdd9bfcc25badcc83e8e9c297f1aacdcf2e64b3df14b4efb358bbf07c1fef7c68dc7fa7cee017df4d4be089f355a1c87f03d93d724dbaade6009591ab28e58c59839a8f220422346d5ae0e9a9b704d9d78618933d422ec3e09a642151d5ff52ef2681348b109a7469761c0763e1581642f1d9d8de26848935f8fd31f2c81c62b4b8c6a1538370518dd788345013a51c49ef6f1f46dbb132db6481f2fa31b91e9bffe7d1932e212116fc5abf9c1c234084415a9bc97157f01b5bb0296f0b3398518079d79afda96f3bec25700c5889e2041f6a851b754a87067c3fea6cd6330bd7f6ba538119dce70cd4a7df36973be39b94441b184c7729462ecc59e38cc469347899b05f54d7cbe182734f253627bd86f43920d3af0fc12357408da5456c68bcc45e7d9e7c62e898141a8a6532381c294b300589fac1822cebe62d787ec0dadf59ecf0ceed1fdb1407da22c3b21832311ed52c3a2844b7039cb3be5193649e38e899e5e980720c68d1377ed9af8a041970bcc62600eaec7e260eedd286b0531684feb10a25d2552b5da9709f404ad9b9fabd722d188874e4e4deaaeeb3e9c8d0c1d8226a4d03085c6731bf448be77b0ae7dc3391ae231c2523b958b9cad619bef8549505d118671b4d28bcf3cb29632b3292052b52cfd1d1a71ec8bbb17e440a17510f3a3726e4e2e8f1ca0e7ecbb2571793b62d9389797c4afbd06e5d700759d41f00a0a58bd2ef0004f8a6c8843c1e70a506ea4ef540d66369683a2c1d0e72794759c4f4f2a7fec17c7361c5bafe9a05600a46fb93cad202cb6a81aa8abc5607815b0319e7d79c76c2ce4de7b8eceee782aad968bdb94d1ff4fac4e0bee8c52d70672e77f887cb816c2617064eae2114380a82f29af14afda3f16dd123e43a4527f05b97c120a2525cb38475ad75314b3b1173ce2c3e383b130a6362af83a630e12adf071668dbfe78e174129ac3abf8aafb0f65adbe48145b6dea6673a3e1a571c366bec390581940c75bd3cc0eec321c16a87f15bee2c1c77e4498a881b9ec65219743ec143cddc7ce26e75c3073ca1cc9688db6681768aad9792a7de264259e1303f0b3d225f4c88069969e3a9a3aa1eb81b4a546b11a3b0bb3c296e3287889bbb701cc3f1cd1946bfb481f6621b5b234e6b71eaa5b05c33201a8cbe450fd9e3a9656b6a7e6eef99da2ac3f300fb063bee8f12a383b22b45cb499cd77b55a9af0b9468467478cfe29ac2ca645f6bbc1d4b2e991aa95567cc92d38af01ab4da2436124f90bcf2d7f69a5493a35b7e61a91ad24f4436d47d22ac7e97e03700d6ee207b5a72074cefbb901ba0a6cc754b49c6cc538fe68d39b860e0b7c6fb7f08ffc1f2876b6834294c2ed50949d29bd97aeb63e3abf944a81a09eb8d00fe34eee8d918a5eb1a8126d4af50b7073d7452a49afb7839403cffc30a87c465b707629a23ee9d71e5fe4a9e41367d76223f35016d8ce5e7a3e12130c4e6f609767c5eda71b16c1f1372f26d6cb66ed277d7a4d58957f6ae959492992ad4134ffb517967a6b99be58516d30bf50249097524c39dcce91cd5021b38407a8f59ff0d6e3a55c1659df2f5122f58b4107d7513e281c7b217adb767fdbfb734af00e954612d1fa2f30b62703e2f8b72af93854e021682256845a98c68893a149574e4fa86f3bd35ff9daaa13dbf55542aae2c1a66ecf2c35732998e3ea81fc417380421316920c13d82efca2909187b9d89565f0b97befb453cce7ece4e2fe92605adfebd1201a2ac4442750a9a64e054d6a628aaebfdb25cb1cd1da80fd43c574da55af749b7b9aad3b9fe8c0af75a4159da4e8772318b0b5de4c1e0ec743f69e994d4a6193fc9ecc977a210f64624f1d134084c5817c943bfa6936e39a2813504e35eba9c89c288f4cdb3474c7183ced4c09ba25e5e0d1c7f9c9cbbcf8ad43d00228d389049e9bc1bb2170d79333714b82e530a8ccd98a9c296534b65c12541fc4d1fe4084d899968caee46916c8e57cd31bd83c1c0ea1486542bf7f9996d089b1fb6a453a15fd8556e2dc6ccf7b548db6390cecbb269e1274e18a44d817a30556fed66fa0f1805ba1557706da87bc12138f40f7d2c7a6e37c38b639897261daa892c422abe8479f181630fe9a8022f5700c3b697447600b47d366f6b97ff5ce4874165b4d2e2f39e64c13c486914221aec12cc60dde2cddd2c7976e2578020fa3e873adf2f235de449, 18, NULL),
(32, 'en', 0x800000000067173cdec5e108d6ff7c526838e82109dc39ec4b0ec0c3aafc2a1aff0ce43c702ee90d5a67f6493a846dfb4e5a7c22fef15c5aabaf07199c93d04b8576d8dcfa7e37f439f5586150515453d986708e65431834dfb978bbcd227d1ab96be19cf7b8149bdfb1ba0b45d03f06c95794ec9f8f5e4d6043a06aa43cdb1dab1c9058123f538be9, 0x800000000067173cde79367c46e11bdca6b63b56dcf6b46670aebca8aefc7f74fba4ee91a55798943e7db68903b9d3d9dd343fd7734b278d93c9e6eedb8d775f9fe47fbf0ca88abe1d17d12267439ea0b34adbf58ca545d2c2474cad1ec75645182a0c8469449f6442e446052e94a91800cc72053ad0932c9684059d20a0a63819b3be44ec82f0f18add3734c6781f366579598b72cd345d481832a01751dda44e0dc2a8d176e7b16676110602dd66b177686fef69a2510d281adcf60e844820f074c2146a2193eff32d6ca54626a72ea201bb193538b8ec31ca5d21e6bcd8f4d6ee0c101743066f5cb7f98f1f16224d2ada2d9130845f1f7daa120ba01d7e2a1f443d3d00ddf9af6d013d77c4b5ea14eb1512de24d44cbaec3ee94bc6f34f55d484986c21b955137114a66a819cb9f1f56b75d4d41ab487250955cad63f8ad8a1df6c3f504e923f0bcee9136bd4e287dbbcabffefd57cc293a313e9c4a01ed4667eef2ef9b9a874ea06cca02b9d496f19e7008ad7645932a867210a1e56c532c6327d7a8ea3a19801efdb00d3513dffcf51c2374866dfb660ca431c9b4fad51c125a50cf022932867454b12c02c2d08d3edeac3bbe30fef29566854f9a735049504a3e49d02c0564e3a1b81f91d269098c763bc491792dfee0e6ecf7cf311823ad173c1d2999e72da1ea221a242a33e0579c3ec9951fd3b01207ade1cf7381140900d2b0aa1afcee216ea35b27bd72147b355a50704a643d531a617b4f44b329c2f3caa5c2de2bfd4955e2c4a251a934181ea08d0ffc9049125df2fbeb037c7653d3455967b8983af8708f5ad8af287d927b354b80ac97167b4f05e88cff8e8efe349c218815e8df169b67350a2ed65e50882f1518a16137fad457b2cb3659ba6f7ac63da4c0b936edff8909ba6f1d76c3b069ce2fc0e546d32fc536b518abfa6ce758b3c5025af98d67969aa62d9577b13056905e0a0888e15644097d56a0d1e3c9719e4a418078951df5b51cf0cf79008c946914ac77b19178b8f71609d371b9c601205f1d278b6d45194a50da4c3879632754c0adfea6a4177d61c41e7165f39a3e4d45b8ec9a5c218fe2223f75be7d4caed6bd5e2181da0991d5a29fa10b4f346c78bf23cff18280c4f167b4133fd882ace8210740aee6bf210a36aa9b06a6d1405ae52f355eb6421e75754bd2109ee990e2b0257a44e4edef60a7eb6db2273856a84417f45d258a501deb2a78c21d011be8d28a663b832a3f6133430f803519602ac6773a6314f428cf51e970eb0025c0bf42d2f1499b5be4899a0896aee2f7e20eb9890754d5f01ba27023b893f3d625e44c415add2a65c159b81a2ae7a6669f3b6171b952fc27f4b6a15ff22116f24986a1b583293a92a58f4a1911a6f7ed5b1ec8f080b3176b762d8196c61db190a6ba7a109362b3f123d052d3e8a6b41f3d288b259334db8a6ad47c61fe951abd620f281e9ac425d95a1ff4a170010862cc4bcf093031ad904bdcea772f687e44d0d938cf32fc2b802f15bb62e0d8077848e7856d74b58489b3e8294909495c790dc3669cebcdf7c5de0cbd4cb88f69146aa0ec2a359d1cf7eb0e729392fac6ba62cefe3c364ee50d25d76afbd4a14157052c6522c5cb4560ac4a388bf034ce8355d3cc537eaf0e29bcb6dc7b8986dba4257c838aada542cc981cd35da5cfc241aeae634ac3ae2e3e353cae1713bfce9354c046de31d1a5864deee9a77c819086cb66788734bc72d202757934d61c3ee1b89e9ec3ff5e0b988586fda5b4e4a93fb55fd40bc799718d9df6d88506aee509130415a620189d02882da00a1a6e4cab3f5b6b51457c41f426c9fd7d5634ff2bad2d270e72dd92d253e891d118b4b5abd01810445daedcf7b7fe5cda4754538ca323b8cf95ac7e3ed281c9d5833c05b5a48aa3adddf79be64e94a43184173b5ec0a87c93d1337e5889884845af761c72dfe7819016f35af5d067845ede01fb576acdf1d6b6eb0ff3014c1ded287b9b667b422029ef46c30a35e3a1ef6b1dcdebe8da7e6c35fd7f2d318f6110242a9b33766f3fd2729b598cd4537bc0b9f56cfb9d5acb403ce3e1a310c1b766975d164d4cb6dd540ccada82f79de12d3bca5d7e41247c8d7b3a5aa1a358d52b2919be2c467e7d41af40bedbbcfaa4bd2a5d2432f552765c63fbf6c3cbaede2b04750e8bb8876f4f11111a0186a0e56ee9a4fc873094edfa05dba2d83c33408d16173a5c1d3a277916e586c3fcb3bbafaa2f61a66de61c8d36dd06614757dd06e8087e7c2e426c931f2dd64550232baf91ad696c7f581ef0b502bac52de3f09389be836451a6bd949adf7d38de7a4859bdd918bb5a4d8d3d439c59e3fc150e4eb480f4505f8f7013728e0a4a2f3b10399862cb1a0433533ce91dbd3cf2524bc0a3851a82ec45584717eb15166242d7ce891f5d41aaeb4ef37e5dc86167cb4f82d1a48009c4cec5a9d6a794d1acf3a3ac56b7e40d932599f4f995e6d2bc9c55363afeebdb29a12dad29ccf2c2f245470580843677363d425317344826cdc33d7d3b88edfdc6323fe9b59895c47c45ce00588fe05b2aada4c1920baec6e1c1165492dead5132faab65805f7b53f7c0a3794822c4c6e59f00ffa80e45fd98c5b3435a588d82716635a234529c8530f637dc2f53d2ab30adab033d6f338268f3c974dc7451a31dae1e22ca8b1bb9b1be3ef3a12855982cdfa6922ef0d478f5c4861c3ec3707bd68a41715f5e0dcadd462c3bda070383438a70035ead2c134a1cedb420052b77dc76a698748f6ab0a2761dcbfeb6dffa1d525204146fc662843bbefe8bd035bc6620fbed4d0bd9a226160d9005456e33227b17833c14bb43aa9191560b115ac02c01822793c56e4beee05068dfff54de6dc8010cc65c1fee4ea3d818c0a82b40375c41b49342aa4f7b0c57b1e99862a917b4f446b4ccd069ec3f6c9615b37a63041406dad55a44c549268f27c39f2a590b85f5f64997cb90ec6529b296448ad1aebb62c7fb118c2707c1bcd8992808da416d6c4e125f264bcf814ffdd50270fdad0f7eeef9208a0cda7bd8cbf523ce57189b7f3cb6f6ebd042076e146518aca6bee7c836c702dc7574b5582e8b6f4b901db9957ce8de6f13a67b1c66aea66927b6955bfe0de81903cc1cb58a47b4c94dfc50aebc0feb5bac6f5902d59c4e5ab633bbd276206e993997ab60a4f8155e91b5172eb98d3810f70281c13bd5d24352beff24f6a67cedad8c39403a709919cda015d81c74f008e31c007d52bdaef197d64169db21241e206f3dd399a52fe5386e16a22953be46495eee7151489a532d1bff08a11283f1c91518aa357a46db9d32f077ee24b84af1b1d988f83b1b9eabbb18ea3da4901ed551fde9ad81b7e199d10c123797f7e8a35f6174b04489787584108c71e1394d049f3ad40a56dc1040b0bccc573139ba49aa1099d60e0b3ebca3f2deccc8ca3531f673dea78ece93a615b6849f4492080c2149df6ed48f713cdf98bb562696202ab1d8a7e71c778f2ace0e8ca0540a11c6b0f3497a704850d07816d86bbe9ee55c15d0f4468a91eaf52ac6d68a5841fd21fd15d0c81fe7c0ca8139466db8e80727f2fffda62efb29d11323ab3f14c03c69515798d31a8de02ecba899f5af095bba4ea80fc01e33135467e70a578bbe833b47b862623c00bb0b5d49f413246b1d0b90969d6641e2723c7e78bd4f4dbed5b24a809d167b386a4fcd97229c84074cf5915015e576e08c9b2b143498ec3e42bda9e9a30d30f5f968cc6a6aed755467ab6bdf676f3daff45b2e7f2a1b61d593e461b514f6de271ebc77379faf11175952860911c7a6d55598ee6d17bded9e5fe02492b6af84b439c0f354f4bc9b8f1ae5792b438f256967fb3b7d71d199f9fcac210c109c8a881989e6201fb7e0cc90d0c458962aab0c810ac507144c831da298c17f3c86fb02bf2af1698072b3aa1a34d9c3358e36835a1650d8dc46140e1c4f83d8885aa9bc413164e7f5435c261d16041a1e1566a69abedfabcc086e706ac929c13cfa79f3c8596a91648560d33e6b3a1792112f8e1ba6cd896abdc3dbb70d209c5197647be8148c1a053407edf75883c976c02d4ff387c6f465fecc2bc9764a8017920f3504ac375a9e33674c651a663d892e9024141dc9cae7c001f02fa0c239a2be37fb77816b6dcfa5bfc1e1e2f4f86431573cf6263be5d1500416700a5c99de6aff3e97b7ce1c275b6b7ef8e6b9ec8eb5e6aaeaa9e42ee70a825de562ec4e24c4b1dc7ac7b5a44936df87cfc17de87e300f0f6b316b5621d827fcc6ba60a6f520e7c751570cfc92101908dabcd9ef4ef887dae72d7c6d6b7657404715b0285d1ffa7feb8fc5f26457dfb6f47994d8a737fa6295c3a1efd255ddb2746f5b9b8d880cf753802a1c47eff9e9dbddfaf867d622de64ba956561981db414a316029e64d0c05bff2da565b932c773c314c6cb16759fe0005b948a2e99e94a640524616414718c31a7804af2427260862939b0591091c92c575f4b9d0c665453f64c7bf109a6ac8641e65e13072a4dcb09ecc8323e08713b0933fabb6c702c3d92bbc188b94bae0e6f9f041bf7fc663e1cbf85429f3b6bbbde4b30aa5564f48af02ebffd55cde04aa63c5e0ae291d4f4bb5b47a8bba6b8bc97fb0673b8c1850cf3d4fa6779a52d72c6c7183e5c10aa89aba32f5d25c9bf72f44bf9b3a0fc4d4fd9f0452e1dd6d663dd454fc8821dd8009e422ca0e5c8d68048d42317a9f7971ed2111d74d15027eaf4d200ccbf34ab83de64ad789670738726dbafddf471439d3d86280c841596d5c8aee95ea0a55e0b5587899a3a37ffbcd3c4bb3f19a0bb9e9f0d89617b3d4930bae1626201a7b69c9db4a1d7f71c0eafb7060de5bd40a832da31cbc603f740e5a54111a744e9d68c4bd9478bb75da06452acd9c13eb60832892629fef73b06aa32baec13951e6ba270b9538ed5fbb14d5db785810ec6c70b57bc6723411934a0279b0e4faa6e0d985163c7510f13e3058c28f32bca5c8b4c7c9179a0947a48c1780b209c43e972db2012c5f23946c56774ed8c5c050f82fcef5400f57bd8f76462ea8fc58c4cc02ac2a304678a0f0db044e20de3a60346529a8deff4583c727949fc3119e14b294b95b120870d0d44ab6d0b7df3284c4e421412feb17cdbfec7092d789c4a8b2f2287a91190b8f03cf9c675527f1a8bb9aa230c2f4fe5cbbfb731ef9ee6d92bb321053d851e679d4033f4df9de408282ecff776ca024dcc4489a0cc164422485494e0d83f6f02f046cd87e8c23c2f55c31de288746392ed5c3a629570f8c54a32358d890d7ba55e5ee6db67608714bd07a6020ad2bc54e370143ee9fe7aa29b39ee061a115b984f3ce750cb9591bcd2f24179b7e9a79ea20a5bdf8ffafa977a2a3f3b223cdccbe0c3836dc8b0dfd158b9a07d3f4fa70888117a8ddf35af6d3cfd1541377f9e6e1b285cb6fb35bc7971dbb82e820657f8fcf3678058e69e713e202b37cb6a71f4d27bad2c42cb33b4a198eb0915f211c85cfe90022445855076881930de7d9ab36f8f9ac14fa3a7c6e0c36c1fbe7299aa540286e116755838401f112d45728da867077358c5e5e7402adc9fe0bb274b8b163e17c2c3224f6ed0454afe3317dbb9114b435542c2081bf9325e34cfd1bd477db56411ae8cbe7d1da6130c1d4049c3a3f8ecbb6e9cda5445b3d50b07b0cee3301229230f987b69f61e932efe832f8e26fc959f6edc988d90e3b81afa40f3e5fbbd01d0e2cf721c7d8a25d3583e8db773ebab8df189b42de8eb7d60ba3a34e7df746a10b7b59da21cbd075e358ab80f5788d6310cd37b9fbfed139186c04759b37a04a4c927af3d963ebc2f5cdfb0d549c5c083503c6ef296d0d16505d4828902c91ea7db895676223f00698e3156bff62969948f723568446e7f087b8d910133202776db12b52a495bbd7744e83fb728cf75d466337a66e8ba2cb54427aa2cb4a671653bef9ecfddfb24fd5d968268831224f1559b6bb8edaf678f14090b59f35c23b906c2017557c2529089e2e5ab0a14d750df17beb0eb36d32ab1fd1c13aacf2f3af6a59d8bec5ae82f27d10fabe14ee157ab6f82259ff, 18, NULL),
(33, 'id', 0x800000000067173cde3a8d2ea14862a9af64ff0146904979f61024d3205f06881786822b74dd7b234aa4adf0e997c625fd9d52471974054efeae7a8ac80433346a4750155200b4bf866ba2387f57d49a8004f488f698ba3bc9, 0x800000000067173cde440d22a74aebbe19d1192dd5cff7406b4c3a618dc7f4823e3621ddf58b4f39f601a8a9273d60859ba04a95d9fe71d9a1996040f4b47a6c1a42e1455a528e44589bfafbed6550fbcd9ceb2281825790bab53ede22c586fcabdba8a04ccdce41ae40ef6309cfa37b0f2e22e2c598fbb7950970f5474ea67ac944706a86bc211eb15349ac939abeb1e1e8a981723d08917335faaf3d6237e6e83b3329cc6ce511b92e26a7e72d1c3f5f5db43cae874c18266f550a62250d97b947cc4eee46492273a98a8703509d51c1848378e54eaee40620fa463e1f2de2e6496de0f2f369fc4c, 19, NULL),
(34, 'en', 0x800000000067173cde2b85e5bbc70aed901c0523085ffc4a8d7eee948e08410d96f4af1631c40ae4586ed6f2f31c84b3b42607507db7c3bfbb539b8b1706e11215b670866ee3002a2074d593e939c02f52f3d017b654fdf692, 0x800000000067173cde955f6f8a2906f2a15778716fa6b394d4a6b049dfb511310561ceab8a7902893a13d2a3d23f670a6efa55da10f2c5793fec77b202163cad69d1a7cceb60196aed0d261cc8158a84fb5ab6f8d54186d30133cbfff7c9521e97117c83d05b73096d4fcfd744d58081fd67eb69efca5bb98e71d681315b31766e6f2944cc727f29d5592049a14d67734f2d63546ed8a1e88de47373ac9d8b3b1a7e2ea7065d84fe1c336c7971e2351169fb84a18ed552c251ec915e48ce53bf5cc290c14eda9e079d28b290d6e4d09b62ebb00adc90a239d8ce6875e93cdf4b1460c00ad26949de85, 19, NULL);
INSERT INTO `frontend_article_translation` (`id`, `language_code`, `title`, `content`, `master_id`, `sub_title`) VALUES
(35, 'id', 0x800000000067173cdeb2f3760ef9775021f80a17847674fa1020958a792fc3a9c7891338df855abe36dfb44008a98757fc1986d6efea887a8eb34b491e6df035be1dd2858e9c43a2687e2ef87edba8b302f770fb8c5aa9f4c59af38fdb161c5efdb1c9549f241bc13daccda162e8307b1ee6538bcb66d197841906429ca264c005702f9ee5c569855badd69e7ca5a881240c66846b0bdf4d7d, 0x800000000067173cde986360d734a118eba21672226b9bc16dd94700bced5c1919bf9b843561facc195ee58189ad22f85ac170223b9d66d634f416d777467a4dbf5793d31f1ed6521980b65fbc42fa0af475ab516622dd4999225ba627c307c14bf946fdcba7512a61dffdde4a5041162ce92647d2eae9efb60ed2eb409369008f0977465b6bc4c631282fb623635145bb1442b3a711980a1af8761477bf03a70050aead61d602903d0e951577a1555a0763b7c95a1b1b7cf86a8c870e8d809723c2ad010e258293caf6345ab0693338a46af92859243b4c539e35e885ad80a95eb1393e2f51c649f9296969b4ae04a458d6e8f854fef1b6bbc65d5c7b632e0c0819ee5364b53c36218c028c31e9b7b059f518ff469aa5d8f68d6e902843d159e54e2a93f105588f6a6ac432889deeb87134e46ace9581019967dbb93a4b26fcc956f57fac55210b4b2e492872b082ad0ea61ef81cf0a65b7b0fc5523b3f2e629046cbb91b58b99df82c35eea4dd649122c19c908de0c6ffa78ab167b8f6c6c8dbcf44f29d48891e5d3e118dfee612ec324d9918a39ba4f1af1606c6093ef012db50131bd039ed93d915813f1219a97328c82bf35bb303bc2f98b26c823182c301e049b781071ac49d01fa39fa7d8bb89a5cf7d6a52946bfba442416c31a22949d4564f70ba0c8f45adae825f5fffd19df7efacc97133505fee3e6a624e708369b4004a695e2e1b09f7094514cc8e68c1997a602ae814b416f4d110eb8d51c63978cab7c2e62327f195a96bb35f79b3d044f65de0cf1dce8231b93416c89983d00fe48d498ecad23a0a6ce0cd53fd0ffa173748bcdc0056b2b15f4a8e13dfa0bd67f0344ffe62224ca04dad3fca9e96dd061a94d3a42a2f6c03539464dcc702bc49e0d5885d7f9453256e3f936d78db8ea2d7d82485cfb7d4369730fd910051fa0579b77bb8fe499e5f863528bdc5aa776fe20c24012fa27d12f6818546c8aecdee6a34efbc673697196731542b14f665b170ab049fd91d34793c707bd697cf783e52d07b015d043d816940de9125f7be8229b02a41de605e25192e612c00c9682465a689ab77e2dfeb80fe447d0c0e643078df8695126106abc827dee143a43366a124624d57dca718b2a7add3dce3df7e33b06166a8c98c31b78b7766caecc95c93dae533566686a216997a4179cbd1b8dc62ba7447dc4972a694afb0b39518a8904760824ecbc930e1c79f25e5a6ba112a14d3f39aa0c87b9ccd3e0410df81ba4c7e44dfb60a9ad2c6af1503cd9baafc2b8fe0400dd13282e0f029593059614436ce37bd7cd5c3caac3d2aa995d194cc40c5ad1b67f4306c03b72ce57e57fe981498d2d14746d1c15c1d1f0e63c5ab9e3d89e90abc1c3cb6973f937206a20e2361360513df64065cf7ade20f21b83be4b8e2d27c50211a5c53bc6e14a103a5c6d7ac958080244bbe9141eb208c94f9af7c5e5b24d4e6721c4e31440e11fc55f644807f3041a54223749332dd84dbd8fb041372c6dcd71de714ab94725b15caf8d5ac0fbcfdb199b79e4a779c0debedf4c34793f2a0987bc0378201547bb586949188f838fa761743c2a912d0d63c042b89909f1325e7861f4bdea08deaf74d4c9ed295ae7ae507d706626e6ee70c66c6f52a6e57040b09bc6fd542e51a8f602e158c672a31eea335754901ad7d20c0f7076ac2702b15b18757625bd84c61169ed3d564ccdb6fe4da41fa49d148949904617d88f07a672930d2e8205eb0a061204a7bc0df2f9cf0e82a0ad0e3ce18310b52e56ad643fa8d0bbb07ba4fdac0c4798f2c73cfef53e1c10dc27f4a08771dc149659bfb4faa642f706906e68f733092ec515749b7d217c1e62082f7e3f1acd8aa170ac7407138b1d8156d7ce4ac83edf648877fe7caa69b41086271fc16b6f8e48cda2c52d7bd6b8da8c30ab50fc67ac8c97897dd07803ad1873bc1f7d0e39b85bffd41a9e963e1ae926eaa87e961f5825b6c447883bd25348734478cf9e453b7bc74380b29893a2104d9b84eccb93b374a506f3692c6c29b4c394971cea5f0d7c5958e78f9b0bf5f953e5ae7430bd6316e93b35d75978cbedff97a0c6708feacd0b100e2197c39a1675268a8cd8ceab20c6795ddecb480a7bc3822c0ecf11bea1bc3d86901610ba3e8026a45dee01f3f96f94e37cdf16b9cb239907364f4e847df18104b9625cf0a48db1d682c2bbdcd1a5d5ead82d005bc34e4f6ab1be2a904b270e4baaae5584b7f6e7697999b0f103a399f5f264735424aa5b93e2b1ce803a0ef174c7cd344a3ee4ff518648400a4a11bb50d321ca9bfd5b7158e804e52788993586d2ff1f2d3618e8c4064c2812823fc6158cd79f09947ed9793facde60bcdd8491696c7b83521504dcbcb7203632d63c25cf9cb8c424577591d3a85213334033fd64bc0d2916ac6f0a19672e0f3b41d536f1c217d19ab17437496793735e630e7999c6803910ae6a58c6ad3067e7f162d802065026309db02ad501c900732a21e883de56613e4f8210abe93519f11b5f973e8759f89789de6128541877bd72d1cf55157918c3a88e1b6dc7960922a983b58857647f154baa371f63a8101f6317c5d46f89052486d90eb97aa4fbc8ec499c86629c953881c63e1491f5c5dd9b8719e59ce2dcd8228d481e3366f57d87c9de1dd2457326764809cb30a5ea8acf2ce2c634e6e42d1fcb68a7a73fe9f53eaa5bb1b5d142ce114ccb8ddbbd5100441bf47f5d6b60df9f9268c8ba28a79dd29afbcad43ade8a20f510fe6ba20fa2f9a2463ccaebf1c80ade8ad1c9dbca76ca66017ad7863c5c95684d470fef857e2ae41baa6544c05268ba3a9b51ab4707ac54c1332c8e96f8c001f93ebadfc8ba73a78b4a93062c4f1f879183ba05af5636744da4cc973acb50708ff46a4e22972c89cc6552bb229347c2c145d3255c5eec04a33fa6fc5d42fe99a6ab49b33ba0a10da1bba72e359b47a942acf67897b804dce146a9ec75b8eaf2c6ecc220d4dadc588ed3a562970385b97ee128cf05d4181ada960228ab4319ba0a81c2ddd5060f0a4c3c8aec8a027f80ad386dbeb80ab41da0d9efd9effa60af4c2485896419d44af3161aae73a651f66cd93902212fde8fc967060e8046bed9def002b3e2fdbc4eaec171cfee01e1e19d2b9c8895c937f3d813c83784690cef2c06f1208b302e7292d042a6d3545ee66c78eed95a283166bae805bcb0cc35edd8c583fd8edaf2518e0147f2ad9eb452287ce0ebc9e02dadb131084880c98f6bfb4214cfbb2d54025b9a02e6614577bfd9ae8a6cd92b2a0d084c5336a53b127bf7a97e210949129c3a79560c697183d9f679c99ea7eca1267e6a7652d4c0ffe49a59c406a653cdd510baa380a4752d2fb52cd621b68414b0a9a819d3a61b2c75b842dc13b99166c0c4e84133ed458a2d9544b65d9d82dd50bf69087541b735b61ac87f2d027ba22a32226dc6ed1c6b5ee667a3a4c3807cca749a8e3211d547f525947526cdae32b4396f51eeb0315bf3461fe3a6892c12b90d3ad3936bf5475c11aa4f29e73e7fea507bfa95331f2f01957f42905619d8f90e9d0ec78ec8a2401ca0233701ddf815e76a1ee98d6e7f3b8a4125811f9dc5759cba52095b257e1d1df0b882a61d482a10fe684a1841ed92e560db0dd8e3d85be51a17076be8477376c71fde4726a286343ddbdac04eb83a1d4945d31442e8dd8d2aacc7b9bf72b1cd95f3d22ca6dc534b6c80ceba8090f569ba063992e39163e3c2faf4a9be87b7d201a7131cb9e7e582e92be164dd0cf576b39d799406f692bbe786e3235d140663090de24e6385cbd004ca285afaa182cbc124676bb3c5beaa6997facd2225c7d243399a8b94d794ea91acdf0aed9ab1b724b7936ce94932410c4208f6d4ede5c062595a307287501fdf987116911fb6662e28f826a312ead00433075f0060f92bd73db79afd0e139c7554dc24ae207067ca151391bf07e59dbd307f1e75d4f9b46aae061401e3356efa6e4080dc4a537df6957e7d70551c03aab5cdf06e7e42e87f8a087731b53061e16737863d65f19843c48316b193f72c64f8ea580ecd7a18765c0d4baa35ba906aec776ac784e639e006cef9dc285de11b139ed4b1fcbf48de54ab145b397c811d9c7b034787b34716bea2ee382ab52ef6b32dd84a3718b10357503db73559486cc9d67c0253f6c242cc49dd08a4be3d33d97f83ae207d31c36327b1c170802ea544d3515870af1a1d934139ec6019da0f43c2d711f2a67a7bc77cf761b6a0d587ab113c5f02ef63b01669618527374e495ccf5cc3868df66aaa1cf034ad6d8df5c6738487ab22d77d1c0df79795ec8f87cb797215a05221d514f5f08d05d0132a82a8b723dbeecc1bbeaf4c9b9b557e4e3573fa02c77074720431b1e10341a9f72d4c5ece68a873f275c52d2184de8b5857200a1373897d4c565b51fd3a19da459856154cfb9db800af9851d1059824e51f238ee477f70f94f24953b8af84036fdd982bac56709e873ffa6de05c1e0687cba603151c66bdd310f748e2cb12b668bbb103254421fbf7c81f817fd9103daec52ac6e510d640a22a73bea37a082d585089f4e511a6c40753bdfeef7201a5d4dc1e1ff250a206fc555eb237f60f881c6f480bebef1ccc3786b9b774d8b93a6bb425981cb5acc9e3f5693b36e7a036e93064bcb540a4d15f60fd62c85dad13220231ce9bad11c9fc4e994dcda68c012c71d96229e9c23d85c1d2dcde0a69b357fdd46d4d7f50da204515d2afbf501f79bfd2413c2f1fffec7dadca2a3a7bf8583ca4d7e51a0e7fc378087803fc89447cd88989c9788121f1955afaae87ef876e9fd7e597f7064513b4af1c18a2eb1b1445a21dd2bed43886a6d2a0519f62219a9e785518b3a3905004d86915618844ce4575f76c73e658e2ec257221c695b52f5a01a090c7129eb40c680b7e2a92fc95fcd87bb552d9bcf890fe94467f5e4f05351ceba2bf29718b9802e0a93278d5a92e6dfb91b488a12e45a84fe8f56d1831b36adcd9b7028c85c579a17fc1c9d1a096688b35c06a7d19973994fcbb46155180c0f8da23f58845a52dafe55ff7dffc9b2ba1e7501eac4b0769b2882bd069f20d89071fc5c8ffebea65186f9bbb78dafc8f6f50bfc5ecfa08873706570b588eaf135402ca112c9145b10489753fee9d3b5333b4c4750bfd4080dbfce2a08b191dcb7ba9c50fc1c36eceba2b193259dbb12d939c573bfed95e13c0c72107484edee52ccc067bf6b988ce32567787b51f136634f1086ffa1734ce2742772ceb73d9d25b85ba60cb0a98297d790b3b02fd2ea506f44165871abf110fa6153ac688b15789eda613b52a9b4930f4736c1408c2b2f7f9ab7ae109647df84d169690522ab2b5b3ab26e996ac04b6b0977a51b3bc9d2123dba24c6e26ba111034d592ea056b8b8fcde2337eb0399a27627a35db361d8c43b6aef734c27e326b0a32ba2b7be47b92c7d9db5781f061fe18af952c699d5af231bd4965ca40c8487037981becc2cb1d9e9dae0a7b3b1e48ce213b518015fcaed9fe02fa21178126aa0b482b372c3d6019cafeac66e26bcc114801264e3b440740fa9fb17722fa0b4369adc9d76be0ff83817b18461a17c465a6f237e6869d8bbea2b745625427b64a3dd7bd47491591fc156dc824c4ac2fc6a5f006339d0fc89aa0ef835c4aa69c5545004a8b040612ff89d634d94543807fc38251a9a12ef672efb22afa02307ef69877a97972179296f9feb5433839761b5b6d974721c32349e2b0c3e638a10b5c1992e0c3d9915190b1224950da5e2158623a8e00dbfa98e9cb7819023ad27078b41537314c30e91360fc4671b350c35952e59e1a068758f5fef02b80c8e3dfd276ea3e5ac281a9ffc25cfbf29ee1b192c3a347bb4d413cec86f579444523d90443b09c44d1e29d1c7f5966d8a0e9b24b1b281f82e67d106876649b70ba145db22e3cb04cb9ea70ceb4a409b32b062ec83ad850de1f4ee3efc0d6e38f161a45261c312faf8ab4455e2501ce8d4a2d9c77908a89f842ddfeca5f8967f371c615e85faa8b270fcdf301e37fd8159c6acdaa1396f38561eb8855d337041b99c35720ceff437d923786a1edebff1c92539f4352353b191794550fa8b3cb44ac87dd71a60f8bdbe1676c95bc8768679497d8553d087dc792db7a6da615a0f81781cd4eaed7fab0835ce7560056fd9ede78d9d0514197767e323b43163579954c424715a29a5bbf05ea089e947551a8c7b9d9d0ec70857220a28b7e76e685257d0509e89571de0cdd478abad33c10b2a4ac000156d8cb570c39d10acb270edc89073a728d4e371b15cf4b39fb1ef2269e61085529d991cb632601d6576d1e0b2d17d9409972e504072f541e3688c235b775d73bd2185a3cf08f1bdb0b4afb9be5ac73d725431a8180b07e2e8270bfc6dc3dd219cdcb6f7296fdf2bda938b7cad6211f5c913d85cb2ab362212cca86792f022af3fea74b77f1d241f5ac5fa27516b43f4b86daf7b6e4450bdba7365193310d4cfb2ce37cc030e3a80e93adc26778fbd92831778d338b97297d3d922781e54805bafcc61f691c9d9c577dd2212692ac722961d90388826c787456a5e4c30e9bb9e06c42772c1300234268c45b7b4c9a2cd4484db264a5bcf9edbef8cafc832627c81864b284e61e02a4e33da8c97a371501f616eb4de5cf7e4570d570b8c0d698e6b6f40938dd5ceb818b744c272264601972338459d7cc8349ee0d93637bde5202ec0ece1bd9b36f4ef16046348f4e76a31a956d451e2b58f13f94e4f822a85034dddfc338fb70058cf94952d53743721f60999f5eaf8b32442a8b633111b7a61a0113755d7d3feabda3dc6a3fecbce8a6a09d43d66a766db9ad9530da6c4a689f99d5cb4a50d657d0a1d82f704241ae9e2c565c4fa784d8b34c0bc28624eb42ef928c99b9b7b3461520b1fa4c5a6f154b04ddfc0e712ba167184935de763499cd2db5d22cea7674d390dda5ecd534a5492224898bf1e434de62c6ac6b152dd33437bd5422214e0bdea450e873c897b155f22b8396117e1ab67c42838d307a8a13d7a6ce979a4803e711ffa24b4d392d1f3f4224dd3b87de641c793caa86990cc1955df762c6924c329a515bd3cae55cda103181d12f21ce38f404de1da2dece091299c019a75140bb8b0d938bc850a5974387b2f84fea477c4ee133bb35260d026d8f97c8553ede9dee9717c7dcc01d67f740348f0e00dd89ecebe8ef0fb03833afe4598d54dd535cd991c682090748bcced78eba34715b4a0685e2ab4880fedc66881709d7cdd570b257385a33cfabff394b8c0cf24350b5c2c774e3f0e9f22c68d408e1bd8e641853503aff32d881c0e6d84c9c87785edfed9572af59597bcf5e1b2ad1a855cd4cef8a298c26edb4f0efafbb18e00576951f95f5468d58eca23e0f6d07705417b7440a8ee383b188d9499d5bea32966034f18579e6cc593155187b1e71fbd5c7737a3ecd16cf02c8c07086872c5da7a30bafe47819359061ac8fbf3d381d881fa3e958dd5995fa08b124d4ac4f3a801116f819d7e2f62c35bc8d0a2bdf5a, 20, NULL),
(36, 'en', 0x800000000067173cde139d7d6af2138f62b4e81d6fb7a0af0c233df977a2a4043dd2934417112bf75efc67c2c4ce7f872483379b46d3a754d586d3a0e63b2a96c869ac45486a673e7df5c9f3add1acd20c016ff74d59e2cf91f65e8906c8dbb47486ad000669485e05e6714a0d55b3d5e32eafe884fe05909b, 0x800000000067173cde380f814cffd8b5748a1790bbae5b3a0f7ae486397b6c7175caec566a654fcf549a621a35a0ff4185cd35792c19c8b5a0500865a2177841c7a18188dbf0cdda09a524eae3ed20cbbab56d79bd913bb8d6db4b3680d02e9c2f47583b67dfc90ddee9bd8ffa83fc26689252c7251129c3102de0171d99c7f0de24661963309ac6f3a33b96495d28602601d90c92e131b668d938981ae66a6846462d9f284f5f4bc958030970678a737b88f7fe2f599b6e64aa71f26fe131cc674338f4375895b4fdab8c99ec790d4ae9671b6356b8f6d9fb090370e76d7d62ebeb8c80e2c50114d28912507d668451b581449771b3752c7e1e6dd936a5aae54ab2aee36aabe395e400724875f1bb5f7702b4e7c768526fa6c5012062fb6896245b03f247d1f87d2e0ae3c236c1e6263df9821e2d9123d031e24bd91519263ab29b655c27661efe66ba9b8f7fd5cdea2862187118f35e89a4f6baa9dac7722da47960e501c76b601110fd6e4c7874113f59cadcb269e239f2934f6aacdd14c5b1282853983764bc566664cb08be2a52e6dbda8787e702de8e62b145b15d1a9622a384eb40f18590b649422e8c8f83c0ce7497090d2b0491f9f7a5c6321015aa78fda8583ca4e4a80acb1c7bee1deb1115c58c3a0cbcb2891036fedd2451da9dd955e8ae99ef1aaac456c1e97362d0337d998854b99cf54a37540e273396b450987a31afe831a5a1b2a5645ba156bbe7f425777709dbc89eb1e79b0889013b517ad0f419b6034dbba90d491ac6686119ecc250c1835fea3696da8c4d5a193389b097f642bb5bbb6464a72b73a1230682d406002f7474b64420c7ddc19ea4b617c4ff0c41ecad54835f4926bce9df1b004e13e950748d271259df38d5b3709d5b968bafed05c1bf374c678c0020583dcc8a16cd12f5c09ef1f1c5b3973338608bf81d06b7f7b872790ef733df3ca03c00bdc1db4028b479a481c8b20f2774c5e593baa0ddcc2cdb592c34c84709972e511816573d8e7dcaf4942e6d1fb8c4f11ac4a152e860431dc776a55ae55d32ee76ee55426795d7f7ffafa6feed6be45fcb348df7f99ac035d616cf0f8b30192b1281404b0260ecd207793d4d25a749b4a4992a0697ede9d7f365ea90f6760a172db4ed7406afd3e35aed83d908f6359737d8fec08516e7ae14729809d2353a3688a5de06a2619e7eb9f9f71b3cb8949a736ced500ffd73a26d4bdead37a7475e3a01b9c62f8c0a4fd531d087e3779eff0f48f9752b7d5c32b06e170df1539645341172bab037ef74b63bca914907c4e7e156b46f09ea1be9d32c1e30f4c6a3279c422fa3d1d2cec145fa722d3ad4e773eb33b4fbe22ccab84226b2fbbc003e907a2914f08338d01fc35a5dc26dac247100630d5b34cccc64ea2881b131f31ecefd95df4218046f6a185e6ab4d56a08e96c0f649bb3baa796ffdcdbf4e9ba5c13eae08155d75fc2196df73e3f30f9e2785abbd505c96ff218ace70833ee408103f741ef79dcd97f6149ea2dd486b6f0ce80289f7b744b1ddd558ff23ac542f0835a826a7fda1a7a3daf8f00b60345f716181991e7b5a7315d08af1d8ff4031fad302bc0f0431440c26ac33e307afb8e5b8b3928d79e0e7822b3e92ae1a7c5927b6b5b0e3865e59ee6b2b761089d23277ce4202d05a87c38ac868276dbafa97913622bb72b2d78dc5c5b5eb026511b127c8b99eefb9fa7a3cd63d969387c45cd9b60af8712b4d80ba5d6bcb4b47e4ca1486dfd5f8ee3eda0f9f2fbe9ffc6a305a0dddba4d69495b49029e01465e06e2fe274ad0571df8ed2952550a33cedcaf9d4863d4681c83a0d2d700313791840127283aaef402dd75909acca5a55d382c7e495dc59e8a4e762f74d28fb3e824bba593cf0a11e8f40d0a6be524bc76aaa9c8a79304172459f5228b593936051d6a7fa9514c43f90c039ba8d954f9ba5dd57fe7224cf095d30dd0630847f455b220090ca57f7dd87dab761c1509fd40925fdf9801d8f2f59040115e4c4292dacf7073990a5c775a4c87c3f779d3f80d679c4307e87c384812af4a7885158bb611ff77eba9c6e29e435457e3ee1c5bde4e1bf391e371c4ef05c6800144c454f87df8573d1887aa2d98e3c5cdc708bcfe4f8ebd688b48eea5c81f56e9a48eab26e88e732ad5fc93cc35f52b150762de24ec6f489ac2d2fc00ef164f688992dee28e3131731d605316b57f72e0605fbdd2aeb104f531db0cfb5a79e25e2ce78aa63dec257dd38a2cb747886230595faec43501800b0b004fd24e8b0089e7161be1ad3a8ad40724a5f7d0e1329fba515fa8affda0a327d6dc6826a00a8beba051ec9e06bbc938950a9c3dff4eab6a393e163a8077b263247aeecd5ad1684b1e5e0a4c421ce73869cad352c05e3ff9b121bdf8518cbf733bfcdea3fdb0dbeb996a3bdef38d7c56b4818aa5646ef8bf31566c19b50137168d88e70bf9b71464b3cc7ec89c9d1fe873016c8a3ed48e90a3ac0de9527aaf62af2c8338fa0ed6af7139a7b9ae9ce7dd29e10e9e53e4ff39add6be6a6fa9c9f6e7a2bc9a1f6f35c5ef082a4cd8ded02a08fde5aa420f10315ca3bf964ad8e7b3fa3e3467f36e15610f5dcf9e61edc38757607f891c86bbe8e5c04b5022c9b826c418ac9c9c81757c069e638ad4c2be4c4dae79383876d0c018b33fe607f0f5372c280f6c83befbea8a5b78a15aa9fb807fc745db54f942843cec9d576fc30590c9de3a6f5742ca42b33579dbb8fecaa5d4b276b4867d9d0efbf59b91293d86a6bce6f61cb2700ab5f4575691f72983605aa793fcd97bae568e99bde696da15b1c22bf29693b563c226548cd2da0ea5485e73850357e70003777639133dd98adf869da9c1808a8cce7f589afbbfd8d6811313dc7c17b01cca95963f554d661bc731ac4ace30ad12889d66ffcfadd71414b7c369b92b8b26b868c6ec7121f8f2546d13b26e71a1969430de0da4eb7b7521b5f702c52a852b95b7718c400d43f460b55e44dd5d24a38698399becc7ffd8e90495842ce19db4e97c7aac5c37c9eb259952814b24995dcc2789781535b43608305f33212f0bb82e52ae23beb994e9a31d16adfee7ef2d3fde1a03a8e569a5c53384098d0b8ba6338169a59065c6011687b733e2eb4945869ccb76d08168bd60b096d8fcb06660ee741735c8c0048f7b4d328beae79ade2bafe42ce9849f8805ef75d745ff9829759ffc7d78da6165bbeac322a17cf3f821d0f4a316962959bec08fd23b62b7528af91bf403c234c729f7cdf9d679b75d63c420e1a71ab3527261eb40a302b043c524c3eef59004401c1b069d5e2e6588f078db50e75877990521d5943fc37bc4e6e917c58a2a0e8485b88e3f4a1f7613989e08e6d71d44059e9ee6b2a7e4ca0be581d3266109edc00e08edd0ae669556441be4f4e2e4cca9e66fe5c085928d06d507eabfc100d7e1cd65786757d39ae8dd4c41a8d9933880480a9bd1a605c06a3fd382d03d558f66691d20e161d846459cf13b230794530ae4daea22f74244f88c868ef42af3c108c45468d18357f7120ac20284695530778cbe9b8a07e49eb1b59b9c5e8126e5e8b3103a7e6d52ca7c4234fba0c88b704d078bb17290c9623566fc68fb4ad0dbfcc49de1a9015c93c1d29031fe1c7486cbfa8629bc507822f9317ee005af8ab377a67d01737d69eb36b4f72b49a84988a199f79e33860f1a6dd4567a196b66157f43d784d14a4c9e3b25b1f4c48e5ab9d10d3f82a504e0f99a81698b159785013af9c5d70b86577aec58ca2824a42a3f82665f0d8e65b49e5a259e0e91f8e45c336d95c1313dc6d9ba288a7a007bf0142decbc6be326a483d1de518cc5efca10964b7f3d7674ea7cfb903e0816a9e192c347ed92fc413f676e8d1991a9f2d0a1097303fcbf47be2eac37a9a7f23ffe7df848c24cc8a39df81ceda28185f84f5d0f396ff9bce2b78d4a155a8170562ba12dd07c3ec00d284c66e7f54cd4dfe3543df211ea52f4a698222f871e0b62df7c4dc92f1af190acf59a4ce596552b9580d07f037d010f1863497ea7e2024c13a8026e276cdb3738bb80458cf273a3e062005776a5c61f92f6cb594da36ea149880cc12e212f2485267a04b07d50d27455bd47fd8d8508d8b74a362f2149caae2517550fc13eb10671880d5d07155a5d64abbc3e5e12f5c756923a7081c7d3bfd453bbf9dde0ec0dff4ab601013afd1fd0b11c9d38dd00ac63ccc621901da1fc6dbb05731990968b6ced1d04f6d07102dcda0f0d35c00d881c2b664f8eb423dbb77dbbee98782ff3c01c70d76d460d2a23019b01e03e828c9f3f90cc18b624a4951b278efed8fd634185a73b1fcde6c759ca37884e3b5c0843f04f9423dc5369bbf54912ad46f2aa2003b72158abf444acd01c759ca680c127fecc3ceda239099cd4e0b2fdc23806515f2be75780d4e2a916c59c2310342adccad1294969141f453c5d81f8e084291b26b1c97c263974097b5043a0561076231b319478a5f61620af9c80c302577f07fb86e2f57b6ac899fc761d91339dc8a0383f6c48854fbc1adf6e221f01c2ea92cad11f4cbd9613449bbbeb4ae3a9d06ec735d4f45506ffaa79c7e1e27a564edad3cb5907efd3796d02a6ece8315fb9aa6b2ce988e26069757a57547e50ecc1fc93f0890052dd5bc0f6d368f541cc56718c0fd6afe369ae2e986a33eefacca7824156334697ee1f2febd5654277eb1fbb59ba84675f3c74959d2900899c1823b480cd7cd3ea121e6afea22660fe0e373ed836fc73c616212ab64001530939571b13fc90269ecbae32b3bc87c11bd29d1ff554fa9aac56e812f9c85e31f01f74a45b086132a1cfc2c2cd0a0ea066e4b839dc6d0a0868f976398957478d4f10547aee210ad85ec482c2586803abfcc6f33246fc8cabfccd1090cb3ae76de66821eb105dd0a2d89b08146898890c8141ec42ea76bc831f55b452725f99c6b79202cc806511707b499dc1cc1d5bc3946481d3f0a6f2c5aa74f17b7d46b5b6ae91c5acfad8ada2933d66686859e4fdfdb491b68bf309a182453a7be16b77d1a06f4c45fe15555589155026ac83bcc0967f8b65b80a05f66126f61816ae1a40b8ed632dc596bdffe11b021b87d2d2d91b7b1a39079d31cc4da29d884a4f41296583e04db40f1c94bc107a67cacdfb035cc96e3eb579314a0a18ee55cf6aa79978e5f3f944248c30a9fae3b3d2f7854867c5869622946a78b26e447c3aa7457e43f7c9667a36df302bd645d69c695adcf942aa9dea424eb12bb6f94c065d2af8aa016b1520a8f657b2ade2d8b60d838b166ece53db0aa2111ae9d5777ad2b126bc0f63417af6f8774fec80f1b59b19df0f7203e0e7956a3f622bd9a8e7c6541e8cb89b9c9d1f9185ec2891b0b056f3e091a8711a0518c6e26123d99bfdc9396e56cc12bbed9d097f44d27a23bd54c2eeb9a951a3c737da1e7d44bf058ce15ba65997a4e15371c10dd87f062c368debcbcf4cf57e7e28f3c18168c64b9f3582397c82ef40d5f04f4cbdf08915d3272589af0bbbdd9d85593be7878d5764ef401fe3063b49d3568324ef511707337ac35cbcb68e3cf3985400ef103664719e92c21091b9f73587a4d51eac699e00d8ae7e81e0468c27de9891a6aec289086cc9e4eef9fadf6a1eb5baced7dfd41c79abfa4d2bf794234c9e2a6b188f27a95b1ec38af9cf287e70a11cdb582e6b437bba0a847c11a3f83e611a89a2f167759fa0ae943826ff20af61573b1ad612e56d57bb89b8e2a4a0e69dcd4f22433db7d781a59a90f4b5bb5e473e2ea5fc13814f4b560f1ec521798c260d2ed90a3844f841dee38a06cbfba116af11b3378c61e4716950dfd46af581350eb476d3dd0c32c03bdc9bc4788a69d42b08758176ecfb7ed8c5acafff167716540c6a371527537a568cc1d227b8bb3d616dcd7c750191fa17c28f9365a72ec23db1836756280670d9180e1efd5f4db0aeae4f8437da2790f5ce122541fd2b2bde9ee6a3aa3c0b6e07751503c44c61ff596e182ca399f229071650aad74fc8d63e035be3fa9addae82b1fe4dc2c33b1f3c687396154aafde69d090d90969a2476e04566628a8dee2b6efc2fd1c40944819027de3ff0253abf29d8fdb6379a58d05da9fe7ddf2926317fe7b175c220f4c1e61ec3c99b5f377c097058215e79317acefae3a330ad036b647b7c08cea69417fc8ba12dde89ccbe6965d3324520f3282343e15eee6e7b05e8d5029c5ce457ee4ecd7f8d67d2dd2d7b5e8acfd2bee72964d8033b6e17a82094769463a583596c54fa6202e8d37074b25046c8c58f8e77547587ef0c94f67a967b415349af9680225d0e9ce86fe813e187748b041d8c99f636bf6a3d423b4765dfd01e6998c547b94cc5e35da31dfc0a597cf57c197bcda9c45b9bf387166c2c5089707d3a476d738e3d5f52146d5720877b9610b12fe21609196ca096d1d9cc8db95f15cb018961744bb96a945267265e062748278e414fb64c6c07eac6de0d21a5f847fd14fbdee656ecb7cf89637f9725749dbc055ec8b38df7cfeaa4af01835386cf0d1cb0b06d90b5d6945b448aab7db7e78015091ccb2f5eac5752230d2c2cbeb13ea5b436238276be0ce7bfed6e101f81db09ec00a9aa387abf91dac6f917f2058c2cabe017580188339f13a56fb34f66ad1542827bb8cade0502cbbda3dd04c65b87a5375b3e6aa7b008321972889792943b444126c6e23939f0bc3956c88a1536f21c4e69f938568d799d23551dc604bcd2f6c4fe280f918d7dd6751709a0ab13442bf7ba5404a56d02de96f180526db7707e01ce8b22eff0b55ce162e0f88ff5d988c873bac0871018f8716543440801b1ffd3339034e3257406cc72dbc709bbca, 20, NULL),
(37, 'id', 0x800000000067173cded93cb4e5ece36f056a0b546d23030fd3ec3ed8f9115a77938001f714759270705b967c05916b984e3ff62af86368ce66642ccb61f24627cf9da280b94006e9dad9a177115d5f870525bb0b68ffc14cf983b32b68435c7aad7b084a47fb781a6f0c1157fa5a53c611a842514559f5fccb3cf5a99bf11105fc40326976e470b795, 0x800000000067173cde70940a77fbf90a192b4481a6f202675110e3e263e2b077a42e3f78a28308f36915d8788dd187b34d0a77b110dbebf422076f1fe5b7b4dce40346bd48e21de4fd7bf6f3ea602120d718b9ca8a990d64e13350d9376f2f0e7fd5acd287ae4119a527e77d4bacb31614f30f80d9b9d6d0935881f34d17fb51b3bf1be9b4cc5caee7a64e5c7b7ab69754dad9c2b3cb317bcdfafa8ea6907bfb6c417a2eda47552eaa8fc94c94cdc9a68632f325fcf36a173e69f889214a8a14bddda67738d350b704b3e0061a6cb630b7ab0051372ebcdf446607552a519ff45a0cb60fcf8b0a4f6ebe47edb63c4e5ceb7eb96dc7bec35030fee4193cad9df7cb66ff1c9f374c201ba247b4a8063269f0bf36687c29390d2917c6e783465aa70efb8aa780b404f4cefb7a1c4ed773a2c654919e53c5133b08810fc817656834dd4d79e0d16be4554257da303cffba8ada1042a6800dcfd68916f510397e519530067fcca8c2559413a7a78785e4f94dd58dba68b0627f91842ed45d6d16675c3ab210babfe1fffbc31d816495d2e606b34c89ce0cbca4b7a95f468152252d89dbb500fa3967202293ff4e5a709c78f7abad52199f99c949d0740d0e1f9bcbc286526f31cf26df0f69e51f21cede6ced2004e29e40b3858aef681642b1fe3d20a810049576573f25d399f2671ed19bae52e4e457e2ba379ecbc09a8daac59bb4c039a675c432fb6bc53a07d8f6f7d4eae17f6b15bf4c9a98c8a85e90aa5c7fe023a7b33ebc3dad1289f8d7c013a254f8c3275f21620bee4bf6d9bdd357846b160c18382aae56fd154cf577f4ad25eff6d250aa9584c6a889817a7bb7cf8b84a6e4a84a4d8599ba17f57b0b66d9f65556db7824680bb28e3dae62143426376211d82628e2f2b2b24a4d0dfa620e35b325b5b4c14f36042035393857b94af4da05c351acdcf01d3196e105cd1078dbb3a28b8d95d0e2a7419802a201963a509ce7640466bad9a25073c8a8a453fa669437ccd50aadce7215bc0889d7b45159fa53a9ec18d43acc69ba2ba8d9f028a1e9bf2f4148df5178908767efc296ba23c796f54257adf09243be178b283a1e657e6d0f2c61edabee14ed8ca274f53130a5ab9913b52c925de92e22f62e99e06505234877656f23f5a6228d26261691d6f71ede07b7d9d43d26b6b3a02ac47920bf5047283b3f3c38b781cf8b76896d0628bdb0638c5d0f2e1a07a2991deda812f46fe01f1f802eb6381151a4d04950a90b87360ab838ffa9616d7bafe94d2ec3e3152873b35f5d3958c1b90d0bfceb368435443a9d99ef3b1c43bc6e96b9b75a5bd16b0bb4fb61306ddbf3c8ed498d0ab5820a23d695039e00614456b5c21c80b8cbd651284a653f68337f7253da50c7ecc010acd2a32a046091e043f0e82aec9d8ce40075d0b26a2876fdee2ec41e0047f6921927d56e0aa8a2d1665806882968993e6c2648e6e937aead59f44d41d23c912f9fdc5a530ea695372c380b099088df4fb51cd0f8d04ff7c2e6ddf5f6b53f095d47de68b6638ff5fede97f5d2982ba9a694fe62abf27d7ba5bceb96b36b3426b23ebc64ae8f7037f4ebba3d86b3fd1f66ed23b2b83f11d3bd6f8f6d6a6c7cba8688b60a3eeb844b66f38533bec3505104afc15fcbd2f25e0f47be57b250afb9c2b299199d10409bebec74fb569f862ccc39ac868385553f2bc9cb7ba7634781f82d06eb145f08280901c484e21bdaea673650ab915f7ea80c1f128c3e8ad0954e4004c75f13c2c4943c8e70b0ff944c99adb8735962a442c57665bd68a44efdb65ce7576ed9a4b96d3e1cdff59e51b1d4bd269ec0453637376d40f7612c097de1845869276e37a8a16e6cf10327de84e2897a607ddb97299fb64e1f265567f144504a8f81b2385fca57bc79da541ff5e444f816f70b2d9243d9f443fb205463bdf66e76ed63711d2e6c690415ae789388f0a37ca8cdc4d5aa068dbc22e89a3f9a941047fdfc79852115cc84f30d885675617c3ca551cac24683e06809e2fc27e643a49bdefaa5590e0e530dc2b71ec681d588b67026e398bc6fbb770b2dd6b9d3951b05dce5ba5b6db9980f12bc89d7ebf1b93f5c444584fa1bda8875eedaf8ac263cc9d319270801b6477745fac218910482481d2daa735e745c3d848c2df51bd86912930c9f436fe638dd6c1c423d4af8cfa5ac1c1bfbe298cb4f01560d497f45efb04659ce61216db4e2fcf4d2a20e18e1f93d81bd8916fa64c2d59275c83bfc9dfcf73463035cf477badd65963e4efc514d52739669e312b4a8fddb51964a62ac6a758101751f5322955086bfa8e4b4c83e369ecb590bf2a086b04a6a1c290c2ae8ab266a5198918d00429fb033ff6806289272604d5f3514cb7c00f230c4099d6c7b2a1330c3e230e7349998ca55e8eb67e15edb203360dd01bca91dfb2bf20f94418420c2f8e782849b8495be4f71c03b228b16eedc7d9fc127b7ab3a1177a46525a53480023b9bfee1d3ed60209eab9997cbcb0fc50dfdb1dc3dc3fa76880a83615a3611320aa76706cd17d33a9c0d9fba0530be2cc99a1a7b788644910ff9753dda5acbdc389ef5d8fe3f5bbf6dbc7a096b097c0c5aaeaa8e1ca98b800254fe41017e916e5d03a46b759c322f0e31e381209713d0ce5f545fe4efa57d6cec617b8171444595d7bcd4c82182ce2f376fa802ee3f8b69e128e55d3b2b10f8d01aa8349d720f03b556425508d48efe025429149ef5c04f4f423f666897082855c86f451305ec96d213d507b19b4a770d2b969d5f071c3618ec874d034f13fc8a7276d0b5f93bfc6258245aa697f6563d94728a260ccb2c77d547e11a5208232d2fe99664a13bfa1677fc71dff6c8bc8efef732f1dd34e34e68723213b4317dbf126afb424626ec10687c72d6acd8e287bef268744299acca5a137a34781103a9ddc5f3f581d14db48b27b48401980ca8f155a1e9a8c6a5dc12d969e1803b41877223a38af817ce8f5f9e674766d7a019cf1f41c90cb4095b0f41c7054e597f5cc13ffe5735d0fd9e6d8c02c2521135e36dd01ce2842b9942f7f6d085b5ae26fe779728c9866a6929f746736ee352a0270c2619f0ccfd1ecde3ead6d5174cfc3d693ef0df2fa5448ee5c6a988ba9515f8fdfd32806a13cde3e53b7ba223448a2b27a4ea3ecdc79fc99cfe138a492d3e427ba01302842b6dc7c355848f415b834b4cc23969dc240d5a3d412d358bfd90f09bdce382661ada4e2ab4042a494d2f89277f4a066a08313b9880acad15ac767ff2fde50bba02f12f188319e1f56381cef2895a210c64f7e8e8332ab2a6cda2edfa6efb4cbb802cb06aa29d82332da070a1c3e944f7fc0d7a5ebc44ce7ac1997a147323972e5db35233dc323d9ae8cf74230922b35548d908e797c9968d42babdf010f7656013e074108ac2a3d96fb1315887d4797aff290996391aa8214c01400583c5c029fef6bdd1f81a785a36307b4b9f5bce4517691c8dd6c084dd456fcafb9d2ffe28335b582960291ef1205e4a75e1e94ccf107fad098d02ab37dc40ee4eebd7c71588ebe8fc6913818ee055399ec496617971080d559676f3b361cb4d1e9c76e3e4744d05e9305c0c0fe9a2ee334342b9cb00684889f607d1e1cf6dfaa0d80938cf9914573d087e817261d1b37482ecc2efb0cb984cc552a88e4798c7c399846dd5fe33abb33798d0d84e42edc9ce1e0cf7dc162e3b94b7d23c4ca20bddc58e4890affa7621ba4f378741a56fa8d4f1b54505486b3692a4bb5c53215657a510f2f27063b2d5f914a3e8ee1a7fda9723fa98b175617794dd8f5869bb20d93ee2ae20c2bb8e13e8a4e94bcc0a84e1067d1912557e6a6b21a623c997199e98b80d519c77db693b475bdfca2b5efd1da3758fa133c5e7710e3d7e9091f89d0c00bb44735b52e704f6fb508ceb101bd1175f7fa6249a28e648b0f761d43d8552c832caa684fbfc86c3e858ee409928e4b63a16f7aabf14d31ae394446c411823dac470dc38b9f5b63d371a5d299d767af8d8ec8842a91b59dc151077c0cf5ef9f0a935bb95d5b4c7b05ab015f99d82ac391abeb2987c69d6b39634f0a65c81a1c0077c93f331c3e195328fe66330039b14bd42d28afe34c963ba42d2dbba8ffa0076bb9bf39fb074b1f8cc508632042dc7f8762e48470565fb46ebdae7e1d73a9ceed13a6f3ce7889b0e07be00f6dc866dbef61e36a26ff4449664b583abd1a8b5b410551573082b0e5db63ea07e2f24139eac7fdb37d9d6ab3731f5b3e1a889278d5a6b976b2d7ad8d73adc6ca39fed63d1788ae129560910e327b6f1c927209267af78b8955fc7f84587585b2a5b23d933536a08d569a4bf4c0a56dd72c183d5b5e48e0d919a740f8e81a9b43e091cb1c0f6b7eef16ced3aeed2e7bcb4613622e4a783343f3060150930a3a41e91dc862f41062c9201c7b4e3fcd3cd310952f71c12839d97a8643a647defc748862987bae8e5bb4e0cbf9b7501a52ad999a82133cf98b5f66c94ec0b7ff7ed8fc1312af1eb2225cbbc4a09370dc5670719dd50a208b615b6cfda40b5ffc2d8a01e3703679b9a2a72804dd4a34c4b340ff86d814dd06551452f81d655c229b6cd802fe357e40f27907cb6daacbcc9d7399dc21a76b8f0f7c5d4ab4a08b58483091a6af30101fa8352a90e0e3e82e137c4f49fa629b4af2950df4e006482a71bd5349834a5d809d2d0434b5247edd1c3166b4038454ceea706f06c11887864025d3572aed45bf2b1c2cc45b0f07f916e6df8d373b085298b77da86930b2b02405d681b445e2f13871c842991581455e0347f9b3b8dc9c49217af5805c11e61a1c82bba9e56d1a1b888968bc8a2404950e387a9a2881c6fe80260dbdb28b4df2fe773f6f8d5ba0ec92671070b90b3a1bab71a3028b713ecee0a071ac1c13ebafb0ec629ded925b6390b3f6e3444b8c677927e18af84eec3f7d777b8873aeae8fa8370f8c2c43ca54c2302c9b338e6e9bc01026fc42d21ce0bb5680ee8a6f81ec8fdf16801b486ee2c2cca413a32f5af0ca3d49eeab3eef3d5dd958114fd63b7bf1c9c180b5ecfb55dd826fa7a37cedc3967f83a7cfb8bba1203a7a94bf34896c36d0ea32ef3aa555ac24e3a1cc04a42a1dab4ffd9e83814bad3054d6c53074f57461e1406d336e0bb5ee7bfb070f0250b98565f666f4d404cd681d7bb251d817e4056b5e00b8d6777e3feb437c0f3f50685f327fb423af5188c4a482723d63831a884b7c6d84c4e4ce5df9541cded4abec53e2e0442282274476dc39a80ba1b4c622633a08eaec097ef9d1dc4a628f1277d7add49ce2c753b8c8c3b7ec3fdc97cd4e954a67859b44d50ac6687ac2964b73607cdaaf8a9a3fe1f5862a73e7682061021ef6bc4f9b125a4c6dede45bf7f8a67a59d8bb07a65fa60db9ba54041dbfc6189e1f9b512d77b2e5c24cf5327b7911d5bfdd7fe2687a35aace9759a5ecbbcbaa6eed7f3b97b08dd9e04288655e2e48a26f2a0730044315f8a1a3dad03be549ba47b2af460bfeeee890e9ec09c30de503ce4d4366d5be4e86aefec94920a0f939595205221c07a3c4311f2132e704fc90ad591afaddf118bfaab5bab7c13674c66410229ee530c97f323069480b37cec5bf89e60f7a059dd6e0a265381435c1448e351f84dcd562d6d392718e7e6ffd9a451187537fd44d59913678ab016fda9f90ab25c2d995c0cb54dde797f43531f4ff9e89502b62980ca8df1fd425ea5c484482b91cf4f13d7a174e72b3df91184de89a2d64402deab541d8de7a8ae8e2064909cbda050fa601917bb7c82e41edd3044a1dd1ebdd87d0b98bff66d5339ac3064326f122d92ebf481d24fccbeb1ea41305621306c24153b07ed331081b055f595b76c0cd166f440cf54b1641615bf5f7bc5a82ec55d7b605cf30b44e817016c3330d1e61d30a270598bf48c8669704dabba62f547d9cae01c5622eb812df29dd5490a540f810b20fde36660a65d68ac736d83b912e10c60777232cf0f8c8f40c1de5de57a207bf66a9f6875f09e1b3e40ef55081d9b783f5c645fc73b3fdf271a1946f310179c1bd31a22240e6a2890ae7c5d265d0f9e7c5d81b6ee6c682bf06a5c03b3ae25, 21, NULL),
(38, 'en', 0x800000000067173cde2a84605700906b4f449c25f0effb04ba34d0b404e0d135faefa8d6f5ae4813aaf145571cdbf737e428da3f342faab47a540f71a4e256c87dcf24249333da2e07c52aac823154129037353da3928d7de1433370ca894bf0cff245a2d6006a43b3c31017fe40e6b32a6be0dd9e89f7a7c1e8c4263a2441882a5bdf4b5c739a2222, 0x800000000067173cde972fa0f9c9f9e6d7852da5d416738908e6eae4a1724695d39b116bffe296247ca0696ba307a09b25d3d03b10c7ec80b359c6f3a2ad52a005513586200a413ff1dcfb41aeeef4fe204cea1a66b11c738fe5fc8bc60f0c44f27d424bd78f1b851cdf9dd2614c136efa253573c4c667af338b1268744e8e21638d8e07a8e2b2096229f6dd4c169fdc9d5704bb04cb5bcddf3c74ba6030b0cdf924ef4f838cbc320568cba0538d01b24e6b370f12e26a0320ea1550b8b3085fea72ef3b7b55907e75416927b3fcc34659890b78f329afeed81503468690a73ddb10fc471601e53b5b5817f34da8d508ee4c6ab559e453845d239bcce44126fcf77efacc921634cf1c4b1a93b961b695fb0458f2d44963b479244a3e4022bf8e1d3ebcf1670541740ca9e4451e604f139781e6af8db63636dd71b499da66b139959bfe41c8af34dc5ac04ffdb337095c997eac601c656969d9acac1fff66c665249a554c7f1916dc65017ff1bde58887a4975447369e2b33f10d68934af8970158ad9042c028d4efffc073c294a366388a58e54684cd162ce79d27e2258d3f35a4047285a1cee46bd3dcd67c3b9d176d5ebe41c398ea28270e147612fefaa3c04d9f2d3e4467fbdd9947cb2d56d58c1bc8195d8214276661565fe2de0f30b51c41eff26457e018da252e9822abca294e6a031eff0620999ddd45cd6331cc78a9cf214d3fbbc0c1565dea44e2421dede18aaf738509dd00b3a8bf712f5bb410dab3452733df201c782e16d6d90df1677304f4ee7ba51c65d510aedfabe7dd4dbcde1739de8a2599d3f193fcceb3427f983bac93836be194f9bffb35f13b41585aa2550864a4f53c91fe75459be8a9669c487f44221200c267af958c08e977415eeb05925ed2755f95e4dbe1e09af67fc572e01c626481dc3932d95f44c78182bef20587cda40e1c9f1cb54f5493a07dd031f0755aaa5b11f885c35614418331439ef508c52779b7a8cfa1347070ef9a352ab6a182079f291c92bbad658f274337e2408ab2b4a739b0b31a649e99e17ab6e8b21541bd015d3aa70d9eb6783e052cbcecbb140ab32e0e42d738db7aea5e3c3485b18a7c65bb29cc857af41052e70a44131c6e1add012bfe9fcda3c97d9e6d24149abdc04fca54c746ed14a7f2f7edc12b98285a3696436504ef3c0231a93ac05610b21231e8cd367386b3106775ff4a42bf945d64c6e068aeaa1edf6b877b0e538fcd3db2d323299bcb480da73ed969f54c510cd47c2a558bd1a4c614079dbc8e01620a81c2de4a43b9b82732af2694ef37a60bb92a2cca1cbd635a891ad295132d22fbf8246648c095c07e9b8033c91759ecc063b14a107ccf1e36fec01d158153a838dbd31961ab9628974890775fc806af43f24eaf4e95093f57ce933cca1d43555585aaa28a8c2405c0c341333ff36802e461e91dd01d8f77c8ccca69e2f75f886ae95c3531e6792d47c940386acf9d8b2d4d943878e5f5e0166e0f73bf6a7999713772fa8551c991fd45b1c72415bfcb143cf6f6fa335cd7e364e47a19c011e531086e997eafdf96fd15bd76e4edfd55a132435d8d8323d361e57aa1ec7801b4a5f3e6efb2874d65a61e740f6f5b82044b80b815ccba500ef19206edf0016f4d1b6003d1815833c4c542314880e5a7b9358ac78088ce2baff269a60cbe87a82073880ca2af9828fc227902a30bed0230d7681554feaeca2c5034edc25537d2530cb4b8f7165ec34c3372dcc2fbc89cb13be8fda9ed3b2f3eef9cd33a364bc6c400758c913f6803e93da043d0afb3321c8314e322a8540e66bfe130072339c4d496dbbea9ac35734198e39ad2f2c2a6883e51b461865f6bd26276ef3d56b3d0781312843e5b275c15d8a83a993283f76b52acfb4afd5cccc07a86a11e3a302c6c14187c6638b9c44e365b11e69c820108c6b658e1e4649ed99abe1addb73c403ed57452f47217d6cf9fbe4e7ef982ccbfab57ba1dde4fc1d1ba22fe8698f3394bcea24561c94d03ff8e4464939d04339c633186d984f9f3a80fa092dff43f97169f0c1041c4245c47edf7bfeba923701f542469cc7ba2ceea2193fb61645bc3f431f1830e773125812a7655777ff0f57d35666aa229147d85576eeb20dd346a1086db03be5b70f60e49479a152f91b041ec73b8a5a4fda6997512289a2c4ea35641641a1b72c80fdd70ccf339d996699ff3d7d56ad6edfa31dfc0d170f1f9b0ac5313384a056db569b29c9ed92c1e9540529e8c67b6c350bad29d55f633471c54de41c40ae5e82582197e3ebcf5b1cd7c71d0934c696d877a9bf450c3b46fb45ed4fa7edb52b7fe994ac9e562b9b6aa9d56277bea09db4d54cc5f96eb5141398ae1d5f242f504770f0d1dfa5e7e21e2f10cef025e541b8e5479ab955d3b20ea795addbbd568656f6b3e53d7bccfe762ab526b38cde7b61f91ba1ebef5ce11aaa385ec3ee3f724d8ac0d096d040a527d3099d7ee422aab386c666c44aca68efa2628119b9744d48a51be297f3fde9a5f8f34145d6ce9bcff85d9416227b9d12c65a0b6c8a5f7b3f8666b25627521d9dffc420438dc73d0cfd6c1aadf62021f76d9858374b081ae3e4122b1dbb89a4d41e54419f9eb2bbc33c9b9806b06c51f216daccb1f08ca826fc9fe24e912853064d0809f5b0404bbb4b0c1dd8ec0bfa27ac699280dd0ae6616b6d31d1d76481e129b2e92efbb375337cbb05de0627dbc004e7e62f6a0a5123c839fcb7a3cf2100cc61c449cc4430afcf6abc3fbb907ebfb8af7135929b7dd587fb7e2ec469dc6b15c0fd22c6096f2a2e7c8d188052f605d8029c521c1564b389cb40d498ccc88fdac89fb0a5debfc96669b57e16f272db7e010204f6c8c401c387354d67e92665ff1851d0878fd3d3c759dff942d5f66cddd1e5137897071b637017729940cadb376860fb0ba2d8be885a4eadd67f5d67644506e05ac53144d9464fc427df8ffa555c443ef744d2dcec0f23d2f117151869e0a6895888a4dc9ee4ee69e22b72f0a0da2302ede6739dfc7e83c090d2898e2594630cc2ea996d42a6549818e039310504a8c9dcd83850f14c309778f5f24404422320bc2893f65e5fa16635387d95ea011ff914f7a6e117536c1bc371616584b66c355609900453e6784b2abe17bfa23e39fa9dabe47ccf37a2a3239329d27925be6715c143ba045043bd4bff9d046638ccb5939a86711dac67866fd7b44487e1de6211e3c62850c15897abe39916741476d3932c7b6ef8278f068cdd8b8ebb34ec86b15fe3a22613bbf9d5ba24e5282d25d6590cb31da652780755b9e7e277589fdf73bfd2c5a3a8f911053f0f6fd08fe6bda201b8584d7f80ebb09c0b870f53fbedac74fbbfcfaa326f0cde779c81dee75653fd6a3c879cab92e8aa09802d802d384f6928a1f758b21082a5cd40464a07e367950020f89185e5148c21cfb372055d3c377e9f9da1f751a73a2e6e7854aaa411ddebdb0b7e8ddb4fd490af378cce237aaa677bfb39ad58acc38e4c836ffafab46fe74170ba6c94c88aa3f67203aaeab1c5de42689044c723151f399b3b302be6708b5bd92a7984519335d69cdca1099b19b0d87eabf2b9717a69fb64dbca11e23dac9be5dd084302fc033f0b2114d5544e143dbf1fcae7e9fa4e64c3c574694a9a9800c0809637557dd60a922bf75512e0d25fa8392fd54c0c664400dc42093e32a31d1f9891ddbed63e5958145d8c76b07dbf5ca643524974822f226ecac219f3a8e05c5b0b83b0a69df5dabd1a3f65ed1905aa5ad100c8472f712e04a7b5f72cfcef6f328100a8a6bcdf8a3d71258daf4c55dbcd64e3e755a8076832042456af2bf05559b69fc46ec2ce99fd1b8ebf46dc584fa7dbb0a441c715a7506015b81c24865bd033b57e1924a723144665da88a085637992b9e21c9aea92374df0df2c14796deaf3cc215386bc92de7af3ba0609a94dd67723faa30c02467e397393a26a48d9cd500440dc52a7038f360645e61f312204377f19047512d08f2a7d76e32c5ab5af44a93635d11ab258c449ba45844229fe72488852c6edef230d0f050cbae946d01e6efbfdd4ec86ceddfeaf45fca1c9c22343681ff4081518bbe44be77b415417814ca606211e68605edb07de5f10fd8609d259a0853579d13b12856e8ef2ae9e4dbbbb46c8fd5238443fe5001e23a1cf3f6b0dea46977367bb25c9c6b6b4933b60930d40062e64b250a453201a0f92a7b81052aecdba0b48e5c803bab62d2b2c7577e07f5f0e7d42cdd12a2c64bf4016cfda37de5f061f3e10588274f3293953745a6a3f6ede9169faeb3a805fc4aa968dffbe9820ab6e13b64f8c17c6729046cdba1dfa1c40c26214ac9f9ed695b6ffebfdb4d102bc831d44307aee51ae0a69d265da0ac2818063d3d6cc28ae44f40d01d656ebb5e54d12a46590f392071334a54c1edefd08318a4e3ef82fc51fb0052d3e1341bc29fb94736a12f2f099b0b5358aa6a6fe27c673c57d40a8e04f3b2c9b82b36fb53dd5483edef584ef2bc93cc4eb1e99a358493aed20a19630c11dd78ee84e86c3994854ae5d036f0a7c0b83231d1f7a09f4391e5460437ad0c2178339b2ee174b8820ef012540d656bbd231fdd04cb0b11eea89529c5c776111460e5c20c9195e0939c2fc58c5f42edb8ef120b43236d1a20122a03ecabb8229899038b51d8d8deef63c320f6934485d72583b573d449d133eb6dfa54be1881844747eb13c8d029f295378d67133f13ce5ab5c31f92da363d3af638386acf29216471e35c33196f5459c76b6bf45fd973802ca01b3e94ae067d9e303249aaacabda9c881ec84041e61c0048ec295e179eeb1cddf111eea1d6b630fe7b34fba59bfa46b91f7b8d5817652d66312ba2d2316a1b4efd7b6cea022e95dc5d87ef86c400a0b85afe8d81667b41cb6c2ef3ca532e14f9ac4604f2b7c32d1252e90f6ad8012bbc5ee8592c696ba55ab3244f22baddc7f3ad9dd2ac534057c694ed2e14c29530127c4b0ca64d9bd6c5db31e61f374cb23e2b780297d8ffc8844cefa55c93003a13e1ff22005d1914d4ac37708eaf465549a054cd0187124747df16e1c9a7d38c6db6dc160d38de7b037643f465e29fc6b4412dab590922a5e94979366562571282283995b92840847aada4ae338951ddbf6464c9055e6e4524d85362dee23f62941d2257d09e522da5276885ece628abf28b65a5a0fcbd8eb370780df539a19bc5d70ca4acb8946f3c0974a909e5d94b721d32886daaa1091762e322565e873926d56b7bd9f58afaff7ddfbff88969f3015925171bf58f08f44d0fc989348179605928ef04df5e03cbc3505b1a3a8100eeba33291a1161718b7a592dedae96cdf3b8da614db21d4eca9f0888bf33a5811bcefafeb32402b7d2622038074e75f747f6184d1687c35203799982f33a643d7d539bb4f0109419790c48d481f43776b922aaad8219a6ff9352122de199624ac83d1c5b4623ab1cf8d170ab52525459ca8304d187086eb0c9e8153fa60b56a5b4b51273dcdc45eb59751f9032eef90c7a71f9171422f39abc3a085f80539baeabf5c99ab1bdef658752457b268754681078469d5f339e5d426118eba661561570e654ebd545e2219cc228e08f1af74f4cb6bb8ba2c4887a9bb8f2a1c5b2e3c40e0bd853012ff360a861a69f501eb4a6105586fde8851745d73e3a92b5a8b8c5329e4ed3e3989d2ef852162e6ca1e2ba12007cf9ec5f1f05f16338ec329c2ab86b98e888905748735eb04f82a5e3cade51bcc359382e177483df281e6b02c96106b7325f9a37aa96f8ef7c7c58f83c83bdb4489b780ed79afd14be90f1a6204337aedbd0611f44ccf273d38ce01bc59587bedd1ea27d56cd8d4215117b4ac43abecf4d60dd10ea7da4c8edc23a99779f85054a834bf00aac1b642e55e29fc7443dc2658bcac44975cbdc58ac78a4859e275d39b53982d93ad77ca74963d594935a9e797d5beb5d0a37ccee64f803afe462fdcc2c8838db0777498e65841f5eaf78559496c20577c9464b134688b67f6830e6d505c2f310a423ce78c81b3efea36fc8640d782962b45ca49c0a56fab55af1f32085fa59a01435ffa23a, 21, NULL),
(39, 'id', 0x800000000067173cdecd218e04e39286b42d05ffa301d2fa559b294f3f7769f7934a21654cccbbd3d859b97078aa59092abd9956fe32a874f56f27f4ba887eee95be8bfe315a11110d59942be7b02f5b282af0bd3c26acf774, 0x800000000067173cdef2fb747d7950f5c78c27f983bba3f381269302cda7b92792064d307b52a9330470cbe44878b37165eaec68200e237f326402b131899c679d4d1cd6c52d5204d3e653f0ce2357d0d0fecb2d8b3ce1f968c9a290da290cdddc7ab72fff704f73fdfc793e5ea453e784ddae97af273770111b8e7e08a0b9f7a0f5eca04bd1ee452e9807915a2964d046bc892774bf77f9ee270bf319002f54baa5952dd8dec7c1ef58f371bdf6beba59fff66def5c6e870cf4b79aed2537435bb48ef604c09a17d6de8a557630045e8b801f1162207de19ffca8a65a349941af3241445ad9e5db78, 22, NULL),
(40, 'en', 0x800000000067173cde0b2e3876d216870e11bc02973968c93503b0fa6222f4d749d23089613c26138601ddb966cbd8e6bbd38e1774a5ae6c876144577a5e86936da019864146a1753f4503c056a2ec12edb00ebf195b87e10b, 0x800000000067173cde9b5f0b52287baa1bc4d542daec42049090d7cda4d086dbd61829620fb165246606d4e2aa0ae915cc57a3a4cebf5ca68ab0cd8bfb91047dbae28f1fae536f3711c56b844d561fcd18b139cfe4d9e5cf059df179a45f3fda60a9c20da72b1d63415928f937ecd22a33e791f4e0eb9f0c726c9daa7a2b8e7fb7e6f6eabd7aaee7b4e4175c0d83a9681e605862ebce72947b869749c2238adcea39204981c736a90e9143d076a5b176b81eb0f9e506c4c257c1b6f6d581ecacd18f2c5b693aa0987dcbf349aae31ea5db0c855799b217b91c5781d666318831beab39d3fbcf8d16eb, 22, NULL);
INSERT INTO `frontend_article_translation` (`id`, `language_code`, `title`, `content`, `master_id`, `sub_title`) VALUES
(41, 'id', 0x800000000067173cde857babd765441c1b580513012eca35628316f2594385e6c40f7421c226831e660caa1a5102419ade4006e6a637edd030b84099f443284e926db3cce28977b63b46051c6c5ad49c6cedf8d4704485e9c213e5c9363ca0de1cd496129a1e16472d9f9b3c0123b1a0e69692a174ee1f1658c12f4427e53a75985f51febe65121f899bf474fd8a1405b061f8f6e42d6a1730, 0x800000000067173cde983405ae1d8f2a4f03f03511b0c4d26062f918f2e3d79a1804c8b9f9dd22db3cb8da4eb4b26287ae962ae15c763055c79d3b8c636da66d17f7403637567e64182bc0649e4a06a182915184649eb8682544754f321f5096884f54850d14d3b21041929c4309fe154bf93a318bd3b645025b1f1e290ff43154afb81e081c06eaaf1b7560364ce2b93c4d3fa43439d55f39e608b2d597d110bf5c74945ae923dfc4be7fa2a7aea5ac6db15f29c36eb6054c27b55ee340a8c237ad2eaa69e5082d8c3ed0408fa02e609e47c686d0fa2ab277554e443fd925555b54433551cf1e7916de4076251c093a8f4cf0cdb32b35c49ba05a2aaae567653388437a6f2dbc4842aaf9c2ade5d1d40d420e38a6a765dad7fedc1a18a728b4a8ac72e98544e0fa3f3f6a49d5e50cac53fde843c538f859a54a9d828fae7e76aa9c50e0ef1ca7e9a8f6c49ca5fb01df884e3897e1dfdb11136baf23894075100436dfcd4d65d44a485ea8fe6fbe35c8b452413a29a4e9c6588fa4029315d5be54cb1ae7f0804e671e946ac78145c0d31e7ee7fd03b0f513c39cfcc47e45877b7f2203a6a08513da31eb67af81358d3b9924e59007b22b762913d49617bc3caef335636863745f68a66d49c04cb3bfcb0f089b041c8058c0ce224cf46fa54639a36992e39c8af36fcffcf3dc45e520514443ed00b52a585dbab52a1b39f1fc3fe3eb0710b42e918228c731c78e980edc629f1aad1436bd351596cbb1c973f5e7dc38881f438ef0f50e89bc09df9d8593a90d7c3d45e4948570d33c4470b6caf16d18382c32e6aa0175ef6b0d068f0e00d8e62051e59009362db5d6d29af9a0e3f2abd10b764bab4786eb74c24d57d00d2505ad0d72f18498640d7703f54bb54d3a146d0ac2e66113a914983a2176158c84a844f100a1b9684b8714bf1e57f95d597f9690b3ad31f1edcc6badadcaec2af0d8b8edd15d409fe3614657a7a8e63ea923215ba7c155fcbdff3555688354169a0e7c6e58493f9ea2a330b3d8207a6f886ef5d2c41d52e3595b05ec633d0aa5e8bbfcbb5b8fd43447b97663b8c68a07bd53f2cb67de3c6175ed297a17c50c71f52b33e8a957c33c797076c9c78ff817ae3859650a4970acd2a42cd19c8c21682545f8276a7536d603efbf21360b95860ef7273cfe0441af85014679bf36bc78fa8337f48e52b8bb7e689a6d4ff0f0bc5237d2d42779a32aa16f3a7f035ff137489fdb2d084424b19d3aceb7ce3a4cabf24f1cc71f481c1de32345cbc45c5d196a90fb6da760cdfa5f710b1a5bd53d2fa8665c633585162e8439abbdb7db06d652c658c884c12d94521b17fee7f83fad70002aaa7a9349670eb5959a3dea022ac0e0844b101e0d02cf4db533b018b6b09b050aff358bf71f0aa1e6413ff24640452a13fca962c4be5592e0f34067fe6aefb2ab4f85a3dd2132d9572cd27f732af68bcaa4de4d9500fe0017ae15e4587aeec6ed3797f8bf6c90c6df67be563daefa4bf5160f2d8b34f907e3c403acffde40e0a313aa3764bcb904c65b15c991fb092ade7260eb76c85badb473caae9451deee2b46fd6288989ca1f418a3734b56232128294d4a3dd5b3ab6709c733559b3b7f44fb8f0fb8846feaa04f1ef8210038da357e56adb77dd3bf17b24875560d81ecb8ade486069fadd8f046d1c3b5d58ad2d3b5e9ce1b087fce4d5e2454de32e48c9381f9756a8b2f19ae558872eb9e2cff8be47e246beba0bb6d176ca5c02258d2c1a25e49ea19dbf7486536a63c06c4fcfd4ca0425d94869a977646e45c2b76faadb6424a6671bcf8479911eb9c9cdf9790b53bf3c84a450f12b37d8524b2e68fefab5febdd1334274462b74f483abd79b7cc356c1543c2bda38cd3cfb18e809b559907553d916b3e624ca5723fc6cd19a904bf324f7a18c554897aa954e9bc9a384e28c560febf9acea6f7cd7ac8490718cf90f2d383d405f96248c8fd462982b910ab900f73b26ef12fbb2530d57365990a55c98e744b57dfc6471a1949e6f73bf6bcf706a74b35298abca5cdc77249d97df35fb56d9218db2a95d3f2560c0cd381f6c990e596631b076c864c22f522bfef759d5f8800f695b4291ff3e971c7b7d37d3e53d1be80c75998cbaf3772e6026b1f83be7cfb53ee80529d80c6958f96d74d4889c7ea09d81feba4220c55ce05dacf71097727f05e6b42a33f7f12497271b724fdd80fc2e4003fc3f12d4708169882df87a2922d4c1f649c7fe92e316e834988a5b095d2deb7d9b77c82d4700860df67b6cde785b2523b406e1a4d04f4c0ebefc77be02b35a8803f4c0ec4b521a4ee5eb511edccb2ff9386f2367587c7213dd9b54d9d9ca908137bce69ef904d0ce788f8489e9577e81a19316456086193d24335f083a0d90bb263257ae4f7049f6694afbdc73a4999c53e10e8cd1acde10b39fdc636a86127bc971d0301788d90d8037bc384b35e7690f34e81ef621efafac46a1725b8223cb17306b6aa78c3f2aadfd6328ed6c6644d1d3d6e1811b98b8179a8bd68c98f49d395283622f5e957032a7b3eb3f76a03007ee34403065bb45e890f335012f1902f938c1546c60ddcd9cee3c4a29531b40fc647662c357cbe16368c9fe5caab65ededb83e0acceeb162ae4d86964e7f8ad601fdfa2d0213dcefb17555d8bbfa862c60ccfea187cc1549cce2a88977e1e7cec031712999813f48a33be2e288cb4533564b1e60b90e7232a94aedff704b64472bc799fd6b9f0f4734805b4dcc35aa0d02c6e62cb40618495fc540a19e2e387f06e90d7da991ed5612008c1dc6a1372adfe7ff22830b6e344fe2d465bda2cab889d902e82008855654d5b312ae1b5e0fe07864df68e90e224d74d38f34a53a24b7f0277a33594f8ac0089ecedc9516b48415fd7cc32bb063ee5e2d15effd11d050e70f220e6fa07ef20f60109aa8acb9f21f7ab13239541463a096995b19662b0671d05745bfeabcee9dea36836713445f1f1fc640fd2a7d302ca875982a8e5d1ffa51b044e5a2867abe068eb22f4ca1230a0971b27a21886ef4004fc2925a77ee2d1dbbf87032133630b98c05d2a99c9ace97544458c96e36284015f342465f3f7f8ff89a25678af255c2e5cb219646c5b80390a49016c1768d5553bf074141083655f8a21554e9c244dd55e5d08450f94cdfd9ebb98e6157e36571ecc5f3191334051d5e4a76c421521adced14ac2f7b8a4bc0c40f44c016f938e5057e117913b210c8196e91c07a39dc1d01f0283845cd2cf9839d93ff48955c9340c3c258ee23c62d6f67a59815d8298069e835a407111aa5dc4b27b9e2b1aca4396a480bfafeeb9f0e8c5068ae757f58752f420fda4e9b135760f67cf9ab7eaf03f8250ffcc4fa9f04471b4ca286b29021fd6bb19a520493c6e77e16d9323e2358fb4e2c3c1cbbd1721f78af4e5ec5cec5ddc4ced631949b1c0f8fdc39cb080d33be97c1670efa5fddb51e72b44f1440f53a777ea728e5bc2c439e0eb79be3bd6acdf4e0cdc513e24c97676371a0538b744222c0f6b9e5079513456dd06c90ce4478eaf3a310a3023b0e8fe5df7c88d496045060a9b5832ab65890e6127a0a58450a1b6a7f1646f15354170d2bd69b2fd12d4713514f9819c61776ea52a1044b8fc81748b432aa81296f81070b3cc42e22bf72e52824b38279ecbe940ad91962eaf919f12e9a281d5216bb0f28102e9ce7ef80e20ca750ef3ac737bc15724f27bcaec3b5996f046b471542b017662f2532104bee03053ab75f03e397bb1d6dc451d3cff419315276cb9a2fc91bcea2aec4cda6e53e417ab01334a1c495844fc092a569d5ea0957e4491e4997495d9a6dff0283dd41ad7b08c0f6bd3aa3c537b7a69202eddcab5b79e09ce6e22c710112169447077196bc33c3d1d2693844d6c7fa9ef08342bc70132d9d5b77be212ef9adb4ccf39cbc73ed27dab78eb3d9ecff2117c6a572264eee08b14078f04136aeacd6cd7920f0ebd387248ad9cd7758de355b9c4633e64999bf80dd6c62134a1ae015a4b1ae49b252367d8a65c1ceab6882553c9ffc415a9e9a08663c3485371030bf2e6a12746794b0898c5610db32d8789bc7763beff44a2ba00afdb5691ff72dfa97eecf2a2706112d19a4173fe31b3d3dc42dde9040855b461e5c8f0baa64ed2dcadbd0f6ca2e0f810355cb63277b04fde41277a703ff67e8073c78e4c76fdd9d34da625627a083c8a595dd677b368007c8a53e2e16f4b00c2d9d0844d8cd13672cc17d029fb9fadb4f7d285270318d3f7edd09f4347f0479fae10d615f7936141f9c9da3f7cb700be2b34cc493d9597e42535268dd35de1040b92e71d48399392ac2166671a511ffeb2cbbc2ab2ba4f4164c7d4e877ebb98a811d64a412c9c9132ff982842de68aee954e5ccb1a50b1e87ef808785eaf5fec130395c5ff87981af6b9eda6363e37d47262c4ddda62fe8bd49943dd79db96cdf318479f6317d9422164771c603bcf4134290a278f6d8c116c209a7b3fd35a0459fb6e9519497cc42e5258e75e8f9d566a29a3f02d94b161bab1ebcc59de5a3feb864bec2b704ec7f1d120eb7219eeee32720492c8e8f55022304fff9b4c1dc4304f099c99d84599cb8d01e35d3ecfc3faa89321a4f111ee86e56831bef4684917602012ff488812e3cc0811be5ae778792546db0879cfbdf6f7d3888c5c9c0639a54ba699fab1cb86abb5b3542c059d9a43105ac3209e84ed70c77f13deb37c9d6c36a3bc2756e0a30183bf4c7f0aad8b15a099a2dbb761215e1ff37ae24934fd8460a6f7a5d89940883010551dbff98c010d93c281b76a0ef0f1262ba86ab7c8790c951bafe1e740f2a356d9101e261eb388755868873beb6e58a5d43f5383f0c73ce0e1d1290f8495fc0083cbf3e02b29c247d5bc2308ab32a3c4a079893513f2a12b897301927b56bad1f4f930a9412d02eeb08af20762e5984151b141e4e9b3d2082b7f9d3dd6d8f66144df8c3a4cf4e410710a68836e69ec23ac843b84723adb15ea1a0f1efc17aa5ac1ed9579214bfe6735f51977875e0a925beeb26fa5a765870100a313bad858c91c847455dec5c4ce8d0343039b98dadeeaaaf61cfebfa5511ea584f1f32100c4ebebaf57a4aac2978ded2ad430686d7c72cd07b2fd5f791db0cd98f21bf27c19a920ebe1aa28d76d57c7c125c4c3c8a38b86bd36aa186a08f45ef9cbac8c72389c6e04e89ddaf3020950a9675cf8a51a8ed95fe0468bb07456459dde9e690e659f69e8fd50418052f7ac3c4ec105b4b43cd957efc8db1697f50fb06cc578b096b298ac27a16c2a807d885641767746828671125de9d327940ce8415edf76ff2c5a9eea1bf05c558561baa3bcb6f8a7345f0952bdc5f08debe229489cd5c8a9d4c8472ca77c1d47f6f27d1f31a68a0c6bf544469ebef98f0fadf6a9a68d1b52ea679f73824f8519d2f0cad3b5aacaafb08bf88c7797e67e06579ee1bd8203a9ab1ed0f8b2d4f2aef87fc9f65804cee918c868075ed5370ea4c9e4e59274cf99ea02299a9b436a352dc27851377b4eca0f2e0cb114e8b54c8c730dfc373608cec7ac723a3d898c93264db64ef4192a58040d40872c6f60b56220f0ab83d35f54d2471f4e410ee57cc06b08bfb8d1c5208f74df3de53785a56abd25e4c64b06b2c85851abd6f555a94047bfb2443eb9515a73e4802d86d9c4862669370d0e8090158094d27d730756f6795888ba1da0e4ef0eb3b8933a5c9d37c9742271c49ec59e78cd5d8ae0efe4138e87ef2e442e6f1529fdbc51db087d2f2117e7ad8652ed97c4b4f92dfe5a955fbf89f2dca56d42bf431c6e46ce90ad4ca4d530dd62012ae2d46ced85f957efcdb96f6133c3411398ee47717e97d493a96b2d138144a449219bfb0ffd302886c0d9131870a83f23ca40302c39a4aa63724f535710784d32c62743bc01e46f2f30221415068ae1e9b448331d6c71f41c95d4b916b8091f92ded9abd2392bf0fa4c9a521424fdaec306cc5b38d4bbda5d2ef8392dd5f9abb68758b409f05dddc655285f5a7f68d8db00b056393d1afd766c1774f519f1dc43e36d4060a8bc3d53fd6dfa7b424472c271d83eda0fb33ccbba59d14867be105590b2181ecc6fd96efd1f8ecbcdb529fc250683438c7181513fa8966809c8e31f5919e6e5e2717122d7ab7c7f072ae1a850ad344cccd2a365697060c0757aafbe428c4f06a2322a7aadfd4aa7705ccd806b6a6fcd372ff0887209ceda8561124ee7af3eed88d1d3f57209d12c029e0b0b9597be042a804b16f2c36ccef08e08597ae9185469a382bf1b5eab1448df2ae5448d6ea03c6142028120458654466b6b76f73beb4d25f9964f161feaa464d0b39007fd6e4ef241f79ab49edffe719a306417870cdbca592ba5bc72ff88e74d1446ff989b345b9649c97df03b3e3d4a16440bf15d78c2e73548dccbc4a563d2b5427ece94caaf924e93c29b234c6c88c0b59b1107347edf856c69304cdb2449a3d7b63739549b35dfae00011b8af0ea2839b88590cd0d8043832d6b03a06327ac4151fa4161806a6831c7109ac3c6411f75799b9a783b9c45b3910b38ea7472ba3738c2f6dec62990ddd72aa4c197991ce4471298836ae3bc3388ce7367ff935d43d0b26fcd5d6d9fca63baff64264e7e1e0b98bbd1cba5d226454e878db48b76f53e034c9d298b31d561b95cb5c6a3f74dfca9ac63cbe52403f828d6c3cf0695f9f3fb8cf77fe578ffd870f8f76d599e599044d26173a8f06c801d0c8c7c4908bec4fe3b1eabcb4bda8155fb1c064ceec53114e11f6086eb158b779b8543df139b6373f046dcac95a8843bba350b03b8bec1bf02989908cd5779d0fcf97d4db054ef08c879f44018272a7a50c2197c80054ece2f08ba3c5043eff024df9476e6f244ee2d06c1e2899fae27d13d5153e6cc8a2c52b0e800003073eeabd688d4d925f07f5d2b05f8e0f881cbd738bf6287cef0ec16fc6dcd2cacedcf6ce866b531a8599599da7d1155889b4fe1e51fdbe896a23d0b5aa37f64f5a64124a83dff796157062ebd984440b16810a2fe94823dc1ec0cf928909d90c62bc804247f87f5b41863eaf875f60d211337d22f6c180ee0e6739b0231171a23a663e4d0af2f19f4cdf47719cc8830c95a8487f1ec13946af69050e5f27650eedd514277504c9a2eb08ea9cc2021a9c4f683ec45e73ef2ac2d12d43277279ed7a142609a834715142f780407cba2982a5bcaa56d34d8eca9b97b4f2dfbb536d74f6ad1c9dc148041e3412c16ff45d1fdd024804949c7565e02f08a095e234eed107c28f73fe0fd6aae7d6fa56f6969e7cc5654bc0e0e238c37b62edd66437df9f1ea504337119a571f5d1796fd4587a1f30551088fc904b8fd14fea6be958b54fc52b7b61e2cb1642d2ea331815c5811a721b1f1b432da09a223cb20ea30408fe83c6c5a99bf713e65c6d1b038ff2f4d6512703b18316c9157b023e160c90f29d3a8ad1f3769cb7c9cc34025187ee505dcba353b7ca2fa92837f8ef906778d62055716dbed057c8faf7ed2611cd8fcb5ed1b983db35b0f47c76d37efcdeebdcf8e3, 23, NULL),
(42, 'en', 0x800000000067173cde14df79fcb9c772e12da4b41dc3e6612ae781cd3f21de296bbfed3da2bcbf78ddbe51ea32c6806abf10409f273c79f9da311b5e4f0ec07301ef98cab7df34b4bce50fe01c7ce1784772411538f6a0f09b7e350a3c74a30db15c4443ad3a5810d9210580ce5ea69eaff311861128525707, 0x800000000067173cdee45b8a2e6090f233ee60e1ad6a78c5c80c60fe5e11640e90d0973c897f7a4a71354a35d6e3c379c66fd0eda114b3bf0206e967bce42c4744bab5f1fc51699cf4f2156ad83be221065d37bf52ab3937979fc881acd086cba3252a6f808c0386e6541f4b833dd4c71d2e0c2d39dea0a85283d718738c1ef840daa70f5d4c4ad2137433bd05e0cb26fa92d953757ae42cea99f9523f3fe5023aa32659c8f40021f2ee39c4293b9426ed2dfa93961893aa50dfbb139e4072cdb19322b637b81fcff6de6961993f82c9fd4af7253422e59e3b90cd0000592b04bdb5657ca88a6d9ef4a2151141dfdf5e611f6b54977b5f7ea8641562013e3a7f2558b1a7afd1140e3130f996340132764340f007a340f140528186628281f0f3491a798b0f22d594a5e206d39c3a7bcac691a6a701c91672940745b3f1d26326020c61ed5e276eccc2ba3107f96c7535e67977d2fd922ec0965278a38babab424bee0243bbda91984cf780fbb7b4dc2d2e34c71b3e46e4ba594789618fc6c8d7e2c895173d103dfb2da404047a47a18b3330028d97047a2ce7873f372f63c90ccc84a1b69e10f436696e856013a2d14543267f6da5d36b3ada2848e05d07341686bb3ab7d366ea572ccbf0eef18bab8ae5c9c18c78f6c91397a91e4c97f2806ee779fd600dbc94a11ac4e0dc37daf4e5a9faeb061473dc00d9db9060c3c1cb5b9fa8977e75c1b414ee00601bb7543bfbe04420d9ba68c516468a007d0f583c632e07f89846d4ec57c770521d17d4040a4f4bfc711fab08b1ecf76c40a4216a4624900bfcf653257d9f6d018602b6109b9b37bb95504d496459e6967a34f97a31afd4cee4e5d0411eac5698eacac23e1326b0b36a0e5fbd955f2365db0f184724cb4be291f55240733823ec0f5362615b43529e0398336fa875fbbf145e23a8fd5a4d1da2d4426428ddc1f4c5b17f363554be71756da29667b0466978ff51a6a46ef7381e03fcb3b7373697c388a579baf3bb9a8c8ef7c1c5bf204fadd8f88bf07a173c8e21217ddbe49c3274bcc007e75765ebe68de3e3ba52724b686152042470408e7e350e45ca0f957a9c2e883b0f7c41daef41d745f6b39060a36cee035f3398ee162dfd9c2bbfbfb3f95a7416d52d87ed55a8fc938e919d032309b0bbe2d8e5adb477bbd7c6e717721122060460e9b1cc674b530b3a119bef30dc58803cae8efc7b53f3d7d257c110fb96ea9c7f1a7b13929dcb588be2620f4bba82ec5972fd1284a1bcf0a3e5532df965ad21f9d4bea0d6420790cbdbf0bb68515e2919e5eeeb0ceafd92942d77d62a9a8a877c8f90de1ea11c5cfebffc88390d61d3114217424084b2bf96a398f73ad06ef23af719e902b943f263b6d2781c3459e75c20fea91b53ddd65f1db9189eaf0bb4c7274db3a4c51ee1e390ffbc7eb8629a04b766e3896f13612fb461d47ef9980f70336330e6c1ab12dbd7dba806b42c8b2efa619221fd06a39027a65572cfdb242d47e554d1e593ba6076f12e6445a48f6579cca33af2faa6b0efe9e14806a2ed8d1a765be32329f28eacc8c94e3ac4d7100ef0fdbc5dfd522851fa23ad8aa633cd5006a6ce7f62ad042d9bd5b23c95d691f4f4092f993af4270dd71ebfdaf13ee179625a527020aabe3be939b5ecf1bac0553d4807a7a0b67348964a8ce167e1a21e1c056bd04d708d437525e816df82fe596089a5eefbec8c3efcf18c98f9a0c6542272757e2f2016d81ce14c7931e148b588e6d4aa571bda06e07aeb71e13a8747bdca34780b4310da2c72d8de92d2aeb5205bc820d350d56672b88beecdd7a2988bb2d793f5a20094326607bf3fb79cc4831dc8f90969bbd03b4154544cf9db0a66c181174d4d339a640de3a90536ab1a97a539e1ac152238a9a582ee67b9e7fae5f0826aae6d6b9cc914ce9fb676ca0a20e65fbead77190a562a287aef420de54b07bea34bce3f86a40deaff9cb8e4e9f5071f70fa5777cd959e4aea179be37c7b902a819e0ee9f9a3c89d99a8197037e92f8a085cbd64450589f47912ede5ea3df94a4bd9e42ba1a3d6cf885dfddd8eb7786551c466040839d29d93d44cd8c0aeac99286860c6c1d951802417c7440dbff958cdc339e0eb698b3fcbc386557e125f1fb3da3354171d9647389ecfe3be2b86d28300cd2dc368fdb1916b0b4835ba29d3a0fe37e2fe286766a204e85a911d8eebe03b806c1e8698759569db12b28a1c6204af09e7c7fe37f8265df3d211a8e5bb242d1f7f046bd0569364f1c8517aeb57e57c616010bd6e3fded87350b9a69bb84d568f1483e19f6fcea2bc4f9ba3983dc6e84ad64bd51112ed05142d504a6dfa0c89bbb712b7d1eeb88055b7eaa05606fbeaa7d1235ff8fc0d79ab56fb114c8286d8961d3e90171027bc3073c751c00bddd0c995f82ae926b5f52ea7a2356ab6376e858f0710e57107ec251c4c65cc5cfb25b4d8b1311f2ee582813e71a4538e2bc88ef867964cee55d5aa0ef0e74a84d06302d473e75812e08216d0cdc2d142f9d4477e5a170d86ce0919001ef82760067100f0015d3cd14399ed669d49e80df32de979c88439324dacfd68eaf7afdb6d2657a88ac0cf3fab123e0f28ea59d169e5f7473c11910bfc2dc065b0a933a66028efa264be63e35288f0ebe04db4174c0f4d37720a8c6febb587aeaf997af0f85ee492b74cef86efa3baad0d546110d421aca7b2b12f47d78df0d62fdd882f08ba315f582ed2520240e3ab8f3a8d7667f1b913c23a7b4313321bbc2e97fb03c1162b517831cee7d9d28f8551aef9bf7c6749deed75b3549533905b7fe3fdd93c551c059643518b8f6bae1dc1b1b86cc8b02ccb6668564084723570dea51a2ea5360adbc01e87210dddb86d0e7e3facbfd8c250f5ead9c9510b6012ad69ba7424d37ae825b8f57292597d861e10b889d9b2bc689c70028687c0d28dcecd1c09257d42d38eb052d2e60b6cd3e1630bcb63c0c3036cc5ed0988212c672a196bf93f2151c50fa985acc7ea39b41686304d50dae732f2df195184e09aaed5a7fe3c2b995e993f7e410916d45098314ce7d39a82566a8f1445a09dc6f414acab55ac6d68c352239e27c06c06f82c207d8550a5bcaccb2f89d41c108daa61e63b553a2cb2e994af827f454d947e90606618b6ae27aadcc8930d92e6ea5624de3422b8ee33f1a9e3cc3ec67845d19ed251412d94b7f6085261a09213ea03058413dc9f54bcc65893e65a0241330e5e882a11091131d44cda07f671ac11c83d9d66a7de128226e457ae006b02fd0fe83d487dace7a3f249f643deb717c03670e170529fad691b36db35a773ee8ea1b7d7c86b7d17f64692cf14dafc18f92d954b930d51d6e3e78a52ce01b987b9c32928905dd2e502e1e4fd81f918606e58a5ebb7644d138932ee5ecae697ba5336943ca58b15a56e1d842b1d29df3dbd7198b46711abc80f3fc99eea4409dde97e1ff2817d91cbf9be28cba03e27e8508a4f5eeedb542309e7d3521b857d07b99a5af706a219aec20d227d5ead655cb3a9da1ca01563b25289bf38b82d6faabdd754dc6a612780d9c572f542f3a3055497b51423296c3a09196f07802577ef61f0040a2eebd94a0bbea98ccdb4f6c31cc1034aa041ce4c8a53c7e577715ac4dd099f4c0d47b6c31c12104ed9bf16b98585cf182a93bc13dab97064706519422118dec0e848fc25dc441471d676e1062cf39b708e4fee3cb5e0b3381ec98c5c678e6bc08658be5b7a790c279c7a964b88f2c8e0bd743ba49332f7d8ecfe2438d341a9c9fb6371542d58493191b24ebfab9b533bfa8f89a23894c5feed70e959e1c85bdf53310fbefc92e8a842c69352a0f7107512929f1bcfbcb30e0a9e9ce5da8631e27bb745cf5179fc913fff36dff6cd4028bca1aa5cb72495ccd2017eb7677bcd63d83092c251911ce4f31c9021982b29e52362f47390ae3ec45afacfea773de54d0a6d59dfea8b448243119e61c7932ee972b9fb43d005f28f0650588beb02433c25e36965358091c472209576d35ecde06de51278a8f378fcf455af0a66fc896c837fecf656f0b256bf2df8b71c4940d934242b8c0979ba49845ec431cf915d29a4a5333978c9904c33eb476bba8ad1f827914c49050c621dd020b06d1218c5cdbba7a621069490887a3dd8f72d0dbd2a5e3101705c736283ffef54000b6c14e7d1380f9e9da6d7cee8f2d66e696a884bc579bea04cd7f30b09707fdaedbdf151497cd890c4c7a9017f7351d797ab1e668f3e917d54d735683d11f15e9d558eb50d2412fa9e550c4443826bb0c640cd5efba1d262fbfc0ab45d607f82289071e1af09e6a16af0f0a9052512ff03bf533c77d2aaebc221a9ccdbb8139c56837dd6d65c3ce255f68f170d640b255041a46d375cb3a364e785209849fc278743f23af09e65a1d0323310df98252d94d662cf246704f83121a03caa096c4c945ea9c54f516c32c8cbc51d71ce00c006ed23e914881929c673357e071376e1b2d91bd38b305e3c9e21032e92d8ccd457052d027833cbf4e44412b80987734c005dbba920a8cf8582c0a00a3550d1d416fdd1f51e7be563f3e8a119b82e43c1282db796f46534cd24bfc80ff767ec2bc99b9180d3e27cdf385a6c75fb683b70768231b3b914005e9359e160a96c51204e675a2e94802a44648d61351242db1c50dec7cad1594f7f8be56f64e310862b643642bcd32ea1946081be6fba0a9a28a4e94a3c42fe48e731aa53370ff312dc7c6e3deb35acecf53c79505bec0dc9c55a96121bad4e53aac1cf50b93b8a81dc64ecc7269a5deaa04157e1c82ca14ff4aa597359e73c922dc2621498c12f767e5888e0cc27335b37a7cc50d8b41457319fac135957f82cc5e6f53db6e76b700b65cca88d20bb14767d31ecc62840734d6ce90ede921a4746c33a7b863cc649b1e521b9f9fdb4df32bb012d7dbbfadc3c08039093fec4549d61789b8a093b2f05f2b16f3f72f24f302c2bc32d4442fdc6489beeb7793d9b0d87ae6b9370b0406c0293c238706f1b27a5c7bea64893da023cd0a2a0b806d003e7b1285857352aad3951659cf43a58d4651f41b078f2d6c6efa5b868767c64bb37fd8e2d2150938a0475d67cd8d1c2400c2362a79620080364180c0afe4fe47d5c48c78d3b66b32144dce23d5264342a461b7539c8546b9bb7d6d2711456b63db674fc35da049a60db96650a24e96b9d693d123d28ab964775cab45e787af5efc932d826e1573bda74b131f9b884feea57ebc1d2d0e9bcde8c7b16b44f1c992d4ced58d32a99d06a778c83ad8c634bfa16c50bafe8fc1245deec7d08ba12e222e8651d53b03b495d01dc3cb1ddad26be7e1c279edace3723d4ad2f3e698e138f666ec2109a1c9651b3817b71783c162213eba0dc31e886a37d45909f1c8017773609288f2ebfd08b3df0192253ef0a266d82b34a80d351aafd4c91fa6bb8d29e29fd702274e11b2f32be56be2d4063d894fa5a025ca1feac3fa8b9336a8a1027c5daa0662711ec057361f7e32502c7f1fc91f8ae84376c3a13ca53d7509e24282b0b87de149b94d1861c7ea0318bb3c5f3c9e25d59487656fd38d7ee5c15147f057b1fec33d641f3950c2c33ebbc7bcfa8028a910482e8d73341f08ff829f8e3224050f3c3358f2aaa0e459b6b50d1806d4c4fc1ee97aa0129eb2c5607bf00c870a0a821856aaeb376aa2c4555aeba9fba00868eb6e3bcf30584494498cc191b3badc1606b6f73cadda6c090b910c984e557503c32597e8d7c68a1b77003ebb4a0311692a29531136596453002fc30ee37d630abf2bb7e4f68275c53cd938831e40ccfd500cef5502da41f61583c83f479ad0723639da080f1786541c3fe65f3fe9c7cfb64def63f54e907bf632bbdd21e458a38b76b8a413d3ada4da7f8f7d2819fba80f72146f9489a1357934bac7df038621a429d2817a8bbbdc684fa7522ffac3e76ae393b39e6f41cdeb14f73278e264b057e638ca37beee58cc21f372a9db975c38e4f7ce0630b1ca0cc69a56ace3994d90f33841acba45c8a43749d85bebd5e1701f2c6908cdeab92769d1c39c671bbccec26621d6d5f03c32759669fb3aaf65e59d6cb87bbd7d0cfcb404071595e784246653459fc38782d26d03b29abca484891f0f1e1fe5abe2daf0d841d1cf4aa3e107c8a37e42602a24ca42e3968a6cf9b48c436f2fdfd41276f725cb5511a384c0f036cde07a5616d7bd4ef1598132476e0b0406cf41fe855d74eb5c7ee08d1613e1438e4098c199b1e7e0a117d97105c6b238b6521f62e1132e6b655a0eb725ca33651257b9752a09f4a31c8a9e55732588f0c2e184deb64b53daac30b71b3460035ff42bd82b02481208a46259d4a92f871a0ef1150c076f0f3aa599092ce6c503c151e9e4857855f852115c4ae76afaac9f275b4538d6a93ced8e663cd3881ba4923fed59e5bf41ef96a8dba1f8f9cb4b44e8b26fa0ebad0ee8321e8990171fed8c9469f4406886506b8c13cece1cdfa40c2fb8063c1f476d4c25b06d05ec910ca3985700f1a7e57698891af12de912fa9d5e4bb18609a4eef579e6f29753e38511d40deabeb35dbf40c376d3b9166f8ad9e6f5fa9803eca82a1ac6381923af0a00ee6afb3fbd8e89934b762b0abb103cdac6fb4993335b82bfebaab83e240a2dc36d3d4b15993ed8c7ff39e14eff56cded76fdef333e2ede66f137cf4ce788dd66c6b5e1c8a0a8727a0495921c6aedb2c72bbccfade5a72f82359fc605104be69d842ea661e1a8408429f43bce6c47ea90fb89f8fc7d862357758a9a4a048cdc36895c8d2d8fa3d96e1e09f6953681f87f07ec5da4de2015bd3beeb4c86ff7aeeace90b7bca545e0ec69fb4eca674, 23, NULL),
(43, 'id', 0x800000000067173cde9bc88774e015d55b884b59f1c7967a8486fcdaae31e9cbf293f735c4bab892a80b8213f5ae39e57cda285813a33f256fe66008796cea65d2fe1bbed1b123e45173b031d61dfe5e4a1742291057d943677890cda368b203e0810ebe4efb0b03a02ade900d7806434ef791a304cfbbf4a6fbcc418425f3b806929651b8eb5a3f10, 0x800000000067173cdec17f4689a6a1e1bb7e562e2d141c148631a0455c7127a50b2747606bb86ff8c9c55cd512eccc87530fb685f4c2ad0f233de93f90340bedf9eeb3c09b84d6c9fbe6e6e78daa439c0f60b4b77ea0a28da52e074ce569dfc00b901f71ab076317f99c9e3c0bcdb94704ba1ad9fc6046e04749e46c561c1e9419d8a27018077a254a8bd683d0322dc7d8ba8ad47346ccb65080fa5a9ba722e3698c36bc8a27f1d332b7c4007a02d9081882249f496599e54910c5a86c923bb70ca2308734310f2c75cd54f17e014f253988d1caa182b625b3af2385000572aa644222541b74834c55f21bcb998c227cca9293744ac4f4fda1c5bd072399b3c63d827202044fa48a1945a8752340a48e9f860f40a4ceac6f92666c5a123109389bdbc9f2a09fe1f1c4e44f124c2577f74477ca6ec45cd5ba854d03ef7b5102e576654681d3e2d3c9ddcd94e7e5541a78e841e2121244273502ce0afb5eda51335e07b880ab197be4002e6c9f97a6b0891fc4dc3b3bf2c1fe6bba5295e9ac5a62e6701cc2299df78983dc2f8ad87e171a61b8957a4bd920b2010bc095c12188c9d05dae10f26939b80bd9ccb7c3d814ae4b31ca24c2659db62612d9cadcbc8546c22f95233c365ccc826ea05a1fdcfa1eec18022c46e4a1dddcebc912ee24873bf45b5a441c73cd64d376f9ee49f0d61102235ea0324875a1e15072864a05c56fa902c28fbdde35b250c94e006af40ec356769291cb15e5cd4402faa27f3c5189e7f2ff0678793c9119c4006ccf057a3ab5da24e8299b189ba915e39cc5149903f6a243dbb9537d17170f469e5930f33a02034062a60d17f8b7154ba74cc2cc684977d658435685fcdac78616e1a3f0a3f8e973ff0d9f74a05e870195985002822c179b5163ed9d24835247db136304c4e5533e0a868a84072895f37b1dddbb2f91bf765bd35bf56cd2965c809844a1486fdb8668be8d19a9fa3b27950fe64c8ced274f9212529ce120f33a2eff563100f969b98cd7bea60692794944bc09308b8aaae83bf82264f7eb0ac0bdd5ca2bfeb7e5a513e136f2fc133280836f4637219a0e3c04296c34b9970eac10388ad80fd6ff88ee5af09d008ae4c76291f8ee3acfb22fbdb6b8c224f65ebf0355e0e60c3529bbaa7d7a9ef1d673e76b8d2d0478fc4608d82c632ba18ebfb0bdb4a8cc16cdb334972196bc4bbf6518ae984197c1c786a7b23c20f45538404d0f9897c7fad04c5735447b7fd7da163bbd428050bec6ec5f0a23b150384494147a614d74546aee578ea69aa174ddd4478ef0fe02c6ee6393137d61f8629edd6a905f4e286d6d2da6a86213f27a62cd888aec3fa5c818914d60519dd08bea5f0a60e16c71c9bf2c3f558592c63162df893004270ea1e2a252be52ef8a06a47dd5971cf63efc00f1cf0d74cb96f7434d2c91834b42b657428e9d2ad15404b5c430b55ed292f2de830cbcbb1880fe08af946376b6955b16fb802cb5136ddab736f8d7d3c3c7810c5b97dd69ac587edfb759d4d2b51abe30a087c54025f21747cfc19b292441343c41ac594c8b9d820b923e86b149e664b573409a1f25a7249d8dcb9c2034373c2a54df84dc8b0e9c3f639f8f5a5d804189ed90a7f585d8d3174262ad0626b7b23dc7f7bdf110065cab72b200d62dbde462886a2d43823b75780818b88ba7c9b5b9983a98916abdd905364cb442d20972d1da617df8308da9543794314a9fcff4f991b395475cc042f8f1b69d98442f88d3159afb8d910d69565d589f61665d00d76c5863abcd9cc597f294050f8075d1c6d948d63fd0a6040f521679cc6f0e419c02c08a4d406dcc8729f918367298cd3c8ee7add5e3ae51f9d87104cb9ebe7dcc7e1548970ea875c788f89ed49533edebdfe901536ab6686d696488775f0ec683ee01dc3f79a29d55eb95ecb5d50b1dcd7df4836795a8a40e16048c1fd0d6a6dd834b74b8f1f5b1f8e988821a8c88de3941b049d7da1f1ffca4c472281aea33b56a192b105c4fe77dcbc3e48778c9d9be5ff1b7260b6d770faa384ccd806129ece11029777579db789f1b594e50171000411b6e82d119c8e3e71c07e48835df0dac18d657bfce58bf34b88b98778ee91a512b26c4167da6a6f84a3957b773d24600738289585beb6f84e088f174838bf3ebbd685744f7d2954384d888a5d0fb084bb28299add9fcaa84e075b0aa30cfc389314c97a3e37efe16c961e874b9d28dba1df599d94a005244abc85422af97fccd7802a63e8dd05290e3d0ccd15245520824008ed7abc900893fb43ee926b45fb7858eee0a07620737747ea724f691d9c5e4d225a70658ee56c005b75972daf793caba0f55a1ba006afe89f5a8e10bdc40056c048b43cd6301fd638cbccd3387bc822cc9f26f1b233f339afa125269bfb84c0696ef18119f686cbc8312de4477e600d55244b84bc9f019cbb647f3734c9a6dd793f5cb929a04e6c08e81d3474c919168f484ce98195581866c7c96797a40b326f21c78e1e864ed109c5a6db0defc72055907d51dc8d65bd141ea8dbec4ad67dd40cbf1435350dc2841cd02f6ccc19f9b759e91a90eb8841f9c378f4e7d8488579afdc2e7e8f46064ebb3b3698cd55cee3ca9377d9cce0b90be8e8bc3bc0c54b22b394dfda3fbfb7918e59db854461b11c55de2a2fe70c9cdb7742d6e288d4afe11cefe08be0d4059893883547398daaefd69c099effcd091342b38eb49f3e53d63cabf09aff4d3df5aaa902a3a410e1331f188f2e7bec36ca3a94146445c3340a4ad179ce0895da0305a581257c9c9d01f51d50c4267b1790c807c2cf82fdff8075719c1cea88e599e79ee35abda9f47172ed58e5d22b6163e83a6f15e50eae0398d7ed1e73a90d23658f24257164c86f4478ea66987d40723a1ada9617e55962c88f54ed5599c6338d44d486b6e83d0e4cf8af482ebb5695170d71f241117c3e2e2ed6ccf0ff423b2ecf443afe8ffd05e215da27c9456f63e16b2ac8a199f441c979c09e0ebfaea388282ae20ef6bcf87e524abe0bed330aea5517f8677129befa527554e39c9c424ec87bfd84cf7c7585dfc391d13653a58472849184af7d2e4cc8bba165a935ae77c74d5d1fb97e639dda4ac64b9e137c81b4a7456c9007f5820fd8cedc4e4dcd69a52be582b0946b4271a5d651de2a3c885dcf39f5efa9bc65361d98179a3258af07142d8f6ecabfdc77194d58d352afd0908a603dd94922d0dc657996e7bd6a3af69fe98c24ff3b51f9573a4dee7d90f2051094a3168503b3be1ec7cc82b76a6c691d10896744498dc76f65a03b83bf73f0757c18f2f3b8607957157a7f0030eb006808ce3dfc76a3b9e189c697184b8e48ea60ab43083485bbdc76359f06577d1b0874c59be03b50feb4f11ba1b06fb2f5d5bac76552a183a13cb3a39375bebb824f79c4bf57f9cc70c4a1053f8e833fb9ece09f1cd8cb1640ee37b3a8842d29bbf04008e3c04838706a84985aa1926a9778b66e0e6e6ff610a5799cd765f5ed73152c47208f1a1b49b0cc2f6d86fa4aafc5f05c88e25577e6a52ce851200e357b82c4cc13deee960147f7d99320e00dbe2eefa57b0db7e2700f0ac8f34c5954361228231b33fd041d75693e3670b78923243ed005d07ea6a3300a0d9c4149eae4083dbdb2d435a465fd4389ed0127179630855d6ce9aa4d1e6ccaefd1578626c08d0a415a936237e516c811c1e531821a0952044586b7b47f8b5352e2448216013a4dd4454585ff2cd31ae7eb4f6140762a36225636a9bcdc971dfbec96b49d3cee3a186e214295ba87f87fe59ac6ae55d744e6a79fadca595c33de53dcb8ababf38afa0e102a4841eb53792c119d40b4fbeaa2b847099c4391ac321c44ac14983ee95ba2ce348d0ed785791b29e97a49575f4d2f6181e7f655f7df6bf8cb5103b272214c9c2ea53b44f3d501c6d064f0f926b919327a2bf66cedf10dc00a888f5bed4e172dd1fdd95fdfaceaf96a139618e31f66dd0bdb227bad208743e8746890b8792c3a0a597c968bfe106d6fff480be74eb2f7caf85b2146d3fff6b4ce7bda3fdf00a187336510bb2e0d38c4c250eb34dbb000949f3d1f1eae7fdd1d37543453c57134fe4f576ea154f31c193db75812892fa6253570c946db4936f8b4f4db05492b8996c0c8b0dfd25e49bf93e3948e1237e59b12e7e91b6186008b642a9f57f63e5a8a007fdd58959a9c16d64f096fb35c4126164156bc7e485838c2b2396069fb97c5e1d3e359a87606a076ed8abe077a82023bb6a558371221982d2befb6ccc3f0f50fa7dda3f71ae093f24baac7b62fe03b6f11ba4a3758e78a76041d4db2dfcd1de58bf9f5b23573bca92d0286c5e50e1205e5167afaf1679d9e54e74b587da9ceb68862a2f85ebeecfb86630ca267511acae5a4332c26e0352e8906dc1d37cde8a664235abc6c68322d18f93c1a60206a2a09768f614fe9cf1a1371d1eee7903b1d6a6e38e410af78cd9a2fa8dc17ace4172c66529bdfb7ce4afa1052ee193feb78ecf8230009505962980eefc87560eb723e3dd3c0c5f3368fdd758590ff90a695c204b57ab65a62c191230ba7edef43c409af48faa04b74502df8998857cd7c1eb73f8fc319c431eaec1cdc412e6c0eb83f46a28bab69e78d8dc88b8bd743caebd185a8721d25d6bab2865371d23ed62b3544f3b98f45f5486e6b3108f3a8c0b4f02d04352463e76b50d3ac55636b070ce55df3499a923570ca09449c0813b2e3b05eb82d6ffe62d0f0bb3f0a87a8d1e06642a87de5535ac6bc9758bc81310c3cbb0627953f1f58f1b2511f1e66dea7a93a96773258a3e55ba776c3579d4a07712a7e10821a8ddd5c7fe4c5b880ad5bf7cb23c313dd352bbd5cdb372ecea6e828382e37c2fdaf31b3b1a664ad82a3ec9773d9aa547bbd7f31ae0376e4edf138a85b4aebbc73c3f48737540efab4d7205ba5d8ab36a68cfb5851d7c412868e8494749885e23fc10f6749b835ae526468495c988220968f39e2343f0e744a0ded4e13db0403e3d8f38f8977c3fe80378a4e3d91e6a183e6d4bd9a3acde58bac47ab16ac887e3d0763f4904f7a2c419bb2fb94760e381f502cc18a0b6a429216f79f223eb56211c9ba5b4317e024f11e3db5e90aee4d7678920e0d1f7ce9e357c64013ccf76b3ca2f1e649e1b0077b4a27aa816b1a913e731ae06879fdbed3e66bf8721412abd6fc57ab1c49abb28a960e6b78707f5b27829d0feaa2cc4cb0ea0842c8a698beedc49f342bfffa2a2de412cf22fd7fb8f546980dbde5c784356812eb229f26134bc308b2fbe17efbd7287d1ff39bdd826643d2aa5fb2953cf3a36d81c869ca715be691977c3c00d869954041899a50b2b28d2881c2e3b59b641347c5ca6c17eb425ce842f36ec2baf39c8861cd8fdbefae11a0ba0ab790e81316b96789178c34e678c897ce5eef76b5fe62a619f8725a487a7d86e2c8431febfd8b491639ddefad30014da52a8d4a68baebc7fcdc9b53ce89735209c006cc35ce423750fb42133f0f5161686a3c505f94e7edf09832023056ef712c7e1fd2ef2084acf57dc9e1c61f517909b68d45bf5451b63c8a9bb3e946562643757af955b3581dbd578f19a9b1af41fe7b761bd195b46e2a9275d67ad13bf0e290d8178e9e4af67db0c1a971db3d970db208c24b0774d4e1decb342fe1503a7f6118c726ebbc7610fe086d7837578e21840e6e62efb4d7e43495c2ea3bc71bd9a51d82815cc2bbce081a7a62f1c0c3c658fad5fa2501fa0c5dd4dd7f47f8456dd5ba2060204c7d87ef884b6e98d3984d53e98b602867dfd388369dac4c51066252c6d04a5881fdcebd1d933bdd7ebabd9195f9031f624cded5a4b0fbb56752ea3d54a5f1585ff4fb2aa052f8bb1adcf2d3c0256ad1a0753af310e1e226e45fddb4caa93c3a9c2a49a76248a343b54474b6f2e596f0d10e4bcbdae9864c03fb75dc99e168939d1a53d59e93f39906b3d623136a4f979f8213910da9a654397225fdc59819f1a1a23e6a52f86259562e1c2ce2bcd359af2ee817da6070ba4c568c12631acfc29441080550c409f26a3a5ef24d061c7f9901e60d7faf13e7f40bce9340bb68fff33cff2388f, 24, NULL),
(44, 'en', 0x800000000067173cde4338829af75807ba5f53154a1a6649b8f2155a7b88a443e72619b58e6839719b601dfce442821156528c456aa51361c832ca9502667235ee337a6f5597b1130088567e10284ce1af044bf58785fa4b63a40e65af9c6c0ce483fca1973a581fb806f9682367bc33b19f08afb8fe7167eabc6ac588c000019f7dbc0f4d700bbe8a, 0x800000000067173cde3fd7d23d3d906febd804e9756964f671fa66b19f4d41836de584048cd87419737578bd1b6e6ab80e65f27c4612ea87ea0536ac4542424df29b9fcfd4131bb30215a131abdac46e6953e1f9b9ed93ed02d18b7a5cf5b4cd400e2a416c16646e28a25bd6ae7d9419a8e040c9d758d29251c3661a7b50af69a9471aa02aa96b3b61a99c2a21ec4e1b0ab4e2abb927871260b8b1204f61e79a0dc960c9f44f74308f8e34b499d55dab69b0cebc01e63595f3993f9dbd51913a83cdf6151a9feeae90513bac8a3d85da36cf65cfdbadfb49d3b1f1b479d58046ec7aa5dc3a828a123001a29d12c35e8dae248bd306d268f7f3fe4e8617e0e42eba9d570f14cb8a8b56da139b168dba93faceaad4e08b15d6b4551c8d056361a31c786c9031001084c0b6babe24690269abb9f693e39ad5dc2a84b11a32e2a127cf94d7a3fea2e372b4490190f19613badebaa56fae04a10d43425adce8d60736540232ddebe6f46dbca6ac158c5fd2e125a484c111a8724df9fcdf2255ba3dc37942410187b37ebd34286ad60cde3d539e8b7232e7c4d4d3baf05dae29091ef650960c786e644ded8f61cc28a3edeb8559d31cec744ba41741e693345b387ecb1ad1bcf344e81d0557895ad7ebdc4466793949611e269ea4c04f10c45954b4122f3938c73cb78678baeaacfd43993f1abbcda69e48823ad5b2bee272c541c4ff87a1da9180a79edaab2d0bec1653880e1b15bfe8d12bd69de5bbaaff2fc371b6182188f505fcfc9d35e7ea761e39ea1ab912b8a094f62d38bb26f502089fc4a2558396b7866bdce623707a8430e5c50ec0bfa37bc78f2e8879dac9c6978ad92eb91f978f3ae4a891ecfe8603e47105eed3dd6c7c00d0429ffea4921f7d8f6e79e50bbf1240e6bbd975512afc1bb35f9d4bbab483aa736111da51be1ef3d2ac8de3b51b2f82e82f74dcb5e80e5c0c1e0b571807fe994d83bc93a19d940a256b98c0a360ee8efd6457a7c0a40d5fff2484b6112f76b79324bfcda2e728cc22378cda9245169d816af249059e8c5c0033ea03f5c3a2b643ca72b5804655af8a35c5e27244ae8351a46d71cee6084b7076ed34485d7a4aa9e438fd8f7f6c573812d5e2458973e4c6ef2ae85527d1a4c40e5a2c582a77fcc98f04294353777a4bf41ea4cb8f449200ca17ddd34065a937bcf067b57d419bf6884d09ff33cada29b0a0f769927f53feabbd45f4c9b28d1114f0101ec3643b0c9a68c346b4bb53de170c2004d186a39eb99ad81a3fbfb3ee0eb4727814e39493bce25b6c86d271c5d2360b956b666a6cca71302cde8bb17a8bf0d7ea7671c7994fa9695053eeeb6f4894e9c9f139bb0c3a243fef7f0232002a05c2d5a2cfa2388fe84bdd5b3f724b033b44861eaf1bdf651dcaddec6131c63669a06a6b6c8e2aeb1af9fce70dae8a6e4ef9a7a65302ef585583457a35586a5588aa0663e7c2a08ba87442200fef6e0fc49b618afef3ee990d96e930b2315d377d7c25ae0e3daad32d2820aeb3602b39be2ae0a3c602deb7634c390a45663966bd770c636d4ae21f67ad4ef66146a89541691eb95637046a45c5f3cb4f0a44e68c37ec07d88f38da32cf0321c53ca8454c52ed0fa35504efe3a4da66a31056235b1f7411228698168f9b0e53835accd922ea9d4a7ea0119756eb5cf26414b99001736e1cf0d5a2cdb9ed106204ea76888cb6fc5c0aee022eb4d0899fa76fdad4eaeb1fa6b61575fa450de33c9419cca59696489c8d369fa173e1a536c05219a0a8ec522a1009b339ac7747fdf94b66af157c2923b8adcf6ed0a8df3c07f65e596d1d4ebb1d48699bfc222907bc814a06f1cf1a8e3f540f7db80c3c0a4719f111356ea446fb6e06b0ec04f0e3db8aee395c8a83743790967591e3a72b7394710ca946d2847c6aa0cb60bdc88d8e34aa02dbabbf368ba99a19a2f7cdd7f428471214a55ff9aecc898a91aeb33eafe4aa4ea13134df24351c4e3e3497bbd7c6ec589169f457465d0ceabb2abb3a602f9bb862f2126a19a60bdb0211cdc6dfc5a5938ae2bebbe875ae482d27744dd890fecd313b27e8b52f80c237f2fc23bef484295dd8d7bd379e556e8a4b03b585a69f7cd0e1ec35234b3b772a976f7bf8b4355947853f07783fdd43853ca2511273e71b0a824fb00eb859eb0b1a0eab8e9b79749f65f4784bbb4b10dc74d98ec2020daa73fcd924158e2e7564740ee9c628a0781ae75724fea0e1b647963f403cfac734d1f22f931844129b96048dcffb703a1218daef22a23ce475a5d5e1a5616a6667b098ff6947fd8ee326302666a39a565f306ba372f66da900ad4790b70ce98e1eb7986c1efbc17a0767729878f34fc4af9801fb5c6c1a9929f157ef3ef273265a3449c1710c0abda32bbfd3f142a5bd969307f689536ae45a71788daa01b0f66aa180d1a7096cce36fe5894ad72c94b824e808a6c7e59b2b6e1564c2446244b71c418297dd92c9bb7bc8ed2a1cb3b0527418312e87459133e3dae0983fda43ae736ec8d27a35c4f681a776b330bc5a5d7bb5e59e5019ef4baec9e0f0512c1d3bc7ecd76afeecd7709bc2457b3109f4e17b5e35c893dc2714930bb98d917e150f4fc2327a605c5d448c45efd5eeee831d5ee8e5665650b149125ff7db004379ee938d94dce91d576d49a6644858141c31b054a811c948c7afb006c1db8e3037d46bc680bb6ac7aa1d5e09611fb9053d8a68e45c63e3e9c415b14e8703557b9dd64c0d45b0bfb7821bc276ef1621c4581c1b6579cd9459b353011da304d4613ff3789c960362b527e4cf24c5b1c7873bf1f79156007576ed80e7b786b0a97479da3b672337b57b95e8babf4a1d89e288e35d6d55be8ed0d618de8fa69b0c5223b471053407c57520a228a705d94d82457062d354cc65e0a9a675917970fc91e39886447494bbded8a2fca6844744ee378fb93ac33cf801faf786e3be1123558665bc48ab202784b40af44ef3c12074ce6788be8c280dedb06b1f496dd7230e59b72ae865512f3acb6bc80369d1254949c430395a716f898c3f4061d4c5ef9212d3e2c2ef0943624f16fc7ccf33a715cb94c669d26a230f5d00720b24b4ff5925103ab894a4c80d38a4376566bc7859200f1abc48bd12f17d8c4bc57f0a131cc52e6f1fd2a3ead2ae3145ab8f3d1fb5fb39ef9674165b1423235ec07560c4d14a6b81e8e6a7cf1822cf9d812cafb9e39c5d6847682e476627bbd3cd24d37d85d18ca42c83acc51b438035d0f2db73777e409e9faf885e9870f3e46d7c013e2b4348c0e0acb85cdce162ed0556d779e8a410982a199a953aee416b8ee2b164227878d0cfed1a723ddd16f6831f8eeea04e136608f4a73bc01bf0cf0139fe0fc739edd371eb1c08b6c67dc1ba5b98fb4984b68fdbcbde32a5b115c159a37fe80bec951f8a1d7bc3097817ff9d5fe9bb60abd761ec902582ea1e49e4491e23abc6e2d9577796f57974eeda02024ab89514469d966d38d182245198a58b16790678dd5e8268556c9f1e26aba7506b11bbd09e6c7819082a4ea6e0c47333cb729dfbcd68d74b0d860be7878dcb1a224f8a96e28483aaab5d0ff44ccd874153af103fa58d4efb78327bd189f19f79dc65f13f4c72517a8e27d53a53651e537ec108d0c032513174359173d01681bfbaf095bfdaddcb173ac0dbcab1e12c17c52ae4e74f5d11d4ed53f346be71e623dc0edb0697017441528a8303f96621f3128e8e829a8f66e7c731f9816fb1c165f33878d72ed449ec22fe92bee22dfd059b9563540048e18312781f5a2869804975a9390d553699410e5680a539b578085223d4adb830c80dd30f0b1d7639ee1d378735631ad463bd0ba194f8117508528a1464cc85340625a7d965a90ea2867dee512a96cc384d6530d1afafaf873f9f31f1a59493d23960621e52b39a43631ba2575ad4d5804e851bf416773dd9c578baa5a3c3203efcad31c009f39f3bb993077caa15f8ee862d3c9cabf42435f7453bf2ebff09ddda5a2c8d928f179ea757494c2183fc1f49881cee6e5a5a5690a07bac2c50f34e62ed0e6f9d4d9b43cd17151fe52e81f8e1f1108daec1354f8313dd5878b16b7d3ea5848af9a02472c06f6deb0e08402e6db3a5314e6f2c65cdec27e930a4f0dc808bd07facb7396629638f09523f99bab2378bbbf485f168689ac8852a9449fdbdc75ba1e061ee8e89d639f947cc14381d7349b7848cf0ead63c025f2e0bbaea9f75c17a6f318f2cbd9d585f2ab6e768de389fc1c047ed8f5a5100062ea372a416833f3ed166b042a9a8dbdc9a3b0ee57f0f08bf87eeaf75bf0b91af86d9cbaece42b5c6348ccd8304632f813c15280067cf90ee7ac363b00eec83453ff7b5ad85b8fc000ca10f2c96c59a08e793c8cfac081647669bd70bbf26cb09564c067b3a8084c645c15970e57eaf5594575b7b5452090787d3f1e0d159b0c1c464f5983a8db0eaae6199a90870ea8f7c5183023f56a6ec58c44cfd60c5051b46d476668ef39f4d011592556460442ebbed1bee578346ca3063af4a00a87d1ad992fc5e4cf347f606fcb37a2557eb0d190439398c421477fd6f12094b213ef59e71177c14ae0a3e2440a92d4a3ea9f5475fa261535e86c2f473244c632bc22d8411516858b713dcedbf3e0e2eee2dd9d523be8b414a822707bde08e0eb2e458c952468ef820a9d717fc5c7f043f9e3cf0b8a41fd959e1739c5f4b828c1c1727314c81891eb1121253943a07b32f7e4b5d20345da0acdab8c60f52241beb69278b3c80cfbb4aa6d942d4d40fcfad0c9c6ce340a932db49af81ddfe5fefbcf1f2704ec748a00408581a67bc9d8d022cbd2cde7dcbe9287c2b5a04b78d5474f00ca322d8dbaf7d6ddec813d4f9967267f0fb2a8bad5397bcd2b97ec8d5d039913568be93007ac1987314cb741e524fef7e79db41a38ac038ffa923544615f7d267cab66350e48e57bc6ce7afe538261c8e0d06f0a42af9045268e78305668bd96ef9ebdf023164438f753ca1093bb9beb38eaa00cf6f32ed42252a15aa6b240bb43908b7f2f2ff58e6d58bb7ea2adfba38276a62e0dd56aa5fe054bbc6d23571cc92f5f370e4d46d6b89404558b3ae5e108f9faec7f4f4f6f014779a51d95fc2e7e052f5159242fa714e895c28f2e260951201c366010e8fd54f097cd1d841f650d7846a2c51d40b62752d863c2d02d147794b3a455e8fbc88d8502943d478ced183b511d179ddb2f393eb734a7ed1daef0ddb7159c12fbe910166e52555f5a8c621fa3113bc6c8bacdf13874f8ee5401923961b7a943785e1ffcda5bc91aeb5af85fcf3c8d4ee7130c0d8833673c1ae7160c5f3b6a930a0c40fe7d701e5d01d5f79e97639f5a06beb9ad1b523e3e9238b76e2dbedce2cbc9140add4a623999a4eb779ac7e2b4cb46c78117618e412048597e6a3bcad42217b589210c328c63f81b215933c93be33ec87128300703f2f51fee245073e706cbe594d6a40948780663186634fc6cf853e3785b2b9be353443deca42859a5bb53a515ad2e1ddd1280287a0bae2cb1bfac015dbac01fea950734cf9940a8501357f20ff3131551f35f9ed911565eb4eac5594962eb99080299b7de234bf85a64221e9984a2ca2423c155398f2c4d9b1e7e515e3d9a8f1a0d3e14058d02d81f98a831d6decbd2db0de209785af7add5b32d710d5ae2f487b05cdbda4746ab8fd296982becb3510b44d3feccc3af37ae4674f186d09e3aeab9da4a513694856f2d2a5441c717d0575b988d7f4b14c9d5f75b395dcb5392d67e5b8d248d7ae79bf15abc8e7f262c278b9a02a3710aa8a278751a73abc816ec90526772f0edb465cd8389e8bebb85315d130ab07136c9b330f1ebca0389d5b630559dd370a4d53477e1c16e4d7a2a09cd80d356fd00d762af2bc380a990f0e7a81486719e6084d67ddeb54e0aa8106bfb5ea2a3660564f13b406b0939ebfb75b624384cbd2cba926ee7622854edde2ea3147ec8e0c7eaf8155d5e49ff97333e7ba40752a486a974ddd9ffc1c606e1c4ac5122b1304bfd510fe3ee8de38a35f43ddfffde0a2b7ba263bc67d8d6d120138ee7cc84a3f470e0fe2f0fac34e16ab731, 24, NULL),
(45, 'id', 0x800000000067173cdef513641d86344c6938e4b551777a3e3e5b81e74e9afe5efc02f6e95f6d2bdde27f55c9e4a54a4c61c06780ea4433a7c8d6648946b2c38cc39c28fdf92bb1c150676d1be1f6fe4381c74b1c307efa5853, 0x800000000067173cde5581cd52d4a311fe5fa708864bea4e0094595f2f3369acf9c813a71f5091ced7dee75664494e8cfe71de1e950b838747a0f4be872a3c39fe60b306c410d3e89d4bf579e120c3ebea98fb383063f70b24664743e44beb534fbe2a12ea4f4966eba3c4831200fe82895d6c9c04099639a3e65354169f2938194ad66b9b026d514e3dd074e86fbb598b96669cdce77594d34c57c2b575484661d8d0e67db86d451e80f8d027759f0a68f4507755a210c18d0e3a9a825933cd8f1e0935d5ef67902511ff7c4a343bbfd8efdc791b7c0fb82953bea7b89b9bf1b589db714c1b07b88f, 25, NULL),
(46, 'en', 0x800000000067173cdeaa4a2da2366fc74e0eed1174a74852889da9f56ed9e80a931e8c174ddf3f0959c26fc1a3c2d705b45c77db803a9eab57a30627dd9d843a72b591aa2b52d03b050379546c3695946d93115daee99621fa, 0x800000000067173cdeb5c03c93132a2d8ba2b20412827bc1ed5bac1bb5da5d0353a9470efc1cfd0a1ef5ba3f706b6d92f2275b1260a6ff519167d556cca2556e2de344a85f9c9cb6fefe84e5e8c90efb2fb5799c1ee520c08b4ac8516d34c68327385110526301f56161b66c04922d8ecef47b31d5bdb2cce59ac3dc44776c0b3848e5c715ef6da8da94f9e5766dc696a5aa839d79de3f740567cbb04cf6025f4d7d1055e885fea82276c846a78fbef17d601b8a6d9e8bd320ed879de8ee7d5c39cd346457c9e88da93f37344c9af6ee87958c922bd752e94dfddd3ab1e3316ed383b2de4dcf1aa5cd, 25, NULL);
INSERT INTO `frontend_article_translation` (`id`, `language_code`, `title`, `content`, `master_id`, `sub_title`) VALUES
(47, 'id', 0x800000000067173cde0b679770afd53de36887a00ee6c90adde10074073b1498158eb78fb184ed68b6f0a273695f5c7c39e6a777917ad8b79587f65bdb36d618664764dbc0e30c25bcf62380b5aa177e9ffe32a1a7d2422f392991ea8160726e672386abe3e6fb85e8a171105cfd37e31c599f9b6cc73727a4d1bf1394e6a18ffdc887dc3de52aff3e1b7fa454c2ae2314fec421c988fe6330, 0x800000000067173cded7441bd9736a50867a022f463394fad68225a8226c0fad0fb4026d235bce6c9cd5768746d3917fef51ce47be3087c63f99499b1b0328b5a6b2590ec438b4931ce45f48e30f84df073321f27a88af0a450dc38cab6ae270a2cbbf2e96159275fb9cd60daf9594278091f35259e4c1264618ec20f3ad10c518909bc82524aa2a48212c098dea35967be5120ab705c6d565087781f03f18a7feb77a0a768629fa1aa58ed571685e154ace67879115de64f468fc270d6f25c17112b2c2dd9c52190b92723c53122bdb2fc4a9a534d855b8c1f84d02e064bd76a8c52eca3df9206dac7237d888c2ebd8d1d383af12125bad4d26d58553643311af481719346a435d671708cdf077b0954aa61c88958fe668bd7895c7638b2878a70bc3d2988a481c5ab27896b12dc4e43c3539c311998cf589fccdda3df61dba9acede7445ff7770d7b2c792136801f79ce20a1664256a41a4af4f4cb9578641b94b16c37e26eb72d46743e37e4e4e68883fd810f01acaa104462757a93a72e877f47a429f75a05af2bace242af115eee2c69bbdb64830dbb31ee014587a070d36c7b365f7db7325c7f3d34acdb0af980a24bd9418105ac2597955c2950eb741fdfb6c20f58e1bfe44f684fa5a3321278d31fbe9ac993123a3e1a26fe70686e8520bed8095bfa54ef1eb5995ef241ae8b4a51823c2f71d1b42eb3a7c1620095d1ba82c4ae5e961bb7df5119822c9f8d112f7acbc36acd144f27c84801e22cc01acb1f99052fbd5711b10e4bdc116e0252a74b7b91d3d4cb433f8ac9b8ca88e20e3e2a058de2c3f87fda74961d7c71c8a460217619f9642e3882f45263f99dd28f487a24573d4c89b68b6b83296cefd5b7a4b0d1712b00b52042899158232ec87c4e551fe2b5d00c11949cf5a36ea14337cb1d73c3b71b928970c6f3f4c4602a884c3e6858b814367ae653182716def89d39c61e7b5ddb724e70e04f6d8b29742aea596e9a44c9d0d7ac613ab02bc8ba06ea4806a15c1a532c75c7dacc4ae0dd1fa738b1e3592ad5c6726b83f08180b6b7ca391a82739fe923dae0169e42fe7709d9ab9c885972a5cfe0a5431e37a3d8cf29994e33f4dbfebbf9784222a606104062054e6c4e5d02c7c0a5c9b84a31e5d849dda6ddf7a4cefb26b8b62c503cf38e96b69a04d6e2e5180cf0c1c4b32ea4f8b90b4d79e6a9f0476bd340124a135e53dc90e63da5b8cbe05356fa7b646133727cbc5e3030e573aab3e598ba90da7fc3654bed9e0e96eb392f5cc0cf1d6a4eb713ea7f9bba09cefe1fc846a156233aae6291f524c2483f97a6a344676170a8df52684ec89d2feb3a7edde85964fcca7fdc30c86cb53400e620f25e2eaab3b765f0c622fd501e33adb678d7747d74fa01554fc5c68ea97e5a66724c6d81095052f0ddc25188de1baf199c4ad29b7c90ccb73f52e8fbe67fe3e412f13db25f94ada74c4d0a572ddf7fa4b372ca7707b60b9e4763fa6ed3c9b55a7fb49b274a46637694a30a8b1db8e02c048f1d9deb7d0bfdfb0a54bbb522bcb769c70832343887834d837bed7def3bb764d1e4bd2e8c8f6a6cca013f946597eb523b09b2fa41e1d8883fd21a1a2ca42bd51f2f11cd57a53b215b5a390d580849fc99c7fc649512a0dec94582b2b092c2e21b79b9f19ac918af71954e40c701044908880ee7ae6ce2fc86518d5de8e43a33fb50510b5d802010020dc32e285443f7f102d7ab471d10ef816ea2869eda0d2b195f169a8766562250303023eb7dcd80fb402d39c2c4802888fe0b4bc827c946bc31000dd9a317f1bf3aea3d80553d4759e8580a3c05177c1adaa79dadde285e1791e48aa14310f12c121d98a38f4738c1a2496ec873eb5f0201ea8d68a0ebac469889ff160f69faa37ded0f81bbf5da4a395033d5349299ff9450bac2d3dbd3474fb5a69ec07a2d6512f4ab145bf6aa417f13f6296eb90f0db40839f8e259288a7071fbd9bbffe0460f5596dff175eb13504153d1379ce0c574ad5bd71589a7f8aa01e4b52a021b4b95cfbaa99e28d5d101515bffe6e9de3e81a0d0dbb6d37be944a0f8f4c9888d14c98d7b9bebbc251a704ac0a7a189ad6c5edba341b2aa61002a41cf0340b99b7b97f57b7b0e0f2bdf94c1d35cedb3e9ca0337f40eadd5ae2c2168878d3ae2087799e3240443abfd25162e0bb50ee2b8923acf3f38f94a5977a0724c15ba9bcf8bfa8f0149a32d11146a61051850c763ba67b741fb614847bfd84cc93bba759a52756b0aad4dd7e251390440edb1586a19f6602c2557b829058a3644893294797d5417cb1a325f18dbef9cfc2ffc26f0c8f990a4d1601e58be9f9de7fa64dcb84020a7fa4d02cc2edb288d561a0f79371edd6e8dc73acc5728553c19a6c3660c978e2838598e71264664e88c890951ba23e2d8e2011a839b392c40d11f9e4a1a004c1d99c935a7ea4ba00f53d1168af9b9045a46830ff83091eed6aa1a7fd168f98ebb73c640b4aa58a41301db37f6838de4b1edc499d9aaaea659f83597da5d947e0979f7167c7f029e4279c0906e7bab045b5478a6349e69acd2fcd456933d58d92f22aa3121eac6444331a2dfc58527cb917a7e89b00e421de8536b969e0a07622a24e4d0f81d2c7b086976c1face4951dfa38f0937d34b27eef86e9d186de694a8501d592ed16fe2c3a34c85ca99e8a26215cc8db42e876c588cc1fe09e05a98463b28a72fd20e6fde580a1e5f3b96d268566d4c87c3c8247e49b99ce8d9035c3c991fa6e6e8b004c97d17b2256e249c7d131182e5fa4e29abac20ea1615134bd9f83cfd5e33dba105e243073a86377931f6a3de4cae8b2d6a10d95cf400383c4ec25587253a692961784ab5fbfbb53b1746c5de1bc50b030af35ead567acc8f7d5e3a65ea6b00caaf1ec17ea216b831a3b15c99adbd50a187b49a2a522fdc48796905ec38c266bfb87681415b9dd178fdd5b54f4a99aae9f2e58c605460720051043227785902e83f9d26366b32f2a551983bb0ce54fc544ebbc7d3e4378b0703479ebd889b26adf31615ec4fc5bab61ad6c812ba4d29eb220e8ed77063b3e8743a0ba27cef962efaeb0a15decd9fb62f5484b9c9c5dd7e40dc4c010b68c8cd6f9dbdd67a3347d60e74149e653b44c038b725c0103090f3fed263ec1cfe5892a2148488ba2dd767d7a3ac351b59961b654af6ca81d8a3b9995b0faf0f542697ab90a2cd22b9795d6c7bf970c04603c618f18489061152c7ec30657a67f51d440751201885a50de8945c86979d8560a60ddf6cdf4d9b88091a75ecc9de5b9730f9eb47ce10e597a2f9522c6cf4cef98da01066dd63b8a6cc4c075b82da9894395d7ef79978cbdeee1ebc1eff75be393dcf377273f4eca3389533666072999b828f9b682cf7682dd31ca454d6232195ba40d09bc66751086017a5686135097c73309283e23652fdbe872dacc3965b9ec75f9854fe3ba4edd6bee28374b98cfb7c7e3a075950fc2a81af69ac5e4893e586ef9f6499ddaa50574cedaab3aa0903ea26391e98d09b10a662aa861bb77e7443ad77874088b1488de8ad09c11e0a8b14e7e20f36ed063289bb3583dbee97b76b29cbc203597eec409376b3370b1b20da38056e125189503bc4114d8efe42a5e8abed38cd87168f46fb1f918d0093c37a9d6ec2e6cb2711dbcc9632a261401e7e5587fded9d7fbd00e2817daa8e33a3f43c7dc7c7e92af0b7b9c4ff00afc6fe710763f607d99aec7d3b6766a68a664abb82a10ada77e4c5fddad30cf16f6a87baa40600b3ae95ad0be40635261111f840528691fe5f1ec7285edf5ff96d870366cfe2bbb3d3892499b7ddf06d912f504712ae90bfe143730326100e9597fa3553a3443cd8f7998017c6780ff490400e8c28faf954cf464a0c3fe1e849624e3b717695c5d4ddfac78da6de2f0ec7e19b2ef17291a2f2a2725acc395d7d51f7c8fbe9608b9138322ab92e7c615dd7b7bb7d0a67ff470dd1dc9bb86976cf3dee1f91f70cf04f5d861d897f9c2cb256ec6d568209ee2aec8cf8d2624ff16076d22407d2edfb81ddf853feff3c7246e4714e7421b1a2ad51181fd153a5bef5abfd350ad3f390c8ec4551a33efd44fa36e89851bc6b30788708b7c64d0db861bae735518fcf5720db5d08a8f6ca2acbda8c7a2aa9b1f169ef3215c2044896fb641c910d0dd2ad8f89e712faaf5637cbb79db0101677ad6fc414f3747006670eb3fe18b8e10fdd62e131e70639961a3695bebd73b381ffec899dda9f1c120493003d5cfd68eae9ee3ec89be319695e21974ce0a7d029a1fa7e3dd922a8d6d06215d5065a10cd412ae5c61fb2517260ea01e2b8589417e8591ea22cf209a26870829cba9ce81e0d003ea165eb4f6c68969c480f6be443924df0be830b5a0aca08a72da0c55239150e2df85bfecbc75b7c6ad71edfa11f9a8299a06a6b346364040797b2ad0ef3d7aa3c7eecbf4e32c714df512d7cb45af525fbd44a8beb10bba20d4763fd084dcca5c26abd0d5b53e021921599c49fabe342ef37c0c5c68172de5abd1312b19c49d42974273abaaf1d61a72e6f39b20663280e939ffc653b1976d5e290e4cb20fcdc8da00fd07f5e7fec28c0634fcfb01b56bc5fb8d4414de84c349a64275f574713fc02f18b1c86535f8383010a187539a9b8b5fe8c6c0b8d2831aed9e06ac28d08625640576665f0d15f6616dc0d430a4a05e6be6d1d37377a1b0ad9de4f1de2ace150a1c48fb388184b3a2cad2bbc2e4e5881f1e5cfe7799e2000a925cd0e5b42d19394c97fbbdac8475bd18af4c3708180aadb0921a0f61d200442cd5fb92ec3a67323637c846db7a6300e6d4c7ea63ac451e50c13808a9b30dd39ede192dbe0d82d7079bd0910dc6212266d19df7314e76bba67c2a6fc2656482696a30859217894085261bd4eaa5ad1454e5f28f1da90c1f284f020f84ead467612d34ca94134e34cce44f7d32cb2904bd57148b19f16b1cb017e15be28f5a145684095f770846262a72764bfe641d82dab0ae8dcec2c5720c55918110c0826b04d8aea162e170141cf920d1ff43d3daed314d0f5ac25ee255ab5272179fb09c944750c0ead4f68561826d0ac78f3906cb6eed002fc67fa0ee5681d427a2183ef57fd5517742a09ff028e2d1cfd44adc4241f98bab9086939a05b23c312053f15a3b436c4964cb6cb2e70108d73b4b44126a0dae650f196045f9b9b30cdf0a0a7805ae3525ffee55b2ebba31298d1e077d12decfb1d51c446c8ad31f90340b0e88cd596f1c52ebaecc2a5dbf4b933876addc985a988f3c954520813b0be2916bfc32174c87503a35b18c44db6084fcce462799d448d2a543b06133810115ad67806517fb780104b6bf63ceb7549ced1a0c4f08aa9d85d721079689c9a79e162f432ff3a2cced5d973f813ec164de4301e51fe9a120c9b121189e06e21500f9e468cb39e87b88b4f1a7eb38aec8f331b3ab456a2d3c2aea6fa09d9c8569b13d62972f7e481c262fa22c5363f1ffd2d55a069ffd41819fd9a6876dc1a055a6c6c6a745cdbba151dd67ff5775f11da1725df0b1113d407a3826273e7a48f58adf6d49133c3d4dc5226953ed58fd5a7d0945d572b2bed843710d25438eadd15026b0649f14659e9d2ae3ab721c2fe32260d75a68ed45e3c8c982027f0f0220d15e7f465ac37e0b2c5190425981176c0a03ae633a073d6610eb6d7752d0357d68e55d3f7b0a48935c9d2fe4a83c9bc745ac60cadbb641ae0a88d58b1e9aa748e05e11e8cbdf221f75ce560852ede5e2e3cb1747bdf2aab610f45c2ec2bbbe14932b8809ec215c2e8e3e770dd2bf6a1dd5579702d58289f174d77813a1bbe397d128b9de5312494af1d9fccccd1cff81a7be2d761cc93634091dded5b1b6c44c5fca011279b8bbc11d34396b626c8c17879ea18aebe881f3fb610fa91701b2e3d091a3d8613c3abf62d5f9f97c5981535d4163b0ddf141583b1c29cab8c4adde119e5172760e356c6a8d5f14f2c33dd098e6ed41867d465bb15c77ee9474cdc7154d29dd28106ee8a41b1825039d3d458b205eccf4e2bdddcff411928bde3bcefc5c0a6bcdf6a5f84a570134a9254533e7fa7390ec4142e9267ea525fb4cc8552185b9cf5ddfdd4e0285b2e8d26ddaf4e8d65acb6d1b06edf3521fe9584b145622a9d9113579848f28be7c913ce76c799687e18ab80ad9b43217b7181ab5c1738c168f561e30489d9d01a2ac3f1cfc208e0c0c67869e5f5ca4ef56fcb0b1b46129222cec6c84cc50624cb26f8dacda501e3521f7f4dc30ebd565c1e5002090000176b4cccc4a05a687969c4ba86dc79c1f6f6dce50e2f0d5c7a2a94c494da06a33620cc33e1d873ad70ac8688eae8d63ac3e61b1ea655cad61ea7806795204af4923bd5a31b52c4050b502bc229986e9f3fb78ecb0c645aa9b01ac56a9504e0117c039c9c9267b273d281185d00acf1b85bcfdb13cba0255d4ed6b928d59aa23d934210169d914ff122147684607e1f4488411c695d144ecba05666b6accffae59204b053ca0444e4c0e60fe3cc74171654f0264a58c4b82c24cbf9ef2b88864793aabeacdb27c86b4775bd2862c3493dbc49a35a72d6c4152d37127a48dd287a37fcb0869bc80dc239ab7dbaf19bf39e293aa82716c6fa65ad5d26b5bc1d86fa81d8d92cf07c437a6f3197f612d326b917171bfae4101d41accabe83a905b8ed7c79b130ee096761ec22937dafc4fd8b8493ea48acc9ae0d42421d0088376588144d9049a14487a2699673b29e0dcedd48e86d065e96c4fdb8ff837d942a894d39ea90903f409f0bd959021ea0b043f33a69621534c2c2f81427301cb65c70718997d078a34746048ee7e505a6fe4d7c3c6c725c0880db84ffd8333c90e120acda2e28a1894feda906263852b7213dc7a98ca3b59e4a88848051fe60675877f8cf0c3f9e5b084aaf4e09bbb67e495ae2798870f79b06155d98480290ae30f7ffe094874775218296b26416f2803d298d8587e19979dbcbdd67ea1bc1f2e954faee11073d4508a12ee47e161c3a7c59bd405dd2767644450427b5897d1e191e81adcadbbb63db2fe5c7a90896af2b8288b3ece074d560ae6c06a0b66a611f30aa611da8b113c7bd0572c84535f249129d9f22a3eef49404c04be0bc2e5878e6738d04515fb0a4644b0ebe94867ea70620fd22a22f7190f8fccc3e71260b02cddb068743155e81495bf43a62b9d3227ebd62039f3d21e7de69fac7351bd821432aa6a8082177a90007a47709bbd92a6af4881e855ba09a3e2473772d793b3c246e5320a2cba2dcaf7675e148dfa72eaa4533e87252c030aafc2927e57e8dc282e96e40bd96b7d82c053c3c3d18e7edd314cbf9b7b031de42bf32ce298c15f1f3ed4c6c96f0ec61b65409286743ded6a45d5714b268bb7fd778d137f08a0d9400318c5174745b8ec083f3c42242558009dd3f4f394b4101ff0ab458cb2e3dfdc3cfd91f7245ab882be10a6be71e76deee8c222ea489f10da1bf6a4869961ca807ba9898899ff02a17f5bb269ba8acc4c997a1b8c5a185bf86dadbd707332e2f3a73a982d432d024bc5ca, 26, NULL),
(48, 'en', 0x800000000067173cdeb1049f5d6b2f4f01288fcc922ab67f4813e0f906a52dacc53e702f09bbed9b1a9e98213f7c6522e5f50b8a96ebe14c0240c34186df7833b5df4558d44bfdeee673316c4c0ae84aea0835215a3770143c47c06e0c244e57ba4f87a85d2883c8336f7bf2c452fb195a34c45cfe6850ce29, 0x800000000067173cdeb0245493cb29ef5c4bdae94b93ea9091906161429555d463406686cb5a85666762094f99a21bed59d093c7549f33b3d5b9ef36810b633ba31dcceca89a1542e46cc40c247c769ec4fb579166bf350bc96c62b65d187b6f8cc918e7ced4a7b0a5649263ee568d1b0a6390f91cf79719bc9f5c171c2d3d4657fae08c89d82bdf5a2f3d189bb3b8a1ad843de3fc786261064a823633fd92230849f7249599ef1289c2034a5632fd3fbb808af76bd9626dd28672de965bcc5895f5bf9f1904f86667a0aa0ae0ac9aaa83085d375388e3aba91e7f558e0936d8ca84d159c9f6e3b93f4c12bcff8d56eae1bfb7492b2a054960f00cdef35c1558e30fa7fc16bb86291f7106dc3b6857f8be87d634ce2ccdfc8dd8007ab7e00b23800939e4b7665280627097e5a90123ce6492cdc2b677573127c70596faf445ce5c83f06b17ebe293659189a2fe1eccc4a8bc221db1909b99e2761d2576db453fbcdf797f9972c84511be66dedfe3c4e7538d685d5947a255bbe75e1e444e45610be93fb4e3b06d67deaf8c192b64c7f450128b54037ebd9c6b833fc3267d6bd1f36308a5f1d6321b8a41be7a0c728cd54352a1fecd9a1a0ceecf7619dee525c4c5ef3d68718c6a5cd372f9160ccfbaca679dafbfc4a51c913aaf3e3ea9933666f7d58616b80ad7c2a3f44371135e4bee0cd11d73f3c79cabb426f1ca6a4a1922fcd3b4ab6504264767371893305a6f2d130e65c25023d6b7613a527de863df8411f4597da74cdb85d338b93b8e322fa7a36b9ebeb29c34f82e4200b7518a1527614cafad94546416e0015c4cada982de7e568dc5fc11939266e197c43d15f2ba3a8cbdf723785df68a90e498e012125525956633e8e86bf33989f999f24f5915e874ca17d6a657624b67eded3fea6228622a558710cf8eb18bd9b8d61df01a7e906c0a32c9996f9ef3422810b8037ffc02d68a671fdbd7c5e877d4f6bce16d24293df114919e9a1c2c826eed5b84052f094e1e7865824ce4c23e213fdba7fa5d094a2d6ebfe8ff2b7d5283eb10cb3eb1ca60907cd328bbf7e61b1a0bb8c0a551def22801354714dbffbf592d5c4f4130632cb42b713f2e9f6de1af361937f1f8ef6ba7b59225a39427718c8d3fbb80d8c393b1b5e8c2fc54d6cf17290c99e2db1439fb607fff778b0e52090a01032dd27c441e13c3428392cb09844c76a7d72a537bf94657b016b2a39bd55ac23ac13cf906f8b291e8d92cd92ed0c93e071a7439d13d681cc7be2ab77b672be6daaf9407455ecb61de6c1b60f8e788677106e0c237cb91f58f078fbc4475f8cd8c17c01753b8ec7bbb2723be973de68e1b898c200b0f2ad4603742c286f1dedd30fac9ea75f9765b1bd4505caf78a21cf393c9a1f7eeeea576b50ee3ec438f5b4435df5fb15b93ee61ce73163339aa02400065c90cffe9df948f65c23b7b25b019dad645a1f2b7d08a1ab00ad22447055ae1d67896bff8960ce506f1c3c1e423a4014cd9ca5839f74249caa7d0ad1b52babba37643196394f9533d64141237aae5b45b81017c24ec54db18e6b52615171c46ed3991b54960883a4f52214e42a22b6b8e7811b98f23640176f34231752ae9dc04f17022bde58dc7f7b26250a86058f7f33ec34e9cf3b0973bc425c54a634947b83cca59cac91fa31a1b6d6c2aee0b084ebf3890e2286c594898266613058719c118fbf5cfd853883accd0025b4137ad01bcb586c1003425697e8ad06312cab650bba136de611977dd7aede940b6f31d10647a86541f677d8dd888465048a2b38307b9dc3c5d642fc610b262120ad0b71bc4533386c222f8715eea8e3a792b1414f78ac388c74ede0ff6d5b330e84146b8929f7c41889f688d8c4a8f72585dee159efeb9d39897718599e28b521c672e609dd7687cde27ec1226941987b4ec92f430511c14dcd9dfac783fe745e091eb221f1b247a5362ed066f70a17ac144ff26e39b154b6ec49e38c66a7857f60503ab5f50a60eb800e661d99dd16120a67614190868157623f86b3df1d50267262daed17a260fed2549c7bff479c967b14819c637af9b19d3cdfc2566e15a96c4d579fae740ae0d7091559aa4e9c07fd7246274cab5b0ddd98aea6176563d45b6cb6deef1106c01086b740a043be06cedce2ccc514633ab3194562754a3edb17b5e27f318d232c38b4d3892d5262dc9df71e979c5b3052ba4ed1d416d4accb7fc8e5b0efd08c645e7f3e88ff7ad06d03e414fe4243aaadc1643cefa5d3c6ca2d4203dc466b6099daaa118e5deb1e8a8cd6c2141c6a97089241c55e9fc32b5555ca160300c6910c1425ac397a26e6fa35e15ead8234ee536e7bba03505c273179cfcf21aa3ad68b9f10393a580d7cbcd18372d95afa28adc17677f868e6da84fbdf983c8c8fa692913f28d17aabe60d53737c154ad3b68e1361fa508011e0fcfb956ff1eb9e8439231caff02b2d5aa77db6716ce227adbe1a11281a9ab487cbc0dbfdbff0d0a3d684ddbac0b3bb00066328ed09f29ccbeee610ab62ad13e8d5eb3d10c0b2a4ebafd71f29faabaaf4e46c5eba60f85e07b53e9021ca72538b2eaf6da4dd72adf0f53e8f09471dca9582191955e4c2d50b38bb0b6f947df9dcb0e4a04ab203abb544338f8f2972fd6bdca54dec20722b1b1305947593b89d7c19c37143216e993cbd82d3a66384c9fc80ef22266e59bcf935d7327fc8928cd66daf7a23fdc53057dce65e5f8162a693574cf77d6703102b4f078500cb3383e1dd5c6fd5414f476f58313e52e19f9efaa3bbc82e84aa01b1ba0427ba6b8bee2bc651df5bc8ab8e3d21dfa30cba1e600425a8fffb6749d5feac1235d986f80589fd9f124b33533adb8d24655c929ead9d5d84821319bb3d01ffa7f8c60e5d9db3acc50b104e40995c59c3c0536fda7b48023e34e688f69e590409972f364cd20699eb3b6629c694996093f46c8b7ea0ef879d7ed3f50007b07a1689dd4eb586b36408f96d0a725761d49a3346f5861916188e2087e5c010e6ae1dde322f4d17b03c4cfaa35b2bfa4bf0c35a376261c94110791b4b2e7bb2f2f0e63f5fa06fefca95c9765be24cad038ca3cca11874f279b90c28485b6df1cf6da1bff853273f285dc147f977a824984f988d3ebb72a450cb3279cbeb74f654427a14ea562d65e452b156707f399d10771a33fd937fe443c9e8e84f2ff8dfd209a1c8ee65347dbe1e6940e617653f23f33a4624c75f433232fb7af8ff4e0280ebfb6a7ad7d8770808db9c4eac4af17006dd27e94770068eaeecf637cd766a6abd0c2478f64deeb63823f5dbe87baf29e20b5a02c008fadc4180d1777a43f1040aa3b3d0f6399f4d52cf13751240e0bbb303237605ad73a6fb7dded7b1bcb54ac9c5f2963116c9665ed6a4459269d73964e921faa7a484f752904f014add8e4c5849b258378d1cac16c1739bf5d3a059a7fbbddd95b472e46a6b64cf6b196bb1ea95ffc82e90408c069adcb12e1fa04da29c7e862339f19381c05484a8dd13a4cefd5bddf89aefdc07aab2e2f9baf99d49814a193e60d3f376419bc5e989f4f33fe288fcf13ee4780d696318129ed7adcb03c3ff3024028d6f097e21d1e99087160db1711ba5fb919a3f657b9752995d3b7d96577ebb85a55d981b06db777d2668ef0345aac0f6aabaa3b7dec64cf74e237d1c41f8ecd1fd8fbfbc36fee0468f53f464f3ae823870064018e4e49b27aee84315196d869f572413066bdbd29fe7893d0a04d3fad714fa9b63be6be038d5635e73c8832a0cec6673b0697b1d6804b1d6f89e7a4399684beba03b9877bae14ee390543f28adf16db73b97871dc3b1b1be3c5233f7fa0ab430a49e189d9072a422b92f427da0fa59a86695b74029f31b7c602b345e7f33793daaf97a4fc781dbe6cde42b133598826c94d73f06fcc42d557e6a627ba3bbb333b8e2072b571dab45e94a36cef34a3214c8f40fc4b41cbda97f70c9ee929f9f66332118e4ee1bd84337f975dc6eab4f02484fe977ad5e618dc8df999bb3ed65194f98cd6229da89a52ec5a3ba78a98f91bbf9fac4fcd716bc074caea9caa5c700df3baa6a6ffc0b932dcb703dec2557f1517e2b1fc6845d38a04e4a32934707442a2ae971630e103f64dbb7c6252a9aa6bb067f4657d06156ce521d029a8110b643aac786c7d72845b867e3b36a54c9e0a7f4af278a6f2c419a5a6725d7c716f49f3e6ba790f51c971601a43549a3810d869fd3dbf25c8a206b86c575dfa688034529918a39c07fd46acb5f69f81ced644e92648fd6f4bb74c829420cd12b09534c032f5b6c4ebeca475c24807ecf70c024511630c1116adc1f95a42cd2694365531671dd8572e329e662533dae71e47be29b394d23f45a3951f8cd0e678933640d01e3e5de4c071986692039171f1a019990d1fe1ed0bf8e6d2c8507b03c5fb70f5e2458414948bdee92861851694195bd23e41b563e74f4e9d2a28aa175769c5daf9a77317f54a838e4dba280b672abda133da8bab96440ab4ab69d44e71ba595cbf55d8b128255c25712f5bee6f4eb03cd60c006aaccea870624e27f146de949d14d08ca8b956081fe1ed44ae3c87c4b727eb96b76587108cb72fc374c31184962218d8b8e742b673f167706b3524c0a20ab03bab72a7c52740dfbb5fcb56c1e9b3136164462ce914d5eecd024886b4eee3a66993f71320b41405f7754e2ffea8191ba015eaf5604dbf9544e54bc857ad33d72d50b552cefcf3c914d4d46fb1299463baa051b225d45d8f3dfda0bce8bcb1948716a7e505afb7b9452f097cf6bce865b586449fb8c4ef4d9161de6617af8b82d9696e22108b2dc8fa610b77b8b86152b1bd3dc7ed0f666aaa35580e189d96eb385faf0943da3a53a71bfe5e45d068ae79c5869931bbe9c5f75ba3b269f5fe77d6028cbcba90f5f2dd10bb20965dd6147ce30d1598a16a0ecca9c54a8d63554f1944e766e0fe1f789f5a68b0239971f1474a3ab8ffa186922a6906676ca5a3d9d84c2edf49fd681a340664cb3fd9f893127d64c1d5af31d05a980f6ef23a1e04be721b827aa9ef8e806fa3dfccc473321378c91f38a35e3dad8bdba3e4129403354a1a0f9e78d969860cd7ed14139339310398c9dd77a0c2400adad48d35d387a132ffffc809b8d7d4c6a69cdac1cecc89ec7b657d6036edb359dccc0ce0248e26ff625389e3d21a305bf152846dd52c5aedd2253adbb39bf73d5135c974d5d5476e4d9c5007be7404ed44b59bea7e979885a65091a17f66e7b11f1e04c2d0d424915ee89a58454f94f319ef869920eae770d79c2ea037128a6c63b530cad21986a032e6688bd2035f655eba9e82e2042fcaf802d43252943700ccc80f7e59403dd0f8f9e9d7434c9153d044a3e9d021508a8c4fdc7b82e31d80b606e1bb8d2ecdbb74aa5f032cb2a7b2c8a32b1b3772d8f107bdbada5f9c2e112d82802ea0f5ac4baa99fa259c7fa96919e3acc4aba25c6b512c616af52d7e494eebaeb7c13a155e3f0c27e49e86c4a0480e2e01390119be7238a845fe2c06ce5be750921091760a466992eacb2ad69b00d6b88cae7626a9c4560f9c7a8d7258ae2ba0a28091cbefd49c3eee0ca3f8a7344265a803c42d2c53e1243e136a70c1e6404f86800968a96624f57d0cce5687da049acbc5b642f9f9df113ec867abf3c8ab16b0b329f13970d3e73db5e6943272b3330c9138f989e0fdcb992d3156338ce6a8873eb255848a1a7c10b5f498665fe6bf6f76e13c579c7a337e1e8fa5985e2f38793433155bbdb599170e2b4535d9034f1bc6c3f65b198e56b92df8d1fc5745d5eaf12b8189fcfa8ad19c6ec5da8af5bfdc1a6e8868a2ac1982b73edd9f0de8409946f09933308fceda96e6dc40d0a74530253a738ca7ee58a3c63aefb8b0b83154b0d2542f8ef794f7ca34e06b5a291c7f06a714412575c759083416a2423e44aa34aacd8e711e76ae13957200b5ccdf2e084ce8a783e19b81ee9591b1d26706c146694af5980cba901a376df5a633e18f8b670e5ec0eed145059cd3bd0c4ece40042b9e353cbe6e9fab9c6cbca4739617943887645ab6dc321b838d0de063a865bd868420a27c46accdea3c0b8f9efee28d67d4bd332c95e34e267dd5d4ace4334f7092a0412667b8ffee2327156a984946fc34a9e32b65b236347616ab386936f7af2020b482bb45ecc374d0faf3dd6a79248fb26b7ea094956f0507719ddfc350de7412cc3accb418f4b1522ab1fc87532666e710ca0cab28a122093588daddf307ded5d0363fe280c476add4ff0f7241f0c80d0026b909f822f5eb4a9591382d0fefac0b1b243f527295af6aa4ff60c8686fbbde7fe8ce2b4fafb6687f2ef5df88e4f1e08b5f6adf7f1314f6dec3905d71273e30f277d556babb746452b3301d3f552df5c2df69f28278613f439f73d232905f64fa179768200c4033bbf66cd5c8649f6cc076a94cc42806c36f4d745d77bfac889e86ddce3373185a68357eb273638e183011eab4520446ce69332ca939863a1b5e11245693cdafb9287067aca2354df439b81896f4c6683c6a7d6ad0c2e3d7739e1db3595ed13627c396518c6a8813a4647cb04d84bb7336b0e0c033e4d6c8488696748282c40714bb2694a216b5dcd3c4008523f4780e68ecdc0d2d506eed5c11f5c969a5c278c5b8697ff135cfb5a9737067bbbeae204d39edb43dd56109f93bfbd0e01639732c83c68bb0be6618f8e80ae8fd4d2ca2c923c9ca34d16500a9ce950c8f0eb8fb17f861f12cec943d22e3e44414878662ff5411d3f9adcea49d23a98b9fec7f02caad91ba158d7a5fba4a448fc574cc4348fad10173b348e12bc96759bdaba125a72fcaad3f6a1bdebe0f226d7c0c, 26, NULL);

-- --------------------------------------------------------

--
-- Table structure for table `frontend_banner`
--

CREATE TABLE `frontend_banner` (
  `id` bigint(20) NOT NULL,
  `uuid` char(32) NOT NULL,
  `created_at` datetime(6) NOT NULL,
  `updated_at` datetime(6) NOT NULL,
  `link` varchar(255) DEFAULT NULL,
  `admin_id` bigint(20) NOT NULL,
  `site_id` int(11) NOT NULL,
  `priority` smallint(6) NOT NULL,
  `status` smallint(6) NOT NULL,
  `is_initial_data` tinyint(1) NOT NULL
) ENGINE=InnoDB DEFAULT CHARSET=utf8mb4 COLLATE=utf8mb4_general_ci;

--
-- Dumping data for table `frontend_banner`
--

INSERT INTO `frontend_banner` (`id`, `uuid`, `created_at`, `updated_at`, `link`, `admin_id`, `site_id`, `priority`, `status`, `is_initial_data`) VALUES
(1, 'b9849ba2b3d841fea7bed461077379ff', '2023-08-30 14:10:27.769000', '2023-08-30 14:10:51.140000', NULL, 3, 6, 1, 2, 0),
(3, 'ec30a69700eb4f06828cc719757ea10c', '2024-01-11 14:33:24.839000', '2024-01-11 14:33:24.840000', NULL, 3, 6, 1, 2, 0),
(4, '171ba4dbf40841bd8fa09b628b1040aa', '2024-01-11 14:35:36.241000', '2024-01-11 14:35:36.241000', NULL, 3, 6, 1, 2, 0),
(5, 'ed12f7438406430e9285bac447ac6f40', '2024-01-11 14:36:12.300000', '2024-01-11 14:36:12.300000', NULL, 3, 6, 3, 2, 0);

-- --------------------------------------------------------

--
-- Table structure for table `frontend_cart`
--

CREATE TABLE `frontend_cart` (
  `id` bigint(20) NOT NULL,
  `uuid` char(32) NOT NULL,
  `created_at` datetime(6) NOT NULL,
  `updated_at` datetime(6) NOT NULL,
  `qty` int(10) UNSIGNED NOT NULL CHECK (`qty` >= 0),
  `status` smallint(6) NOT NULL,
  `admin_id` bigint(20) NOT NULL,
  `product_id` bigint(20) NOT NULL,
  `site_id` int(11) NOT NULL,
  `is_initial_data` tinyint(1) NOT NULL
) ENGINE=InnoDB DEFAULT CHARSET=utf8mb4 COLLATE=utf8mb4_general_ci;

-- --------------------------------------------------------

--
-- Table structure for table `frontend_categories`
--

CREATE TABLE `frontend_categories` (
  `id` bigint(20) NOT NULL,
  `uuid` char(32) NOT NULL,
  `created_at` datetime(6) NOT NULL,
  `updated_at` datetime(6) NOT NULL,
  `slug` varchar(100) NOT NULL,
  `site_id` int(11) NOT NULL,
  `status` smallint(6) NOT NULL,
  `is_initial_data` tinyint(1) NOT NULL
) ENGINE=InnoDB DEFAULT CHARSET=utf8mb4 COLLATE=utf8mb4_general_ci;

--
-- Dumping data for table `frontend_categories`
--

INSERT INTO `frontend_categories` (`id`, `uuid`, `created_at`, `updated_at`, `slug`, `site_id`, `status`, `is_initial_data`) VALUES
(2, 'd0d55ab5a88a4b4b8f0a5dde30157d58', '2023-08-25 14:32:22.060000', '2023-08-25 14:32:22.079000', 'hut-sman-2-jonggat', 6, 2, 0),
(3, '55fb24affd8e4a56a7d6f785274dab00', '2023-08-25 14:32:30.036000', '2023-08-25 14:32:30.046000', 'simulasi', 6, 2, 0),
(4, 'a76f765fac3241bd954fac5999ea3d9b', '2023-08-25 14:32:39.981000', '2023-08-25 14:32:40.004000', 'literasi', 6, 2, 0),
(5, '0c9688a8416d413fbf821e4bea7d096c', '2023-08-25 14:32:46.757000', '2023-08-25 14:32:46.763000', 'olah-raga', 6, 2, 0),
(6, 'c533725ec92941a29391dac0c2f5f6e8', '2023-08-25 14:32:54.845000', '2023-08-25 14:32:54.851000', 'kelulusan', 6, 2, 0),
(7, '1b2ac316ceef470c92014ef8dbc4acee', '2023-08-25 14:33:02.225000', '2023-08-25 14:33:02.249000', 'ramadhan', 6, 2, 0),
(8, '8fc935e5345c4599b5bb76a3ee79c810', '2023-08-25 14:33:08.059000', '2023-08-25 14:33:08.065000', 'teknologi', 6, 2, 0),
(9, '58ac1536793740baac5c6b54ae49d595', '2023-08-30 14:42:42.308000', '2023-08-30 14:42:42.314000', 'gotong-royong', 6, 2, 0),
(10, 'f4b145fdcfd34f3b85a9d7ed7ce04f57', '2023-08-30 15:10:21.664000', '2023-08-30 15:10:21.671000', 'berbagi', 6, 2, 0),
(11, '864e35d17b2143c9815023353d928da5', '2023-08-30 15:10:47.546000', '2023-08-30 15:10:47.557000', 'spiritual', 6, 2, 0),
(12, '4de0fa4e524d426283a6155ad32b1c11', '2023-09-16 13:29:06.919000', '2023-09-23 08:18:41.604000', 'pemrograman', 8, 2, 1),
(13, 'ce22aa4b44fe48729ff7a308bf84d80a', '2023-09-23 04:50:16.578000', '2023-09-23 04:50:17.380000', 'pemrograman-1', 10, 2, 0),
(14, '26bdd2e6dd954ca2a591e7580a3bdb7b', '2023-09-23 08:18:41.166000', '2023-09-23 08:18:41.166000', 'pemrograman-2', 8, 2, 0),
(15, 'cc2516c3705345eb89da02365254493b', '2023-09-23 09:02:04.683000', '2023-09-23 09:02:05.144000', 'pemrograman-3', 9, 2, 0),
(16, '288d02244b5f488ebb22ae0c9d2a1397', '2023-09-23 10:25:32.998000', '2023-09-23 10:25:33.731000', 'pemrograman-4', 4, 2, 0),
(17, '44d1d30e7b254450b6a21152bf3b8954', '2023-12-22 13:40:07.694000', '2023-12-22 13:40:07.721000', 'pemrograman-5', 5, 2, 0),
(18, '66166d58582d470cb0bb41c8be2fa081', '2024-01-25 09:30:54.766000', '2024-01-25 09:30:54.791000', 'pemrograman-6', 11, 2, 0),
(19, '4e4ce05c9df946daa9eac1fec638d0e7', '2024-09-02 06:35:47.185000', '2024-09-02 06:35:47.268000', 'pemrograman-7', 3, 2, 0),
(20, '7a17e3540fff4919bc4cb23b08c39a99', '2024-10-15 02:34:23.984000', '2024-10-15 02:34:24.428000', 'berita-utama', 3, 2, 0);

-- --------------------------------------------------------

--
-- Table structure for table `frontend_categories_translation`
--

CREATE TABLE `frontend_categories_translation` (
  `id` bigint(20) NOT NULL,
  `language_code` varchar(15) NOT NULL,
  `name` varchar(100) NOT NULL,
  `master_id` bigint(20) DEFAULT NULL
) ENGINE=InnoDB DEFAULT CHARSET=utf8mb4 COLLATE=utf8mb4_general_ci;

--
-- Dumping data for table `frontend_categories_translation`
--

INSERT INTO `frontend_categories_translation` (`id`, `language_code`, `name`, `master_id`) VALUES
(3, 'id', 'HUT SMAN 2 Jonggat', 2),
(4, 'en', 'HUT SMAN 2 Jonggat', 2),
(5, 'id', 'Simulasi', 3),
(6, 'en', 'Simulasi', 3),
(7, 'id', 'Literasi', 4),
(8, 'en', 'Literasi', 4),
(9, 'id', 'Olah Raga', 5),
(10, 'en', 'Olah Raga', 5),
(11, 'id', 'Kelulusan', 6),
(12, 'en', 'Kelulusan', 6),
(13, 'id', 'Ramadhan', 7),
(14, 'en', 'Ramadhan', 7),
(15, 'id', 'Teknologi', 8),
(16, 'en', 'Teknologi', 8),
(17, 'id', 'Gotong Royong', 9),
(18, 'en', 'Gotong Royong', 9),
(19, 'id', 'Berbagi', 10),
(20, 'en', 'Berbagi', 10),
(21, 'id', 'Spiritual', 11),
(22, 'en', 'Spiritual', 11),
(23, 'id', 'Pemrograman', 12),
(24, 'en', 'Pemrograman', 12),
(25, 'id', 'Pemrograman', 13),
(26, 'en', 'Pemrograman', 13),
(27, 'id', 'Pemrograman', 14),
(28, 'id', 'Pemrograman', 15),
(29, 'en', 'Pemrograman', 15),
(30, 'id', 'Pemrograman', 16),
(31, 'en', 'Pemrograman', 16),
(32, 'id', 'Pemrograman', 17),
(33, 'en', 'Pemrograman', 17),
(34, 'id', 'Pemrograman', 18),
(35, 'en', 'Pemrograman', 18),
(36, 'id', 'Pemrograman', 19),
(37, 'en', 'Pemrograman', 19),
(38, 'id', 'Berita Utama', 20),
(39, 'en', 'Berita Utama', 20);

-- --------------------------------------------------------

--
-- Table structure for table `frontend_dailyalert`
--

CREATE TABLE `frontend_dailyalert` (
  `id` bigint(20) NOT NULL,
  `uuid` char(32) NOT NULL,
  `created_at` datetime(6) NOT NULL,
  `updated_at` datetime(6) NOT NULL,
  `link` varchar(255) DEFAULT NULL,
  `status` smallint(6) NOT NULL,
  `admin_id` bigint(20) NOT NULL,
  `site_id` int(11) NOT NULL,
  `is_initial_data` tinyint(1) NOT NULL
) ENGINE=InnoDB DEFAULT CHARSET=utf8mb4 COLLATE=utf8mb4_general_ci;

-- --------------------------------------------------------

--
-- Table structure for table `frontend_dailyalert_translation`
--

CREATE TABLE `frontend_dailyalert_translation` (
  `id` bigint(20) NOT NULL,
  `language_code` varchar(15) NOT NULL,
  `alert` longblob NOT NULL,
  `master_id` bigint(20) DEFAULT NULL
) ENGINE=InnoDB DEFAULT CHARSET=utf8mb4 COLLATE=utf8mb4_general_ci;

-- --------------------------------------------------------

--
-- Table structure for table `frontend_document`
--

CREATE TABLE `frontend_document` (
  `id` bigint(20) NOT NULL,
  `uuid` char(32) NOT NULL,
  `created_at` datetime(6) NOT NULL,
  `updated_at` datetime(6) NOT NULL,
  `file_path_doc` varchar(100) NOT NULL,
  `word_count` int(10) UNSIGNED NOT NULL CHECK (`word_count` >= 0),
  `reading_time` int(10) UNSIGNED NOT NULL CHECK (`reading_time` >= 0),
  `size` bigint(20) DEFAULT NULL,
  `hits` int(11) DEFAULT NULL,
  `status` smallint(6) NOT NULL,
  `admin_id` bigint(20) NOT NULL,
  `categories_id` bigint(20) DEFAULT NULL,
  `site_id` int(11) NOT NULL,
  `share_count` int(10) UNSIGNED NOT NULL CHECK (`share_count` >= 0),
  `slug` varchar(255) NOT NULL,
  `view_count` int(10) UNSIGNED NOT NULL CHECK (`view_count` >= 0),
  `is_header_text` tinyint(1) NOT NULL,
  `is_initial_data` tinyint(1) NOT NULL
) ENGINE=InnoDB DEFAULT CHARSET=utf8mb4 COLLATE=utf8mb4_general_ci;

-- --------------------------------------------------------

--
-- Table structure for table `frontend_document_tags`
--

CREATE TABLE `frontend_document_tags` (
  `id` bigint(20) NOT NULL,
  `document_id` bigint(20) NOT NULL,
  `tags_id` bigint(20) NOT NULL
) ENGINE=InnoDB DEFAULT CHARSET=utf8mb4 COLLATE=utf8mb4_general_ci;

-- --------------------------------------------------------

--
-- Table structure for table `frontend_document_translation`
--

CREATE TABLE `frontend_document_translation` (
  `id` bigint(20) NOT NULL,
  `language_code` varchar(15) NOT NULL,
  `name` longblob NOT NULL,
  `content` longblob DEFAULT NULL,
  `master_id` bigint(20) DEFAULT NULL
) ENGINE=InnoDB DEFAULT CHARSET=utf8mb4 COLLATE=utf8mb4_general_ci;

-- --------------------------------------------------------

--
-- Table structure for table `frontend_events`
--

CREATE TABLE `frontend_events` (
  `id` bigint(20) NOT NULL,
  `uuid` char(32) NOT NULL,
  `created_at` datetime(6) NOT NULL,
  `updated_at` datetime(6) NOT NULL,
  `view_count` int(10) UNSIGNED NOT NULL CHECK (`view_count` >= 0),
  `share_count` int(10) UNSIGNED NOT NULL CHECK (`share_count` >= 0),
  `slug` varchar(255) NOT NULL,
  `status` smallint(6) NOT NULL,
  `word_count` int(10) UNSIGNED NOT NULL CHECK (`word_count` >= 0),
  `reading_time` int(10) UNSIGNED NOT NULL CHECK (`reading_time` >= 0),
  `date` date NOT NULL,
  `time` time(6) NOT NULL,
  `admin_id` bigint(20) NOT NULL,
  `categories_id` bigint(20) DEFAULT NULL,
  `site_id` int(11) NOT NULL,
  `is_header_text` tinyint(1) NOT NULL,
  `is_initial_data` tinyint(1) NOT NULL
) ENGINE=InnoDB DEFAULT CHARSET=utf8mb4 COLLATE=utf8mb4_general_ci;

-- --------------------------------------------------------

--
-- Table structure for table `frontend_events_tags`
--

CREATE TABLE `frontend_events_tags` (
  `id` bigint(20) NOT NULL,
  `events_id` bigint(20) NOT NULL,
  `tags_id` bigint(20) NOT NULL
) ENGINE=InnoDB DEFAULT CHARSET=utf8mb4 COLLATE=utf8mb4_general_ci;

-- --------------------------------------------------------

--
-- Table structure for table `frontend_events_translation`
--

CREATE TABLE `frontend_events_translation` (
  `id` bigint(20) NOT NULL,
  `language_code` varchar(15) NOT NULL,
  `title` longblob NOT NULL,
  `content` longblob DEFAULT NULL,
  `location` longblob DEFAULT NULL,
  `master_id` bigint(20) DEFAULT NULL,
  `sub_title` longblob DEFAULT NULL
) ENGINE=InnoDB DEFAULT CHARSET=utf8mb4 COLLATE=utf8mb4_general_ci;

-- --------------------------------------------------------

--
-- Table structure for table `frontend_fasilities`
--

CREATE TABLE `frontend_fasilities` (
  `id` bigint(20) NOT NULL,
  `uuid` char(32) NOT NULL,
  `created_at` datetime(6) NOT NULL,
  `updated_at` datetime(6) NOT NULL,
  `view_count` int(10) UNSIGNED NOT NULL CHECK (`view_count` >= 0),
  `slug` varchar(255) NOT NULL,
  `status` smallint(6) NOT NULL,
  `is_header_text` tinyint(1) NOT NULL,
  `admin_id` bigint(20) NOT NULL,
  `site_id` int(11) NOT NULL,
  `order_item` int(10) UNSIGNED NOT NULL CHECK (`order_item` >= 0),
  `is_initial_data` tinyint(1) NOT NULL
) ENGINE=InnoDB DEFAULT CHARSET=utf8mb4 COLLATE=utf8mb4_general_ci;

--
-- Dumping data for table `frontend_fasilities`
--

INSERT INTO `frontend_fasilities` (`id`, `uuid`, `created_at`, `updated_at`, `view_count`, `slug`, `status`, `is_header_text`, `admin_id`, `site_id`, `order_item`, `is_initial_data`) VALUES
(1, 'b227a2373ac6419bbb7926bc2829cb52', '2023-08-25 08:15:05.955000', '2023-08-25 08:15:05.967000', 0, 'fasilities', 2, 1, 2, 5, 1, 0),
(2, 'f0b19acaac374587bc2a2bacc12d1412', '2023-08-25 08:40:11.236000', '2023-08-25 08:40:11.245000', 0, 'main-room', 2, 0, 2, 5, 2, 0),
(3, '9a073b431edd4e7e88064c3f4c4a59bb', '2023-08-25 08:42:31.416000', '2023-08-25 08:42:31.434000', 0, 'bedroom', 2, 0, 2, 5, 3, 0),
(4, '3b0405e486074361a4afc94f041671fd', '2023-08-25 08:43:30.730000', '2023-08-25 08:43:30.752000', 0, 'bathroom', 2, 0, 2, 5, 4, 0),
(5, '4608fd3779ba40358744e688caf7abc1', '2023-08-25 08:44:30.581000', '2024-01-15 19:20:18.019000', 0, 'kitchen', 2, 0, 2, 5, 5, 0),
(6, 'fcca8834dc3040bebd41640ca18a2bb5', '2023-08-25 08:45:38.471000', '2024-01-12 09:24:25.914000', 0, 'swimming-pool', 2, 0, 2, 5, 6, 0),
(7, 'd0ede93feb154302bd4c38fc014eef02', '2023-09-06 20:06:42.460000', '2023-09-16 13:57:04.779000', 0, 'fasilitas', 2, 1, 1, 4, 1, 0),
(8, '5f2c48a1680b47479bcf8544b503695f', '2023-09-06 20:11:08.287000', '2023-09-16 13:41:58.996000', 0, 'menggunakan-bahasa-python-django', 2, 0, 1, 4, 2, 0),
(9, '393a42dff19d4484bb3c0c2e99d6658f', '2023-09-06 20:20:03.828000', '2023-09-16 14:07:26.598000', 0, 'menggunakan-arsitektur-multi-tenant', 2, 0, 1, 4, 3, 0),
(10, '6dc7ed2d35444fbeb96f78aa53d0b580', '2023-09-06 20:29:22.168000', '2023-09-06 20:32:36.136000', 0, 'database-menggunakan-metode-enkripsi-canggih', 2, 0, 1, 4, 4, 0),
(11, 'b792041660184acda61bed4ad1534800', '2023-09-06 21:25:37.965000', '2023-09-06 21:26:05.584000', 0, 'menerapkan-teknologi-multi-template', 2, 0, 1, 4, 5, 0),
(12, '996cab5c57604116adba68ce68bf2df7', '2023-09-06 21:29:11.439000', '2023-09-06 21:29:11.454000', 0, 'mempunyai-fitur-bilingual-language', 2, 0, 1, 4, 6, 0),
(13, 'b7cbcba77f76481f82a5bd6520753491', '2023-09-06 21:41:34.738000', '2023-09-06 21:41:34.778000', 0, 'menggunakan-pendekatan-out-of-the-box', 2, 0, 1, 4, 7, 0),
(14, '2a7cf43ae46445188924c01bbb6211e2', '2024-09-03 07:48:01.597000', '2024-09-04 03:42:30.952000', 0, 'fasilitas-1', 2, 1, 10, 3, 1, 0),
(15, '75a62a80833b4af0bf30eb43b4f8f651', '2024-09-03 07:50:11.474000', '2024-09-03 07:50:12.172000', 0, 'fasilities-1', 2, 0, 10, 3, 2, 0),
(16, 'fd1e8bfdc970444888815a20a4063b1d', '2024-09-04 04:07:17.101000', '2024-09-04 04:07:17.556000', 0, 'fasilities-kedua', 2, 0, 10, 3, 3, 0),
(17, 'd54186f4a53f459884700d9faba72225', '2024-09-04 04:11:45.455000', '2024-09-04 04:11:45.861000', 0, 'fasilities-ketiga', 2, 0, 10, 3, 4, 0);

-- --------------------------------------------------------

--
-- Table structure for table `frontend_fasilities_translation`
--

CREATE TABLE `frontend_fasilities_translation` (
  `id` bigint(20) NOT NULL,
  `language_code` varchar(15) NOT NULL,
  `title` longblob NOT NULL,
  `content` longblob DEFAULT NULL,
  `master_id` bigint(20) DEFAULT NULL,
  `sub_title` longblob DEFAULT NULL
) ENGINE=InnoDB DEFAULT CHARSET=utf8mb4 COLLATE=utf8mb4_general_ci;

--
-- Dumping data for table `frontend_fasilities_translation`
--

INSERT INTO `frontend_fasilities_translation` (`id`, `language_code`, `title`, `content`, `master_id`, `sub_title`) VALUES
(1, 'id', 0x800000000067173cdf871634ff307f56729842a59513b42e4011afac073b6f3d26b1c941806a7a7e06f94937fb3acd2bd8bef46dca8e77203962cd53af22fbb6bd423fe5851b293cf39c9e995cc4599ffa9b306ceecc822c9d, 0x800000000067173cdf13111e1aa1b72c86436046675a38e87c771a215f2fc006c47c89571cab05c3105260d41136f4ce711aee834c91ec4f0f414e6c403972403e3885ab6de4ad5801, 1, NULL),
(2, 'en', 0x800000000067173cdfd04aa72976c93cb94ac7b8f8edcaed4abdae9e23f3e246455730323bb40d274b321118d498df05b4e55172e8ed2771194bc77d836246d4d733dd0982fb2368fa86b0a35e18dfa86ecabf64fa198d5e93, 0x800000000067173cdf0543f366de8a8a76cf425e5808b7d3d6f993625e6ce97c11a14d34bb121dc40a3e9dc31caf2156ec682dc527eea443f0dfd441b6ca370f2df1260f17a1050e9f, 1, NULL),
(3, 'id', 0x800000000067173cdf3e7c8de039687e6a378cd18c30b49827c06873f0e5282085d832084b6d2923140cf8cbd8abbf98cff65b732a477b69c83e0363a1fc0395cac2d91ed90a0a0295168036a0f39196c85764573730d52ddf, 0x800000000067173cdff9ec82688fe77d42ccf72b79ddd861fc4b1d61928b382de4cfdc684d8d643ad7cb805fb21c97dad342cb2220d58d46c24fad87a36b347063e877775bfd7d6745e9c8fea34bc2d61ee32ae8fa3eb98a3d0c0b3166d0ce3a9b8c2d7a8f311f4a93173e4e5f966cddc27ae0518e3e57e9e71b5bf9126a2fb86045ce74a916c3bec73ca603191b4ff0172fdf47ba8090af123b74333904db321ef4e6d898f94356309cb63f4dc0f21eeae0dc3b9745a154cd21894c112efa5ec09c5b61d31a1ff4f1b18bb86ebcdca06aa9b2a9b9b2cdd191a344e78ab16ff6b5e863d0689aab7c4b488713ecfdbdf8ab75a1caf063c57032dc4f3f783f717a7c19216a64a58d9b8f98bd55ae7f898f9d19e700b86e509093d06619df73c4319be506ab697d1af50813faea4bc9315310da8e98e9ec00bc3c55b13fc491e9cbce2b6cd024bb406721865e78508de0436bb6d9427c44cdb13d1e025d07e87f9a5ecf0f2e703c7b7b4b18fe211f69cb6fd6a4429f55f00d41396d19ebe589abf13c6656c3946a7b11cc4bdf7f5152212dbc44eb4916e36e4b718bebc58252d2b7a797eb4ba5b90d06876f533cbe44c2d062c1f28845b34b709ddfa9b9211096bfc4341f6b6af908ece0efbccf89e0f34b78f3286e01df1cae1dddf1f306761a593870aef548af138b393a572158f904f18a87ff30cf5def7ba32228f0375e81c2bf6646d079b11a98caab42c2679cac2ee08e466159bddd0cd142e93a1a2ccc65bf4f1919197506326ae619d3bb7554985ed85ecc472c599059dad88ed234a2184e874d9a1657b72d2b485f3b4bcbae4c9cf49c85837364e1e4815c6598c201086efee6a4502858a6dedc865ada355917576769968735e2c874e41c409cccb3671e278adc9bb8594ad2ae33fa598e2f5c67e33b50913caeca3a2f30c09ed975960ac29a2d4c88cfa284, 2, NULL),
(4, 'en', 0x800000000067173cdfb526e7665602ea91129b2b75c048ac103b8dd05b99bfb69c17b438beb09671b792048dc7918ff4999fb5185617e9d3ba714b37673c40227a7939aa15083a6e9b10fa5cb50e3da7c8b92c1c5c604247e5, 0x800000000067173cdf052f83a5b27b43b34567055b04ba7c05f2c979ba225f4a99b48679c6bc66c177750ba115da72af1f3d43c0b9813fbc43bc58dd8d735a04971441af9470ab5d94cf8fc3bbf7ec819e22835c78158b13acbc24f3c41bab855aef4011ca79a0950adf11d5fa133a99f4317602d22b1e8ec463e59d0b30b12451290b2f041bceef841a6d813ee2e7de67dc1600fcd686f8f030f1ad9cfea65363640af9c2bd2aaef8d6fd44c5a3887972aafbd58593880f5ee6293ac9a4fa1cc8a0e43c0d49a193c9f84a34290bb26c19362125345eedb09b386ac618df496036f5484af828e378856066bcac322c2f25ffa383e7c5495d1ee22778daef073a3df7db7169fad0cb5b06baf2e6dbded226a6bd1cea2df310bec893193a7fff98ef1b43a86bf055137a21e25b87ba759ba408f921b51e3536e17269231fcb123c53d19c6bca0af10018b38064e2c9ab9aa8dda829e7fca1fd4e901ba17fdc7e801f75856f8c400f8358dcbec6d8c3a973cf5d4f0e1409160a3812048bc3a467d60cff0e30105d880102f284a494d65b18a8bfbfc9e2b0c027cdae61b0d5b859def807d36ea7f4807fba82528dbcaf08d4e3143e31dbd21bcc62129e8a41d465baf9a1818d623f682c57ae20e7f80ad9b1769fb46fef341da7cf19128abef518ac527bd07c259c1bff5e4f1c4cbfbcec734959ea8566148da452b92a5e3f51be904aafc8004c3b23cf62ae1925e1cecb0a26d0cd6ddf2139adb8644085938e5e655c931c04064bb3c4dbf3adec34c14b2c553254867d77b4570dbeb9eb6b297fd8be116c68680ef0057dfbd8d658e26d228703e62eb529e759d4e4d84bd9ae0345fddfa65c65c63bc710e895af4679d31e08bb69f03291400a007fc5e9159938551e770db518de8a215c1ec6240e7202ba721ba1d73cff8dbefd1ee617ee539c5acbb0ff0ce061103b87, 2, NULL),
(5, 'id', 0x800000000067173cdfcbe5eb993e4fc69b062123b7c3dff086b683badb5fed3cc7b4611962769d5e6147fd8f67283d586a216c91fd29caf28d261b361d99e8103d51ad107856d9b6a6e0669db55056a7c034c7ad27b55b7df7, 0x800000000067173cdf4d70062afca9bdd408714d34804ffc3a06ac3e02a4c5a62afa5af55e896b5540a9d9de48df8327d1cf23ec741fadc831cf91b022600afdf3c91ebcae7c19b5f556c5fd1d1bd5eda76dff600597d8d939ea05a72c73cc3453d2a041168a7a4e4d54dac0da68fbffeac27b83e54b9e853648603e8ebb6aced4eda2eae89beee6aec9bc69f373914809df8f2bad66d9697905c23221054195c05b9174be7889b625e7be37130baa411bd97511c61700ebdac672e4298912fa16de8057e185f7c4b2b530d2e3c3219781b87be52ee7e895ed76910607d93c8cc4cdfb5ef80016c74864af96c50bc3fbf712fb7189deab76d92c51fb98eac23c68f88d934147d8dc89d547abe2734307bbe14cdf242f09bfad5e823a89a1efd0e8dda703ccc2f3083e09fecc6bdcec5b9ba76429d310aa23ee11c75c43b292fd95f422b11d5fd45100667d55aeb90333475758c6f4bf471879ccb966a6cd87120d1fde37c092379209ae021bad00ab8f6282f51a149c357baa5d3df09da76f9de86017defbae8ac613589be4d9678cedaca291029f6808d0663de52dfd3c8665641e1b959007d45630491141542afdb1d5bf8359c338dc43d9ef8234d7a3488a60946918c554f512fc45fa290a16760864f67a473fe679b644a3c855328cdd4f79232d435545d9078d4a9feb5bb09ba7030a31408688dcb9b8cacaba660c2e302753952f87a02cd6d7de16e11c0de1399e1fd9faea61057758ddcc2be88261c09e0eea559c5bd91413a51e5891f3a6ca40912edef33b6e830774e72ac16bd7a867943cc2ed53154d8e73d30cbf5fc8e2c0b432f6778805448a90078329921d2782a430229a340a59f1078d30d5dab419399af83b3a4927263abea8d82d6f6aa5b1137a4ab3c7e662b3e8895c528807cd05e3a05e615a4849cad2dc51aa5ca28d042aeffd264905c39b7c7ee7313e7c66945fc062a832c1738c64abaf90e74696a5c3583a8992870753651b71048bed60bc32b2e63deaa5d1ce, 3, NULL),
(6, 'en', 0x800000000067173cdf436abfedf8f6603f6dc4ae355ad6f532fba2bd1c038c27b5eeb9a379060b16c488f493382d36724f110c161f2504b3e968ca457ca6b5395695458217867f75ca37f6a6eb963c78f474dda955daf1ffea, 0x800000000067173cdfa09a52ffbfe44104e91b2308a9fe96246695f6627782f8e730d3f888865a05a56eefcb2b88d1db1016094711d1befdbbff0bfb0d9c27aacc225199fe4d24fb775a3da5d015328c33759e81d2be6ca1af576c0108c51150d92c6e035aad81785647b34f91432ff09819a58e6ae3df5b7598c31ea18458a561fdde9f9de54e1191988cb43f42f12b64d3d6e52cac07c223e5a77497c6b7c761dae7c6ce36b64621b7188bec26ce725d281c4bb248170e9c3e215fefb2533bd565b1a77a8794f967c431d99a0d4e71978df0b7e75764564c3b53453a1bf58db6c621a1b416fc89df677e8faa788c03ad297beccc663cb296351a2ce72368d15ac52deaa1559b305e3b159826ca14f32c5e163684780f3a46a98cf5ce87d81ec86ea5ed0021513d0002f94a357c0b4e2f0d44162ae06f3e92a61cdab0ecbd76588c91de6973c469cf158b6216605e99cec1cf2c1fbb87da90dd7d05bf06016c0e8c1fef35df91f73687ec3886080e8957efefd95a8ab319591be8cb7fcc8869829b2f6f9a39be143039b3350ee06cc29f8f3f2f41cf83e75e2d28c68c1c93ab0854522e7119964c6d1f8f8bcb2d2cce19cee800c82cc37bc91176bf011057475ba949a3ebbc587dae98481ccc4faf67f5505c9d4a5944f2204821b6a2258b179303bc3533bd80fa1b534737868ca462abf6be16439be427a173d990199572c089d4e9ce9e7f8349dfa84373521dd5945d816f84b606d4ed06ce3ee42dbbffffe9fd7f745b6ef86a5066985275d705a0d2f6cba5804596dc93609d5168a6d6bc8f8dc2839f6c7251727d38b4d7df51ff788713d6e97216f68eab0fae816829c1e979d393e22f5af7244c43f036ae2b43e7535906762810c26bc3330843b54b67b8e4fe6d9f3490854d12f8005328b46f71b41be605bbb24be50e5f2024f578960ef8e94b3a74b1dd98ae8999a6364182779ae75f23af47a7c79695c8bd8d9a241bfd66dc254e2fa989f263ecd1dd62e28ad820e4888d7e5cc0, 3, NULL),
(7, 'id', 0x800000000067173cdfe75ecbfcd548cd7975c8ddfa37e7250fb8dc741c8db266e86314e180167d2df4bce79a41510be4c9abcc42b562c5477ed9f986172e80d5bca36ae9abac3ab727d8b9debf050f31ced63e385d52792bd9, 0x800000000067173cdf939ee0a8135e4bba0e5b18dc7a995cd6b259b66dd1bdb7e97b5220fcb464d72585103e43a6eb363230bbe0be108e23d611f56019fe468bca7ced72f327e630a47794954ee96e1e3e952c374f12caa50bc8d353b1f20b48228a84dcc0bfef62aa1d66c88b7dccde8b8d5bb96dd8b95628a12c130df22f79c3c3fd7051d8d4c09287ac16db3d115ca1dac363250ee0045fb0b15440e5d6a62fdf94a83c9512207537b49298fff509ba1e6fd4937315078ebf81ef5674c29dd91731e8dedb9559e89e2b20762fa83afc014e4e6ec132da20facdf7330a79a8a2a47624b9e7ab3bc2478aa591e6035433ff8d4bd4cd87f24b4286c6d5827ae9951fb3b3cf16efcd5940a3d0a1129301bfcf83cef1ae73bc9f5f6c49bff35cd268b6addadecf33417d, 4, NULL),
(8, 'en', 0x800000000067173cdf59cb7a56d35952d7f2deed06823775811d0e0e1c3baf035d0131e52890492fadff9ecc5e12bbbf5f45c4d02e4c498429e6ff80a9345f054d5a963f5939f59c1153d390b8d643881f40dfe50b0d3512b4, 0x800000000067173cdf0e6c47315e5e7a9d5a754b5178557a452fee92f0c3cb6634b43594df91e9e0d1d3ea973f268063dc7b901d7efe326a9ecc72ee2dd9c87a64fe11908bf07ceb71c08b7da5498e839843c1db3b61dc8c63a317513445bdd4dbd1569250840e8b03e2d424ea485f031f3d7379dd1da211b6013723bb292edb961bc97ee60a45531089dd2b504cf9d75e1c89102b0f63375c46056ea0a2b1c303e98dfc76cc330d66d7876da6f7fae2b7790fbcb2d95b1e5b8ba1aa02a0e369d6e7ed546bdf1dfb2fb66617cf6587e1ee26f4934913586eb8e50a75212ed2137b29f9231789f79e1f795775e6bcae95dfe76230dc25942701f3d3535528a476dcffa9e99476ede3a7c7e4fbc9875411bd71fd6efd9d14c21a21572207104a76458a250a5ac64fd3e8, 4, NULL),
(9, 'id', 0x800000000067173cdf63bd4d4753743237968b64f184e9aac9e12643767764d77c87d1edd780951e9e36e69408b9b71456bbf59791d799f3cd7ae756edb3fc2d7860aa19b8a8ffd489bf5aed31150e640c0798f311d40d2ce6, 0x800000000067173cdf25e4a0281bcb21c33dbcdd4be13b8c58de1d985a95e2fb80da554cf8eb4d7c7ea7d644857b68adfc5dcba119eae11ded4e8facc8ab4e068ab2439cce2b67a180c93463cf7da2b07efaeded2298f5eaa1185af71a5cd8d55a4f700f336d3841035b136d3ebce32906d9cd87002f24cb8b27882e1274096dbcc8398cb79b774d1c0ff313cf194e1ba7aa4a5a3a06b6b94a167872ef69b88cf93f9363aaaa3258e9d768da08ae60166ad1cb417a82e4871e4bb899e7c4204f3b83357743ead3d2cedce14ad57196a88b78f78ca9528c83effb823d8dfc489046b0a112152940e37128f4f9cd5b44713a24d777056f19081809a34b29e30b0266bf53246ff82b9099e3ae416ef1f00cb594f3388decc334e9e2d2a39765c7cf8d5266ffe714cfd6ee4905080ad2b100128e1f8424fdc882227bed731a1a89a5580c291e50d1642ec24164b28664493190d866b4cd73aa5cb04ea3b8b2bbea51b531748ff49460d13b13913658f242b1642e192426fe6e574e7383c701f756828223c496021f4f24934ff6a02f65c3340c311a98d69465acd188d3ffb052d9df3263c20078bd53c1a9b4782dacde6b64e15ec240646e737a477e6bfde04938cf63e47e9a4bbae0b89dfea08b0418a04802fd432122c28b65aa73f4a26cff71d064160af0b437bbec29c5b16083be1dbdbefb48d3ad0392434fde172f54708ad9c5ae9034d231e9b35fb6a9565b862e43cf1ecda0eb39db484c08a30f2cd223036c4f867578d62f3f67b7bfe5a3a094c6172aaa226ab2e1286c56080051bff9c16fdea3e5cefafaa6fd5e9975e87acd678fd564615e4d6583c4ea2bd052333c9a7de5f10b6bb094046841f13513050e08eadb43cd0c20faad450cf6a5dae888d54251a3021ba81821f2b1414e17a88a74bec7c9c4ef0c13d936d5433296261e1a8e6ebfb6a4beef24a92cfdbdcbb67909e64117356ba3fc30efd23268de82db5a479a08ed5787a105a4f648512f769fb96a2b43511421379dec905429b5c4fbc51d2244e6f364feb88afa855213a2e1bf372ff719400ab5657765893078947e29136185bf23087abc0c6453e788db869a40d063100124985eb120e9128b9ab2118358b27d68067c0c874bbc9a138d58c1d4c193fd16873cb582, 5, NULL),
(10, 'en', 0x800000000067173cdf7a72ac0788cee7369dc83f00094bed962d8f4b2316593c230207ed21d00544eee0cd96276ba9f31140e301430625811f99e626030afc95f030e483f584bf8c1b12c9901747e7613f6f7a3b03bb84cd12, 0x800000000067173cdfb999ae271a9a365fcbe2c371b2549a49ad636741a14da2db945bdcaaf1bf743ffd87c3ed7563f878048b55dfb9d59bc7d81a34cb4866da16d3e211f47201a4d9d8d155eb64a2069bc788ed645278a13643d511c795800b80dc7c16ce2e31e3f11d1fbc626a2c1403a280f25a64b763031b01279873447c2576aec74e325f5037515cee0793ddbe7d205a37529161d08a115d09394086f86afc104fc1a2753e52b9f7ef808e22ba645e74395c74a4116a49eaa9981e0eba7a27399161a37ff15961e987372752871849bf36abbcf83dcd6871caeec125e1bce2c7e6f0238d1d6a03136aa3661d0ffeaee8fc796ea821d2e59297058708e4f1e28008af0ed33a6f99dd5806dfd5d7d5b7676448d77986472052330b632be234a278a1501056ae9d32a96d52804c03e71d1b7bc2deebfd877ee1324ff6a19c67f0a1a9f998fa6db59cca2e1b2619405a3440823de652ce632e072d2bc40b410278eb1ee42ff2b9fb3692d8daef5bc2953cc5ae714cbbc99e6691ce15e48a01faac90a1253848161ef5e8638358526f2c764c815fe194f436b3c488b468172ee53776ec0365efaf3f2d8e03c6ca60288586e238724da92b6756ec2e6eed7209cf48e747990029f6a844042066065dc3b206e93772d13dd2c07762a7ddfbb26d8ea31517331992cc411340c3a2cb18e72b34d9b34964027bded852c76bb04f1bb64c01ead53dedf56dded0a7c918423b65323f1397c0c0376391c8052586dd02990b8e9b0d2a87db6369e957f103369942b3508f758e92309e4e19f340779ffe3ba1490892d607f2adedbc5a93a8f3c41b2b9727af03bc20fad68e0262695840adc880066f4f22dc51c2f21fa00a7d11de1cf0fb65276e7468d61e67d80006fd95c88d1386c252711f8cbbc0127e95b1407ce0e6aed5d9ab9e7c8cc9631b85ab288371ee5ac0ff3f1074427d2362e9dae86f0e560b40aeed3a77097fdbe4321d2f7299dff16a4408b98abfc8aff48524f842809fa23c70e5cf271b2a8cf7e8ecbbc844f3c777e078b300f4cb47586305af669fe85478e7955d90a0ab4106d5fe048b33d8632fd81cb85a5a8c1a18be3466ecfb4c9eeb60857679cf06d9095f403dcb971609f45cae61d3659b7d9932a49353383840050e3e0830ed20be0f35bcf7bb576c0f4d9ea7cd, 5, 0x800000000067173cdf24dff2b016db49135fde1af0a96a59ef550536e4809b3e49b2be94396e9cbd269bd0d26605942035d3aeff230567a7f3dfe8d3b1b567a2d45bed8147e317f19f),
(11, 'id', 0x800000000067173cdfe447ab65102b99da9dd96554306dc0bf43530b16bad22412439a1273a4018c067d3b1ffaf66aaac7041d0945cb9b97e36a6a2e12492cbee89ae0fa16e433654ff60553d7274abdd2cc0f80caff19735b, 0x800000000067173cdff62f98dcd8d368cbd5ececd0e8f63b21c365379461ec4c81a8ecfa96530b37e38751cc71b7535cab9ebfffefcbf8eee285c49bab1f1cb1f31a819eeb94d63333ad918838410af6d768529f1cc25944ec94677ecd23877a41d6abe8c86470a337a200e3ef4ad1c2bbfaa410c48894c5a3f6282daf3b225f264eea60af8f37dcc7dce27e67484ce57719e6e58377e1b974584ebb6af3050edeaa7c201c3145e7bb32bb1e1e3425ee29678d057a53ec1cc92304478fe47e2bd9d9df0c32de3dcdf71a7a3400fef5bb64c9b37a3e2522c4a2, 6, NULL),
(12, 'en', 0x800000000067173cdfd4574ca1d10d28d1b1117d44378300065eeae2b602c274d69a1c6957221f74effc76e9a3143d5f02b6720db91c8224f31854cc9eb5b47dfabe39a1585f1bff09d61efff6794e19cb08b7507690a2fc16, 0x800000000067173cdf6be3943abd865bcb375e0d1cdd3895585ace8eec1a1b61c544e167af4289b225f6fddcb4c2c1faa47fa673c45437afbef15b9ac76e382117efa1f6950b21e24f6f0d6e5a2b47e1635f404cc93651ab9c163bba03330663855aa50c8b4bc96a2810240c1d7577f6724f4034b8fdcbcaed85302f2e5bde6b57f1f18b881e496a07b914936aecfcb9561437641994297b5be38400f7b701b05f403ccef97c7f7302a8e7102a4510b903a589d3008ad81b82cfcd962d3c43be90da7d1f4d1f0402e26f82d4f0577aef58aab54320f9a921d0, 6, 0x800000000067173cdf365ea8a0244656dcba269e6168f1fa1c9d118c32f148c9ada2ee4f3c07d49468903d1f7721c8bd1a77a92b75afb1645a60193d600e205756943c15ceb7b62ed7),
(13, 'id', 0x800000000067173cdf96f54e5608691576ceaad1db6482865e9cfa606577f0375dd881164691a97bb7b8f4aa1f6bf50d43e22e0501709e9733d3abd30bcbf68d95a81dfbab17aba4943cb4a160ea9a7ca9f9f54644b8964ee5, 0x800000000067173cdf9d5d1f0f08301662ff2c2df1e3c83ea4c000633c708f1754bd4d28a1bb72394f047473b0d27aac6613b818a8cd402a4b3c54ee4ec297db79edc81605b03caba8, 7, 0x800000000067173cdfff6ce7a7d884305023fa579a06b5005dac8381d1febda60fb8e4147e63fa56519bff586b5f78d0892e08c70bbe8f7cbd5ef9a9cd6edc97a1ecb0259a9a814828784af72e0114cc4c8c1ca5f1f56268e53d0bedf840ca1afe3f2f607cd81db34c90499edc7013d2223cf6ba492dd34e292c7ff53000c6cb72f57fe87abfb82b1a8394772003d25a56253d0ad79dbe95999c1f6bce21cbcc2c04b2779f6db193c2),
(14, 'en', 0x800000000067173ce0b0bbacabadeb5d7afa8d8458083c35224162157f31fcb6424a9973662b122c4a18e42fbb765e49869f13c57b4791cadc27ed231295dffffa7da9f7ca70ff7df686bcc958df5c1c8127a7856bbc975a76, 0x800000000067173ce05d05b33a7573fca2e22be1492d6887a3ae93f638ce4c1f336c16558abcd9329cd4bd5570b4bb352d6e3529f764813ac5266875fcce63db1df58a06a19ca0d763f6cb82e6d8da81f01fcb08ab7a816a1de3ff8e9687bae730bc420f59982751cb7ee4945f56d7d18d54b16966c0afd63b, 7, NULL),
(15, 'id', 0x800000000067173ce0a6b4e42a092a943745747f4a43a7940e4c168ac96792c9f4c1cfc6b83a511774714cfc8fb163bbb994ac7e73341c08c0780f630ccda45d9b7401779b8673c4f430d9496be90d8a1b56efa3d2e80f3ffedc639a0aa0d31c47f71c803f8fd94a1a, 0x800000000067173ce00aa8864dc5de0a7af48fce20340fa94641915ad4e2f6e9e6ac9fbf13532dbf4282b172b1812900bb97d13666aef31d06c8ef0480b3dbe8285676ec201d9556e6, 8, 0x800000000067173ce003bb3c354b31b273b167b063c4305ccb7afb3d70754c97403b31da5cfa43e45ae13076f18fbd1a3c7c0e2b76539837182034661ca4fe770020547125731de003f4a8cdd0436106d4e272d4baaac49da3ac9129eafcbc7cd68f256de7a6ae162156eb6b4e513a52d5dc244626856672af4d7930de866dcb7267335fac9613428185d51300eef26dc7444a38f4013313ecb9f14c05558ff1d84d7529853abbb642f2a4acc43cacf4bd574a3a3b037264462b3e6c72136c0d30667e12a2b627c17af469315abf5f89bc97ba0796e3bc28a5470a903a2956a77e1bf01353b7c1cb4f8d6b6dcd0a55e6d5c5b0701704b02f72ba3b739fa4b6620ceb268c695c460857dea6790747af81aad16b1cc9e5966e8ab4c194184819e372c9e62c8d36c77766),
(16, 'en', 0x800000000067173ce08954c9600170aef163965347a422d012d8522c2565c25817eae4c39586ab39bd531a9df42791620984b941fc48757c49b700adfff7bf7596dccdc5ef13798da26d4d05c06298ecbd0f3b003440a63ddc7d9a19d3cc3ffc8edcf2c1572fa83e74, 0x800000000067173ce0cf0f367acf24ee48fbbaa5b4e60f93cbe023ea6ac4afbe0ca423414988fd1c2db23912810654240184e85ead918fa926be3a727a7d896fd577e75473c20aa005783c1dff691ba04af0e2b2643f8945119d43755e728deebb60aa5ee70dcb86f78840cdd4066e4d4ac756dad5c37b69f93c7dd441a9149dc32093be0430b033412c9fbf3eda41aef30c0256c60a24de7d910a40a3d13b7b95be8b9c1472693ad8e7ac83de23d12039136903ed0fd84d042e5f79bb9a3957358709c2bb4b9b59b7100038d04539cdac1c1abd9a1621e4594e50b1c42f6b2e1aa644f16cb600ebb4b5a6d95f1036cd355372c41fd6f9b00e0eb88c5fd74fdde7e0dd8802ffdb94b93ca870770bcd8c5e6ff6a7cf5ac906586226ea9e9d0fcda9ce6448d1fb6786bf31eb3e9b7c01ab78a5284351c51b681949cb75393acdbdee643d41655cb5790d652c072252899e99ebc6ab7b1cbd60fc8e8daf1d27f92f3fdc845d52fe5321e59fd4156fb058c905114591f873bba15fb3d1552e654700a705c99d41ee2a83cc00f74c69c2261c53d213bd4ce4a992a27cf6d0d32c8d46699a7d400cf553e5eaf0b48888923448c137106a6121e5ab697b4deb070af89b4a32f61098b0af99f1cb51a6c6cf19acafe4daeaf9eac3b127133260c2b37032b449287a92c82b39009e12a5326f67946c5d52ef78d751ff73599b58b3072ea7be64ddb22a1c27157ef4c104f8487c938f2902b12dbf3828b3639845e545ce4ab6042aa1e4dac1d6f6eaf14c7831bbadb6828b072d8cbee68ca0158f1613580f309456b08613ed3fb8ffb0f4a237a71e747644bd906f7daf6fe39dad267a49e0187f596c4019305195830237005b98f2b8e6104e97a55d9f6531464af074f674d44705d90f304a465c5be151dc2af5b4ab84582ac99695b13b1af84e0515d9a6b93b8d0dd41cd5ce326ab9b7b8190c58d895e065f3f475259bd0cc6a8b2c08aee9752e3309453bc11e4bcdf95eca83a14e62f5982496fa0b82ca65290e5b6994e05ca33b30fe9ed202d2c42aa7aa0cbd691aa4dfb158573dd8c12ad09f2438b2e58d3bea875e737949fc540824bf828e5e63934504f82b5eb7a7bde6e90a59993a1f46ea458e21c761cf5b35fb2d17eeca9488379fe5c2af6958954212ebda5fedc7324abbeb64a939fd802f656d6db25759ea2fd0c3cfd79c3dfe3fa93461953665bb43e802768db36272be86c0052beba4200c4011b6d2a302dd4faa965cecd8e9ff6f966291aac6580334f802ffed83eaa37211e20df921ebcb6f156e7f6ba4b33aa6d2eb57e5444e635f313169093eb42eec6a6d06731274b9714355830c086e19639913f69d2fe359111a0e65cad382d88cc039b9156ae7a16e3b61d8d00db7f4d037d5561f98f1ebfcff24746baddd57900ea5c8a5fcb945b866c6bedbe025eb6caf3f75093069d148101c850bde388ee25de7abcc4e315437c69aee370f2155c6ed96ebaa886f741587cbccce561a0230cdba42fce5c215bd8f9bd9e3a710ef533c59efcee7b511dbf6a7c282ad904f476c28d9eeba422e8c9908072eb021f867c4d252504fab46992bb959da4318f679492ff715f5d40b5a17b46711bb81f001c00f7a3ae58957b4e307c4cb1f7bc04105ccbeb49a3bcfe0b932f0870db17eb99c5d75e0855ea305de895c5f22c2bdfd2341e7361a45de8b166bbfdd66474995e1f7d365e9bb853d197adfb7f475cc9ce5762453e533f90b24bf4dc6633966bf4881603393b737a037e6ae68aec6222554a0d7c3cdc1da71941a7b5d3f917901713ed8be81fa8a866de6ed8457ca431f80e9c323d0d58fac5cb11452d677c22c42aa667de12e8051dcd541b46af071829b256e0b571684f98ccd4082f7e7d4c0fe7ff80517038d49d666865abac69e9d6e161b65cf5a1bfc2f9e607622c3eeb6a3ca9b399a273713810594c3890115f5037cd81a9fad4f6e84029fbf6d058f96182dc69086e3727c423b9b9189c1396687be7389ab27221b28bac63cc6a8cfae91b548b2912b08a6c3b637f57746ed969b0a80281a0a031cdcb35ee6e81ffc623391fb632049f0e8391fdcfc3c96932b639cea1497b112e362ef3b95cdce1a5f9f3f9d6f63db1c8db8ec32b9d80624769dd0c4263bd9f0f34edf43c399e76d25acb6c6327dce29f628117d0218c6e96c65ad8f9cc9c9538b1953d035fcc6f075bf3ca2b3e13ee6097893c69a56137af80b65c299d68a54cdb8e919ae7f1c962f709d0136d5d1abd78642ca8d6505e2e94e3f2f7f0202c0ca02100c7a58dc82fbab1ffc421f1837e29086fc231ae4e2e50fbc0687a9ced26cb66f3166d2bd4d06d4d13f7a68cd924b32fd60ee8f6b821545696a6ebd2736b0cacdb4572c89da8fff49f022d3880e54459a33497bbad5cc7d9fa8e33759eeca6f2e7645c9c972c2ebb1deccd4647816c792449f7c2f68cdb3edeea5aa76c35bcacd386f9e4de6172322be3917e32c89cdf83899300df530c0d02bb39fbb36417dd26aaefa420feb3da123ea83beb4c0e52df4dc7c00ea0b8081bc66aa96de861d930fe064a58b273a8dad4b596976e243ec9cc0a6bbd6a6280177c72914eab14d79f86c709730838d9fcf55098d3b32a1b787f49ec0bb1031b1a190e54290cbe5fbe1152f3292f44b896e605c8a03fe49ff915d1acbcadb9d1bf1788ac9a0959ebffc82135252db2383847ec268d49facf06419c2203e60d10e2742389f97e8799c329371b38ac5ccb221d464e1510995daa65e838c62571f8ae4ac8245c23d94b9ec505e04394153091615ba2d554d89bd640ad21e60074a60e5d8c6f36601853e6426f47a4f6e25ccbfaa5ba5517adea42bff53c35df7bf6d4c97a211f5762f748b854d94cd813dedf31f4e9909783470825eb847b285260e8803a1b69caec597f4f331abb810bafbc60d4a70f0e87cec3cdaf5182d5ed89a225c348a9d1885610b75ebd04a7bf18998d0800f02576b68e83b3e11f8232863119e8dc1f22d739fc122d58751f056610f48696b8f1b916de19e76f058f2a99de416809729f9109c61287d974546d6f1f36f81df707146a8b2079bf8969dac05c8c6ca17dc1e2d10cd8e5be2cd57d32d84c451846f386558f499185e2b716cdc931fc217a8ae02939410fef3da425ea4ea7f14be0c2c0933787427c01b9743c20bc0ce1bcf6fa7badb03f37106e8c97cf5968edd242b955082f8d3990f2d2c2351428fae7dfad914e146b1d5af2beb7f8a6f9ca2ce347c00b52d4a52bc10fe7a9c422b1dbbcb3121421069a9f94fd7550ea7fd38c6aa01c92639e5f6d1c2d5f075da1d806f4604f646af7f5963a5169e17589d3c70a6c720b6f23b718afc790cfaa13a5847a6fd375515b672abf9e72daa02797d567064154af796370ba35517af93fc98e9558eebe2cf51eacc86dfca4074889ac2e86dee7789bcd8e2319534e57f33240036753c7465750f44a0235f2df3ab10fd71db892d9afc5341445a397cf8bea77f0509c13da9abc9c50784198dd5addcc68f6b59fbbf7c49ec3b6b6851790ef1ab2b9b1a930425a7323274cd389b1bc30409668eeeb7faf8a33be4e3d532c0e3cd136b50eb165dfdb23f2fe1e0d14da6ffeba5eab12572315a6023723891ebea58bd8240d6664e0244708082f8d9107dc9439976d71685f8df2a413d6da8a90c706f4ea5e7aa07fd5a53210469b973541a157fdbd767c3a83449352e4b3fca5a128f2f00fdd8273df0c02361507534b64e0ac35e90d5673084f61ca0d7299433b3d88ba4596943403e5f59b9f754034f39ac1dbc9a0bc3270fcd30ac79995c058b678bbb48bb60cbf8947f0766e0a231812348f6d78a81c423e7eafe8dbb983fff5d9fc9945288310b950c45633eaa6d4e0ffa48e4623ac24562c746520131191680123993942ec74754133ef3dbda882508bf4330f1d770b5a2d992dabd06432c7839cbd709b60a336bb8c21dfd513dc39880361dc4a6c9804a0a85c1a6dc93f61b5b6a5651c73fbaecba4f00c0ae0db014d7af757f39e93d2977367e95315fbee73be56bfc4895da016bb402fbea585dda3d22cdd78cc4618b9dace8b9f708d0599d4f8c0a1a9725105d0396a8df8d5362f192e14a9132f5d52ce34e728826b56c78d31788869f2e616bba32eac931e82814b1ff0e877c16eabeb6f26704803ff5f3f5aaca481454d16bcdf81930cd0834eccf3c09d46e0f0be0d98889b9c9aadd1535db36cc275a5bc7164411334134f5fe3cbaa17209a31e15eec865fb750c3eed68cc282ae180e8580a336320b276fea6a161d67509ddc8f291adcb8f96accb016ea8be3d13ee64cd1b2e62f7fffcc7c6f221e787cc6f8cdc20e8fd4bdcb14e609866ea2285b72234d4c93073fa5fd6fb0e90946a2b3e1b9f2c5ff4f3c533d0ded83c04409cf8c9d25ca7888edf3cb3b8bfd1fda3fa5c4904ce1c0b7d59761df205f33eee26b2c327f1eaa1d7c1aea571d1dd49d32688b2efef2a2648fac75e7ca98c48da0ab6af9f523573f122fb556126e4463d1a39e5884d4f30cfee9f2111309026dcc2b1f1efb3d6453060e7dd3ba9e29c5f5ad5e8bb59704a4030bb567a5455fa47137cbebf73055d31b3a9cf0571adca78ef7d93a2e8177d3dbe33704680ec9360f2e4ed61da8096730a915643eacf7fec4610d82de9255314db3a070e96f560dd4db7f4bfe22e9fb97b7c94911f229b91eb56e60a7ab5b15d362625c834a47a28d8c47073e9f4e2b921b989ee8af27caa559c89138c61e12fae594a9b72a3be96f0c4e677478c1f2c8b39df0acc92cc03b021e2893aea8f545c0bfe00af3114b29a358635f5e7a196b89d93815d54de62ec97bae47657dd3c5f9da1c0d116dba789070fe5733f3041bac8e72ff3da988d6206250498d81f4f571585fee71a1c18dc8d099114774fba370c9712a40a2ab6c15a89afb90f6403aeaf55ee7e4bcde8357e89510e7973b08b2b66fb6c8a87ba6d5e969aab8e335f5447d5bd73212a4b2a77aaa1703a6f4c21ae683a0a2ce9bb86ae32eaf8ca6814, 8, NULL),
(17, 'id', 0x800000000067173ce044df71af3256cae5dc767a444120a72c9fa90033ee3a4ac452b445bc84d2fc30dbc43ddb8d051c19e139125e203e796a6c842e125d67b6b36a2221e67db49a4683e41c0dfc3b92b2c432b3d1700ee67468754dcef8a654d56e13d5a232262ad37d3c9b2604fc452b32f13a4229ecb5b4, 0x800000000067173ce0d056b7af495b2c91e48b90933b022ca511c42a11c26f0b38070143906cf1716b0c6cbc3074e2d44c210909b83064d88c4e3286ff3525aa6b875cba7714cbd206, 9, 0x800000000067173ce0b72e4d16bd53642ba8fafd8a5cfa4b9ba11d925700417920baa3a7c44d087fddd3fccc8f442441e6bbd1f149367f3dbbda146e8c71bc6ffbb77d0583a77649bffd867cbda82510d5c023e92d44f8c7f92e81b3ae5934827b9f316c35a08781b0ee77a34f20487761cae219e870d0074bd857fb017cabaa6b335ed9178c2e4cdd062047829d5e3fc7bbcb4632a604c018861fbdf83433db6c4930e14082c7f71d923d66c2f6fc752a721f061f4306ad9285d2fe2b100f6218c4a4c07cb7084efe579cb21555e49c3e738119e136136d8ddbe02a2f37300b529e9c0d6876d0a6f2d872dd20d5f5207f5f3fcb60d3b999c376d97bdc6ae3e55982841619bb595754cba4819de9bc74cfe5830f6403b37f42c7dc43506accc5221b486daef841d8fb0f30f1be07a4757334b3bc6c6d0aee526ee69e47f8c52804634ef2b2516b2be3),
(18, 'en', 0x800000000067173ce00f3cad9e1ab373f7c3a71657f7a3c141e57c2cf8da10d12f500ab668a6941d9d80a1486a3b3125f12eb442fe768a7d59db8c228e430308d1b553e74ad30208e9497e853ef928fc308e0bc46ef7905263c0f4f3513dbe25d78cd3b2785392c36acf8209df187f1549806e1c22e0202c6b, 0x800000000067173ce08be34c28e4613bef8740ad1f8a47d5ffb32d0a288573eca6d46f9e9d430f3c529503d4dc5cc4e8de38830bffa06d41fa8bda0be8fd22a48e27260809f77942c74253134fa613496ee2e23957d457710636894d98d121628fe818f462466ca6bb26fa92d592e1c265b690072e111b79087854f001527057074f0d2bf174f0e044c7c0315f9d21e0ae5cddca8e35b6e93e3bf602d3b456d4ff5d46662569c9e67e2025c2109162d94487317e1aad7213442e3c4c068855888cd7d733ae0628d5c53b5d0daf78654b0fca530c50d12800a0d74efaab8583cc4706935f0bc5375e0336e364ae6da8c690e8db8362d24be680acf9a33112d58943336de4580a9dc04affb73abd24d414baa112eb359394fbfcd6ebbe81a13a1bf591e85b089ce4d7d772eb43cabc459e1d10ad5e74a52009aea9cbd967fca1138f06378746e4a8a4491c8fcdba982a190b2233e786327c6d5e47242681571b11f14591907bbd3b5df7e444a6b544a6836b1d0daa4f00e749f2ceb6767fcc7d38d1a9008603d3b51d248bb21700f6876a03880e129cb6eeb4efea89deb826a92d90eb2060614c8bb88ca4e34fb9bf3fefab7d95e96e0579d44862dae0e94d7aa7df4f3580ba8f5b381c5633ebe66c786c578096920ca5b29424dabd185cb7a188d6162ce8efba17a3943249351b5d0fdb6cbc1aeba58ad13af635ed882acdcce89fdbd391a1c3f81bb6304c2db24cab1ba5bee596b91a558e1040152657ed969dc05d8bcdaef040c66f280ecd605025a01fe504a810efc0effcac54910d3e8bc46a9b3d858cf1436fd0908c6033213ea625fcd681ff469dc8dbce316b41b1ad07a8ef070f5b6a236fcee1fbd15c109c0727cccae1bd20b9b7b2a1a4fb70881b085dcd7a5718291d4796b0b6e4de0232faf0f1b76568f57bb2f83603fb9e7cbccdae98e165b86b6df167bb6a653cc1bcc8a5a7c2142e1c458f9b498575bf2da52af7d3e90a1e1588db3a4f672824e71bac5f669e3e74fde7069d693b0119b642fcf54adff89df6cf355b99a05ce197cbf2df3e389397c567e6229851c8d51aa5366c4d7b94773245946a1d9a2fc1223ef26757bcb340b0a49d13430302172431684d71aa256ed922cd66b021a1aa64ffe6456b6c42a95d56bce0939b693028760309cf33af800113af3ff673d72baab696f6f4012fe281e9f63b7eec6ef319d575845aec440ed94eca4c1ebf44c3d0c6d6aed8c2248b1697674815d4218e64014266829512472c928b0640dc5df5c259a8f1d853c4a4713ee708ed55ea719fcc7e2fb788afea0713f726e5e55c286437b9e1096347118aea99bf8798f24911a3e7d34c7c3480f9c655e4378bdef37e790e89644836c3f4dde0772e02902325511e0e275e18227f07c31d51d6081951e19d6b804e121df3a1b02bb9d32223d2575183e89a1c2ca0b373381b893de4bae1f28b6cf2f0bd051bce659f770a477294385a6c710bc002dd184ac599b87819f4b892f4638ae75df1b6a49d8f7bd857c799d1c3edd0c2d4defb1f902f3633dc406f833b2f1a7cd4ac3d12d80e5405e27d07e4b8fa0a612c50f35fc39422d8d31b342fd8c9aa18c858d57fe8d716af4bdbbc929a859348e1fbde57ba4173148ea9f97b7b432fd1ea057c9565be3939b9807fe16e4fad4a79f26b0689433949091783586cbc65f379c970f69ce0843cf53969c58fc329e126768f51ef199520831eacafe2ad1083c6adaa180a81337552362effdef1985de972e61c51dc327bcfc3ba2be436223805f921c8163a7303a0768a12bdd136be474c515a37e6bf2dd8400de6eabda009749fb8bbbd718da5dd8b89d5d1334c26d06a454feceb4d711fbd4e970ea6acb636664e0e8defba87273a407fb2ea338360943871665f6cc1315e221c49ef181e6de98d1ac138706bae3f48ae02a4d45262ab453ddfe7345d11d897c74cc01b67e2b5a747980cc52167a05f085eb4f1f346abf0e65477921757a1e7c5d0045614324abd85c4ff255349d18f80d2d6bbc3bf2dd13acfac61d8675a37d2532b5bb9bbd0767acc4f7089fb290d3ce684f997d279feb92d5ebbcc08e728feedb35d8148028699b5ba58254a342f76d6cf6434e476171da6c78f7c9fb7432ef9764c4d6cba7aaffe13a0de05825a2937be28dcbdc151d694699178050412d1afa4e7a6a9c8e6a19bb404c913a2cc6a263eaec075be5dcafdd05aa745878282b4d36e7db238b9836c2141793b3c64e79691d1d23cc73349a33c2dd25e07f9467dda64158cdfe24ea1f757f207ed209ebeaae59df77a2aacceac0aeb947ae1f962d9a7a5c659d2e3ba72c847b6a45012d0477b389671afc85676716a6657499215b3349cdd6fd1fead70059a227aa65058ee0b3563f25c54f8ae1af03ee2d37986ff9e7c9fe1353ca965b8404c700da017a89476893104495225af2d8721699da5fb63912e8cf12ee9a51341f35efbce5a0ce36a7acce01afc46754b5645847e39eb224be0ca124b4d6f3f7814d3629650dffc8453039860d0d56160e80b6b0275595a7a445e1a31643a50bd16a8d7f93137bea2ec4805f66196ba5fdc0d0b7a2737645092805f9e03ebb8da4320512fbbdc212f1f297771b5e2410f6bd3d6ad6a89167c462bbbebce66dc7334dd9ddf72b1c37c58cefb7e90bc1da1db57b05031ac529776b8cfed7f61079c9ba26fa4355089addb49ebe6f83ac55bd13ed872d7e4fb4e5c624ecbfa89bf9042608d44f77e4aaedb040b747600bdaa9f5bd82832d714eb15ac30227f7e5e622131122f2427f22444dad99e2fe9bca1d9ee3de0f322032e1595bc30197592495c4dccd8bc9e5f26d05d0bfc0aaf4f63ba376ce50f57f5ae68bc134c49cb6529fe3888d6a3df05c09ca8835732daab25de1c1eb5c59aee7e96af002a990df552abee1f6077a8efb85081c5b48e139224274ce33bb9aa17b15c6e91cb2c6a707d325be2621ad36eb419b9fead861fcfdce02e60e6df0e8f3721c009e40a3e89cfbfcf5e1131fb9056119fc926c961f3218d26f13976c7fb3648a7ff88b76764d971eb3ea8dc39f05e9b1c4b683df096454a96b0e5234710f15c3cc96667c06aab756215a70b25b897429f946711797996d660aa9ca97b6e3d3bf0c4445186971bfe718babe3be337c088bbd8cd64df1767218b1c2eabe0ddb9173edf3295dfa48967738eb16e1ad39e6640d94f745cb0eb2083ded50a75a54b77fadf63f202c95c20a161051b2261eb052653b906d45e94c0cdf4e7e134c9455f8353987ff40be28feda43e30900809b3dac188eede4da3d0aa3399962fe6a46241d1664927c03eff2fad0a76e1005d85751bbd30ddc65b0676c70d637f0d2d7f510cf9d32e97345e0cc509ab65ca16200a49441c2412ceea88980c396b99ce6ad67b79c657ccc9dd806077dc875d8d5f73870c92cf532ea5a20b0256d186458b8827c96b9b1bcf5bf0b3609361a5d6dd8bc823e496b7c25a0829bbfda28c3510365f74ff596048325c05d3ad2d0124212b2d1ce845246c7a2762a94d8cc76233aea3b86a14821019c37d29ec0668981a7975444aa4b347603ca0c4d6e75a889c1cf20299431445cd18b270fb3d72e983cb7c0024bf8216c1f4b93e459f71bf249c1c9596213d99bcd22825af63814696bc4656262a1453bda0c7b038bd3eb19f5a39cf5cb3303375d48df00f96baee838890adcd36d21b01fd8f4b5c2eb298452213c3e0381dfed7008b1428db07fed71fc03eaa1e9df9ab9732c14ca9c8eefccdb29e236c666ebbad9f90b7880373b184989bc0dc0b9d4affe5f62e801950d6ce42b18ba67916f23c31f352c4e3e0b85d78bb73bf39995f0177d96a352368a05079040f273eb50a9c7ae5a58b0e5c63fd529061eb524d48c074bad4b3bf3dc402986869e357d80f06e63aeb2ba3c266361aaa7dea0b3d9c4e1c2514863b23138ca78ceecc076050d4d587a1c30ca9218b0dbf22d0a839f57a50bba821a9fd9285ad3c7a6c544ae5c97ac65315108629b08916a036d4a97b3c6d31c441f20b7631ddd36a274746b4bfa0c3d7d27378275908122317c2008208104bd78c11a009bfd8d150126e0b4c21cc7bdaefa7f2bf76e58d2d77dd670ed1c7b1235a972354cd5778deccb7eaa014de2bde3a2835836046349e0428023f74f312042ce15f35e35bbebc248441fbf791b250694dff3e541c42fd51753c503497df979155d448faf1dc0a307c42fe2c1ffffb2dbee1a2565bbd66d2b65021b63778492a16cb642d740bfaa3236f6eaba2266e8c0e013b01e0fb5018aaf77b121fe26c0e4c783a2bdcadf6de6b06539f379369c921c62de36250ae173b454941f03c871ce059b73256de90758d2d3aedaff24b27cbc505fe3d07092e11c47c3edf5084a1950c9428a372d801bc2ebe5a9339fc3b41b1a5a90a96e25f298cc197d7cd7f58022ee6d06d8ba847d1d19f6026602d0dbb122831e6047a7efaef227906506357ad171c05dc3ef81bab5cee427cb9869ee15d045a07d30b30222614bf4f225cb5a416ca863e11789cab7cc179dfaf5bf259d81b12ac42fa582a270ec4e7c29dce16e9be4c732d76ff5d6049d3e0ec7802b32f79e0dacbbaa4b81e6f3860e399420629b961d1430e0b276b5497b215a07f8679ca58a129cff9d9e866391d6e1dd8e7e723d4633c234fa4c48a008abe5f46fb67a50ac80a854cd41376006e5e267fbb7aaa46227e7cfcb1d4fc2adc322571342b11de40490352be7b125a6ca848ac59931e6693360827f8a3a380c50adab497a9605d89710fedc3b6f921604010fa516c4cd1657de86621f1498ce02b6cef1acedc1c3c7522cc5335509a56edf7d0f627f8c0a2775cbb56a9c1a0e53587e177b81c6fc7f7520297111595c05a96d926b1cc4e6073861e1e4a12ed82113d416b84f86c631121f2f9fe8544e6d01dd097bf619c102e9e24623e54c33ca009f91c2516f46f7d12c6984b2b999fcf3af795c854e72cabfd58bfd7d05b4276702ad47cdba6100bdffe6d1a530fd2efe78a394cc6c73e28734bdd07ea1b4e3c8ee0a92643fc24a7a9447b38a31704ec0fa4fdb587959fa5c8c6ea0bfcb01fe903e54470746c4e43457566a4e4640abda987ba250855625f3d435c41f07d40fb501b1dcad5486589d192e2dceafa16fd2f99d84e8503fd9e81c0c86fff4fd74af657865a79081f74a759080db4c82134a052119cb0687ced576eaadd4bce99480f1644b4c8dcc853820c19aafbf191b1d43524cc9a723b99fa0453b904bb6e49f3fd4b0999f5509f2d311a5d8d82f5e6ece1f3385b07fbed2b94cff550848d6b05dece66e20ed280a0b9d81ef11757c21f5fda8d5cb3ebefdc289308ff66469c0f3ee294ab11dd6daf47690414a5da8f61aa787efb0e54fc4a4feb0cde83af6ed84058e60f7d8858128126501cc954180c6f0dcdf94ed206206e5a4ad319ee51c871c3a7da49c5e18c0d6ae2a67bcb19bcd98b760ac9f6a3b62a40ce68a0e6fa8f482a62dae3c65c5391df7c55becde75b916cd251d568d3e8c6f81f744b80f67852033e315c4ab48709e0a27e51d2363d369707ac8a81614a8f643e1e90fb9123272bee7747ec171f45e2efae5a0110d7374c3ef9d8d3b9066db1160c1be8e31913a04c58a10a1156135da0fe78bdd73094b9d93a3f312c2fb4b963d3d51a961bc3be49379b31c8aee5b3825813d5ad7ebc18b7c12655f34f10edd6c942d3fe2e6a4016b5bb9dd6929d6c482f00224369e8538766025e3408de5398ca72bcea4393248cbdb90ef2b04d51e127dfd5b5cc480f1fca088ffcfe24bebb77caae9717c87460098fcbde2457aff12500507f219d7942caf86e8c6241c08e72cd7ccc3019f4ddf19f649784269e95442011eab8a25dc628487a54c90eceb527fe6a76eeb8846fa96fe5730740eee07fac46c7286b484906906879310008215353046b7ddda20d732fb0e36df19d1a3292f805d7dadf1e1208d8619c6b606dfda6f4d9d8c0c7519366a061a3f85f19edf70fa6b6c5a01caac2a0fc3deef9da00f9111a0295b3703318301eb7bee6eac0b366278cbdf1f0b931b83e81be9220dd8cbb633dd5114cbc363b43e8e0dcf16db83766fbd7569f11dd3f2b9b543e11f35b7a649eee66f44c20886c15b29a119b849499c741b80143ec0c8b55faeac22247697536e29cc9634ab76c3f91f877ce65b41575ff966e445faf20b7e4ffd094b343f6a6ddf73e4f99b009c6b464796303341d1a52f5c2cd2c65f61e4902b55bccb40dddc7895734603b11e60191924491b2335f0065b1cebc0f0cd2a3433b9a4275cfd4b2f97929c3aea9f992d0bd625fa88347985e2ee68441b4235036320466dc28d5bf4103225876ee2b65b0e311fc6f299250f5ce5853a9d4c49214c00ed8d3dd83e34c397629d019535aac187f11362a13312d06be4203b601922c953f1a480a9d86e5e908a5d4388ac26c1157812c0c3858ab56e1313105e0e85da54203b7782c202d91da263341763a4c8de239daf84a895ee0b6ec1a1f8b8f55615b4f1c4e6089de11db4ba4749bad551f1b5d189e908ec6212dc481ecfe98910c0ea47716c2baad856a7f425190d6643d08e160c3cf763d0426a49a93ed90fe4c5c2e182b4b2372c32e604d49a8adf6d0ec8ccc5479e2bfabea95705ed9732897fe33e9fdaf78ccecc3df344533e54d85cacbba53f39fb4f029a8b7c07a50399a5f77409496c0b0116f78c02cb1a7dfb0f350b73c58af888adf12aa320e716194124b21db847868b3c81db674c54b77785dee73dab57fcf918c7ff781bd349c9d5a998ccf515acea6f366e62b20541febf75dbaeb91ca39ae1dcb2b3ed99e5bfa04a7843121b4cae4a91060d, 9, NULL),
(19, 'id', 0x800000000067173ce031852016e3d744559be7594d1124154dfcea1a3f0930053660c17c939017d8e1ab518bdcac155a032e560195733fe9735151966a9fc810efa4b8996bfbf8e6c9f81635d233714ce37368bf67ab25c8865273ea62dfeb2451cea346c16399f6ddc39a780772e5c1d1de26ef7f3bc78a23, 0x800000000067173ce054ebb41b568f375009b2250f3ec7c5afd93c0a515629f33fbad030cf404014c970c8c0bdfe8af93b5becff9622243d8a96c8a8d82d79d4f2d75d97174f0370053eb80e746693c7b9f1031272b654d3b855edd9a8778b1a0c91edab5e68e18cd52d94d7e7c12360778b2318b76e5acaaff6092aadc9ff74720bbf4bd5ab06be93b2afda5d6f3b3e819e11ac5988e1fd79b73da6f84f10ac6c296a519c5085faf710201fbb4802c15ef3990adf12002121fc555b6fe0382ed3e274fb78e888ed802d8f5bd15af04cc9890d294b09c597c47213a6b05c4bc7684bed46a5447e6ca1e2b1b666afaaddb4e95203518a0f454851d02165c7e29b8bf161cf0072a0bee07d3ee5f1c09426241bec9be299894400c6149afdc2b036f463b57b1982216241aad6a1d46164f99ff8b90ac57ea7a8fcb6e0525da0aa81e63dbfd4c2fbd9767a2cdf7c899c2d20f169e6cac0da53494412203f3a69ce487191335b3f21153022cbc2fb9232becbfaf3ddcef805522a3a0999dac0684664a72dec7461fa0e69c5167cb84b7fe8d30f8a8bd0a5caf0afeafa426c7fc987e8d5753f3e2c86f87a019c37868bdc645105f0592f9382a87b631f0bee0758966566fc8ca0dc0cdbb677cf27a1a43e86b9780995d4d019bf80a0b35eac9abbd87712a17fa1086dec6560fa86872f2ad781af055457ccdc0fbca4dba91f247f34f4c25e57cfe0d0b548f6c985e28f6c8cc9c50cfbf29ace2f2917befb93397cb8999088062ebdd124f5cc6caec80d3fee2b146e18d10fc99ef95a0548b58fbbdb324b97e2c81e25284b82603f1fabf2f2bc71bef80065abda2ae97873ae200c909f7de02c5f921e24748bd46a8d66795e2bbd06be396f53ec53f5bf90468435e1aa1461598e2f28e2562f894f1d2203556d08d2489fd5597e0f7b1f5cda7fc27d2761f9ef854ef1513700a739590e2081eac8f0f2ed19da7aecf425dc3cd9edcb7c8ae312a54e5f49639810d281720a9663552f077ea9960603f870b50d3ae8da40b031564ff868211f649f57109f22907c4c64ee827181d0b0de651f447ece449da7b2efffa40e11fc781bd10065329715e05e031fe77527c76dd956c493b3880e2a6960ce2a7781aaa8dc6acea9fd818265bf180257794c2750826379772b2c724793f6fffd2a8cab58b8cd7ad49a9a4becf256fec92b95e98e5d2cc61122efd6848d6768b7e370d712cb1757578d42976e29caa2bb8f6b265120390ba098b8d6f46d5ac8ab104b4264da67755c918ffaf521b9327bb0cc2374c70be418a5ab77096e22d51ec5e9b3ffd764541e5cf5ccca04a2ef38c4e78cbcd7c5b59decec6ae961c5af72d3b1d877100e2914432c2d36410180529c25ac463bb98c41b5ca06caefb3feddcb7d880fb5b91d12a804e688e39f537245e7fb4636503c2169dff73fd2332115593f64ada2399aeab55b89911404b18fdb6e905f3e159248bf42bfffae0f8b15338de79c5c9537d24a5237bcd6f99cc70bfe564857b79d513b6da6b25acbf72f0cafbd684f46606ad69c616d621551fb124e8a668d01f5e0b17ec102d20c0fc6a78626dcc34a1baeacba620a9229ee23b6b53da876331db2ebc2b07884b431931ba11e98098ac11c07e298657bab7c8b984aaa746e295b97d353efb76e888ee62512c8310478121b529205d0578cda036390f5d0f1a8da01f8265c1084d9e1d998a872a37deea06db33aa0815d8e7b81ba9ebdb11b759438ce9eac557f78f2ceed5a39f6da9939f8164d0f4d8cd7c77ac1ec584a2dcac9de658a739f31658ff4460802aef405da4727723c6c5d0bfd0842701c3db4ce9b1c65f3f6a310627ca400a23c122004199f751cadbee8317d8729f17945166ee7b3458568e9987d0c7f2de46f8785a901a5218fd6d98c1414786196e8c928a19ae3cf74b2bde3ab9cc19a76a4b1221cb9627379f8b465c04c0b6c63c58c0a6bac2f5411c5a6e248a98e5594b7777657457cdfba18e8a4a9a7fe93e7a6203633a29fb966954969fccacb5ff0aa620ded345a6bb2667ca5fa1406e6e09dc3db30ac98407a507ddce83230a1479a6ac6a688cf6392ef66c6b80307434a9d77ae983333cac14dc3427b5f504c9656c6d52dc49c64fdef299905e6fb8ccf7ca54e74e4f7b99d4da34911925784ba595b593b16c0b4f7ff6cd132c6cb7d37026070aa53d17a8db2e1eddf440128b861811efd31d0e1eba0d0bb2f09ee83bec6c3dabfb8e3dac0b58009609d6108c6944f7bd6633d169987314966c539ba3ed612bd88d2101184882d2e10f57828db1d1ecfe8c1b9a6ed154b531cb59dc7ef9d6a512b2dd5a8fac82cf8d95b3cf5a25a5fddb3e3fab1c9a76cd988355e7c785c97dd3c48946eb93d80e66c4e1684993594fd777f5922b9076543da5c09a17731a6ced87f6b1caf8ecc9d99955bedf73067c701f20aac254461dde072415b6ffba849fbb2c53b22af9c12ad972926f951e1c78c28493a1a4a9bef7241eef85dc50c5cba2bae28b50a1e5f8daf87f35a52e2844e432687c8e8703284457000999e4715b7bb20bf112cb6c898f2d82c409a8df00e3291ee4db00caca4c97fd06a57ed28cdb69b0031c2f3545094dbd296de898fe50ba58b50af43ad8d861fc7d0c35269323905d151c3ec2859a9771a34e490c5dba57b180e0a243bb9196e75ed38f37554af4dc891a9389d1e4b10b08fb6ce2119c08c41d63d041c6e46354903a7cf025efd51c93071b7dc81346dcb0b2b6a6afdf812eb31471523496a2600412d3f8567564335e2ca875f4625b58f4829282d78c2faef27bfb9337478dc6b9984170235dda3c5ae4972baa088183fbb1825ee447e38da91f3f48adc7ec028c9ad853603668e84f3d8c9bdc1336b27aa25d42be5a7fb6d798c3d9aad8719a3880b94b548877f54d0c3e99184106d7822dcf25da892b4d5676825900a49bc807e3e2b22d498c22ac37aa67c71425899b71f55e2937b02c7e5aed1ecc7dff11abb047ee72ab93bd8bd6d490ef6bf1a1311fedff10da97b0b3bb3303da690005d9bf0f9a89c14cdd5985a7064702d5926edcc6769a1123a02a1cf6dc28a650512fb8923dcabe088c3a7b5d4033f698ca870b40783ca7dc9b18d376b9c9a57b81b0a842827467cbb2b787a4225f77af579b3b61bf260917287b1544cdc49f36407a2ca84db8432a7128e6fb7137e1f03374fc316d1848e82080eefd0cf37b1b65fda493f2922d26f313dc9fa3a2f36f429de01696d0a45554b62d14932b8edcdeff6b12bce3e2c02730ee5c516617d8e3123d992fe2027a1ff2549c6b4322d54eb778795201d0427478ea3ad2c6fbd7c9f5571e83a96b03ebf968eae53186a58f6245a8e9153c96bcb60aac5a8f1c014c7faef713cff871a65d2d887c2f131dde43f8fd3fd6c8fe26dc1edd39c94846a81e34cd1c99c5c7be2f7aacbe26d2ebdac9197d5856312b73451cc8a86b451979dee1d7f8e26b9bdddc44327e65a6f106b23e4935829b4e591ae8b14f0920209ea73cc71d443322ae58d1a29fcf2369426378b5595d1c8b73bde999eab57877598c7bc035072076b53f630237ba6b83c8b35c84b3302395661f1007dc0d49ec6450a8d2b303f42a6b69324fd9e5ea04285b631c4834d4b90dca21eaa06ae24890e7185c65cf5b8e29a88b92dc7e89c49c8af85858e6cd9cdc7144f55fdb1a498857445ed74b4bc180531cb08799f930a7786a14188637f2745b01c657cb4b4a1b273c5d9a868a20416e2803f20671d14142b8169cd21fc9c7668fbfe4ecb6288acdf14e685d1fe4f5b1f10a7dffee05a404b852db4a06aa9847514479e294c81e71977b669735bafc91c033159bf38c86df314ef1d9dc34b9b01e5ddb717ad8db7eb724604bf2f6b47fbb1703b5670ff502858b93cdab8b513eb55519725a485009ca0564c1d9c307d61a9f22585a53ac46ca156ed149f004e9b24673efef1c932d06502c7619ead84f249e3c64476f4ba9977f99d853f65c1b37ed310ef8b260d2e9190ef69449b00ffbd6ab0ccc20fc59f4e7f7946c1e9de6cb7515b3ae56ff58195b0ab91e8857897c43360c43f6629077db4fee518698ac8b425b8c1da41726a80ed37cd4aa46559d33b8509db58f4046e1c8c98d34173936dcf90f0fb04d431a052a3cff3e98466eb393d4f1a655842ddeb1c175529f58333bf3da6972b74653c83581f474bb801d89f3f3820efd91e1759be4506762c39c5bfd3dfcd2c95a84c7cf9b88ca50b71fd807002148c4fe46e580f2b59ec995f9ba80e78a2dc4876fd71ea6d41c5aae5010883b36ee147f69e958598658ffd055d9f3b17461ad84900940485a14ae9b91c76fc8b9be5fd52be532cf3324707eca55e333aa22e2cf2db8f264dd627d558d0cff03a76dd86efd1d6bd60a83f01ea03a4dd48af1d25487a9a69b0bbc8ca3f79694374ad95d58ae5ef93f37abf0cad0b9afc9438001bcc8e994bbf172c66a225a491a4c710bbae2210eb25c93a150fd9599c70b1f1b7e58ffe6a671f36d7515d52860215107b1752fae27504eec99fb84cdfd7fbc8e9df795fd852718f2c74fcdf5f62cfe392d2433dd36eab1e2d8e980802804382afb7da752365d19c10c21c32c4506a736fad3f24d3a9e88874220b31be78b382bdb59a16f11228a45564909db698061fa4d465deac3f3b780e24fd55f5ec3d42353558c3e68d7b785be85518cc2761ef5fdccfe5dafcae1bbd068d6a6b6cf215b4bf4168624a6fe9fc555035c92effd3699c9bd04bccd0726c575a828723d444e25b09f5c068ed1e41c9f0ca3ce3ebc3c12c7f6db1200f1ede7f8e8970fcd1840f0af18aeb89a053fd2b56090bc2bdbc441795f91598873cadadcfb3314ecd43ab9696f7530bbaaaea28b1e4754ec0379f3676629c67ac0deb6d4d48dc13e4ed2c445cc5c4bcb1dfb4aeb53d8fb531e21854d64e8c67c9f00fb71bde7a0c7753fc4a98625bd3827e0b699b473f4d78e8823cf6799e7466de5155e54a09abdfa8f1b214c6f9209a764cc77911e10a35bb96653d749bf8191a554f4491ee6edab0487ad5b3b782f2071ebc4f55c55f7fdfac189026c8708d7b35dbc19e71afeccf6f891752802db5146f7054ac0ea10c5a18d7bdc9348c5092c8d6b86f3dc4dc37c781c23d07444b2788181505bdb7b389943a295b2a265b4b2ccd32b5b93155675c6712de7b0c2fb65d39c5db39be9507d13c377c956826998203af00ba699d9028145e3be828c7707236130e0947f1696195c015c4dd129397cf8d8488fe5d0d87723b702c5b6cb03b52c0fc2b65534d64cd152bc0ad2dc029d59c8890af48946964357d78caa4feb5ab069ca897a3665a40bdd5b168fe29384a1d0c1e2bd5694770a13a984e292b229891a50369b97ff6c56b686356cbe74a23ee436ef4b8148be68cb6a133e0d972ccfdb680183e1adc180515ffcf07854368f0619db8ad27339e7bb598b998c02865367bf5e968de6028ec7b7a7e4bda0cb0c4ef79a2fbbf195a55f800c794a2f7ff1bd35ab8e5bc978fc44220a79313454edb7e145de449daefe7e68762e9c219f525a50a97c8d77fd2f5f32eeb55f3292b6e093cc9f36e3c504d1914e2093245e068811663b2cbed81bc0186e0dc6b77d344dca86190dc8e8fd1dcd16c9cda22daaa3a11918602d6d1ac4d884894a202c377898edd21da4a85b1a1e159380b97f7092440af214ed0a467077ad8384a3ec8ea7526f69cd1abdef33c44f64070645eb95d4efd7839f1201b82752efcc1f2b240b542082fe3482bb484e5c6d935932679455f6b4fc80ec1d00ead3d7f1913cedc5bd5fade2cd3d4260ece7c1153a2ad7675318a34b773a40bdd2cb0402b0036006f61f5efa72681a9a6b38d58596b8a178a3feace3e57805516e03a3cc92159550fbc0ac2f0d409f1b32c810e822fbd58fec704854e5fba8c091f67e4b1d09cd38e890fe61b0e9f75205c2f41a95971d0dc7b36d74881ff4ca17a94d57cc9cbd6132331a944a21245eb8453dce36d5dda7dc5376dfc57a30c920039e23a7a647ba92400cdb8da0fe70a9b4b6968c64d93ebbaa913ab0a36984d161c835a5a894c5d24195d798129ed10f4e5437ceef52deabfa563a9a332aa1b07b388a0d78bab1261b92bb67c2949f03c94d37e2673f0dd36106ae0246b876623dbfcb885b5fb7181f9345065071490eb46691090287f51201c470a3c025ced651b7e7f1aad3c42a4dcbc46855e40213fb608ee134e4c1e3eb67c0b194f17eccf4c8ab9acf402930c78f8da9431fd2ec86d160b9ba1dbd77b51da6bcef978242163cdea3e56a04901d2c7a62ea485eeba0bddbd23d602865d51bdb42b8840a4867f595f4e8f7e4ff85972b74e03c00236fa3b14772450f1c338fedff3586ddb56c8b2d7d159d20819f0b74d31f76a725bd365537f7723d3f885a53ae054c43b50df1490b0b1c47ba412cc9a4dd31c2b6bd9f52d527000cd6ee14109c0a4dfb9, 10, NULL);
INSERT INTO `frontend_fasilities_translation` (`id`, `language_code`, `title`, `content`, `master_id`, `sub_title`) VALUES
(20, 'en', 0x800000000067173ce0762cdf1566d2c6e2220bb46f61e1b68904bffd95c02f1bc687b1a9080d169b9f20fb365ebcb1c997cef3bb915db639ed8b01cc27e89be4c57c14df2228b21afd07af96d743bb2d5c2ed4cdf749ccd8d28c2e9a98568245cf74e176bddd8f9e3bb20604e2ee77c3220cd835647191d95e, 0x800000000067173ce0b70ca88bcbd0adf27e1d2762aec1ce8b584c0f1b305a500425399a10fbb8a034ee22489cecbbbaa3712e86d5fcea0a4ac0921c10f91c10e535434aa4d23edb94b58cec66e48430bf23be636fed1109db5491f6bca2a303effe7ca0273885a0a642fb8aa1366c64beceef4703c5218de9b0142c63ac16454264c3641ae3b6f542eec094ad9dccbf498fb0245e837bb717b5c2a8f87be381f8cb43cfba2c9d2e46521e1a03bc2313415f743f4edfac7515096c63feab152e98596e4948d0880b22f13c8c33e4ff9f4f031503396f46c2523442d4d9c336e31332bdaea41886f6afbd3035b1b7db216291e61c8b3f76f7c3295bc5460aebec482abe379d787c1eda620fc55f070fa933a2eaff56ed38f3b4da4e2c0e87ced45b107aba30103d8120dd882a18d6d9b660bf7af97555d6126cf3b67a0ec58e5de0cd32dd9cfec4b6490dafde186dbcfb7c1a1d6cb2e1056040fd8d6d1f70c111479e8065496d607574751f31f06393c3d86b48965d89b506342bf7f80ce1b6a74e88b4375aa37c0e5d7ca6015c8831260db65d625b7da7745b6c0bc79acf9a7d4c6679017ec18906a1c50da237872e6c8a3c089f2a59ff632ce8b39f988ef6ea058b047744a8ef78a4383ba9d03533643177ac93b6ce03dc2a52cbad93f7a0816609917748bdd97b485d4adc365e537908e26624f67478a5cf97572179976d158d935882dacb68a82a4e790c8478f21d6f11bbf5ad740a0be5d80513f561b904e1e9ddbb1418e6bdd27a1cc68f47f96ca65be94d72ce91917b4d9509c238febe8e50dec85a8ba62b3863ce9586ad1bc5c92514f2b70c4034199d9f1c2f0c81bb0f09ba13c566e87cf1b8d84d17a6a65a6532bf7e27ec06a2771ad2eaf4c1b5a0e63aa18b8b20da7578e996f8eece6ec2acd9531fd6098e99a1008af741d84d2aaf497e697f3b13e8c50dd8d037c7c1a674d9c265010ec0e4e9cc670ab2c4dda2377f5579e02fae66482898c882a63bcd0f25994afba76261fea258df75722aa7d96c88769f8f51b38435568235de08e7d7481b268baa3f03a3939d236edb599771d3e0067b81a2021d282f4548d0f61aee92e929c88feaa7cd03333ff0088999b09c0402524892e47fc02a95ee06e48fef6401c32ba9f74278c52c2ba9d6f34f4bd535ef153d171c87112faf78f7d97b7c7f1848e2e37ca4c9edc71330c8491433d42e8c4427b97dd1260b95e9b33ce9eac2626b30d6c75879c0039b89de707197363265e6e347e52d00d9bf1fe657d81e7e98a67e62b12ac161a9e02e95d0664311d68e2f801a51e7982cf680b023f6b23f3029ba2b07f93e361e054ed0e30dba3ba159343e39a7c69461cb950ae728a51bdb4f97fe3557f2f9c0512ce13b8723deeb0f8a1b2b601d8ccb97067d1fd1d8ff4f674faa439c293699c4d4ba945e922b1cea7bfabf656806254a94005429682387b6377505440868c24dcafec0b550da8b0b89411f867cf1a55f275c954d3d2fcf171479a25db9aec20d77cd7787b713ee877e962f53cc2b922b842159a4a1d4ee146e63c2de2f431c3a0beaab2eb3b3264a9d4ccf373293b00e6d2ae0b4ef4d9cd381acf301d77e2a6ed2c2eddb793d5a22c32df0a94a73d4587db245cc6ae6c1d3d11c69650f328437f5e45617fbbf3b419c5a6a8d89a92d9fd279d63fe103d5c16c4a50f63c5bc5b7ec05001917cdb1853f31b158ebb8ac4c9ae2aefaacc65491854d4151beb2c7062e691766828fb6c306710d3b974df02a9c787babe75f0a516be7664af0ac6b959b9d91f72ae4807f1c081a8c0948d2b75d776d5f52c2d23bf078d8d418be32e81395d5f061db8220da7b3520f0495fbf3c99efcc21c11e6e5c77ed719de27d41f3c16fe72646e3ae2e251ad828856e9dcd35c6faed95136f87da6606f9d04f066c8d33c883f4afc1566835f7180dcacfb345597225d45429e68e221ed89c9e6bb5459367a44670983b160795cf5852b68100583e6009c6f6f725c77ce9c1fced708f3b480e05579b26758e3a6caa7733cab0df4ee5ac762eafa46cd6f0ae740661d9bd8f0a1bdf6d444b74350b02cddda65ccf11c49d5aa42b0d4d4778befb252c93e8315f86b2edcdca55e22de67c00784890a9a878cb5d7d17cfb651b8cbe69454cdf393db9c7a4408dfec32e5a141ef5d55675efeb7f8aa18e5b677ac1a3da2518b1b38de20a04bf642f309ec98ef137023c79b395f914599611b9e1767932f3c9c7f6d534818d14df78c7edba1b05308aed58ccddc8221a25ece65798e0185148b352113e760ad59b6d28d8f67ef8326b6c97891c1839b403b69ccf3ce11b47a6f04d6748fff6ea9885445d6a30664ae2e0486e467c62a221c97c015ea33cdfb4a831901a4e99c1ea4f13d43105696f7e3f5af2d55d470125d1b682ef06740afa6fbba61da3b0f5a0bba0ecb7e1755c253415bcb754657c4fd21d5248835f6207b8a1db30c01ec2a49cc094b6295766a6011ef5514c9345c869bd067b2f82a21ad633856e93677fce6bf6a3d818d6022d15093b8d72b2ebf41dcadcae10896547eecd63dfb4b85af9aee62e8d2b36fa3826e7ff5fcc6d117b729877d72000ebb04f386a4da9404b76383282ac503318c54a7b3a0533be64fade8d31c906facc44cdc13fe5bdb127358febb0d2e0197bc445138a89dc12df562e5008b9a476f92a0825d805aa266db9f1bca507f9b049a301403a08e0eeec7ad7434e9bc86a94085f287fce27f8fc359bd0138743078cd281d3c2af4f541840da0a146b9789a66fa9f93521456a68ffaa79f5b15b680e6b33136776cf2b39e55d35b363cb7ce9226c5e3ddd7a87d46113edbe6d84c02d0875112ba0ba582172b1cfceedcf3629add7e7db52bd4c726a97e14f06f55f9d404b036cb6f98c86d4b299bdb88474344e550369dc707ed76d760d4a0a9c8b44fcadabdc744a4b189f99ed4c447e5dc16f26d4573731a2085047399610ed18686758a3454af3d10082bfabaa311e862d56ca46619e1b7ce42605ac7713cb3fb8185874973e42617ee9c2062261e3c5f63951300b36fa8e771672aecd255c24f0d3993cfd4bfd79895c992f66319f3a6684cabec38fcba1b5e017fe46ff62a9d3505dc0d548180707451041e629e2ea8948b1a53c3b76f9582789ad48a7b66c0873e4286a1ebd6b381cb606e90b95fc6fc925339ffd408421cd53b22e071ca7185d8f0be6a77eea046502cedc55255839f50f07e9aa2411d1a4adcce527f047fd3bab7d6ff54709c9a53e5299d11f7d4f3d1f3d7e12ee145b09867cad21064f4cd39f948297728eb0cf27d36227b80bf9ca6920ea87af3fd960c36879cd1e5cb39b27ebaf37ebbb76cd585a92562be0b9c7ae3c6b54579e94f91dd0a2eca64d8833539f672044e6d35c1edfe07122c7a978bb2be3dd0cb0edf8c7922eab05fec546e96e14433ab788d94b17aae64dab59d08e71b66d648aba8c4f05ef88ff98bdfece7f67c1ffbcdbb1ff7062fdb34b22051c923bbfb9dd5e2b0755447446af35d1ad6fbcd8f29f3d334bb29c9fe939547431a46587199f6af43eefaf23076f09d3c2c5adb680fd10dad51ed999ccd50f05ecf49e8d6657dd7e63b3150d3dfd802d49f0f66e98f3121fe7dba3ec8c9a542d7dfc8ce69c8910132d867da98374649ba5c916feb2ae868b86fc48b132a18d5110050fc273d26165726d38602884d3aec56e998d0b62a031b36a142e9621d8f9bb2dea3ffce944d62d9dd81fdc0080dc387e406cb07739e564c2f14f005bad645e0c58e9d4b857a8f41319cc674ee77f0d5e197a7dfcd28d9bd94b1741ae2e22bead3584b799f8231277aa99b08def1c35fc90e02058836b3e9719f382ef7a68bc47739b432c5e185ba30cd690d8177e191282da69d00e8b0907be2820040f2a4f515fd3233fe27e11a43670dea3e5595030e497ca2fa814eab786597d6ab1c5505526fc726cd0076f494c97e3cfd289f02352a4390850d24c5832b612c6337203a6adff1778914f892dc79bfc7138547b6037d1fea1b6c1c6ed14b0951b04e2f4835135505a3d4747f70169c7b9fa5225ed5129793a3084fed73811c6f49746ac9ae04dbf3b95e133c46f3b99cb4cc5d0798e40182a44f53e470057b80722201a67355a5aceaca0f5111233c7c9f7c89b0153ee14fb094924c0035d50196bd8aca7d66745f6293ee8462b28fb3020afb6421f701773e6ac88802764f347daea6dc4a5d3adf52068eecd28f635ac4c8a5e94f456d20b2c5ee418c3f37f61bf5b8046050e406e4a05e8e0f185554658fd3f899672b82bd70d223d0039acb0db781132217ccb3e8473f4c4360217d6125f5f304a595a8e7614b19ed27cc33288f8e7f79a9c839a26b6fc000c5063fd583e9940b0ece48bfdd567d6023368328d4a89e13ce15b39bf4c032a7b293f71d67d4b93bf7d1f7686c0e28f07c45a7fc7b845eb09924f8785da947a6f5d891457acb9524e3bb5cecbe6de7d5080258d14382fa38f9a0041917a00bf5830b9af295bc1144f5631f92ec1aeebf5554c4900432ece514545282b6da392e3043ec886c7cf9ab970df621592375f2315d732556a601cb3a29d451164405415fcd184b2fbbe4a4b031ea5dc78777b37fe79bdc3c27e1e762bfdb74ff564865097f60eb2db5539dadee5b00439dcca24b06a6a557062444ce67a1dc7a0ceb945f58d8ce3800d08dd4936db57ae73ebef9d5c14b6b65ce208606a2734f6182f0d1c13467c34954541acb592a315e9fbfb33c43e572b333e585827b9e5bc899f3ca89983d1050a19a06ffc3111c36273bd8ae892c7436743ac15b1a1d5dcd27934b9604adbd2d88a2cf6396e85859a33aface18287b19dd46bdae6087c71587341b4ab5cdcb9007a7b4478b81fea33c398ed8fce933a47e16a4d1a11d824fcfd93244c62de49d10415da1cfb8913f320df3d218b0f5d7e436da381df3f6eb37694a018dccb58f5d3e1d706da148485220d907f0a0391bf3b8db65819da48eb36d86ac1053dccad5986c773911551cab2d8a1b318543c618596acdec49fa6d0b0f5b5553881cbd17050146b105073bf3098f9ac0463a3ea148fe49c61282141092913a5f7c79e6e4c83672f2596bac2b332062932024d2d37c9bdda8ea4f580f8edb7d0968d5681e4b93a8bba1ec8ba7f469269966c46d423d6690ee4d195ff918, 10, NULL),
(21, 'id', 0x800000000067173ce0848c1b0aa28fab74bbb36731a4729859c6f6d724b7212178d2a0a6c7ddcc3797fefec9ff5c34a67fe2ec91f1e450cb19370598182dc4b75f688e65c084bf01b0a60564042063f80f4187c3798653631689c77e3cd673ed11d2767e972f9b8d617135cc328630c8132cce502260e69518, 0x800000000067173ce09613febd2b0f4a31933787ef92c30d6468bd85a706bdf4f23f7eea9dc442bd64c7beecd5b443f89e3d32cd1a3381a8ed6724a8a76fd16a70c1ad376d3b9020b31a9d06073aa0277a63b738c30b012768bd76a40e63d21af92aa5169e2c81161f66ec9e4feb2f09e1a8583bc204538380bf37b322bea1c584b8781ede219bacf2f0ee1518a6b37916a808eb9414ca05253407e1c687ff777d193736271d1f15e773a65617b3fd0b4c5bfacbd02248962a5fbb98a0953294f6193c827f61e08e5215fbe2fa170ff5ddc3eed145ba49948fd1b401fe0a4399264ceaf5f846c395b6eff1d68e62673c0c98bb806b82a68f6e835b7d8276ea203062aa78ad272f425bcea664952fede580561df56bc408a77f7d395e09c826f0a47e4ee2da6f9de136acbe708a8c10ff1530cd9009704732be7d2ee55c4bca5e0b1e0d68c0659a3843edebdcdadff76294e66e285920ab5cd1ec6f0ee1df7fb87300723c47069c898f5d0786c4c2e3a32136e1d9ea980d3b4547747679b996eb41fcbcc2c2dee945578e9b2e4c71b48642e4a00c23879f6f70fbccbaa7f81d87378a59c4eca4bb0bcd8911beae9ad8918a565697168cb14504582fcf0b70db60d319f8e7db81759ef350aabd4777ae8c502704171d9166132429334cfe708925b9b229532a137da6a86075224708d0d32bb2380c90e957795befb2f7f6592d6c0ce8bd92290e6acdb2b78d71e65b3144cb0e7ba330a4acea5a5d824fa3d2706a65f442d42fd48d750644d2011b8b6602a8dfa97f65c66199a8db23e362b8155fcb0a31569571eec447a909f06317d7f9bfeb3b0352e988d325c4a071f259f0d65d7423f93aef5df5be3daaa872cbfcff1dfebc008945deae1ac896c39a1d4ef6c110a6dd0fde70d266a947d2ff913d5e6a220af6d2c2d628f4ae49e77f94ee27e407453b1249dcf832e5e14f5851e7504ad5937456f04e81ababbeea0366a91edeb6971e1340ec4205b6bb3757c7d0786e76bab641744217e18171980707e136bdc2f67d9b75986d8d62620a038110cc44e3c464313d6810ce7c6b1fe68b820aed5d008c230349510173270bc753b4c5be43341e596ae67dc52d14ba2f5e5a037e0e98dc5552071f06aaf7082dac4487926d379e1fc6619dd0886264b0ebcedca45ae1f8be79c279b8bdd64c07d2977efecb221ecec4b7fe9660524365d7998d702d3dc2d4febeed341ff23f728313a07974cd2657aa0807c0234f0b0f82e3e3b2d4e20abac83755804b18f34e61f81c2d090a2329edec675275eaa3c9cef64641ff41a8441f0cb25dab05a387977b7b6eb2eea9bbfe8c6dbe0cd3f0c924e9270ece45f3f772e2b3fcda2e0a44b91a4c0cab10940be730c1bc1e7f26ff0505ce7215fe33e0e8f7cc5f5bb5675365706b7816ecffd0f58ffa871c77575f98d1c93c733a66a10eded8439530da3e2251b55171494971852f9c1caf491a8af63c4b20013d8ca72973cb216c5c1d5ccf9a75743928f1dd4f977302964f6374ab86a6f0252b3af66a19a9006075097fbde95ed3bff82d2ce61fed881cea2574fad83c87c0f563553bb2331c53efcfb453aec5cb3e6d87b5f6c72ed0061580ece841ee9077eb1f3b85c17f2b8cd71d87ae482c95d4da9505290b1f42bbc5d0d92fd7f15b6c998977e59932d31c5b4ae8376b4ee5d746614d25a6391c86c510363d12ddcf8b392cf244a778c3f1464fe7d053a6066448418addbcc7572398ccd5c48a777b0eaa19eeefa4ae0790b1bd33dffd7bc7cd0b5cf65c41b6103e927899d7859f577c1a776a235dddb1b97c72655eede9ee2f9b02e5a2433f1fe3c88ca51e06bff92511684b2f18086ed74f0e8d3ce0a1fd50d741959ac6fe457656ae7d9ed21c506569648ebc03f6c2483bf57c4ba22be600fa63ffe9b07cb142063443ad7757299677f01b8758ba2e5911685ae0a030f2bb3e5299369817fb52a5dcb77ef59ea5e151680d54bd718bd4fae5c9b06df2179f5fe629cbb56dbf4978dff106986cf151a019bf89b83467847286072862860624d172cfb93d5af1f9c12485ec0aaa21a3380d018ab03de208ae343b1c270f8e4e782df7ea43d496394fa25ee082bdcaea20d0e472ab53539117270ac952bbe169ccc9fca9ae76eb174624581c4b7a06afd39fa46d0151c832a7a3638060ffcd6420d32882045f2a8687125d1a662750c1630ba57ec0931da87b8665a94d198b5081d7aa349be7b43e14517fa12b9d221caa365f5ace44364c978b750633c82e2148906de7cb897171a6c8b7b8a73f23516c4bae8bc4a0c25343a88c7c3d765814a9c8a4c747e238be7d4ca5eec476d0d4f012876dfd15a6f29d0ac5f5c6c6b36ee9b106706d0ec4813d673a5fb4d686ad2f36e9b254bd1589c850d1f4bdebd7f536bb6187997e3e24099fcca212145d0b08df981160d434de4abaacda33d3742907889c600e3374cc8f96ff974a5e130e3cb326f7edcf576b60f9291af786342073e55ecd2f7b7005127f08e38f26f33d1f666a91fc66dbde71c539fd58f27a826eedafeb059af8d9eb1cdcc20221e168d1379472dd309c95abae70fac4f52695ab1c2bf8271ab98115dc7ddd958089c4c0d7e32250492323862de2fd12059905d211ea64b336d90fb5b77bf25f8e9d463891f4d103da592c006b4290bad2ff89080addbb8a8e3380f3e1cac9c15ee1e4fe5936f5d71a61f5a53cc064bdc26c7258165e8a40c0dc191463449ad40330174c4a316262a226c2407455d8f5e578515bd71310b190f624bd630211dcbde70bd53503bd830f2a88928e9a5d8389ed2220499de9ac76c727be8e520e13dc204744fcee2783c33fd7d98b82c69a07ba181a70b0f8f26270f087c29f645602e11a7eddbd204de412e7998f23c5b3b4110e17fcd8fbc85ad49e3bff2a09a9050df4e7ee2bcc42bf9a9cda56847ae2586b7080d3b6cb85f2ea1d05e2fd9cc178d234f2a4f5df76be1b6a4622da22616d530bfde82aa108cb5a259aa91c08e8f8d46c07911b99ead1ed3da0334f1dc52ba50355aca3f2ce461ea2dd4bfc5fed2a2ccf6817fadd8a2b1753561e5c194ee10f03edee9f644eafca4daa3de6c2316447838435eb3d4a16c48e9a42f82376bfbad31cfae3e17518824b93623800a1686c807178a1f8daf6c8bd75c169c20474874c2eb80194dc315e1e9e8e89cb5784e4324b00cb0c0ede658ee519cdad93a2a3cc378a343d71dad1aa0a57b139138693cbf1eb4b315d1ee7698ca6a97fe805a189442f150289991d666b1afdbd912f96ee1b0ec77abd608da40478553ca460e0ab1f75634d009a09dd7f7cdb7df7ef3ae2e5528529e2b1acc0b56a600dc4bfeae596c29d7eb87b722874cc429bf95a1fdf18b6592958aa0a22465b15202d08f5d801c29300bb868c05dad7b7f7614fd75f4487bfe6b5cdf1549ed012ddbfd0059feb8b4a066692673419697880f82f9296da8142d230710e309720fe6f8a01916055758864d9de307c636ecad510c986a80ca774de2d2ec97dea25560c5ab5602129d12b9a694149f04939912158e3d1b9d289e18106a4647f5c71ce365a51b2eb02dd52f206161274c538213da2663f4f996157b508f6542028b564fc2fe265cd3f92962d5504ffa75ba089864d7dcd93a58876289353c862c52990aa4bf99ec2d0b5078e291c06b32e569f115285456f6a079bb389bf4a8ebca717778344ba344533db0e07cc90f822e372c6d7cb7d6b5d3d234e4560d4f8180d5eb731cdb68b890f1a0823fd2b8713eea1f2c90fef2f6f5e42453ab0a4bf987fc98fa9120d54b730a98987f4f382172a5c1fa0c729a51c06aca353e044b4337755a1e9160eff0f849b1ba841c6ef89236438f06f6d2c2a0b221dec5be8649b071b09e1ed61764d4d058559f9961adb4f2ec50341fee5f711a2c6f16479a41d6382a81b7a26defb8dbf7a4cbf9111dbd5ae14d22f779629affa9ca554e39d3ef7728a9f64fd03a533eb6cb32a4ba110d1da498cfe5313e03b546c1b6f2008cfd04adc7b47d8dd1ade314dd225d15d804342cf801930cb3d5df8c01053ff78ecf265f59c589a31f0f853a2301e6cd0d07b02414239dcaa4fa426b46f511c45dab8fba53b48ba9a017f46c3a9c9eab67e5b208d1eed91f26d0339adcecc93ea16a155d6fa3e699e7c4b12d5847f0fe4fe918db6322e94e40698a4c3cd66added386c2fb76a4fa4be9a7528fcb4e69e4d2bc72c309f511ecb763623e981f3d01ad740880b0358fd2e899a6392fd47d0f2022cfed91e6785ec2a9c55fe118c2d7af626716a86d650a9b53f92ba7cd793a677cebdce6a6d22b39945ef55047ce9f8a0fac741be925077da9569ceefcd0b9ee98d7bfe526dae455639ffe56e42a1d96159bcf1bd2115a5dd059877b0b126e1a957ebbaa9029584e502c101b345293a47e44aadc30f2332a4ae365179c9f9fe21ed327732c93624ed681c1c3ca28134edc06c172791db71677e45e9d1ddb577735a8c5147062b08cffb1551a49bc4602208dd8280cf6add96cb3b5d9530b9caac3216dfd79d26910aab45a89865a82fd4a1d32bbafed07e42a0b2a5cc6c95931f4ee5265545d5ce8eab14457072d9398423ed245569e85d8a1d1d5c2e8b34a3368f01252f1127c84d9ec6bb564e2601c65e44df71a2c56af580f4db45dd1a2e70d1d8829b63a615d778d6acd2db392ee2189bb67377b9997a3e3aa0d9c6e95dd3ae4d4b49542be985213ddfbf9a9ebf70f87fb4455d1e79b9fe5abf6808f5844857a55a5180cfc2f0430f30067f0e05a4860c19b2fb2d4ca0be3bd05930cef22c29248feb7a089f5c4f4c6a0002227d2b5c3870df2ea12b84c7d2d1826b332849f8c901a6d8b588098f34fbea5ce214441a406a1c0e147e1a762e1bb65370406ddcb2578b14d307851b76f73f5af500e2c68850033c76072c3916d6c8d787da0d643424d0fe2da0f0a98c7f734d807de224f6d7a4e1481f583e621b1fdbc756e1f8d4f5ef7dcbe9f3400649ec94fa0fc208f8bc94d69100730010b65ba3ed0eccc3b40e8da64075e40b2704d26034d86d23940c0334050dabadc03c16c1e1c9942ce276d52f4d7f6e8a8d4061f839c4c581f43c48354c34475302729bec1c6ebefc9e4e72683a0e4365ed5f0edeb7b21c30db278bd95b2c5fc94cbb45d20ef9dda10b501172bf79e0dd86614cdbe5bbb0452379e69fcba06f832a712ad7afc3317fd952e464aed21b4b766d41b0ca1073cfa7a7400b630bf98f5e6c8489ba48b8a9cb8e4f75d0613c4e099b115c2928378b028888d4becbfea043d154b727f7aaaee9185ab4aa14691e8e33f731b713827544bc3fd59896a580b5ca39c6d6df75046dec34f1f15ccd40c8471ec57421d4cb2cc4fc8161be482dc2abfb3023d4f0a742d9d5c06cca9ae9d5a80045a852f4053f27fc3b4866f153cfad8a2e9f33e9743bbc71892c47ca3e6d21f6a9800adea20c0d61d551bf42044e6d3e51c60147435aa1330b87cce4d33c893a861ad3ba0f9eeb451bd40f667a5a99107ea664620b64dfa43a97e29c99596684a96585ccd48227df01345aaff6eb6149118, 11, NULL),
(22, 'en', 0x800000000067173ce0917502f7e6ace9ad12dafbf48f22f34ef1fe0f4f2c5408166f78cabc8af022ed35034c1cf7af297bc9935f6ea435ea646c941348dd58e57b158ffa0ec4cf95cd5c39194c9e4bc301a9ee8509573b3e496d232e68f69566d4f97ef2c40d7987fb22c94613a26a3febc7e3b62e87edc74c, 0x800000000067173ce0e4ebb193080be56af0832d735c9cb3185e00b476adad2d11f0a9fe0a454ec3ee75166361fd9cd5fbad4966286c042839c38f7d4fe5a01f1b045c2047c6af63e4edb9c23e552856d40883679ae0a081463f177f09220e0df874a83620ffdcc5277fb540b10faa433c22541de10eccc9c30d68a6cd40ee0ab269054a59d3040e3083c26189cb947f50372194854699fd6d9d3ed5763523d8f62038954f591ef5bf59d7bd8b3b76a56649f2aea88b96d05ebc856fbed6089171b7988e0af2f5d1bb6bfaaa656f2a9bea9a853b655d75aa556ebb4d70b041e863058a59a84ca80a2f974587e598d60a348f5dda368d101fe9e60a5c51d3bf5fb8f48d8a16320dfe23ca3604c605bc32f1add1977d310161776c85e76bdfc3485d1d179f4e7484ac3bb897113aa98fb3d1e3d25ed361b34e62e5bf030af2acddb276d5737e5ef681ad02a4c4b21be233a8f61f447f6d858db84caad9cbaefc38053d5aaab1bc7001eee635256d76a3728d4671ef494902894c5e6fd63aa29b58c8ac4b6e9ffbd68f765c61c26c23e79efb28d4b8bf8d9a64809505e765087262fb4c41efcc68f0e5fcebadfef26ff5eaf14de3cdc2ee4e43f9ff0f0f71651107a8f3628ba14965ca9db8998d42168e8c53f4eac90d96c009a81ba9a2012559c91c6bfbb9221e3601bc8b79e2e3f6b55bbc85eae9eace0c60df3e15ecc22f5280f148840b8e3d6145bc80d02c8ca4cf1d3d9edf726adb3b6dd9ced50146db6f2679619d9f3dbf654fcb733c3c39802d7416644b96b9d9712835307664354ab02100d718f8c6ba8f2522f3b61cb8d7faa318ef9a9fe2140e60d164833e2a85b169d68b7bb20ad00dae2c57f589aa13c99cd6efd71a9b4c5077717842d8aa0eb4ed41961d7de50090c0b72852532a00873fa86c6c32b8401a193d9547f32f59617ce6d93be2cb786013947e4f20949fa0a25324e15cf542272042f1e6971dc510191ea70d53060165f9b33f59948ff85a584667d644dd46ad5a6788f383c2cc12a0565adf177a3462368b111f3c2648e0f6d05b9abb9556356c202e9dfea920cab19b366807bd0871033d7fa2f66c5279980c21975090e958e3205d066a46848c68fa27dca2e668bd9e73bef4268f55b2c8ca88b08f3c9f6a01df48465f7b69073572a56483fa3cc93f34f2bb7ba35338cad6ca24a85f0a714186ca6cded2e2341d8855111d83dcee099fec7ad9f67e849b6523bb13667772d4ad2976b97670604b5ff9a546da6857f8d7b7a2ad67b3d5a02708f9787601521853553a78d8ef714902ae4b716a4ef7e09738105642579e643662aa51e6c5e018216e3bc8eaa5d830e4e744d4b84a05f358ef050f8ada5139757d94eaf009246f1873a08ea9e6bff97b23da7be56e8c23d398e900edd379176a451d05436436e4ba1706408a9e1910dd636be9c654f79f40f7c9269483159ffd905f2e4a186ab843850f753ebc697789e5ec441cdb8a08a1508607d15b7ddf6654e9fbe967897d3f651d4ad4138f90535584edaee257289c8e5da3dddc8d12d6bfefc954c299c263822161c37a5661aba2b55166985cc55d60902c1a7cc079d0696182de6e91d4c423ad718b11d41132d4d18c66b2ccc57a83dd97cac37f8a60552e416ccb114f97a9db515107f0974b445ec313e7c28d637c68fe2f1e779ae3677aeab47e3bf2da1e6f42e9d313b1480eb5451bf6add541b63e84fe71756d1b0db5117f71ea0c2274779c5913dfa0cf5eb95510cbb698b85c2f069a7bd80a1bfe29aa856acf23366b1f611b4c20694a04839895680a58d80079270d015e3d4d46c6c11b21f21d23915a0d3c936da3de623c90717caaca0b173d5b2b52d822386ec155e403cbcebd5820b75889e3670391883044bf7525f23ee2c3b25dcaa3bd45356b477f2d2dc9984fa4f55a2eb871f2e613a3e427758710c8ffc05f994a8e459f02d212706cf81f10d700924e4a67a775846df177344374a186e5ba79fdbd41aa97d777244f280147ada46130e9e7e9b5307093d2d063b0e254703cb0cb1deda8e1d2bb7a47220030424aac77397e59fb6f73e267d775c0ff1d228ff322fb84055fb0bdc9d23ae912121803efc80c795b4edd581b3cc2122b1c06e5a661fcdec299c5a94ced14149910a9a53584cd638c01a11ef8209f40b2ed12637c74afcdf578c8fa2ed1db9f914e3bba4f7e8b8f93fb4f45cbb6d28fc93d227bf073679135343420d9038c0062a096423b193196e15981bb90f1193ff8ff1f3b0f80128157bbde6d7bfa60ae16342e325e72b375c47772f34882507b6ba4f675add228b864b679645d474e077ff430beabdb0e02efa298ffd7ad48c3dc3cf8bfffc28fe3662d7e16f28b00ae184611bc401c1effa88b3e7cb01f87d943d7bda2d6bebfa850eccf962056d653f8aa688e68d5b47924aeaf8d016a79d0dc61b24c6f40ed7cbcc3e28e69c82f374d93e33f091313bef9d0de343efdd76c80443a739d1bd0dc45d446a784bf739a458fb3a67439c15b40d58c1c2394a23cb2d47c516527b7ae99caef5a4dba81ae38da9ad003c726190d63219f23b5bb1919fa7db30068edf873fa579859013406a261ea4a469d38dbe739e66aa95f99824bbfa96a85d36e642adeecdd59be4ecc18ccd0c00ad7111a71103fd176ed62e953208945cd5403a3ec1c90aa236ed6a5796a45887857e134bfbcbc0165f85474b25b135a142a292d247d9cb3c78a6a7d92e761adad2303c90d9689066613cd2bd337ff1709badf10d8bebe31f14ed26e443ae19296019881c96d6772ee5a50fb9d12e780fb8e043d565e6dbd859db4f22d13e27b83091ee23b5c143784bd07b4c870221edc6ec0f912788cfd45b694c8d55baeb262fabd7ebb5141bb519daa7c7b6ac861fef5384666d0c9ccbf38ce04798c4db29d8caa9264258d4158e62c93d5efe45346cf8c7df6d2f8a554708bf5ce52059808da8ee55b9855f9ffa0bf0b6dcfaf257ef4644350843f36ec2d4f8dac6c2c4bbda15fdf6ca881b7c5c5f546b6419d6508a41667ee6e63cf21202e2bab1626a2de1bbc20ff7b91e94709d644a012c4fd3265a433fdd8102e37106d2e9470827560a78524be791a824fdcbcdb608fd5afd1251b162efe9fb29c8d917efe3149b78e001a87ee193379bb8215400cb421aa9a26d91df25c7c1a4d07e9b16294cafee53399621c79d9cd2956280f832c829c364723ea332d6719d7de016ffa4918d5e6636dbdd936a2b53e0a220f98dc7157f6f92aa939b05660250cec40a8ecdc1011b34954ac367ec1a0641d9bc58ad0a10136a1b26c39679b1a1ca17359c2befb5bef945c23370cfa3c6cfc90ecd1e358d6211bce4f6102d46385734a4dd96e12b611a7e17816631f0b6695680c4ab765c08a1ddb0ad1e499ab37820c7413e61f8b73435d88a1adf26d0cc606682666af5767a43262eb130390b4ad0acf662d5dc9555b4b63b4acdce6cd12cbd0cf68adaa44664f9ea5d51f291f896711335b3193ad91fdc39b5def0e4e7a2a196e55df5777f1681f335096950250bdc9436507f110088675acb9a6406492db225a835df2ff29549a5f75ec5363ba8866e4831d48323212dcd8907230643d560cb471909b5691b838923197ab2e8b5984dda2918c0e92b328390a455bd9ebd8c257a7c181a50757d62a430d8d68f045b192fe972b2109b476f117684322d5103906ce3afbaedad93923d369d5ad78cf236785e7980e9be084248a84f7a2b120af3830a75570c3ebf149423cc9d5494895f84f0b3633d0df392dffd3ec786e51045df73fe31e38af386caebb1387190c2dda418a7e1393e96ba5fef9470da4badf0bb4fc8f51413bbcb4dcaa291ca2a12a58aa63a6831dd5b16aa06bf66dea4d8a6d9d18d38ce29f085e9deb13200302adc6671058a3c52c9f0f2dd6b9e5bfeb83c0236eca192749e706ca88ab23e3e5fd712d2f01633f0b7d2c30bbcd483c21f2f711bf631841b29031ce76c6d09b4be8e9e9baa002c05afa1d562ece3190fa88d538d0d4ad0eccaa550e637f2d6f656afc35dd87e42cca738b20bff492d03b9254a0be3afb054047810d27097590e290835bc473a0079c3a892dd9b67fae85b847a2d0e727c7c43230bcded3a0665ceabae66f7444edd90d6d4fd8fb6ddbf34f368bd1f8d86864ee803b452b86bd8596ebb3b552e35fc34e435c299690e3b31bbeefac10fa50fb6cff58e4d0153681c1659c5ede19945283a5148631167f573b3e194fe33a4eafe7bbc9c8d40b01af1619503d90b4cc216e23aca823ee24d57c5d11247b2e001ff5f573f32b47857e0c429bb1d3a8582c3ab854b9b0756d97df793b7cfe972387b6e88d45af96bbb234b967fc7eb258ac678c61297153576a4baf9caa8fbbafd360fab9fbdab4fc571f35e9f4d34af69967cfbfc976ef07239c68034d96c7bdfdc65d9b1140531198858dcbeabcad7c5c5995a645991fb2d217cc66212c2ea46429cb5641b2ea1de8168207d555387f4030e471b2e0fee7189def2e0ade23a20d455d2db937bb4b9881ba90e93a0ddeafb2064370f80c1fa93b536ea46ce34dc222401facd34565cbf0f01f5e3846b448259f6c771411bb3ea424bde108c6f43907fd3a7533c8f025731ffa07880d05d355133f6127846b3bc46620db6240bc7d9839d300cc4da4ebcabd1f5afc8650258f74952a68ecb2ef065f4507cd800b3b8c87466b428efea8dc08a31c3acbd0479a934226f62955157d89e409b9bbb6f5c222c901a49161fdb58d92fb2c57a48c4158ec7abe7c8af652f1d7d6dcd863e8dd57fe0b087472a54da25e11681e851350bb2c01c505ae6888517a0f0f282ef462f033e9bf77ad38a27a44259bf62f67ae7919e53aef474adcda7a1c0de2553a6f2905161c2ff1e1294a6d73d19d9792a3719ddf945aec217474b8d4c46600190247ce45a2ac8085228ad1e3fd7ffa2c872abcea93367afba0f44ffad2c67988cb94dca0b5ed06df7d474b3a204f438eb1033c7e83c405ac67bf47802dc3198570c6ab9b01eabf89c2723a324b5d41a2f6d4e79a5a81c8b9a23bba4e572d1ec003515efde208501221d260de1f9bc89ee7d148d492e9ea195f94ad0f5d30a80652c60adb71bae51d77807c56e37278ac63525cca4b642cb22e65829433a0536f25a37bcd293f8c653db79c63af2d1e527f0146cc968a06c2c64e4459d873f58438b77ee51fd8a6e4b352393732e37ccaa889e5e255174be1234a5970acecff268bb9fc1301169a6c45f296c974a45f58f9fc685b9ef670ec36392a8d2754c9bc239eb22b9409cc8da94af707bd32c744b1a8bed84911846f6fa5b05069fd820400d83439c8111901721226ad6fc3f9605cdc58ac6bd253ab9007cb4272088f85e04662b02890cbb87d48118dee7c748dbdeb10cf157bed08757fd27b5f639f79e1bf5f2d09b179d2e471253fb1b647136436c345d400ea22d982770fdccb7100128e61f2c2f3b2e18c353d1ac8364436a8834f6b399e94fb534cdf6867fc4fd12ab4133e28d479857d9972d6d732d973c3cde3f344be0a42f71fbef2fc302089e46362e0775f14, 11, NULL),
(23, 'id', 0x800000000067173ce0e13dba75baeac20d42fc85ec411d4a93a61a475f769103fe1f110b234ccde5e9d64c52c895ccf52048039f858f889e094043ec2e290c6f109e753f1608e1975b01af9363f6910f4a14024b4fd2786245e7269757d775b6c05bbce7490dbc23132f802152b3795eae77fee602b571d6fe, 0x800000000067173ce03457a0d11803c31efea32085003a5b2cfd60b3d72ad84a83c0533bf6d6892ceab6c8b5ffe2357b7f04c2a75c69a7a8dad3e12a4cc60ee053ccda6f5e7630586bb5ac1630366e4bea7cb8050210bcfd70ab167e2dda8d710b23f3d15346d6fe5d3e03509f69cda9ea5474a6cb1cd00b99895395c0d5cc9693342172150d7fdff6d87ddfada2adcffc12aea0c928c3aff95e8e4dbf8114aba93051dec382c664049ccfa6fdd0e28f3f474c177437fb830a229271b4926988bcd5279cf46ba3b433f4257c4ad1838f96a768bab1036956ebb6b6be67778b305ecc6523f50e7d92becb0d0d7105a08cb8097bf59721a12f09cc4bce83023e2b48e166a5c242fa26c30247d03e636f87607814eeb67e323bfdca2cc5378ee884d2b8e5afe6a4239e7176a193df652b5fa362b8eec22e347fe1502cdb58285b2b24c9b34887dec341bb2017497fd5e2b39ca6fa8f67aed8208657e28903641aecbeef46c191dd358b952420adaed00900847565a1ccbd5024fd550bab28003a30b9ba178dc41764ba629e8e0e348e4df743d88f24b70cfc036085fd1ede35cfe230ceb983fe5f5dd68b67380d94aec0454c2b6d7923ed480927e47e59e51bf0002a9d0a1fa51e7c4408a4c133ba13f5ce73d878a304faae2b568e05287fdd008a58f2c076325054cd32ccfc9f05fc741d27052fe4160e4cccba200de5cf023181cceb31d22656c8399741ac3101b473fbbf8acec62e1a94b96bc2a50149ed804ef4659ea3b2cd4ecab4ee82ea5a92b44cb4ae2c451607e5401c6fae4d9c8b7ee08b8728e25ddc2b2eac49214864f665445e050db27725d0b86ef4cceb2cd21f0f0bc5ef6ad598b323b2dacbae8f1bd9222268505148439a136f35de554ec1848774dec6c033122adb41edd44b8baca5c414ffd880929d0025c2eff772f66c01dc2fe5c612a3c926af2ccfd2b6129f33a260a27086bf588802af5f4f4068835ab6ea3f4577cdf29620a324eac34196170a5e696adbbfa207a46ea8cf228c6c3dc9dd1bd210b24b409aa90dd516db548f7699c21a1b8845693adde577fe577d45d2b1e1d9cccd22ac075e7aee82c580c0e4ba1317c1464a3785a2d9b897966492458ceb2e85d78d4296cb2d224492211c5b9fda2a5fa0d74ed0da3a06d39d9d35af9fa3a00637fef19865fe7d7663877ee9ff9e99b6f79a0e3fa229b8dbdab4c4b424e64111eabcf8c5bb54c33a7e1c27d5ffe76416a24372c1082dd36a1d034e103f468314c42da0ed2e9494a33d91a239e61182b2291c6ecc7387b12cd70fdd7f3e35a7fdadc69825527bcad189f521e9228b5b9ead25858dd5d09eed0a93e67e576e855ef911d0ce414f0454dec7d361614ea248c368714a492c396484ea520327f0f5bc5fe5892b652b2b2d6858f55f8be4c2486fb7d731d7193f41567c0bea294654964dc5bf84f21dd3514a59e560c9e33364d1b6f53d06650f294ed6780f6ff404ed3c0e7dd1464200afc6ac6bb1bf0361f7587a91fa5269c1fc59376beae0bca32a3c34ab51ad2d93a13e439854b942408115ebaf0576d6c3024419115e181bc8e3147f6358fb09d804b7542823d833a70a92c3747cc3976b1eb43c1f9fafff471f01f55fc28617437fb9690508a6d393c98797a09c2cd0dfdd7eaaaea17c7999e29b7e5d222d11c9ed979bb4d4366387263c827dc4ff65652955b6994de8fe476bd4348a834923b813c251d1a537c1b179d57e8e4d983cee35b6c88b3a3b18e9a1c84fc5b1dc2419d7eea8f686f7c5cbd0fe502617458b0d655c9ac188936cbe5ee314c2366329b6baf50fe51b9b939a512cff3a22f3b5a4bf6d59ef75361d0eeda02f7211f265f1740e35c5a7713b6b19ed7ae6d4147cd31a1b00425a7b3e4db61960447d21d5f9ca1dc52ed70b9d0ca088f765c15f553e178947a0ec7b07430459bc77abfb258fd22faf63801cd96d467f9bcdddd73faf54c2589dcfc29c882677ebcedb06732fceaa04e93f38cf05f290c4560ad2429c0a93267b74b752abaf556cc1f18b992dd83b492d5ea58db69e2cd3c4f2e0320d25748abb5a0f2b8f3bf2d05321edfa5bfaebe2bb426fd9d4b3019f776a2fb47a31a77ec41eee5f4586e6919980c157526dc84ca2ce97b5455cc6393bbe5371f2ab584ff92e275a37eb9114e75327f9d160f07ae2490a64a994d4ab2f890f5ff76facf14f31ecb5b3cd6c2580ed316675ca3b1e0d3c4eb8c1db8e5d3610e873a69be986ffd491058257a7c8fdc6e50c723d9c4bbed734e4a016ac35f96f342354de81437f27440b6718c9619b877644beeae83137c884a7dafdfcd2c1b4d6c71f8945525f1ff0352597357acdccdcff63c640948b7d8f00b6468dc11dc788901f521930453a7c9e21d40d7959307d9b08bbf6ea6b27a27079d208cdcb41a4fb9dc6deacae56150df0c2e48bc7acfd3c386b13ab8c04582647969c80d0fca94720c5aef6cc5591afc16899904d5274415918644722bb13a73f9a7f2aa90342a10ae5027030dddc549612a726adc4f21e622e3d222f477308d781182922495fdf104343c5b68e2911515b01bd0b2762da00d05caf835e9b73fd3aed12df0b01944f0eaf7569d2281e70332f9094f093d870d3f72a9c0cacd6575a954287059562fdc30375b0f600e3fc93536b1fb5d4281829a777eaa12dc8cc41ce4d17322cffcc5f5467272224676dfe1f99f886d967f768ef1cf1264b850df66e85d546413107ccb09d6715fc5a2f551dbc4996ef77d57814a8dac9e51fb152f1a37f7f2b610df35e9aec7439e87e442a768aba4bb9bfb1cef9ff115b367150fc912de1a5a121147cf2b699d3d7740db46f5aa727ff19008fb8c6f38cc8baf95a91c48cf2f5c5c2a714b73f6fab186a1e6a1d74e2940ffba132f379b8ac48232ae787a38149904f90ed459c4e03892aaba6edfdd91e8985a793c7304f6bb05d4144d285ea6493cab79e132df6fb3db02cf86662aa2709ddb8b5740f1ac67bbea4c4e8998ab49798d7696a809342c7f92f0fb278f4176233e57416f63bf23aeda9b52a17337a50b14f58ab91fc88c9d09c65893d5b87b53ffc8d4a0d793c1ad97e637071919b2283e152360a802e21190f9a9fc69844a39c5c9cde7a92d02d3e53d97895b7cd3129ea77484bd799701e84a29558999915a739da3e09dff04ed2c15278f3a5a2749064e8f4b6ae6c82728b00475e268a415c74cda4ccd645b044532ab12e3534bcede22cc111d75f31848cdb26a8c6f44beb804425842ef8807e4af6b739a278ad5a6c2c24cbaf162e26db943cfa2a06b6a0f0e31e7f94287ce2e541a8be401280ea2ee33416f77de42adc43395235d834ba902038f4734f210c31b2b05409fa7ea67df13bb1d5d46d5e6de02bf8190e1934b82b0056cafafcc229b4e8fc4d51800d3cb994eede7345ec020803f69d2f84b18ddd74df31f4f93be2b97d86355e3facb3f7d6889716ee4737284cc1f96013f638af8d6b7e34053d4db1c42c53658ca7b0485e6576b6fd8688fe4a7e346f362fe1726fadb353e737026d88e3d448cbe32f0049ca6c5de40ab66b5420d8ad06cc0e13c0e9f09c13c7751dfde9dbeee3e1b0acfb8f5cf63176c7bf81bb055e848a2dc1134ba42fa5f5ee48525e9496983801f692b1d22cda78d09cad60ae0e3dfabe4f949a0c2419f221a63fd119bdfb74dc9c2de1b7686d51e2210941445caa4f1187aaa7c03139389840fde73646be4f78c6410b2ef9c1aae9421233b99bc43b75aba1f0cc82951d9de981133575083c35bc0c34bc9a1aa29350c7aac0d8d29de4fe7aeb10796445f26ecb2ccf5ede5c15563d6264cc32eb796435e30e257b20700a3a1aa8526a5ccdde1e1e64e5cfd1b7cdefc8fc89bf60bd62a91769e3e9871fd6039206346d3c1c309111eb9c705e6c8e6da3efb36276f39f318b3204ef23d8e5d2ed9793278e0f93e40ecd80b015e9107ca983e8b1674504b8f84183ffc411e19d9a99af7abbc42d5dafed163a255795efc624146f5f0aa361dc975cf9064d7ca3dcc002eff1f933c2747b84740c4fca0d0eb36cce5a29d6a75ab3d77bff52ce02e2768cec035f7ac898c789c507e6e68b8e6f9adfe3f5bf229f4dbfcf21633e15ed1e9d54904351d881c91470d9b0367252bc291ea41d1946dbf8e556aabbbe6fdd83de668989cfc290635120f03b276ed358dc7f90200a7c97054c1486a6eee62309a66ff9ad4660d8f8ec999887fc20c522db20660cc79b1a4dde78930ccf1907e35f674b3bdfe8019fc4e2e3a74217d0aae8f1684fd4535d3071ef3476f7f1f01f319af8745cac778f89f6a486f14253f00560bf561a959ebe989ede66718aecd8fcdf4ba6fb834240e6cf17344b60e10bd039ca154198b635c37f588c32a8108f74b66294bc94e5f8871333a1580fa1b2dee2cbff4b29525c6006ba3afc4dfddf1329755dfdc88daa8828297cd5d8e21eb96235c6485769f6e8ee8a92adf749f7941edfd9d4842b2acb7e17caf9b2151ff7b5a808acca71947b0556a35c95ea7a51f6b764bc83173a3f8d6e6f483dbc205fb0de2e2db1da90dc9ca995f8c97d0643642548091927f5b4417c4433347d16180d7d65e16c1b5f232eda7cab6717d216dd6553b3f52af1516c9de5e5b48f4ee36def12834fdb0c659731fdd081048ec6c4b2d7eee11b3de2e72371f63c5230133761b507fea9a9efa0c6c6e826ebb962678cd6ebbfc86e37cb5e1625314d42fdec77d3db319b56c118c03db7728140a605486b33788a18203c71a1f23a4879e70180d0ee4621a01c933cd7d79e619cd332c1a530850a5c7a3b5f9acd81e625e8d2452413338327430e830e4bb1c6ecd57e2e18e3fbba6714b913329e08ada16dea94ca5cb5edb6f278f22c1b61b9a77c195642027846d482f67bd928bfd111746bf53adfb58a9d5b13672ba7e0719d1096fd026b9a5002e1ad5504cd5c019a9e1d6512a294df7183aadcda43e8cb44a52c81d53cc54978a5acc5848cf35f1e4f62d01e84d4a82c4a0b373530d710d1e2d08a478daa4926c358784e69b556878c9297de993a6ee8a77a865e48f87c1cf8238dcccc1501f859c05b294a4c0d704aef81f972307bfdd0dab3ee58ce9fc2398d594ee791cb87ef8194b81031057fa7f05d2b10e6fe6f75eb134b207d8a71588e2c6c535f35cc1abb7f737778329cd79321a5ae8ce01917b19a0e8e8c8f0ec9e638a9e7abd8c2245d4f91cd917898cf662eb1aee163f81930bf52d10f547cbc29f6b529af429228242d9ebfd188f8d1b77faea13e235b4f905fca356e59ad6440bb427907a7dd4acf7f12b22977d2af20f026cd7c1ef59583a92898502e4f85ab036835c82a59, 12, NULL),
(24, 'en', 0x800000000067173ce06f160c0fad772aa503c7b3f66924259c0b6be954e9cb4959bdde9ddfec84329d83319b5b0c9144855786b36ec96ba3238721b2e6a5382957076500ac6a7cd3cd227bf351e929680eefc5037509dffc12a59443a2bdd55500c062c2c6d452d6b3ae93e0533821dcb01caa6069bb55f402, 0x800000000067173ce0679580526e6b54be77ccfccf76678a5e25b2d40aa7d02a213db241d649200d86b3d2eb633dfdf311eb6c15b07e3d7690bc97ac33bb1969bedab74fd0abb08f7ca02915845d7b63e5bf64a2b2b614323627e0eb21222396ca47e7a4c9406d83e265cd568329052a753207f9bfd50f1ec5fa6cd7b63d0ee04a3d70a31773709a82efdb838095cbb63c2a88cc24d0fe5fe07773c8fc483d9f369df5a1e2dfc3cfe4a8fd7a78d36fa43cb2b961c5c61c3711dde4be5132399e4c95a224b89abc933d4a885697bea131250f81e4957331f5f38e87f8efc3a9c432174d333078c0a440dcc0fa2830db380dc8b85c736315070e9c17d3df00697b39d5040b83533f27f8020eb92245d05f9395ed39babb38ce25eee6b94939c8c5ee55a930a4d8bcd39a6d1eb3f74e028b44a5b88b022e0c3bd07156bbf84164e85735d1a6da45701dad2d69aa96ae207a19ed0c768d5cf3058a60c282259f50ec76c263e091fbb70df2c29c130003e484272c8f76a42503dc5b9d11a7903b8843fe8f2a550882bf07d38d2e65e1da1b368405bd96bb351bccea512be825ffd79d0114ed92a4726fc96786b73991ce1ea72258605b6bc78df222f9861c1fc8b53f7c0a46bc96e7ee09f4f2bce89d44e50d74ec0ddf373a8a96b279786347ac5ecb44466de85f49c0b491456de2a785f9e4258d363cf953b9645f9abb7880e6e57b129347fbdeb13c161cc8ad1159164e96269873d7032fc8f61bb256046a287dc7635fa3e2fbf4bb6c1fb4d928ca72d4acdf70a82d98db5054a69e3235c43be5ad6db5279a2d4658b529cf50a08f55e7c72a7facf25ebc9cd2c808d5082b4fd295e43d0ad7ab180bd03511ee3cee1abec9790230087bfe73c2a85ae62e4966ff7fcd652200d1a269fde07a095e1ecc04e864578b193061e74816a0ba91574f43b0d991ee17bc8e5eb266191b89a863a02e9950f9effadc995e2d673213142263509d24ecd49750bb3a20e0e233fb290ba918aa06763ba8ab45f62f26ae0094f368bbf9d85f94847be93cb64278659658e023447af0135dab345ee912189230b302a798dbd684399d90849c087b3118a3743a5bfdc3dec61cc0128c85aa03e030b79d86ce20b45fa70af226ea2736c7972de3e06f1bc188d88ed0b095c4a13e8d5eb38d43436f25aa2b53db5c64dcbc83ebf666e1ed3cd3a467abd8448b6160716f65f5d9a3d466c9e2982328130ebe2c430070b5c4fda096397d0957813b2dd22ea1aff56c183cac54cb77adaacb0ac67858dc7cfece7dacd48321d826599bdf3f8c6475b2b588f45f97b76c7a827bfc882276850cd3fc00315ada8658d6d7b58c4d2feff8981869e9d5c177b8a0acba92af2bf933850942ff4ec65d78f85c6c8b8f1f4dd300fcb28c9b8eaf151d6b6de8cb8526369a237722a3fbf89bf50851c771c828d78c6c06467d3b6d0e7cca4fd8158556f14d275e2748f0a7828125c91f988a13dec4642fb02890929dd3c513b136687a4c62d8234153f995af10d0f80181d38ea2eaa22b68ea3d7519653d99797572e57da11435958b0758fbb027e6c00c817965293b3148f7ac959c77fe0b60cf31eb3f5d5eaa7c76dc291b46a9d59a05e0b55b48b74b86d1966a542fde847aeec60a4fa90fac94d5d6a50754baf05604265ee62f132782f85c3c4f2c809f43a0a03a620fa69c6459aa41e236a9f9ff1eb76560ef2e5c34f0cb5d261f275688a2cc95569f07075ffbd6f40b276e38cf1bc2f3eefc9ad6ab0c48a8a97d7da274d0568f70b702680021b1912ff93d6ad3ffda0bdb31ea08d7ea31f782ed0755d949d57efc8a2f1e6e334ddb31de6f85bbe947e518d4580c9cb7072e4924255bec03474498cbeae6931be6dc74b0261ba091cd168666c084a3f5a26a2b22131070995452c0b4b4a5025e3ed1be5a39045d79cf45c9fdb149b5da9301e72e6c534ba8a34c00a10598c993e76d156ff0f711fa4eab9a4968915b5c719516bb169db229152cb877795589a86af1eac6e173c4fa4b0dc880d88bf044c78f9412670bb6a75437fc90d62f84d9840518f7aee18a7bfd9a3e4fca45fdc94e50c7d6e4893f500cfd945d2f9f4087312c78f0ddfbc5060764983fc4aa8903b61e8feb54024315c42b517ab245b3656cdc3e0b1c267eba49b156dc5ad9a1f0ba79dc74247786da4678e8f41dee21635220e78767a6e1869b04c82138747876451db884a8152048ba0c155d62d1426f0b90b6cf76c5bc6fe1f8137990c4ac0a94854e0c8c4f86f6a426788078622fdf4039c88a65c678e87d2b23b94964b4c8aa3c7c4474f8ed2b5f8d25374437b4ec0af9b5f53e3643bed91772960c93349e08fc9b22a829b5a07eec5704d1393d30d7e1f0c9990bb70710a69b9ab8b3bc2229fb580df9962186cad69b5bacc036c7780227d70c2ec07996e77e87805755f40bd759cc8565de7c54cadb77331f9de9fbc4f08d6cfd1fc046089c1225e23d19d07377f643151391b9558c52f2d7784e1b0c512e5bdcb6968fb35afe47ca7729c9c2a87dc9e2a9bf00010b525cf27b418e620fee8b8aca168e330acb1e6ba8e4b2982c8d0526b4d42f9e6d60aba73a20248616fd74fb43d7b7f79c29a2e0859b58ecd87dc8087440a2e227ac83835467b431084ffa7c652dc1c08df308f3168926b926fba47ad1c78f0fe0c3f0af54546272016e248199dc8b5ff91d882216a857f8b68bfd3fcc1f8e80cde7d0cef6c3e219debfa591fb46c6b58f33de2f5f3cb375edb2bf54c22e2eac0c39b38107f25b6e69ea1d7eb73c71fccf64d1c7b9c357f257a1dc9d19543eb02ac8f5ae9ea5a53bbdf6b695e3245f57088b0612b3da88d5289fad698c5abb7c9d869989b343f8405c602dbc88cd6b331b18bbcb658ea95a4d496e4a6d8bf893ef65a6bc183fd815f57839183edf4725a800b1b3ac2bbabfcb444b25f5cc3d91d260478b4f77e94696149c735b1f3527fb9fc7c7da3aa96d1c78604ee07d696629de914c317ae88de8003c22f0ff6ef777960f9a157137c5a8ca72fec1eb3441c69bd51a687d0196742cbd2ab3480b247f08c3e474776ab413589ef522b052723772d9608ddff1092d2d066c2c6c68996356732ab5faa32c4b18203375631a2d9543543d9a20b07c399652a19013736d539e92bc7470ffc876047f04d467a3fe3c8f226ea0744f0a81609ea2c541c3732acf6be921d691c190643e27a6f6a2d93971dbad11e9ab6d558a0728e552d115d486abf9c1349fe17eda59c58688017656dc1511bd8e132fb57c9ddd299ce0932f939a6ec4fef6104713ab4033272ae1663d3939a8ef557299b961d835f10b0c5eabba4a65b2b654f04e9c5cbc04313752e992a3143f73677a47a90066de674a097f72f8554b31deed7f759276c88a732e25386d4ae307bdfc521dc2468ccc7361765c4f045e54005c42f7dbee48cbdbe2ec2da1745ef81fa71d11ff4b49ae78c3b43a1095ed63b2b37eb7c0bb2c87e8fb9dcf9111be74f7d4d2d8b38498bf6a00e1827369e6c5810e1859a5887935d51614bffa2bca12cb98a8f6c95acde2d1d7d121997142d0a57f4f983b5c3cd9bd5ac62c9240da07a310f5b69d22f3cb4e97a5a768533700105ba437c13cdd70f35a3a5b7c6d9df9c3541c4626d06379861cc0fe9751b4a442ac63e51abfde1f4b4941ef35d28e622fa6acc48c667c05bd0fb8f1ef6a838a902d7c9ff5e2eae84f363478540485d09bc79e2d2dc001b73e0bdf08f189ef8cbd109a77fafdb42cc3f135c01829c9e6c7b7d4f697f139b562a0a6cccfe11bc964828054f1e498b4ad1d32ca47697345485f30c50cb2e338b30b45c0c97574a5aee7adaf927975af6b6f0c8e4b4d7315f391e4e56605509c2a8833e08b0c8b696e433d192365cc4a40b38b26d051e33bad8e197ec211b276da219fa2423ceab90e37b27e524b6e9a9411d77851f7e15060855b0a1b41580a62cde1150a0c464565980a9f03d9a95ac4c9b08dac01359a9a0056ae846472e481298e63370eba10ce0bc8121d6850995808efe8466d992856eb6859d40ba51c048dd46d730b7a8e4684f2244a08d397820ae14db43712adbce83cdd56dceeb502a489b3514646030bab6619e3c6d2c1519ddfb881a67f7d237b7c989bc3da9b1f6396c72ac167c3332d9a8170d447db324c8789594f5d65981706d63a7d11fdfcb57f534ab03aeca0b3775dc3ca2aac565a5499139d963b251cf1497742ece0251ab663dd1eba69bf15466100f9076a2633a2a2fcda8c562433ea202a4d7f3cb2a02e6016a766ac8338f896f4aec4cebdc5703611621faed4336456e4d791e52d8bce8d682031436995a72dc994612da8651eefb15443d8b8cea8633e304b085d0cb3b8604e29b24eaceb2eab566137aa5dfd726c57f7a5b08a31111b2e4279fe97ad04a0a2c6159d5daa05351f8da8e5dc6c9edeff05008b2f61d99bd1f76b6b31ea2192b6455324da45cd102ff93ac229651e58dff1154d6bbb7d333a06c8f175423127b466ff7529fd391a789eb99a9b995612231017145e9c87c6b5e8376ba2d7ac822b9413098937f7e75ed018767aa6565c0c5bfddc81dc55c336ec94d8e48f52ac3cc593df57cd7c78475bb732548f19be96300c24c29b6fe470a884f4fe3f5529edd983ec9f68dbaaabbfa0f7536f4473b3d1e5909f93b9e15b93ce7125a569d21fa996dd680a829bced24bfdafe1bccd4356bdeb28dba860ed924e624f6c8d6abc79c6fffaa6cef7fcd104ecf77d9233a2545f7040027ce7a73b691822becda98e00dab14747a85e282b7ef932b6eec4db6f09f6bdb240cb8e3052a802b8f7e969081520b93100083f37537f4e7efdce1a4e32b5284b6a30addf70107759f7634a285c0836b49ccf5f74d2eb55ca7bdff374758dc5896cef69eeeb904ec8f541e3292d77f60e9b3d5c2a2a815f7ff2dcc2ec75b0ff833b9ba8b9fb4fc16d80c5580b91105e07a52c892432c983a8a7298fd8471e3beaee3a8de44729cc8a84766570782c67009bfe79d31523bc49a5522bdc8d239a2ad30a8a5930dd6e688f5f05ce128b3a1f9f2465ad8d3aa28b4e313f3ff86c4e42a3db8da334fc25986f646a793048405ca4f31a8ff3c7062c6f7cb0659f20d5fcde7bb4228fb0aff77e612d3fb3a24bec7bd171b6f8ba4f49586d6fcc02ca520295b79649275ec1431e209977b6c3704142b3b4cb399bd07e6078f5f388638f8a7d117943e43301aca75d74d07cf94c3fc82ddc8c62ce30a319daa0de047933fef625e86ded61a3e7c6f9c79e7df6cf4e018e1ad7755ab023ac7307b3fc36581121884d3735ecd909a01814237de3fdc893884927f9b79ed5982e8c73, 12, NULL),
(25, 'id', 0x800000000067173ce05e3191e82b74f251ac588e7179e80efc26da15da4c64679aa149c2e4a7f0eae6b1492efc7e9e6704e5c0a6c535420b5787d50e6b5db960363d2ea503128b7b862ea5e7371ad29b89108c07290a069fb98d085e20317ada03e90ce45ff33d2025b74d2ef50a1b15409df50b664aad1c5f, 0x800000000067173ce05db07d0d325d25ba5005865ba28e8ba14eece1fa1c24d0dea004099703deafcfcc6295fb043c393ddc5a862593c99b45b3be42986b1688b31cec67e0479c80edcdb991e70250574fafd7cefaa0a45eff5a6f360c9415c1fb6b1713d39d06e2cb25f2b40e4b77b9b67e57368ab8f7f027781ae6f53b71e2f88c2ff0c5364f79d0c4e9c649bb2adfeb873a8235259cc21f5f5f49f2b3f5d8c30405d7662f55ab6c77fdd0b0ddb9bdb7eb3473d1d5e06282dc31f12de77aa8aea3c0dfaa4624d29ce99018045f7f860ab42245e4277516a42fa9e0a7baea00f2a6dc19a0852a1e6543876c1d4617f8a54477981424f5460022769c24f18b44f99bd2c8c8db631ac787c02d2326d7e25f96186674d037e032309bd96851c7f7833b0a2a7f59e5495590711fa363e2b570c63ff257217d7e818bb72e38ef08861da3127f2aaa0fb21b94d4c9ae56e2b58110972066c7cd3b59eb86cfd7f251c120859ab11fa66cbc154c196505fa3897b5b55b0bd9796ec0a302b636cd7ce6db01119373b119050fdb6c49c33d4801f2de387d5f710715ad0f3445f22ab4118951279ac361a168ddbf43ea08a46ad4f2bead9151d352ef70f4ea358e5c9fc1dc7f63aa696f7828d2129d413e6464ea66a9582134587ba94a2a3b641aee8334454d71a5366cbfebbd723eb4b970485fe7b961ed6f27e374c457b0ab20bcd6a91d6867478b02657d6c94f56446c9b04e5dec829f0d18e647d1fe5c0f6b2bba677d0f7ffba6e0867d365fe3a2b57e471578337e789678c41abb3e82df97c36d42f93c1bf972303e5a86bc07e61b48e20d4b6e902c40a7321555a18242b73273ba608920b5cbc912e511384f5e61edc73a42f8c1b1975df033f50b5e1914107b7a955f2da42bb564b71cc3bfde6fe13f0601b69917eb41ab5dfbaaf861106f284b5f528e5080a43aeef6a8a814ec6f566919eae04c473636418dfbb59f3c87659c113405f074f6225a3d5f0b20a773722f1fcbb380e29fb356cd7767a7264f406c3edc79b3429016f75e2a6a3aef490405f32aea39bbe6d2c35c2ff9b68fdb05d2a983929781734eef71f84e2b0ac9ab3caf7a4f24f9a820c2275b1d68a356c512e0898188756ddb742d7779bd0d302e3f83646ada0a4ec1570a077295f2db34bd1afe9e3d750488979c7c7ac69de2e4ae02575cef6616bf2707c7cdaa94565edfbacf834a2b975923681a2ea0aa4c9c062ec8ebeafd20ab4999a0b4b8e6205a2b49c0543fb2df23e8b9d9ba92a00d9eb9a68bc6d558ef7dcda7df1540af7ac95a602d1bc6a89d17c2aab426eddc16d6b6b4dab914bb047ee1783e353891af1c82288f748f0d5503d46cd2c45393a1c71ff28e2bfe23a9ff1c227a545cfb4578b520761081e30096c6219c853d84a35ca7c0ded54cb5fe1a69a6acdaf0cbc5dca5c40c727f369dae1b7bb7dadd53c1e685b6d94bf190048d94c9e4580afb03c11d9508fd9a0963793d9c6c6002ee4812f952b3dc1c7f31d87de9a0baa694794816f95709767f509aab8e185965f479c70343f8c1bfe16a369ed6f1a5d691d10d9d93634989f52791b61a84fa8ce1cb6271a0a4a1084fab8efdf10c3e5920c89741d99088da15ede8e5bd24e57292cbc9e1db2398367b154db526dfae13efbcf877c57d6205b7bdf193585b80a3009b2e8ffee48976f75782f1cc97d953b0e0789edb8729bc3b0b8fe473e1a69b6e2ae953b874792b2119633ef4c22f42081bc101ca33621023d77452f224ad0d60a69c31e757c4ce43c99d5ecc132c98b9033187b92cd9490c330f76572e9876264d38481ed301e27c20e57f1d7785c185627919e3a5f51a56427ce985938c9fb42e57f38b55687b105920595f1c4cffae1c9705d47692d886399ead006a36663a6d0c765cc4e53d3f050abcb6d0e37d8dc50f9d5a241fefabc280d235bfb0c1ded4696eee2e68e1060d11b7ea123a3cdb675dbdf32054a02cd341ceaa842195e02486826b71d38f77e256bbf5cab3b16808cc4fddbdc36f3e534622a1b3b41a6d9dd39d48e45eb8d76c960377ab26b537686f018ad2c323c3eea475b00e54004862ac2817901a66137d8ca3ed1f10b9b2d4f1a477d1412e59d23eea572d3dc15eb0c98ddfa7c9d56d1a4b35a0545e9197ea766067c8f031eb5ed71462bfe228b5e9186cf3b6202290fe4731cee170962f3a6f2ef380ed3191a91adf0c95d8ce6b320abf3d5ae507abab64a1b8e33a1fd26d5eadd7ad127b809112b5a5756cf2df88760e65c5db51726682e902be20a179a9d668c4ca06a2b863c64b1bd47a18bb50318e683804f91231a42f5f152774b8a5c2706bff20e08836905bd0019354eaf6d8b3497b96e6e90ba54fbd73b07f71d7aaa34250add252ff315aafb605c7e30e9fdce85d04dd6dadbb41bb75df34ba20c6eaae8b177ba26d622afd334f0358197154139506d7b2dd86c20fba9b684e7ac9d1aa9ac2a849e4a123c0b23abf5612730f6a32b0160dba6f96f2ea5ee9c5ced9723a37901926d312ac64401b92a1c68268c6dc7cb589890f602c83fa077fb6092d43e04043ad34f1ecbe6b53108dd047f5afa03c082ee2fe782c04633b70dcd9afd3cba68bb39874e797e03aab10621d4386ef061d1616cc24a4553c37f5b1c6c272d275955668392587e1964cc51b09c22b9ffb9ee3ef65c4a668534f4fbb23c7dc1a3d6b9b39f9fe82813c863e28cb7e589601ebeeba066efb5b7b4b7c1e25ade0539ef4fd1f41a46593c25000c423c379a587eec0de800816db8afa489244f9834de06fb6b81f324bb12e5d6aa9428076dd6a38d7c2c426110cf3427ec04ed8ec42d244b062ef24243ab12222e81949a0780247bc6a6e2206b86d4addb78de91c8b1f7512f6dc84f352f75f27b1000a3354a5109359062c2b0ce9af4d1b2caa6a3d9ae15b46152c771eabdd231937ba4de50a2ae6823d6d110b5a6e891758f59939ca4f515333772dbd8e53ae4a255ae83f7a64310f5a0d4e9ee05bb0d47678af19f137e14d57b3e6d8c8c3768ff56fd57b74560e31cd0ce1c8c5d43f08ffa9ce6d1391f0691302117b7ced9b7d4c60c403498eeeff4f2c679cc9f201c5aab23b4e83187291c27f6683797ec81b300d9a537239b5f85d67fdea7e9b4bc5acc30edb139653b8c4f02ae39c1c15c2f299f98091c6187fa7b33945f376f694f1d2c28b41d6941fde8c7ed0278c845be624a36a793e45274df4b45f1047d6aae118bd1350d75f095c2d002facad4ef4e014fa2a67d77aaa5d1bb8870e3bfbba306214530829fce238fb8586958a7d37b48f640261971f0e15ec5f8ccbd8f53eab285a0ee6f0ff039919b8277dd28c019c822fda7f9ed3392654c2f296cca0e10f4caf5609cf4d03438f2a1b454e43be7351804270fc42a79e88b782c8ae7f7bc2538bb2cffc5b02a1362561b8771c62560d9cd4f406bbf6a6df29b08b2bb36bba972867f31ca9fecbe56b34393fe4d78381f6ca9ff4ecbf63acaf24596ba9045f8a4b2ae5ca7d5a234c6c7391a9b98ad3c6a44c49672c3969fdc29542b6727f358adaa188a8bbd470fecab606d6edd252e25ef3635d72e464b4a6d2105bfa2494bffd3c090df3821cc9f7d61bfc6d34dec96cfbe7a1786984117940e7a1c5361d6af4b0e94d5c3dbf6bb6e1b9199db19811e90a882747887eeaad39936b0c4a0de99f2ecde80bb0263be208c67240bf7db6a7b9db14679b8ec8fe389d663561529bb7b4bab702e199fcf94c7a3a6f0fc0f1900b3a5d05adb72e049400fa8b5237fb031ad9d57a977492b045e6eab95d6cf8d4fb6dde6b09a253dc24b27926813b26a8b854c28c7ee2647cb8bad0b2676818843435a729c716c0e26422bd6eca3e11219e322fa973eace8103c3414e72a71018c65ceae6d2df5426ad0224ec7ae580767fe63ac5f9307c4f686f2540c63c4cbfffe27f32ed50b187fd9ed2d8e7d0896e90bc79f7d6b11adaa1cf1a29bef82e6db5906dc2e25495a0d5444eec890771f510a9b35a5709b483084066694de19cfd6928c39d37363bbe9e4a6fcc05409abb3ce93a9b832f8d49f20edbd27794386d81ec9b9417c8ebb845181d52b78360e18c2a4ba10293c5184d344e9a73a70143c91b70a1d98430cf1d0350236fca4cac18a3c74c133c5154b1d4d7d15e136546aa4bf59048d9f3fa17c71548c106e4af571e0bf2d1b1af4afcfff414a31ece84103fde55ad9d6bc1eab0cab50025bd2e73a99e3619b61ce845a47551e354d8574c74d4c3c46d0d3321d941605fa03e50691db74e35eb286eab91f9e0002a867d9c736d225ac23635f323cc298d3e259188c62fd4f8b7b279d19b8c9154bd0fa92b055e0e3aa38dda613056640660846ce7fe41b6bc51a290d3080c88688873a0782fb34a86bf91b00596df8bcb9e3624f2d1e40484a9dbb769fd69aa06d3980e8d419ee6f33eb12bc02592f43eb4ffd48352ba74d595b185e3a7338e45ee1a876ce4283c26c49cd0aa218e6b91b306718efbc9b86682345205d78e13cca5ac0ea26f8da07a39139250a257e9623142eaa3f6b02446a1fcd92bc2148ae61a6ad58ee342ab09010d6e5af667d35d9b5f592b4916cdc33842fd7d815c426822abc5b392fd93f59db59b7f3598e5796d25af1ae0bd1edb72b1e4dc4d1c9c81727b4998d45b83dc93efd7373074610b1cb410549b941eeeeb4287a9511a6f55b020360f057358781a339c99847a4a085bc7fb0c4895c16e6005fbabb063bf11cae2ff81a86864765cb2c4b332bd6bdc7c64aef0601f033eeefcd05009c7bbd5ac04dfcd74b754f3e05b356afaeebe79c8d4eca562c3658abf1dae924e240897bca13af215153c98cf5a4f7409254db3ffa8f7d5747512203c8452cf84393cd4a404101ebc12bb773c611c1263359d01158adb19a76b77cf47c1edfd0b8d7be4697dca72d08f279eb1dbd706595585bdc7a49b87d130b7dc11b1d9caae32f90d657305238b3402c021eb2703, 13, NULL);
INSERT INTO `frontend_fasilities_translation` (`id`, `language_code`, `title`, `content`, `master_id`, `sub_title`) VALUES
(26, 'en', 0x800000000067173ce0fb2c261c758cda838b00123dc8aa84415ef49b0b0ae3792654d3ae125f673a4e13d97b80a2e0e4b36b8079ee82ad9094737972502832f4cf2f61ab76e167f60cf2cb4bbbb5f94d9240221eb98904674210fb2205464c22c35616df207111553a383b6719f4c481f93131f179af159144, 0x800000000067173ce0b4ee3e13416470303dad50addd9f39e498ede34f4997c16bbea3b43c4d2f12ce41978c17e47de9a9942b5338103017f5818b1cc240a1e4009b9ad585393957d86669df3d78a5eb81faf798f9133153bd3fccca770aabeda965f406227c3c43c92d4b8584945c2af30a8b31181f023606a70721170a508f2dcbb9aaea801963e5230e44555f327ae1207fec4d606225cdad5cf14f95da90442871ca22abe08d8e46eb52cbb7a371b71de94a15963f79833b28488cc1390a3433c4496d2d3153a43aa3c272bc66d696c5297e4c149d749da6a845baf35eec45b33d5c68276aa1ef822f37c463e2a93a70e73969b7f1ace2b2f7c45cf0540617ac95e3b1775277ba0cb89b9d7037deb2b09f2a6171fe85e7c101dd782911aad56aad90a0913fef9d8889464a3c651badc95528059a80b96e3b5b516aed9e23b56f57ae8e2675516ce23ff0cc954af00554a352e4202d558464e90c35ee8dd6b3cb77c86f3b4614ad06bdc16cf44234ccb3531894ea7235a3ce33840649853f13339aba57deb685796b2aa2058f8910ad091da75d28486ff035502968160dd954f4adccc8490245a83c5549fcde0a16f85c7c6a0d940c9acef00cd39e4d5dfbcf56fffb5c7904e30b8ecfee20dfcf51351c145d31c2b4d0ef89ec1ff49a2fae0ce04b15c4c46059f5ca35401ec49e00b2fd0cf2355302ce52599301210080dece3beeeda6e49b48e09eb2d0044467be79cdf80c9b93b517a81aa28b79657e11d23044165f67fdd934a10a32361125a4ed07b118b433098336a202a2b37af03ff2cac59d119152efc1f78b7792f5ae64e8abbaf93fdd260899df579bbe3580f76cbfea60391bc3fcb1c58e497fd1138f84a304d1b8a68ae20e380d72cdb6c1f6fa5d84d31556f84f87fb9d0cd4c9ea1ef65be02d18e77e7f7eb316f20501cc6f7b61ea73db6bdd4d348c5abc8d11f06256400dbcc43c69581403393ea8cfe6c2122c26d3c21a112f18bd177613a6f7683862a1ef84d6251690af832c06a8b29eb99808bce5057227a95f64625a12213892c66055ec84d696d280a65310f113271ace4800e5cdc4c49c15b7576fd69a672e938ac2cc234e9f34f5d663cdf3c3177bb53a1b1b41aca12d912816caafb076ae912a9ffed21a477c38df4bef4387926f838b6b02f2c81db4bc125c4a8ac6bd71601e8ee828a90d6e4b78ae7affca65ef8c60adff26a35648723092284471bc2418976bbc6af02dc18544e9e5b601f16e248ff3fec853172f2c6f6885eb346c79b32eb6e4e1e7d14c469afae9a5778f177a6259e7915e65d76cec51bf2a0fb029678a4e35627c2fa74499ceadfc02f8f45a35f5677c75789d7b49bc13c5d42fae654b30e974aaf5a26952b9c11a65dc252640eb2f1730f19db419cc7578f46e99aaf7433311a52c85a218a51b55792c6130b80bb13a2894bc40063f60b2d9f2fd3ad62b60d88a521259379fe347ac4dc5244030834642bbd186eba8565ffbfa87b1c028023aca04ddcf5f40946fc4bce2bb02314b510626beec7cad655ebc523a1a61c128767d091af60a56f2bda8cc94441becfdca06efc13af6ce60fdc026cc33a650029edadc48f1a17ad71f363b2ca5d14fd2866110315e800e9bd9d47b5dd0d505c5c936dd711e2a5ad01cb62d59de67315ca02f2becfaa457028435dd4b0aadca944a0c9c4f369adb45f514b0f49e8bedaeece616c63ec7a52d801e43baec590b2adcb94be1ec9f32eec0f011d9fa30d16375afe142af73ba0beaf8fb611943d40630c61ede5ef468965868af4bb9a79c492f2a0b2349d836e7c65816f0cf2cc5411cab5aa08e56e04778c444f0e0c08e6bf8d4b3ff54a25b97318bc3b48e8c942c56f32db5cc2d3139c9bff7852808a62e503c7c625a2a12cbe2481b25b1216adb2c719aafbaf5f22e49f1613a3b9b2d6cdcc43db57f3354651cee7d7678b1d585a2ed2f97e35c95b09ad7f618c905e5831bd317bf176b9aa6d14e3d9e7d4f0febb2fd9a1fbf2c741bfa6f2e69bec9a8d4e456460a57bc6d61851110bc4cbc7fa28b9d2c02d89f32128841d0d1d59d5c9ed065d3e856d832bf650b5ad777028951855c110db3840038bb5370b3d3890962b8140b79f40c77878a96bcb2e17c8db9c61cf11573d6fa36740fa1d2d2b5e79ed014484eb2f02ef175ff00ea30bfc74aacffa6102cddc56fe127bffe0891a48ab90cbefc9533e772f7680ac014b8859a0d9bb62428d61230a6698bbafc351c84c6fe84e21ec59c4875ab7faf9a7efbcb08a6e06b7c155f9b7b049f7d3da8fc104c5ae60dbfb8259b2a968be7c7d1056d682b9060aa14de63c892cb18fa5c39b6455f169910d4c7d7145839f1244c1bbe92a3ffe160da812441222c7a458535965e5f0d2059fb84f1af587827cff8a708c4279f8225c0b703196e99765a97c061b8140800286d08275db597e1cbd6fab92cf34e97b87e4f1f9a0d1139490951e655796c2cbd0d37ebf9ee6674d31798f817bdb89c7df74455cf70d0673468d2c66f6584611d9d2deb60c123da14b5feba22f9fa416636fd6b29191ff6151d942053cc5948e21ee664a3ccf9a04e7f25b664100c7868c1f36612b5bb71f98ed9d4b2ebd308136433a4832c54934242b5248dd67e21f3a86c797f427dd7a19f4ed0c6ced78e4b22d4bf1d9f3c88f6b34ae44848f17be304fcf7ba5a3eec18bf104e1e2aa50a52b42e334aff07936a58a7dba47d9067b9ace274f5017f58f053d448d3f232750e8cf9afc9448a6598c0e4e3a98cf08078a7dae256a64b975aeeb22ef0f2f28c783b1d9e95b0d42a1ee002029a6fa46ed34860b66143d58ab74a8fadaabb5288a89d52bd9add25625e0a36d3c2611672cd6ed35650ba8158f978baa671865b83517d3a409b2c1b0a56f46c507fe5d5a942d39cbc16f72ceb1339ab32fc1348ed109278da33ff3e1bccaae723f39ed7fab654442f38f77cc3e9997b3cdd1510ea3043b4ab1c4fb48933533a6b21a7cf453828fa3399d12c84f4f6d9d836f7763711f8e6db6d76ce265eae6230adea157c86cfb425600842df7357b8e2df9299c6017a616d3d66ad0a4bcc4bcf8f4ac6ebc949c2e19381976c34006766b27a9aa91db85c6a18e39641288b758f893c22c121277f93cd801dbfc4c1d1c0e62a1a016584321167f25384d18212e5896363d591082a90d639f2af75d2af7bd414aec5a78af7f949a51ffd009c0ba898f37000b00f75911e6c766b12816262b254eaf4b1fc6fc9efa70a3b68c371108f445017782a9085a98f0af8faa5b8a27ec31256cf67c196a5754e0d54489c9a3813febdf627d9b3890c9c9f3dcf02f1c505b28dd00703ae1e2411acea179fd6542f54863c69b4f0d3c2fac31a92b686d83d68c4d65334a0088f20437ed348ce13d102a652ba4964ed27b09c895528aa022bf9a6fe0010aeec2cad8177d6dfb98d8d5d5cab156b21cb3268711fd8046ca3de1574b243506306d38b8ad91c7ec9f089f8006489579c4286d6e610e630470ef78410fa8d80d9cc8bd1b30f88a8a00e63eb0c88191b198368a90b0fc5e1e4748ecef1a70389edc44bfaed228a5b1ba404c6e7958367755587ec1d49da82cb56c23a3e0e7b5683715c0471d55b8ab09cf2b2bad502f8d701867483700843de8e483e659446299d128410d521b6c102066906306747f4d46e25fc9d513d41fbbc0cdbb4ceabdcab26183755f689a9d2a559856acd8d5ea1caf2b6d8dc02e3668edcfe187ed7611eb244847770a4a60d977af55df271cf553c1ec681ce7b41d00dd2955600a53730ce9d05ed1b8cd1a07dc42bf411582b9f1f8f29cb1a90751509c40adb86aee317c897e261edbe95157ab21da96fcc3a1760ace0babc5388a9b279f4c21f9c976012063b2d88111f988afc80a4b8f8badc6a6b944ffc88618dd31c9216adf84a2fe7144115fdf3ebb6587c02d1144f7d5a0bc5551931e9c2786d1dcfc21d8f63ce246823c02b162d681315fa137e15f67e8fe310f2d9f7f63cb00ba22facdc2f9ae2e479bcd852b1e7ffdc3dba3a69de05621ef98843c6a299a4b65b3951d9cd50efb382451ce142b0a974c88a9c171f2938cc3ccb87fd4edf75f767426b18b16a62067661643f39309790cb348e95dbdc5e65b1abad553f2b9d989d1285abfdb9be508cdb19280b3bfedd3c8bd129020506e1ff3d52d4ee951de9c3a5e9b4df0063ee714c2597303b798172b8d743fc54fa0ef9811851e25c8cc4f65eb7038d641dbe81ed8b32a54db06fc22c63a8edf58a0e57148879f66b43b0e9b8b9590c8f634615ea8a9e425d0754c5b4c09afbbe289f392a91fa688e4fd7b40771b1563ff8cae969e8de773547ccfcef74ebd78b1286b8980148430ff476f705623f07a19a75c9ef67d90b5c8ebad53c284a8e483aee78418642a3abf1c0789acdc3a706288ab8729fd1a4fceec7690d72b9e63edf57ad70e1af94c09393d8443b8f0b4b790d5bc20da2db43e9f2358ea480e36ee55feef9f682b5ca56c12edf0650dfe0ae1ceeb6631b6fa97f620514ed89f8fca394afeec5b0371bc143af6ffe8a8a484c1097bb0fb7e7e7c1a47e2fbc94cd7fb9e476737f02852786d31e51144e76c2d8b1a083fc610e73d625568e9ece9ca0de4d5666252e31d8a5a1705614c246309564e9adbeccfde92a45851c2f04dc7e664fd32385051108e86d58da89f8fef0da06693edec56bc81d2077f36a18783f55fa92de063041008dc37a0a1bdd0e591333d6005452c9419bd905bf32e96c2c3a3a830f92011dca7760b2f1d8a7632755b37c008ba5a3b3468be1c9402aa17bda065f3d42bb011138a429e2aa9fd4be13bee40867a3cf64d9fdf92db076d489e47001c061ed655476c255fd2e681e8c7c38a3875e314e4ab09543d6475c0a3aeb357123ff8c405199becb8dd90c8a176744a0f051aaf5051b27edd519271c367637e0a32d16d928add0855ceba69ee645740a33a0a1c08ed0ba2bdf, 13, NULL),
(27, 'id', 0x800000000067173ce0ccabf38920958ae9c2952879f0982ddbc103fa3f9a56d871b53348ddf9a158e27ceff8d797ad212f5724e0659206255d96f62e436cfebb92af67dff1eb3ba6f638de77b461a3da7de8b96fc7a272d161, 0x800000000067173ce04d676fba4b507952aef7765fc273cfcfb432019c7e471c0182526f702dff6e46abc3cbad50c6a43708f124e0be1a1e3d4ffaf22954439fddf538ae310b3a1c83e0ae2fd8c7d5ac48b1cb3b036cc86fa7aa1d060ca4f2c016b7b1afa3cf1c6153, 14, 0x800000000067173ce0984a0eb5688fd78f62f7a8c47d9bfb6674b58b2f0f908539304d6088309c5e86da512c1d855cb333e0bd9202749aada81ab0c3577fa0d222365306a8df0c2cf5ebc859dfef0067f22b6ef4217773550accb2ab6bc568ac638c06c0dee2cc42b9),
(28, 'en', 0x800000000067173ce0601a09af45ba589f5db579570222b7378614e6956bf8269925b2a5e1388109dcff07cb5a976182543515a2a213fe7ed8a14d95d4b17ec023bdb2b9bd7ed21481167315ccd118ca78998b674aaa919246, 0x800000000067173ce04e791581321488425127f08a3b1aa93776814f520d6592a44e98afd2816122919af2b03d7c351bc90c98e0bcc3cfcf72c5e1a8ea3b78bd1123b1a51fdecbe1155895a0dae2b1de7eb3570b537afc9468, 14, 0x800000000067173ce0ea38ba6bf009f658ac9ea14638f8aac7761af016fe37bfcf63995282f8373561b241332ba83e0416506abf6eee24c2e81b096c02fca6fd67336976854365ac5bbc55232e150d6cb5bd199ea67e4f6156),
(29, 'id', 0x800000000067173ce0ccc31baf3ccfa8ca5f5465c7ae0779ae5d2c59c12f8e128b5470fe42a1256c187f1e1efd19d2f90a109a0bd7e8dd6b5cb2abdeba31b7f35a0f752337bcfebfc3bf2149dff504f76fedb584e2da1387ce, 0x800000000067173ce0f6815239559ddb36ee85ab3ddff0fe01743cfa78cb03e7aa6a258c268f44374e9396ac5c284653fece6c78c2c6a72b8cfb46c89775b398448d685ce79a3c6e3104fcbb2d9d39030268d2d9d1e149cea292eb3ae5f149a2d982abb39aad51670e, 15, 0x800000000067173ce0aa74edea60955f0a732a4f83186e505941e1972381e3a8d8e45ffa95d0e26eda7cf1480c5b573d22c72e5ae88ba7179a8df7860afc133ea9b29e9fdac9cbd2b78e16aa7728579e223cc2c7481cabf0da),
(30, 'en', 0x800000000067173ce043344d51e08dcc4073a3f26ed774aeb878c286582cb238782d5102d903441c383501b06a3c58efeb7d26d9e8e1a83adb330974ed5a09db62e581827517fa15a14b4dff0ac8c364effa22c094dd8b532c, 0x800000000067173ce08d2614045cf22ec40edcce3be17b4f89569678fdc335d7fc9fb3e6031a2a504b4d5a960b5b2b4c3f38992618192972c50cbc9e7805b28f6390be9763e5b46cf2a355435a149909fbfb375500feb4e50f902514f534ac9f870b937cb0759d7ae5, 15, 0x800000000067173ce0b37a6d4872b5bd309f88fb2b6a1a8318c2d6f6485b3e5628e32b36f8b9315a9a405b43989d259bd5eef677522e67b56f95bf37270afb0bde02904c49767fb74d302eb1e602b3a9902175d02d73684a0f),
(31, 'id', 0x800000000067173ce0afaabe786fe3a2b896886b066b053a019da20292d0f741c28608aa7e38a5be1aa6db9e08536e1404d05902be123ba0f2090aff1a2c439d36ca2eafa9767e002f95a4d4a13e7237ca9be28c5bb1ed4370, 0x800000000067173ce0ab632d416801659e174ee2c9d787318cfd7b768d5385588f5cf765219e032113e53efaa852b91377e142cfd1d0560370401904cf03223dd07c4fcec245845997877caad38466216716aa78d6df2486672033b319e8fbe170f30589dad2d03607, 16, 0x800000000067173ce02a22d6542562e41265467adea8fefb7aa5b9fdc223a9de9db35e8ad62fc2c230b9db472cc11ca5cb7fec5ae6f8459b25cb9d71d0d5c16b0162f23169e3d9a99fef50536ce092e02ee99d15eac1b06a3937d69eecca7277da614f4e0a85520816),
(32, 'en', 0x800000000067173ce0fc6e33b12a24f592cdc302b1bc72ef355821ec51e925d907407e96532ccab9d86ee7016c3c65f650b6a6cf0371755ecab694ed5b66108c3e1d18adcb1c92f90441ecc15f6c48fba31821e5b39f3f1ccb, 0x800000000067173ce0555a1668dc1e619fad9038927a0391785986b64765e088fe92894f791239c644705400b52304ef3443e9a59333052710676349058609dc6f870fe59c5da9073f1ce51c45a2aea049cbe4180808fe9ae23dfed936c08a6085fbe0e1d957139ff0, 16, 0x800000000067173ce0937859607a486560695f366ee46ffcb46878fe513e1d44c41b5281826481943d77002ec80b12f45418c9b7da133bef83729f0f5618bfb707656c2d6f9da71e3561c0ac17489fdaad94b0ceeacda48a1e3503d185fce9a828c8d6301bdc888cc1),
(33, 'id', 0x800000000067173ce0860db73a7636ef43b59bf11e888bd1c247d22d82694d756567688bcfcde1584a946aaf39624697c83e863daedcbabe9d5f0530b5f79fd516701dd9f0f759f41f343334d539fcab01189c6e64a6036e5cea4fc75294776cf8cefd2cd4afc1e56a, 0x800000000067173ce047a0886f4668bf5c45e006a5c4176049e7af048861ecffe9a186bf430c4de3c23cd05dde88a4640a0a00d0a6d4989627f668afc1da7d81fb601be98d9821b6c465f6440573dbca5deb2b844edea6282a24f93c5d64a220942b6f9b7bf839a5fc, 17, 0x800000000067173ce0ef94abc8027ac4a9686923982c5fc9a6a3a0bcec76ad2bb613de4ede49d3068fc5bb44c477b7305e4190557c202d09d85c319f0afb45cec0679d32007264077aa024ed4cb0a1e78b3e401614f7e6de1c14c7dec79b0b4834a7e241a66f3f7438),
(34, 'en', 0x800000000067173ce0539068de88e25700ec8ba7069a69e6687abae6eb3cde15ed7946105f2e6eaf8b03e84dca4415e407358e0e7d830cb65b89fa283c72010af47a32c3980b467d8fb914cc098e161bd213c23ac40357572ce4e22d24d6f84c60ca17634231ead04d, 0x800000000067173ce0eb720d60c63f8e12b249e67142528fa40f63b50fbebb740d41644ea6a35b4756081f1788af0c2ecfca3f3d7541f08de3592c80da7fbdbf203a02c4dc6493360ad244597ccbf07140f2c05051a48eded3d332e8d7f652b14637896f4c3df730e3, 17, 0x800000000067173ce047069f76aa2b3ee9017029add0f7ab8e43c9a66c21c3b884fcdf77058d61247ca593b2783541e1becea4cc99e38cf2ba0f5bd0432c4215cf80eddf92b51afff732cf8236362bcf6332f0310354432b008eaf5d11498c11f262d22336b9724c5e);

-- --------------------------------------------------------

--
-- Table structure for table `frontend_favicon`
--

CREATE TABLE `frontend_favicon` (
  `id` bigint(20) NOT NULL,
  `uuid` char(32) NOT NULL,
  `created_at` datetime(6) NOT NULL,
  `updated_at` datetime(6) NOT NULL,
  `name` varchar(100) NOT NULL,
  `site_id` int(11) NOT NULL,
  `is_initial_data` tinyint(1) NOT NULL
) ENGINE=InnoDB DEFAULT CHARSET=utf8mb4 COLLATE=utf8mb4_general_ci;

-- --------------------------------------------------------

--
-- Table structure for table `frontend_googlecalendar`
--

CREATE TABLE `frontend_googlecalendar` (
  `id` bigint(20) NOT NULL,
  `uuid` char(32) NOT NULL,
  `created_at` datetime(6) NOT NULL,
  `updated_at` datetime(6) NOT NULL,
  `calendar_id` varchar(100) NOT NULL,
  `file_path_doc` varchar(100) NOT NULL,
  `is_default` tinyint(1) NOT NULL,
  `site_id` int(11) NOT NULL,
  `is_initial_data` tinyint(1) NOT NULL
) ENGINE=InnoDB DEFAULT CHARSET=utf8mb4 COLLATE=utf8mb4_general_ci;

--
-- Dumping data for table `frontend_googlecalendar`
--

INSERT INTO `frontend_googlecalendar` (`id`, `uuid`, `created_at`, `updated_at`, `calendar_id`, `file_path_doc`, `is_default`, `site_id`, `is_initial_data`) VALUES
(7, 'b81f330e7b0b49fca68e0bc17f70647c', '2024-09-20 20:03:12.949000', '2024-09-27 03:30:13.757000', 'suratiwan03@gmail.com', 'credentials/authbox/credentials.json', 0, 4, 0);

-- --------------------------------------------------------

--
-- Table structure for table `frontend_googlecalendardetail`
--

CREATE TABLE `frontend_googlecalendardetail` (
  `id` bigint(20) NOT NULL,
  `uuid` char(32) NOT NULL,
  `created_at` datetime(6) NOT NULL,
  `updated_at` datetime(6) NOT NULL,
  `cal_year` int(10) UNSIGNED NOT NULL CHECK (`cal_year` >= 0),
  `cal_month` int(10) UNSIGNED NOT NULL CHECK (`cal_month` >= 0),
  `cal_json` longtext DEFAULT NULL,
  `google_calendar_id` bigint(20) NOT NULL,
  `site_id` int(11) DEFAULT NULL,
  `is_initial_data` tinyint(1) NOT NULL,
  `description` longtext DEFAULT NULL,
  `end` datetime(6) DEFAULT NULL,
  `event_id` varchar(100) NOT NULL,
  `location` varchar(300) DEFAULT NULL,
  `start` datetime(6) DEFAULT NULL,
  `summary` varchar(300) DEFAULT NULL,
  `transparency` varchar(300) DEFAULT NULL,
  `visibility` varchar(300) DEFAULT NULL
) ENGINE=InnoDB DEFAULT CHARSET=utf8mb4 COLLATE=utf8mb4_general_ci;

--
-- Dumping data for table `frontend_googlecalendardetail`
--

INSERT INTO `frontend_googlecalendardetail` (`id`, `uuid`, `created_at`, `updated_at`, `cal_year`, `cal_month`, `cal_json`, `google_calendar_id`, `site_id`, `is_initial_data`, `description`, `end`, `event_id`, `location`, `start`, `summary`, `transparency`, `visibility`) VALUES
(57, '5a95f6215c83437ca92c780b6724a5a0', '2024-09-27 03:33:12.148000', '2024-09-27 03:33:12.148000', 2024, 9, '{\"kind\": \"calendar#event\", \"etag\": \"\\\"3451205582392000\\\"\", \"id\": \"_c8sjeqrld8smudpke8pjgp1pdcrj8shjclhj2qj674r36prd75jmat3edlimmsbe6po36qr9d9km6e1pddmmmshpd4r6osj7\", \"status\": \"confirmed\", \"htmlLink\": \"https://www.google.com/calendar/event?eid=X2M4c2plcXJsZDhzbXVkcGtlOHBqZ3AxcGRjcmo4c2hqY2xoajJxajY3NHIzNnByZDc1am1hdDNlZGxpbW1zYmU2cG8zNnFyOWQ5a202ZTFwZGRtbW1zaHBkNHI2b3NqNyBzdXJhdGl3YW4wM0Bt\", \"created\": \"2024-09-06T06:05:03.000Z\", \"updated\": \"2024-09-06T06:06:31.196Z\", \"summary\": \"Air Metro Wireless Bridge - Launching Event Webinar\", \"description\": \"Join from a PC, Mac, iPad, iPhone or Android device:\\n    Please click this URL to join. https://us06web.zoom.us/w/89645496703?tk=ob6jGZKOG4ZKmCD1sfTZOU8zlXqYPzr8zPRIbcT6ziM.DQcAAAAU30m5fxZ6TDhZMHdvZ1NXNkdJTkxCaWptMjV3AAAAAAAAAAAAAAAAAAAAAAAAAAAAAAAAAAAAAAA&pwd=fi3vEarIuee9kJEVxKudrl9T2MJ8xl.1&uuid=WN_5Y-zTOyyTxORSHJTFihLgQ\\n    Passcode: 569424\\n\\tDescription: Topic :\\n1. Airmetro Product Overview\\n2. Promotion\\n3. Lucky Draw\\n\\nOr One tap mobile:\\n    +12532158782,,89645496703#,,,,*569424# US (Tacoma)\\n    +13017158592,,89645496703#,,,,*569424# US (Washington DC)\\n\\nOr join by phone:\\n    Dial(for higher quality, dial a number based on your current location):\\n        US: +1 253 215 8782  or +1 301 715 8592  or +1 305 224 1968  or +1 309 205 3325  or +1 312 626 6799  or +1 346 248 7799  or +1 360 209 5623  or +1 386 347 5053  or +1 507 473 4847  or +1 564 217 2000  or +1 646 558 8656  or +1 646 931 3860  or +1 669 444 9171  or +1 689 278 1000  or +1 719 359 4580  or +1 720 707 2699  or +1 253 205 0468 \\n    Webinar ID: 896 4549 6703\\n    Passcode: 569424\\n    International numbers available: https://us06web.zoom.us/u/kdpeAgE9Zn\\n\\n\", \"location\": \"https://us06web.zoom.us/w/89645496703?tk=ob6jGZKOG4ZKmCD1sfTZOU8zlXqYPzr8zPRIbcT6ziM.DQcAAAAU30m5fxZ6TDhZMHdvZ1NXNkdJTkxCaWptMjV3AAAAAAAAAAAAAAAAAAAAAAAAAAAAAAAAAAAAAAA&pwd=fi3vEarIuee9kJEVxKudrl9T2MJ8xl.1&uuid=WN_5Y-zTOyyTxORSHJTFihLgQ\", \"creator\": {\"email\": \"suratiwan03@gmail.com\", \"self\": true}, \"organizer\": {\"email\": \"no-reply@zoom.us\", \"displayName\": \"Ruijie - Asrar Ashari\"}, \"start\": {\"dateTime\": \"2024-09-06T17:00:00+08:00\", \"timeZone\": \"Asia/Jakarta\"}, \"end\": {\"dateTime\": \"2024-09-06T18:00:00+08:00\", \"timeZone\": \"Asia/Jakarta\"}, \"iCalUID\": \"b97kuj9o74r38d9k74r3ec1jf963gm9getnmekqn6p3kijic89kmkr9i6lrg\", \"sequence\": 0, \"attendees\": [{\"email\": \"suratiwan03@gmail.com\", \"self\": true, \"responseStatus\": \"accepted\"}], \"guestsCanInviteOthers\": false, \"privateCopy\": true, \"reminders\": {\"useDefault\": true}, \"eventType\": \"default\"}', 7, 5, 0, 'Join from a PC, Mac, iPad, iPhone or Android device:\n    Please click this URL to join. https://us06web.zoom.us/w/89645496703?tk=ob6jGZKOG4ZKmCD1sfTZOU8zlXqYPzr8zPRIbcT6ziM.DQcAAAAU30m5fxZ6TDhZMHdvZ1NXNkdJTkxCaWptMjV3AAAAAAAAAAAAAAAAAAAAAAAAAAAAAAAAAAAAAAA&pwd=fi3vEarIuee9kJEVxKudrl9T2MJ8xl.1&uuid=WN_5Y-zTOyyTxORSHJTFihLgQ\n    Passcode: 569424\n	Description: Topic :\n1. Airmetro Product Overview\n2. Promotion\n3. Lucky Draw\n\nOr One tap mobile:\n    +12532158782,,89645496703#,,,,*569424# US (Tacoma)\n    +13017158592,,89645496703#,,,,*569424# US (Washington DC)\n\nOr join by phone:\n    Dial(for higher quality, dial a number based on your current location):\n        US: +1 253 215 8782  or +1 301 715 8592  or +1 305 224 1968  or +1 309 205 3325  or +1 312 626 6799  or +1 346 248 7799  or +1 360 209 5623  or +1 386 347 5053  or +1 507 473 4847  or +1 564 217 2000  or +1 646 558 8656  or +1 646 931 3860  or +1 669 444 9171  or +1 689 278 1000  or +1 719 359 4580  or +1 720 707 2699  or +1 253 205 0468 \n    Webinar ID: 896 4549 6703\n    Passcode: 569424\n    International numbers available: https://us06web.zoom.us/u/kdpeAgE9Zn\n\n', '2024-09-06 10:00:00.000000', '_c8sjeqrld8smudpke8pjgp1pdcrj8shjclhj2qj674r36prd75jmat3edlimmsbe6po36qr9d9km6e1pddmmmshpd4r6osj7', 'Narvik Villa', '2024-09-06 09:00:00.000000', 'Air Metro Wireless Bridge - Launching Event Webinar', 'opaque', 'public'),
(58, '2e8848030b5e41eaac0f93a2cd8544b3', '2024-09-27 03:33:12.347000', '2024-09-27 03:33:12.348000', 2024, 9, '{\"kind\": \"calendar#event\", \"etag\": \"\\\"3453735908978000\\\"\", \"id\": \"1p75g024pjda4adsigolsggk1h\", \"status\": \"confirmed\", \"htmlLink\": \"https://www.google.com/calendar/event?eid=MXA3NWcwMjRwamRhNGFkc2lnb2xzZ2drMWggc3VyYXRpd2FuMDNAbQ\", \"created\": \"2024-09-20T21:32:34.000Z\", \"updated\": \"2024-09-20T21:32:34.489Z\", \"summary\": \"Ceritanya\", \"creator\": {\"email\": \"suratiwan03@gmail.com\", \"self\": true}, \"organizer\": {\"email\": \"suratiwan03@gmail.com\", \"self\": true}, \"start\": {\"date\": \"2024-09-10\"}, \"end\": {\"date\": \"2024-09-11\"}, \"transparency\": \"transparent\", \"iCalUID\": \"1p75g024pjda4adsigolsggk1h@google.com\", \"sequence\": 0, \"reminders\": {\"useDefault\": false}, \"eventType\": \"default\"}', 7, 5, 0, NULL, '2024-09-10 16:00:00.000000', '1p75g024pjda4adsigolsggk1h', 'Narvik Villa', '2024-09-09 16:00:00.000000', 'Ceritanya', 'opaque', 'public');

-- --------------------------------------------------------

--
-- Table structure for table `frontend_greeting`
--

CREATE TABLE `frontend_greeting` (
  `id` bigint(20) NOT NULL,
  `uuid` char(32) NOT NULL,
  `created_at` datetime(6) NOT NULL,
  `updated_at` datetime(6) NOT NULL,
  `slug` varchar(255) NOT NULL,
  `view_count` int(10) UNSIGNED NOT NULL CHECK (`view_count` >= 0),
  `status` smallint(6) NOT NULL,
  `admin_id` bigint(20) NOT NULL,
  `site_id` int(11) NOT NULL,
  `is_initial_data` tinyint(1) NOT NULL
) ENGINE=InnoDB DEFAULT CHARSET=utf8mb4 COLLATE=utf8mb4_general_ci;

-- --------------------------------------------------------

--
-- Table structure for table `frontend_greeting_translation`
--

CREATE TABLE `frontend_greeting_translation` (
  `id` bigint(20) NOT NULL,
  `language_code` varchar(15) NOT NULL,
  `title` varchar(300) NOT NULL,
  `content` longblob DEFAULT NULL,
  `name` longblob DEFAULT NULL,
  `designation` longblob DEFAULT NULL,
  `master_id` bigint(20) DEFAULT NULL
) ENGINE=InnoDB DEFAULT CHARSET=utf8mb4 COLLATE=utf8mb4_general_ci;

-- --------------------------------------------------------

--
-- Table structure for table `frontend_howitworks`
--

CREATE TABLE `frontend_howitworks` (
  `id` bigint(20) NOT NULL,
  `uuid` char(32) NOT NULL,
  `created_at` datetime(6) NOT NULL,
  `updated_at` datetime(6) NOT NULL,
  `view_count` int(10) UNSIGNED NOT NULL CHECK (`view_count` >= 0),
  `slug` varchar(255) NOT NULL,
  `status` smallint(6) NOT NULL,
  `icon` varchar(100) DEFAULT NULL,
  `is_header_text` tinyint(1) NOT NULL,
  `admin_id` bigint(20) NOT NULL,
  `site_id` int(11) NOT NULL,
  `order_item` int(10) UNSIGNED NOT NULL CHECK (`order_item` >= 0),
  `is_initial_data` tinyint(1) NOT NULL
) ENGINE=InnoDB DEFAULT CHARSET=utf8mb4 COLLATE=utf8mb4_general_ci;

--
-- Dumping data for table `frontend_howitworks`
--

INSERT INTO `frontend_howitworks` (`id`, `uuid`, `created_at`, `updated_at`, `view_count`, `slug`, `status`, `icon`, `is_header_text`, `admin_id`, `site_id`, `order_item`, `is_initial_data`) VALUES
(1, 'b8aceef8295d4b4db112478fce1b1ce7', '2023-09-06 19:25:12.791000', '2023-09-06 19:35:33.945000', 0, 'bagaimana-caranya', 2, '', 1, 1, 4, 1, 0),
(2, 'e9ca889355a14a57971397926ffd2abf', '2023-09-06 19:36:24.307000', '2023-09-06 19:37:31.894000', 0, 'buat-akun', 2, '', 0, 1, 4, 2, 0),
(3, 'd5bf84fdce174052a13f8518d9463fe6', '2023-09-06 19:37:59.486000', '2023-09-06 19:37:59.509000', 0, 'buat-nama-usaha', 2, '', 0, 1, 4, 3, 0),
(4, '575cf84c80f44ec2a96b407fedcabdbe', '2023-09-06 19:38:36.620000', '2023-09-06 19:38:36.649000', 0, 'pilih-template', 2, '', 0, 1, 4, 4, 0),
(5, '0b95bb183fee4f3e94cfc112362730f4', '2023-09-06 19:39:09.590000', '2023-09-06 19:39:09.597000', 0, 'website-online', 2, '', 0, 1, 4, 5, 0);

-- --------------------------------------------------------

--
-- Table structure for table `frontend_howitworks_translation`
--

CREATE TABLE `frontend_howitworks_translation` (
  `id` bigint(20) NOT NULL,
  `language_code` varchar(15) NOT NULL,
  `title` longblob NOT NULL,
  `content` longblob DEFAULT NULL,
  `master_id` bigint(20) DEFAULT NULL,
  `sub_title` longblob DEFAULT NULL
) ENGINE=InnoDB DEFAULT CHARSET=utf8mb4 COLLATE=utf8mb4_general_ci;

--
-- Dumping data for table `frontend_howitworks_translation`
--

INSERT INTO `frontend_howitworks_translation` (`id`, `language_code`, `title`, `content`, `master_id`, `sub_title`) VALUES
(1, 'id', 0x800000000067173ce05a8dc0dfd43efee6d9b09d9ec78692067e1fa5882cbef98876e19857ab4fb13e07a71444c56aea6781f3dd50c8cbd83580b4ec0f9cb96aa7af2b48725a18f40188646efefe8ec3b50d7b0f83bc96525e5e6290cd54234556918a3a5a8823c001, 0x800000000067173ce03bdc099192fab75168224d4aa5ab827a0991c5eb49d772f882e4536ae1fd1a0e755ae083890beb28ca7d4ea747db009586cdf8d984a7dcc73ee9dfc3c144ba0a9ce917ec014198245abde4dbc816dcf66986e87fe55cd5f9e24c5a97536014155b3b110f143027106f8169200b663736c6530cc363ee29e7ffdf3430a67427bbf8600fcced924ba35c93828912e1eba69ff5297ace4aaaec850129fb568df8ae01e65253bf3f8c3f03dedc113e88db9f36f8ef8d587616dc380719690c693553, 1, NULL),
(2, 'en', 0x800000000067173ce060b03ec2698c55337132407873ebe1c9558a632419eafbeafa9bd09c7a8621e452d5abac0254bd6dee1b129df02dae3d760538cf266c9ad2106dc55af099b2083bce3c3e42e9ef365d196db29ed7c9a4e1b858504353d89cbeccf873aca950bf, 0x800000000067173ce0a82c237cdb96523df3f55c20904673f4b14fbb6518d4304180dc9534e23ef5395a371ba36400e0ca2047f96d239b4f162cffc34110edc6d77e19004fb963b4e2edab6dbd55095ba99e82716c635c3ee52ab5969f789af670f8abb8e11f22fa1dac70d8a7142d6c5fb79469239f8d346605cba6a177d5726c5df89298e4a920ac42ce8842c71930cd12c4cfb888ca9282b2e040f1d97a9087a623bd7486be658d392340ec3b9d166b357b2a996f8afc7b0bb22fa308ec5ebc26496b1f2c4264b1, 1, NULL),
(3, 'id', 0x800000000067173ce01c71e205504e09497de34fc092784d9717816229492c3c05c6e6fb7323a986d9d277d103de5dd5a877de2a4562a3106020c17f19fb69b9238cc6f4b2acf6ed6f3593ae0477a59e308e50e2714df0cb42, 0x800000000067173ce0923a8f463264a0af680c66a5bccc1dc63c899c3b36ddb7f05642e29e23293087cdc9d4f6379281b82fb7e785170489eae67e397072084dbf0618eea5b4d56b209f5df63e3a1e4eb90564d34fe6398b298fa5edb6eb36f8b3497249cb96147f2e0d768b2e1ff486beac84377b24114aea21bc788acbcf7fb20a471e2982e1050313d9b2ffca7d9366c62fae75a9862610e939988a7be8a262dcbd9e9abc11d81c, 2, NULL),
(4, 'en', 0x800000000067173ce0a4b069be98284b982bf324a0727cdf090a52d0f6b37ef756697a0d21195aee548bbdfdc30dba1f06638cb5e6c9f84b82ff9fb7fdbc023fcd5407ef573bfbe105975fbc9147740c781e4342549ce6343a, 0x800000000067173ce0ee7a6590b86c59990b58d56fb06a76216b1ee08b2f4e4bc03d9277c6515637712fada897da08d10776f5f6f55639817fc5fa20f71489c226864154b7b35ee75d5e8f53246eb6c434a05a4009508e56128f0b6a67f400722339dbae6770a13e14ea0cd3afae654e70dfc0a611a1372c780209bc959a4bbee676902e721fc732ec8cffd9425b89a518c0196bbc0895fca5cef0524584b3851e0a3645134ac96a1a, 2, NULL),
(5, 'id', 0x800000000067173ce0ac2d33e6a90fe5a0c0b4573789a27e778406e78eeb0f0bd17b6f238080db277019123051855d009c04185d19679e624af6d50ae7fe14252ae725b4f101fe1d475eeab68a0563a0038947ac6a274e2054, 0x800000000067173ce011f43d9e375018c8a03b65aaa0cc36695824175f3ea16819ef4e1120e58cbcdb5b7ad9c4315a90dc067f52258fefbd4f178685fc1b4f7309fbbf8f403b65832714b21b669d7ec288b5abac8ac3620755a358f95741428ae5d35db1b0c37c80ac, 3, NULL),
(6, 'en', 0x800000000067173ce01c13b2b93f2e0dcc14b632341e7e947304c1898a10a0a3b7d42185663057c9090b2250937b95d466ba95db584c9c1c472fda7faf7b69418495e04410d768e37295420a4ca9a5323535cc22f141f1c743, 0x800000000067173ce0dbc8575e5069e1e48e4074ec8e450a28cff48f3f75ac37169b27edf47a65524676294f40b6cf95e00ffac023f5d7ee8516fbab1f2e561fdb8d0e57d104afc79c97625ce7fdde1ef38dcad63a5a48aff38bc4563856a8f439f42b20a64af84048, 3, NULL),
(7, 'id', 0x800000000067173ce0cab9d05d7577a105a9ff8128b093ef273f6816b45bb38228ec00a66541acf2bcc0e5cb674a2e9228294938729538d194eaa7665486faa9e38dabfc586d896f739d55b359a93e6bd6b32c47d3c585ad9f, 0x800000000067173ce045a3db02271d4051e5840d37b8bc71b2f6998e0b0b9719282e1294a08e796205478e125312ae508a36e78152159669d1530efa969bca0fdc771fed433b3f0c4a84ee631371ebeb6f0a2e0f650c1cf40c2082110ec78f2c9b8f977d77963f2f70d0856bee2cb7bea161daacc7f92ec278116840e88761c0fe3c5279ba193f0dd6259038f64998c237e57be2c294873fda81bb2e24abcc94a899795f88a537a042c3aff80a6b45162436327c6ccd96741b, 4, NULL),
(8, 'en', 0x800000000067173ce0c4508a71b7cb0cdc85ce04b950efaf52aeaab3224f33fa9f471287830e97210333b57355c7085e573ecccec0f677d04c97b852ce9089f0aff4cf7b3ca5ccbd0c7526ec7e4f71abc4dcf00599969209ed, 0x800000000067173ce040d08efd61d6fa308e344609217f094ca6f8f6f53f22f8f83b2e9ecdcb9e7a0aea74be80f8830143b945e70106bea3588c0d12def2d9e76fba8a980480a0d7aa6892abc368e56d463e3bcb520b318838cb7484ffea6a7db178890e94518d55c28502912ddc19ce7d33db8c3e5cd8ec3fc322135a888680fd946ed4ee03eac03ce9496009e3b5d357f52927a2b4714c24e040b1af6631e89a59012a47a1e88ceeb3d5c6d2eeb20c4d04e9e7918f895968, 4, NULL),
(9, 'id', 0x800000000067173ce0409511b2cea69a51cc6ca5e4fb1d354a2e8cd737c4e68cef353ca511faab2e6e05e3829303732357263a78e62ad0b565ffff19e56ef4822cd7aebe811a7bc6449f43d407a54a06008c09b5aaa4afbc02, 0x800000000067173ce06a5c13f952ee0f0a20833ed551f35546eae329fef7c22672f455a124ea70d0b152f260a487c3e61bf8ac4f73083d5c6eebc67124036c2ce3982fe38652c8007ae1c75f83d92969a03cd8cf0887ad330fb2a5aebd9882885d7a2b4bf116cab6cb3ae8dbcf5cbd5f65ce7815a712f9a877734b00e81bb0fce696b23c10a27b33697e0f91ed489296fcc5fa3537852e0458, 5, NULL),
(10, 'en', 0x800000000067173ce0b5cb2c9c9132815a0833e6661160aca95afa02c9133d101166bd5b7d7d6c4b1b562b3690c076ac21f87f9350c316e0afcb96ab8dacf5cf9c4c6217f2d2c419fb05daa71a5ab7c1a636a9e46f3797ef08, 0x800000000067173ce0fe1973b4ee8ecdf7c639a8730a84c09e1d77337e80add7c4f7e288bfbd7e58ae0778fe9e6831574b786a6d2de4ec5e20574f32d2b198a4edf637b9fadd95b349a0e27d5157f54296ca9505b20aa791f42879297434d2a9bfeb66fdf0e1fb357d8d20558309757800ed00dec73dc23c2dde66628b61e9ab134f783a107ca33c05c34fb40faa38b6e6438fb8b16b4c3c0d, 5, NULL);

-- --------------------------------------------------------

--
-- Table structure for table `frontend_location`
--

CREATE TABLE `frontend_location` (
  `id` bigint(20) NOT NULL,
  `uuid` char(32) NOT NULL,
  `created_at` datetime(6) NOT NULL,
  `updated_at` datetime(6) NOT NULL,
  `view_count` int(10) UNSIGNED NOT NULL CHECK (`view_count` >= 0),
  `slug` varchar(255) NOT NULL,
  `status` smallint(6) NOT NULL,
  `embed` longtext DEFAULT NULL,
  `admin_id` bigint(20) NOT NULL,
  `site_id` int(11) NOT NULL,
  `is_header_text` tinyint(1) NOT NULL,
  `is_initial_data` tinyint(1) NOT NULL
) ENGINE=InnoDB DEFAULT CHARSET=utf8mb4 COLLATE=utf8mb4_general_ci;

--
-- Dumping data for table `frontend_location`
--

INSERT INTO `frontend_location` (`id`, `uuid`, `created_at`, `updated_at`, `view_count`, `slug`, `status`, `embed`, `admin_id`, `site_id`, `is_header_text`, `is_initial_data`) VALUES
(2, '7b761815fb8f4f97954a36ca68b80eec', '2024-09-04 07:25:03.771000', '2024-10-09 04:06:21.909000', 0, 'lokasi', 2, '<figure class=\"media\"><oembed url=\"https://www.google.com/maps/embed?pb=!1m18!1m12!1m3!1d3945.800902589267!2d117.49474642147075!3d-8.518702235898372!2m3!1f0!2f0!3f0!3m2!1i1024!2i768!4f13.1!3m3!1m2!1s0x2dcb94e4aa09f239%3A0x3f56b85bca373bd9!2sMAN%202%20SUMBAWA!5e0!3m2!1sid!2sid!4v1728442013195!5m2!1sid!2sid\"></oembed></figure>', 12, 3, 1, 0);

-- --------------------------------------------------------

--
-- Table structure for table `frontend_location_translation`
--

CREATE TABLE `frontend_location_translation` (
  `id` bigint(20) NOT NULL,
  `language_code` varchar(15) NOT NULL,
  `title` longblob NOT NULL,
  `master_id` bigint(20) DEFAULT NULL,
  `subtitle` longblob NOT NULL
) ENGINE=InnoDB DEFAULT CHARSET=utf8mb4 COLLATE=utf8mb4_general_ci;

--
-- Dumping data for table `frontend_location_translation`
--

INSERT INTO `frontend_location_translation` (`id`, `language_code`, `title`, `master_id`, `subtitle`) VALUES
(3, 'id', 0x800000000067173ce0f384d7da7e3792df3336dc4804aa3c4b58fdcd5b4be10830a2be802c561cbdd2db4191e4a4907a09db43375c8e42e9f73cf2301859c337ad1884818db8ffe966e4b19fee663db877523e224f667652b9, 2, 0x800000000067173ce00b814e92e42cb92a12cb172351c06280163e0af858227a83bb6bb1555cb953315ac0516cf91df6a31c89f71fba564108099646920fcb95904c85f7f0af67ff44650966d74b1cf9b4b26f777d44f4aa71),
(4, 'en', 0x800000000067173ce0f9561f6e2fd697830d3ede8a46e44652ad2ac433f629aecbddbe663c672a708413a84a99480277be0697b143866e34b039884882e6de663d829696a43eb87e1587c56994a449987d2a40f070c7bc5257, 2, 0x800000000067173ce0d4054b1575c245b6bd50234abc8b993f5f5e3a0d7da6ede38dffb0d45b7710b37309a3ea451b89356e60a9891366adad21f1fc887d8bcb57208e33771123f9a93b4c17f0cf0eb11330852b0923e33fd6);

-- --------------------------------------------------------

--
-- Table structure for table `frontend_logo`
--

CREATE TABLE `frontend_logo` (
  `id` bigint(20) NOT NULL,
  `uuid` char(32) NOT NULL,
  `created_at` datetime(6) NOT NULL,
  `updated_at` datetime(6) NOT NULL,
  `name` varchar(100) NOT NULL,
  `site_id` int(11) NOT NULL,
  `is_initial_data` tinyint(1) NOT NULL
) ENGINE=InnoDB DEFAULT CHARSET=utf8mb4 COLLATE=utf8mb4_general_ci;

--
-- Dumping data for table `frontend_logo`
--

INSERT INTO `frontend_logo` (`id`, `uuid`, `created_at`, `updated_at`, `name`, `site_id`, `is_initial_data`) VALUES
(1, '6bbd357ee9114d9291a908ace46fe9a4', '2023-08-30 14:05:00.485000', '2023-08-30 15:37:29.664000', 'Logo SMAN 2 Jonggat', 6, 0),
(2, '6ae548a5fe5542b6b8b6b749ad4318b4', '2023-09-04 14:14:52.989000', '2023-09-04 14:14:52.989000', 'Authbox Logo', 4, 0),
(3, '84666523eb494f819c58ca9e03ad9824', '2023-09-22 16:48:05.273000', '2023-09-22 16:48:05.273000', 'Ramadhan', 9, 0),
(4, '2fb0d441796c41819c2b9d06841d479a', '2024-10-04 01:33:41.831000', '2024-10-04 01:34:38.291000', 'Iwan Setiawan', 3, 0);

-- --------------------------------------------------------

--
-- Table structure for table `frontend_news`
--

CREATE TABLE `frontend_news` (
  `id` bigint(20) NOT NULL,
  `uuid` char(32) NOT NULL,
  `created_at` datetime(6) NOT NULL,
  `updated_at` datetime(6) NOT NULL,
  `view_count` int(10) UNSIGNED NOT NULL CHECK (`view_count` >= 0),
  `share_count` int(10) UNSIGNED NOT NULL CHECK (`share_count` >= 0),
  `slug` varchar(255) NOT NULL,
  `status` smallint(6) NOT NULL,
  `word_count` int(10) UNSIGNED NOT NULL CHECK (`word_count` >= 0),
  `reading_time` int(10) UNSIGNED NOT NULL CHECK (`reading_time` >= 0),
  `admin_id` bigint(20) NOT NULL,
  `categories_id` bigint(20) DEFAULT NULL,
  `site_id` int(11) NOT NULL,
  `is_header_text` tinyint(1) NOT NULL,
  `is_initial_data` tinyint(1) NOT NULL
) ENGINE=InnoDB DEFAULT CHARSET=utf8mb4 COLLATE=utf8mb4_general_ci;

--
-- Dumping data for table `frontend_news`
--

INSERT INTO `frontend_news` (`id`, `uuid`, `created_at`, `updated_at`, `view_count`, `share_count`, `slug`, `status`, `word_count`, `reading_time`, `admin_id`, `categories_id`, `site_id`, `is_header_text`, `is_initial_data`) VALUES
(1, '252a21222fa441da8317cde5d14d047a', '2023-08-30 14:20:22.962000', '2023-08-30 14:20:22.970000', 0, 0, 'span-ptkin-2023', 2, 11, 1, 3, 6, 6, 0, 0),
(2, '909013178fa34b21a30a8f1a8dca2362', '2023-08-30 14:23:16.196000', '2023-08-30 14:23:16.211000', 0, 0, 'berbagi-takjil', 2, 9, 1, 3, 7, 6, 0, 0),
(3, '2488155e36f048688297867c80213956', '2023-08-30 14:26:50.894000', '2023-08-30 14:26:50.903000', 0, 0, 'snbp', 2, 17, 1, 3, 6, 6, 0, 0),
(4, '36822d1948d6425897438976950a62e9', '2023-08-30 14:29:16.871000', '2023-08-30 14:29:16.891000', 0, 0, 'ujian-sekolah-berbasis-teknologi-informasi-usti', 2, 6, 1, 3, 8, 6, 0, 0),
(5, '62143685cec14bb69a939c72d5ee6d13', '2023-08-30 14:30:57.333000', '2023-08-30 14:30:57.344000', 0, 0, 'latihan-futsal', 2, 5, 1, 3, 5, 6, 0, 0),
(6, 'ea40f314e3624750a1ca82695d7833c3', '2023-08-30 14:31:52.203000', '2023-08-30 14:31:52.211000', 0, 0, 'literasi-digitalisasi-makin-cakap-digital', 2, 19, 1, 3, 8, 6, 0, 0),
(7, 'd40e8831234d44e9a34fe9f35aab0adb', '2023-08-30 14:33:10.846000', '2023-08-30 14:33:10.853000', 0, 0, 'simulasi-osn', 2, 61, 1, 3, 4, 6, 0, 0),
(8, '45e2a3d318734fed873574e64921687f', '2023-08-30 15:05:56.799000', '2023-08-30 15:05:56.823000', 0, 0, 'proses-pengecatan-dinding-depan-sekolah', 2, 10, 1, 3, 9, 6, 0, 0),
(9, '66ace51f92384760aec4b1bf15a6e0a8', '2023-08-30 15:17:32.625000', '2023-08-30 15:17:32.636000', 0, 0, 'spiritual-camp', 2, 6, 1, 3, 11, 6, 0, 0),
(10, '74289c40d3034c0db656dc9dafa5c7cb', '2023-08-30 15:20:50.383000', '2023-08-30 15:20:50.392000', 0, 0, 'spiritual-camp-1', 2, 0, 1, 3, 11, 6, 0, 0),
(11, 'f7b47722e75b47328e8f857d163aef65', '2023-08-30 15:35:26.747000', '2023-08-30 15:35:26.758000', 0, 0, 'hardiknas-2023', 2, 155, 1, 3, 11, 6, 0, 0),
(13, 'f79def9c7c8943bb9b4121da513a83f0', '2023-09-11 11:46:40.844000', '2023-09-11 11:46:40.852000', 0, 0, 'mpls-tp-2023-2024', 2, 11, 1, 3, NULL, 6, 0, 0),
(14, '649b815a9e0a4e28a4a2084456d3643c', '2023-09-11 12:22:11.837000', '2023-09-11 12:22:11.855000', 0, 0, 'kua-jonggat', 2, 5, 1, 3, NULL, 6, 0, 0),
(15, '4327c553108a4d6d96018cb9e9a0f797', '2023-09-11 12:24:01.384000', '2023-09-11 12:24:01.391000', 0, 0, 'kemah-bakti', 2, 5, 1, 3, NULL, 6, 0, 0),
(16, 'cd04a6c87a774707994b53701d61a55b', '2023-09-11 12:25:38.397000', '2023-09-11 12:25:38.409000', 0, 0, 'penarikan-plp-undikma-ppg-hamzan-wadi', 2, 0, 1, 3, NULL, 6, 0, 0),
(17, '43ab17a7ab584d24a194b7db42426f8c', '2023-09-11 12:37:57.792000', '2023-09-11 12:37:57.808000', 0, 0, 'gerak-jalan-hut-ri', 2, 6, 1, 3, NULL, 6, 0, 0),
(18, 'bb05fe30632648baacbc28c75ab045ab', '2023-09-11 12:48:20.813000', '2023-09-11 12:48:20.833000', 0, 0, 'lomba-mading', 2, 26, 1, 3, NULL, 6, 0, 0),
(19, '0904a62ef27c4086a68e0500f1a1a2c9', '2023-09-11 12:49:38.436000', '2023-09-11 12:49:38.457000', 0, 0, 'pembagian-hadiah-mading', 2, 12, 1, 3, NULL, 6, 0, 0),
(20, '2fd1f2cb6e854136a4be0c6a215a5be7', '2023-09-11 12:51:45.415000', '2023-09-11 12:51:45.424000', 0, 0, 'pembentukan-pengurus-pgsi-ntb', 2, 10, 1, 3, NULL, 6, 0, 0),
(21, 'b47971bf7ec94ed8b135ed227ce82c84', '2023-09-11 12:52:53.669000', '2023-09-11 12:52:53.685000', 0, 0, 'i-love-smandat', 2, 7, 1, 3, NULL, 6, 0, 0),
(22, '772d085a3a164d2fa807e9eb5d82d642', '2023-09-11 12:55:43.663000', '2023-09-11 12:56:09.558000', 0, 0, 'advokasi-kembali-bersekolah', 2, 16, 1, 3, NULL, 6, 0, 0),
(23, 'e79cba436b634915915a7fe5c7147786', '2023-09-12 11:20:08.073000', '2023-09-12 11:20:08.083000', 0, 0, 'kegiatan-sulingjar', 2, 25, 1, 3, NULL, 6, 0, 0),
(25, '37907e69f7a748ec80a671ec4a986ef0', '2024-09-03 07:38:46.243000', '2024-09-03 07:38:46.737000', 0, 0, 'slide-show-2', 2, 3, 1, 10, 19, 3, 0, 0),
(26, '81946c3a04214b309dea92e2924b9b31', '2024-09-03 07:38:51.585000', '2024-09-03 07:38:52.280000', 0, 0, 'slide-show-2-1', 2, 3, 1, 10, 19, 3, 0, 0),
(27, '49a42f1bc55a4c098e7b78315e273e69', '2024-09-03 07:38:57.327000', '2024-09-03 07:38:58.028000', 0, 0, 'slide-show-2-2', 2, 3, 1, 10, 19, 3, 0, 0),
(28, '12b8c36e452a4488a42560b39308bb3c', '2024-09-03 07:39:02.449000', '2024-10-08 00:27:36.984000', 0, 0, 'slide-show-2-slide-show-2-slide-show-2-slide-show-2-slide-show-2-slide-show-2-slide-show-2-slide-show-2', 2, 1508, 8, 12, 19, 3, 0, 0),
(29, '6acb41d9abf042738fde3b1c7c4f6687', '2024-09-03 07:39:05.781000', '2024-09-03 07:39:06.659000', 0, 0, 'slide-show-2-4', 2, 3, 1, 10, 19, 3, 0, 0),
(30, 'b0109feea92d4db7ad30fcf08590f36f', '2024-09-03 07:39:09.509000', '2024-09-03 07:39:10.009000', 0, 0, 'slide-show-2-5', 2, 1, 1, 10, 19, 3, 0, 0),
(31, '1d7dc6f26df6419c9408f92c8df954bb', '2024-09-03 07:39:14.951000', '2024-10-05 04:41:26.754000', 0, 0, 'slide-show-2-6', 2, 660, 3, 12, 19, 3, 0, 0),
(32, 'bc5b44ea9081431cb1051e2a9584f495', '2024-09-04 01:33:02.778000', '2024-09-04 01:41:24.056000', 0, 0, 'berita', 2, 2, 1, 10, NULL, 3, 1, 0);

-- --------------------------------------------------------

--
-- Table structure for table `frontend_news_tags`
--

CREATE TABLE `frontend_news_tags` (
  `id` bigint(20) NOT NULL,
  `news_id` bigint(20) NOT NULL,
  `tags_id` bigint(20) NOT NULL
) ENGINE=InnoDB DEFAULT CHARSET=utf8mb4 COLLATE=utf8mb4_general_ci;

--
-- Dumping data for table `frontend_news_tags`
--

INSERT INTO `frontend_news_tags` (`id`, `news_id`, `tags_id`) VALUES
(1, 1, 9),
(3, 2, 7),
(2, 2, 8),
(4, 3, 9),
(5, 4, 10),
(6, 5, 1),
(7, 5, 2),
(8, 6, 10),
(9, 7, 1),
(10, 7, 2),
(11, 8, 11),
(12, 9, 13),
(13, 10, 13),
(14, 11, 13),
(15, 25, 39),
(16, 26, 39),
(17, 27, 39),
(18, 28, 39),
(19, 29, 39),
(20, 30, 39),
(21, 31, 39);

-- --------------------------------------------------------

--
-- Table structure for table `frontend_news_translation`
--

CREATE TABLE `frontend_news_translation` (
  `id` bigint(20) NOT NULL,
  `language_code` varchar(15) NOT NULL,
  `title` longblob NOT NULL,
  `content` longblob DEFAULT NULL,
  `master_id` bigint(20) DEFAULT NULL,
  `sub_title` longblob DEFAULT NULL
) ENGINE=InnoDB DEFAULT CHARSET=utf8mb4 COLLATE=utf8mb4_general_ci;

--
-- Dumping data for table `frontend_news_translation`
--

INSERT INTO `frontend_news_translation` (`id`, `language_code`, `title`, `content`, `master_id`, `sub_title`) VALUES
(1, 'id', 0x800000000067173cdd639c9290109404356fc39126bcc6fbfee7f356af563fe6d93741350b81684460f9059e0ff4771bf58c3ded29d5bd2440ff5142a4760ae17015b6bfa1a04a5efb2f7b7edefa2df97a3a1b2e5be0a1ccd4, 0x800000000067173cdd5b33de36c2e80f9c98471e6ae40867bf18dd5a8d234f0d11405f5956caafe00c2fcd8228d604b6db09081de905678fe8e3ecb1f7c3154b364256ea51b245e642b48b18191a8c2b093d2ba550a67c9fa6ccdb5d4a6195d0ea67301b53f06355d54088ff4a928bd794ad54eca001bcb5fadbafb7d6f2183e9000d45d90804309dd591434872c9ac8ebaa71a67760c8d58be7d232eadeba23f44c2fc98548f0aaeaf0b91e12f345e4af4a2042e363fbb13a, 1, NULL),
(2, 'en', 0x800000000067173cdd2dad0a10653b0575d00e52ee3c816cf2a5e1c9d4de62d8f960ab19597d196f398ae5fb143306f74cf29168113e2f14be65493fcd370697e4330e3996dd064fe11f967492fd6865826f66c6657d7b8bde, 0x800000000067173cdde99e5a2569b60e3d1d4106cd75164e42f6c5d01001c8aa3131147fa5e280dc2a8e0f9e7b3090742e686cc6908b187430ded9b57594912cf5237a702b44ff22e12968bbc505a114a6aaf21c6330654f5817e4c38982854926c7cc4330b62d163cca99f1275c3fff8b695612942107eba6d3f44c4fef79232a32164ab268ca758474964c3af7302bc2600a2c1287df60a818d465e80fc2304d76cb53ee2f670200f7413509b2160546c8d0027ae8db5a2b, 1, NULL),
(3, 'id', 0x800000000067173cde4fc8f3f8e9b3b7e29a004a77e2a80cc0fb71a20d9a3795266eb25eca314824df009d50743d068926b01134b57c2ffa66360dc60e93545e353a7daa62f0af0e34776e9bf19ec10f0d95b8ff109d9aba32, 0x800000000067173cdee89b2502dbfdc75ce6e89e5710d23e9e940c2609c0a72558f237e256f40a91ca72faabed34017f8e05a02eae8a8fabba9b48e969ecd83b9809b92a74a5a6c8bdbca95f490932a7933d9c854035bdd51cf48ed2b9cf4cd495a32872940e6dd4814e9c48530969306ee8863d5fd0323af3b62703e02561c1bd83fdcf25bb7b75de13675a4d0e4211f29df1ad0818742d3b1d92f60966b0b0e6f7b4d9fd49790c46b934c1c72b6146c930a355982a129df9758bb9bba3f68dcac874680f3d44092c1a284e8f24be0c11707a9b8b8b2d3e79808e637f8fd514f087528afbac0e4f3933318910cd5da46555cb4ae79de0335c, 2, NULL),
(4, 'en', 0x800000000067173cde962b33fe5751c6d2d285b79c5b36a3602d77947ab497127ae44e08cd599b52a3a8a10f9e7aac6592c43759469ebd1042c4b61eb48076a36fa6086270109d12dae6ea613012d9151248deb8440cb872c6, 0x800000000067173cde7da58b8f43d8730df080cd8d433f73c5e20773987fca19e45519d46ca0d13c114685c82fe62b446240793f337de9ed21b71c5fc96be2881042bf0737bba68e22370df55aa9ef6752346876ee1871dfde652ef8bb5f85bed607a7fad29647fb0d433f48f8e7ad5472bf03e1a632235258f1f43dfddd1480593d0aff5623b8a5420981ed293b35ee2949af4ae093039299a4854c78ed6c2334a96a3edf21a2f40425f0d5bec27f2cb2dab2b918d13399bc27e7b2f123457e4128180dce0f6913215f322867c6febab6fe7522e48c388ea8fc727ea3faf5b8ae8f1645eb30892611183180665bef90d054038ccff74d8e60, 2, NULL),
(5, 'id', 0x800000000067173cde1c5fa28fa2ed360ac088ff3d31ab116c72dcb065535de9a75030311095c1a9a931642ef63dd9bd7ba80b81b2127d55b8ccc1c01566a7d438ed160abc7ba0e8984ecaabf06f45238d96d66e3978d870ed, 0x800000000067173cdea3ea44eb26aea6aab3f9d6021cd3dbb7e5a3392bd55caf3335df15670a459d1554f92a02213ec9ec5720ec3030de642c9a0d7dd78f8731b080248ffef8b236f3db7ede7c7b3d9029a335ea5785d63c9d89d22b002a584c0bf0a0f8995e1ce4a6ab23c2b2ca3eba9308733ab07a5856ac55886cd04a612b3967a4c02f5c0ccc1d92178674ecf3f3dbe403375f4ce2ae24b68e26f2f8b2e6eac39ecc59340fd1627c3c4a91b2dab678a4a25846926f098e1d8387a8e938cd6f72e63648c7f6177e1d822c35a7223fe148fb626e7f312360763ffa6dfdbce077c809328da783323c4ba8a1e7bd2009468ea43fa31c715439736d151a0c924e79acfe75cd255761333bb3f0e205e309590aa4fa9ca85fe4c0be6a22716d3084d0d6a6bad3febe87ef, 3, NULL),
(6, 'en', 0x800000000067173cde3d6eaa63d677e59dbb8b1a7d7bcc9ef5d01aa958d9f022cc047dbc6ee7386662fc5f1c82ed380feefeb06187fc3f21563225645e6d12b6ab39fec841487df9ef33e5d6ab72a1f7ab2cbaf0b45a823e60, 0x800000000067173cde3f393f9474797ae49bb705f9e4e53df25c9f34a552a5fc99a39f3a56d8c0a4a5176dbac4bece2cf8d585ff8b163adbf835802355d17991bd2d943d31100aa09aa01992253c2e34455ade23d51e4d9b7c6f4353bbc36a8cdae986ca9af3b903709d798090041dfbfbca0adaeee4598ad171f7b747a5f2f6a0b8d7345f59f27cbf99b41a9b7abedbb6d85eb37975cb14564b7020dba5ba6b7bc5607ca4c7ce9dbd0b20cdde3d952bb4812477cabf830cf22e4d9a0d0d4d9152275f71b87f729ecb663ca2389034b3d3fb4719bb0936968b8e07fc0893739c59c895a6d3c2d28249fe48b497ae24a81d1adcf32f337dea17c29364ba2b7660baf2f189d40924c6398befe362cbedb8bcd6a8c16b29692df6b486ee80c292e43458cb673e2cb612f1, 3, NULL),
(7, 'id', 0x800000000067173cdee0e7dd89238e991e68f61b6ecc80013b2e811f586c91eec3d26fa4f5dbcab9d7e578cd39d3dde87d66c4e0ede41615f53028c036bb2497770b52cdb697aeafe08ea701658441cc2acf47e15f7425340220cb46b6a693a975d7b7ae268357359ca85e8e12fcedb16cc44adc2bf51d0d5051c279b8660014a894845dbc3d757bc4, 0x800000000067173cde815cf2dac450cf156cecc73fcad5caed8917341e365185db59e8922dfd9f49bb1c604452985a48d68afd394ac333e64f108cb04cef9fcff36e19e2517cffa18b2bb3c8ea454a222e864d9637a8312968f30d3b071e47873930e2ef94f366a2ced35e4209317694f2778f87e6033080d6cadd19241ab57c4c731b7024056c5203bf8cc8d07bcd397d2b680ce7538f72d4515ca68aea787bf2c5a7de6240624f02, 4, NULL),
(8, 'en', 0x800000000067173cdec77e246bed86346426d1cc14381074de5c949573a84e4c30c6da331b4c64716c4df74d368213e39603a454b48a77c640136cb96da2b5c46e46e3fb315cf7e8c0836de4266c644917d06382e3d05cd772b419989ca86cac713ee32871bab6f5008e177b2d6601eb30e87aa6f3f2c6a67aa33a2c847bfc3e5fbcfcea1d3a1b51af, 0x800000000067173cde2fdeca19a22d74edee2d6e43a46456e94a2809c2423301cb70973c02c205dd1b2d7d917b00bbbef629005a00be3be1822af424cac47faed4fcb2a8b575cc08fb7e2cf5596e8c4e4999d70dfd39715aa7f4ce5e50dc712cb339b90f3bb76a689e18d6d9adb9fd80758b4cb67e681bff830a0fe047a93a40cab49c3a12954b6e89f7a0acf55b9612781955c35a46ae45f9e9ea19d7707b9e1c479cba040bc8ddd3, 4, NULL),
(9, 'id', 0x800000000067173cde3b3bcf96258c82e238d82e785d18fd4f61a85c8c3589c223008507a0afdcab2809b61b2a1c4602767cc15d94245d00b098e1614e8cd9a27027f3029cffdaf4bdc91300bd8e30124fb52ae54ff6f5c5cd, 0x800000000067173cdea702b3f53436cf1e1123e845f41b9891bde82b84080f0a842b6c25305f505f4a8a1911b3b44c0a78f0a559fde616f413e0410794a6c21e137ea444b1f0fdad3d2fbe7bc8f0e2da03fa70335af7b7cf1d48cf66105a5a43b367027f79e3e5614122c6aaa7aeb5274b67bdfc7728b98f65c0ecee35a049a2e15da1f1b3bbb3050360148742884fbc463b1dd01081ac7f5b41b12b176c25dd50bd6e451ac3923449, 5, NULL),
(10, 'en', 0x800000000067173cdeeab43b42e6d77e52284a4af6d4623ff8db0ebab5d45bfff3aa6372094b410a3613e31f68bd49d7b00b49c22aa8bba3d85cda424776165e8d497c0868f69d3c3536f8416c093e9b3736a2bcc265f279f3, 0x800000000067173cde2099ba66410d0407d14c6680c71fd1f1521c19eb21fdc2b30a1903c5fb693924eb22fb4d501427dddb9fc0b9a33015b05f09f5f3a7f47218bdbe40131e4dafaaa3e684b2943f674f9fc7eb2f10a0dda938ce88e8816beb6e8d30921c98ebdc3908575a80e6c30637cebc6f5f5617e08d434206f65fbbd23407d20f2dfcdc6e1d55c9cd0702f34e56153ee417de1f4bea1ffcef29438d47d36dfe0b33ea38013a, 5, NULL),
(11, 'id', 0x800000000067173cdef794ff428a18d9f8c99495a0541c365f1da614ea02b5bd0efd109f2704ee9e7b2d724a51e4e5bd6c4c4b4484e1718669adde00a2b485246eadce2b85a17423c6f4735594e0bb79b61c569bfda69a3b9cb5c2d8146cdc753fe94297f213da8b94d45708398c7cf93e5497e67f869d4aa2, 0x800000000067173cdec4e56116ff8228ff74e9bc70e79be4b97b0e7b0c13ff7d8acdfeadb8de57f57b7e4eafd03c298a37c0f424824eb6f2788197f8719f0bff818be8c553cda69b3a0e4b86b52bda08d7849a2d922f6e00369e7a7243d638c11eace745bf07b77abb87441fb60a36caf829a309b9ecd05e428c5a561efe2b7e1c249154ab054b0d31712b80a5a1955d493b573b6b4e00c2300f03f52e2990de088390f18480ae48ab00df4aefbc808814207982a2db08ca494371bc69b9cd2c03129f61bf03d6f4bd54cb21f733030bb658ec2f7887d3c54eea4b7eaf9694daac6a00fd2bfcb827426534c5e084f8053cb24271519cd46463371110e3f26fd00502f827e40e4a3aebe1203826fcd658d91c91297949490bb20f5512b3685474d2d9721028d8d2a19bfdf0403e97b0ef3b623821c7e0626718, 6, NULL),
(12, 'en', 0x800000000067173cdefb9b3840d3dab37b138e3bff77819b9401f629facc7ac79ac32f90df02b2edeeb513ac71b534f5aa01601e01b4147162804478fb0ce67651fa63da2cadf4e9637854c9e3a41f0419d9610cd7197c8988ca5f5de0ca69eb6117337fe89ffac563dc84e38a6089c29bbe9b4e5c1df592b3, 0x800000000067173cdee0cc1ad919d1a06d6226e853d9f370d39510fef422071a3d01a5505538b1c11556cce8edecc586f203f8191434fd6c17c8e21aabe050fb063cb1b2cd70d0cf6f6c3a6fc8ca77a80ad3f56d730a16b0bdce0c78e60eecd49949b29cda4f5e8df226c9332b426829bd467e627db701952b289036a9d6da6066759c4e1332d543896223eee079e7d4ea26cac5dea2598dc9301794b2e7631ffe730662fdf6d293243b37c68cd09c6d0dd3c43acf60a2b865244d6d89a16b688d06e517b3585ca9f1a3f2217e95d1c246e850d38ff786ef8ab47e65f80ff0cc913fc66a7c6b09f5779c0734360065bdbef55b1f042ba85b9b9a49805d37a28297e52816c30a805169f980cbe7abf4dd9f1aabda5875cef34fea65a0c9746cb43fd2a8420cad97081b6c71f123d7846c7682ffa504d2819ed3, 6, NULL),
(13, 'id', 0x800000000067173cde0f12aa7a009b690a7809eeb2ebee3171ed43265a3238e5cd1fb1747434b699db75adf3d5820bfdc1fe0c383801fe8a32c9ab00134b2a5d18d6ef68f6496c97fb60dd753b90d6b654358f033d3f484fff, 0x800000000067173cde81dccfc43634c73f97c08fd72ff9b0153da63f0642e94ae83417593f12f8b55232ed777088325b2782857eaee7b2909cc335635d8dab3f047fee8f06cde7a2534f394b35d03977a77a5cbb7c54f6dd2861c0f8dfaf5f7457db5809abf174b9e196bb11505603a5a14a62c2088b53f0c36b209fa8fa0decf5e5e433e775dadd2cdcbac622db235f5ab61bb1c6bcf952c1ab886045d1e316ad890e4ed1fd8f9956bfd15f680f195fb7b01046d2aa3caba5405c89301bb4855370db314869cc02cc4089cbc9639356a6cdb6f525f338b92b4c1143b0c7b1fc0e0d21ccd802f49834bc5aebf82c27b355ad14f0cedff0ff9a8e72018f77366ef92a725c9d82f0c114f10d733907b36635c74205c2278af1022aba890c5c297af065e174fe2a535d5cd3753c910f223b9153aeca205aeba19db640974050d50d5aa6dce587439b47057be54626cfcdae2449930941ae92e95cc7f18622033d85f42fb3ac91c3d2f0e273a23ea674cbf79d77e1f37d0226f399e6bde8b5b06d270699cca793c4e2439dc85d4299b9d5bf82bcfcffdd02bb058ef996273485c08c6b4a86c4a34509e842e7ad26e13b76b79c33c0163a1f480d463a89fed43bcaabaa1fc5b0a0c8757ebef8805c923b127ce3ed99e66fde20c85fe57b43f1a11b0731be997b7f8af0cda6dd57462b7d30fe593bfe0bf0c2c6ca6a8bf1cc40c2c9722f1414f283f253927d72ff58bd37a833b98e29bb4736fad9b02a0e4a5bf1fe8a9b198cdf23fc5d73db11106a792e6889cfbf58926900453b5c4773849abd71d8ad70f95b83a667a5bc14c18078eb344dce768f926c2fc09483e87fd3ca7137ee4f42d3449d0cf6fefc303d81b3f74addbc1817613b1bdc9def, 7, NULL),
(14, 'en', 0x800000000067173cde81ee0560a8bed77a486bf4e23909a75fcb0d49d3d6920f17cd8aa73a86ba737fcb03169691ed57d0bb2714b042b33cc09495350695a722c37563df2646ebc064d460cd9165863a0ed94addd07c099ec7, 0x800000000067173cdeefadac64ab0078f4ed383c5b951c600836bb5055c53024003fc3e6f45004043a1b5fa6ea9bdc92788fd6694aa3aeb4de3d53bdc43bb868ca3bcc59c50139cf5747efbde14dbb4603eb9ada68a7837ae8a9a5121bc98c29e923907efa0f86748021de1e13aca38fb2760fe7bd006046a394b380512324f296627a1c696b48a5828e3716fdc46c2fc1b25f11e39e32f6b8b41dc33ce14908f3488e6e513cd3df0c065d775271d25a1f98cf0ff66ee5309cf55ffd42f5dde58379c92f2f778fd98a6e6a65c5198cd0f1a35d59360e0e1f29198265980c32411ad855051e1954ba17a55c346dea52aa40d88be3f1aa6609ecd56406a2b3028c12396e405f96bd04c079e1f0c840cf497f23aaed4a4d6911bda57805ae0af04ffa3cdbcf525fa73b8d635322a129224627d76cf04efc33e472441b7a7ad54eafb07624543c464c4857d0cef76e6e72b1cf791b3532832d84bdf1df89bc09f2c7355b6b965a9ad32c2f06a3d613ae0f42618c35c383eff53977e7c64b823cb3883ac5cd96c3e20bdf1e000c1e163f39c5019cc6070b9275b116a3a896fe8a152669d3c6653df0f927110dcbe8a39302d2c76519a515b8627c15ad250f38542f47f08dd2d70377d19e693bc00a6463f999e29d25841e540d47f7f4b6f488cf7ec5d9221b6344a2386daf45d6244b6eab623cc27fc4ce2898521309dea9dc3f79d48c4a71d427cd1bc3b1d5f6171e0214d2da056cecdc0aa50db34c58cac718335cec8a2556cd11b8012b08e8bab74e656cbabd8ad4310ba554a6f6e8594b628e5eaa6788db878602f0a1b63fa5506b394ccefef908c00d8b271b1604d31ac8e8a64e9af680171eb9b20973b8e82300668a1df3e5b91610a23dcc, 7, NULL),
(15, 'id', 0x800000000067173cde9732af380a66104f7f5f4c483a2d6b3ce1ba012820330d0a0a8a92a57a05ac592e9b4695c906119fe62d6c0e0320bce8174a463e5308b9c0399646d6c59934925ddd5176a75132ce983487e4390e3a83fd576389e7c5c6531139f07b3a5004043ee8140b13b7eebc54514c5ee8ab70b3, 0x800000000067173cdebcdfaad6b68b771b1ddda83105ce5be3fe44a83c71b58d0489cca2433b6f10065bba7903d09d4cc050ab921a837677933f7774e504bc7e7825e57aa3bec23b314e6e8604cf6ec361f3a96da34f61d100e134ffdb2be7b561552baa69104d383925dc5b5a2a2ecaf54dfb5761873f8c46b62700cff3b4c4fcd6c7c77b7a2a1ab12ad2c961ae8b7588dbc351c567e9bb0fc1664c3ef9869a64af4db7dfcae11a53501a233401ca9bc0e0013a894c94daad99f7980466c749ba9a1bd132a565902cc807560661ccad6cabf2de45ab5fe65018e2143a823ae9c850b1628fd3684b6dddfed27b796c4070ee6f76f2f20a8c838d0f8cb43351ea2e1ed15bfb2ee377668aebd461c62f383a81934d46893e2d9ba05cd000fd7135f387b467489eecb091156a3b06b1d653264c03a2a22cc14c6e1a4259615ed561e9827257f90e1b146b36a90547a814368e1c0e362c8377e263509ffdb2c2429593e059f09eb0821a7c22c10e4223d60f843f3126c8ac53135ea90f6d809be7923b653c0e6cc5cc066cccaf8a30ce5b003214d749ba37f46442c041a56ec9b94abed7ab0a462a8ab903a8df9f6afdee9197d316da305bd6d3b7, 8, NULL),
(16, 'en', 0x800000000067173cdef40627eea639605ceb07c228b2f7c0bb3d62e5fc6d314d737ce13468fca6fb7ee6f0b0741c3fec9c63d96ecc5a4695be960f90d37c486d59635f4c9293f892df160616d89c9509aa605e698306cbfbdd7baf5c212b71bc33083c2d993bfde258406ace09d7104aa31758d9cf95c30bcc, 0x800000000067173cde56d22087c8db73d420cacd097cdab60d8406c70f10257c0f87d6f92e48040fe548513f869b99a958340517f4932458ca1b81f592c2b8f185a4e0333b731313e697bbba0ed2c37c55d96d894a971a3ae6126c1b081e793cf1f248035279a096300da04a8abab0734545d6ead06763b7ab86fbdc175a711050e79ecd6a30d459258b8794d7a095343c2d4ca58ca6ca2b48e0770cc47f419ac4a4b156d08a495c1c7e1101581bd5a11091f309cd07292267935ef93d0db02a12ddf6cfb194725bb9d49b913720c2a13096fe233b36caf300a24a8faacae9a9f047419b55aa59ff23c161d967e9db46e5952e2cdec7de7b5adda2097e7a7fdf06157a623aa6c08731a4dc07c76df87c045d1ffdc4bd193bae2502ae611e7c9c1c882c976b6fb26ee9e5c2e9c991b5991b66e8ae125d3d6f5128daf8b26b5939718f3033f44878a6e93197258f2f44fdc2971e665820d27348e38b2430bc9ca1c004d8aa29bd17cf001671632b8d5738f14f2b7102b6a0eabb4bbb93f0d469004c295a49744f63543147ee372ef0d89c0f4210983cd9d885aab85e35d28ba046ffc1f98a08bf958a453b4d45123949d06215fd94e83364bf80, 8, NULL),
(17, 'id', 0x800000000067173cdefe3586f06173a31ccbaf9a6dc1bdb4dcdece9d40fe25af2ef58720445058974e25c180a3bc95625ad692058b5987937b89bed4af8c7e7b9eeaa8c602eb682e4e90e2ff1f790787402d5856b3874aea80, 0x800000000067173cde309559c462957453fed367c03cb8e1715da35354ef812932c065430d9076ecfa885ff635bab2e52c04050acba6d46757cdddba44820e32395bf92ad299714913a73e1d606c5c457eed0914e49123e0a7c1ce3b16d8121e9a8e91535bf22c1bd80e533517ce49de7173b580fa8ace46980eac95b580a428e06e82ec02a847b52d60e961da6b87564f9205c7babb804d491936623ea8735795ead4e91dad683351, 9, NULL),
(18, 'en', 0x800000000067173cdee0dbbb46932647247433a12491be5fb5cff06d5ef3e4e2910962dde650c3d0ad5c24e48ac57cca0c2f94919509327fab5a2bf5ebce9fd99207c42f8a6ed091703432cd8bc7175f09d45ecc346aa04b4a, 0x800000000067173cdeaeb67f0f8e5d211c0c3ad9521e392dc64b05feb94b24178eb76b44268a1e4fd95f12571bcd552bb991060e0c08ebfc6495fdad881e53d5269d480efabaa1a8b9dd4c10febc247dbce38b6894a26d92ceeeefcf9f6ee9969928140970dddc98e14f85a616983051ae4c055bd72756738b2ba3c607b088e9838e25f5c62433cd6b7c5a097c3ef3b96174948fae237193ca91a5205c64b92507436fbda2c220fd61, 9, NULL),
(19, 'id', 0x800000000067173cde6542de7391fb4362faae06113059e25b4a6a06feabf1fad5fde8e3dbfeb620d657b2ba6d8552371f51729f02e2561b2ea664ede48b74da090c4e359318fce81b5f3726d3c6cad133a33953b7430925ba, 0x800000000067173cde187512a0e9eaa8a3cf171f53fd3797de51c2c682112e059868def082c0cd7ed877df481dae0b5918e891cf05f5eafc60e1699870af4eaa13481d1094faf0ab18ed503b3e942ecb08c8061dbd935fc613618b2a24e82906af0f56604fe1b4f1b881b0347261254e54d5f3f8e2755495f5ef9e7f7170a6a1ce3c2faa3ee9efa68132a805899e460b668349a99466cb0156c99067104531893b6a88805203b42086de7a9711aa962fe66d0ea19ce9a327d8cb6a43ba89be234f455613775971e8f7b29c3077f1c4641e0bfb00bf1724df2a190b43ce92f5dac4f1597cfaa742932c15708584fa10879c1b406c004420689e3d869325a1e4306a39bd56da430ca395d96b821be372a38d02f2f3aa0d989a85b8836533d4a2613d4a366df0f0a9b25546107c7dd129cafecd56b34e4dc78375bcabfb8118f322b711bfc268395e93a9b9ecee4d4e3add7a290432c940fa5a0d, 10, NULL),
(20, 'en', 0x800000000067173cdeb8ca1ae3fcd2e23ace3acdc0ae0711171585f328d6323f108ade1d2dacafaac0b3201c176c4261793b8398ebfce0c7e0e734c15fb5b147265a74beeb610a77eb36a34b50be5cc14f48abb8f5bd0f4512, 0x800000000067173cde5ab3c5eb4abf17b10cd40a02ef27add22888a7e782c088405d2e2b44bf34cf198ef5275fc5f42973797883c936cde1f7d164272ff572a71d4bbb905a1768a155c945c2edb7c67b3b265ef043822f97af8392f11bdaf4089715718f83ec4126699bb2bc25fd402f5d7c465cd54989d8a6b969de5cdc6c7d2f40f44116eaf037a0f3e2e9ef1103309af1dcfd15a2c3836b532bcdaed914842ccf973c3b93c36cd6804e8964641cae06d2474ea7ab91c5ef08c2e56e0044426cd48e2e61527d6023e6f6c8e36f5b92bc20184d1636744dcc76be49d958d2193ea9fc49246985cd3c8f7e0cef9067ae2e2282e6354f989d0ce0add2b1ae62d7fbd4ea09dee7558fe21cfa7894fa89dfe88faec493c7baa58558682bbd3c1e89729ee141838ce8e16c39eb2f49d4ec7e1390454b245aaf9a8ccbbdddf148be492cb7b2121759c4a044c436a0ec445423651387fe8878b527a6, 10, NULL),
(21, 'id', 0x800000000067173cdec9e493cb74852f8d13254ac87a46736b5ca42046e44e9893dec79e5c888309cd6b932641819e43e245c9f0701e7307be6aec28e0c85557ea1b1d2072b72369d42bcc62af94f709ed8880f0a1bd1c391e, 0x800000000067173cde24bc256ffa55f55c9d08650baa89494c5c5be10c5cbdb8df90f9282946d6925b2dd3fff954358d9776780697d9af7411c331d2b803c14640dc7bc8e282c9cab052e8085e492e09640529f8a93869683e90b705c963f61e103586ba96416aee62ed181263dd7e58719b8e721b0509fdfc6bc930b3772e6f28b14dae42da493fc71d1e1b2cf7aef425fb83c4baac4708c8cd6c7863b512a9943908f353882e0932357684fb17395c9765fba0c53177bb6b29a7c716131eafec890cb2db9766b0b14f0c743316b1038904e4ec219c6472ead917c6a9749575cf0f3956207c0ee1ab1d15e4cf05bcd8f1a1e01484e92828c3fed3f0010f8d3ec1861bf1fa699c8f3b3159c5f3f6e1cfd4b94a72b2e3de65baab20a58700168c69a7492354f190e276061c05ca3669f20d7093f91eac156b70bcff67a37cc9c28869b989f29ea72858a532249666fc0f548a69e555a98d627a676283106d23621b4e7ef9e137650e01b5fd4f5f97eb3f4e1dc44378a08b25d35b48ccd3acaaa33073f7357681ccca2adb7548159dc1e89a8c65ad437844094066d8628f4b385a7f216b6f1cd4de84ac63a636d6292cc434888eca7e975bc4f8099bc76fb2a09878d55fbe2c9f79c7e1dbdbf70b6a801ec7afd3ea961d0e9e56bf34b059e3f21e03b7885f906d9c838cb3161ca0e7a82268222854022fc07aec8f397dcf478b98150b4ce4c6c9ccf19c4804fd7226a1097a9b9173a86edca1e883340d5d336051c5542d325dbd0cf186c19f6f139e37ce60db098c91f087464b3930cd93185bc584a06d718696cebf2804e5f6f098e2bcd255b07e40a983200c3541899737b2cfe0b4972e37fb619580020f5c5d199470de60f055c668c6fd1355564cba59474bac7ecf49a8aa46b2d0e984f03723bee1db8e8e046100dda22dfe3b9415cc1f411f054161c28d3e7815747fdf498bbd0a71f1255a42595a289cdfc73c9eca33d8e13d8d16ea399204789f407118234cbb893612de92ba6f3510ec9c1a52b301cba0104e706035360a3942735c80a469808133bf086b796e1d2743cfd6f070788daf3575189e30cc04c771f27d8a11e3f63283f20d3c95dc10553e90d14849c3f52115052f9efc452165d2a6cc6b87222897fd3f929a6fcf6bfcd430c4960899d9ab1d100a016ab03a6498ad0d73de46d530f5ff30040d348951c6b65cb79409b1d9571f7b0f86ec351128b83dac9c8c7337d08c301109ed1dde47bfa37c0e0a026e8db7c6a64fd2e8848322fc0cdde6973c3d70470e47de82c07c64eb447d731358cba6f738c749d29e9bbf3d57102d1071447e6bb36fe5e04a197d2c957e8a04b848a7cf858ed0863137435f77f2dc6b402a27aac59c1d954666b1de115585eb9d91a4de08fd2a7aea03d6cd74b5bf686de2375c902c7e367ae22b7ed74759d61dd030a5a8c277a51001ca2bc9ed55cfe157f7c17df02de1dd3fe50d48a64e7e462d141717bd27f814d4f8c4a0aefaebb0816e053f941a0b7b862c0a9b51ff93a84cfb7cd5cdc0406044be1dbceeb252a2aa7979f32145ddc8e5a110b4d75d4f6e81744837572662659249cf02275be4fba01047c03ef9f3beff8fb23f1bb03f332caabc7bb7e3ede0247a89546810cec364883bb96674334bbf5010ff840bfd1fb1ba4d5e0723d1aa4d0211ca550ce842f90ff3c725791cbb774b54c30b192ed1fbde71ed6e4249719ed940f0b6b512002358d70a6bbf8b0b85803a72f6f8f159b4cc397db166cb7d2c0573a0be218a2b7e4d047129f7ae52b18d5889d4acc5a80f0f11a9b429b802ccc684e5cf01d42088635a9d7480d237efae0d31b63cfa18c6619ac047fd0b87a4922a6b1792098f040e2bf2a92288d4e0663fa8459c0b488cd44f9146bd9fe353b63b96c1a85751b766c02e6be45a9c5b7169d7484ed3680baf1c56790c5d95c78d096eee4aad546b18a69411dddba607c04fc372a512fd70f7cdb9e04040485ebaf13cd0261455cbc3862682eb93c4f17cd59d8e2ff2dcbab0bdfbbdccf1e8bb0a36dfcad5e2492b90b2706a3bbfa831dd9a07a1fc71926955314dc79feee94c3fdbf841eca4a2a6cd1a1459696eab2f867b64ccf6d93951c4fbb1c36753ca150e10c37c4a582d51708d0209670a0e6db813402a8c767a7b7b5305c6963972922c72689f3b92d2b09de799b165b327753e7b7b66ab550feceb712763a2103c0ba2a8a364f7546b8463fff3dd4e2162cf9a20b956de59927b2715b47f039c02b80cf73dbe6d5e4db3bdf4641d0a792e9a8719f5dc3551b6cfa6df6b79fa5cb208675cd0b80940e579662ec3c5af11018ba4ad20ca1fd54afbfb962cab8acb9f9077e86b9ab224859fa6b0e14e64ac4808e0eb7bd795dd1797cb7d67b062911f7410321b503faa799e8a634819ade93c19b74cf346ef7eff08aff985ef41b93aae526d4d771bcfebfba9eeacc4a5a9971065fd968e87339cd36169b4fd6e68a21cb2731b2070b3377b6e6daa5872eecf2477fe8da1e2fd6b7f79a8e507b8ed0b, 11, NULL),
(22, 'en', 0x800000000067173cdede019f3cb4dbba5ad18418ed612bb420f4cd2a211666f1432777a8bd7b977ed18419ce97c19f998553636d9f3dc8daaeceaf271952b1a6479b3afd57a4ea02cb5c6e96810b2276d7903582d656994c8c, 0x800000000067173cde347c064ad46fbd7bac62c09cf6d0d226e1d8d3d9e7bfc9316983853a484a5ccb953904ebf4a4fe6a2d280d7b52e51be475ed9b0fb5f3aa7e20901e3555993d71d6c0da5f175f5f823ae4ab365ab5925787710e1b2a958adc0780e7a90365deae731150acd717004718ce64bc891355686200226c33f383c822b0e2fe9dcfb816c80fd7428204fec5ba5450c229cf675f3b01b1c5da5a427eca5dce9f110de9f5d39ff79777e3dbb50e77200c7fa57c1a772ed4d75669d0c8f6eef886b8619c182de1db35d4e3934bd4e4be997dbcdbfd8467e11c4e4d5e6e5355551e348b63561358894adce1e02e7909c214bbe6ef8b572cc56541da5de317ec6fb0dbd018ce646d8e72871fdcf797f961e1296df9099b6ef19e4804ed0f13dfa7cc4e47a99d43200f76a8808faa5acb574da438b16d44a0f29bdbc8731812e5f6961cd0a8be52fd8437cd9b98a1f7efa9d02e69f2878a6fbefdcd3e061e7b6db481ee1fbb77ca7a0899b19d324342024575381b6a99c760973bddae4ccc011737225a186bed8e0bff8cc769fcaa680eaed8da06e00b15cf1b190fa549b587552590ae87d5735e41858e57ac02fe8bd37e9520031bf50bdf031b71f0a45def2cbfebfe09ef45e7eb4798ac4f2746dbee0006e5859e41213cc1a7266e466ea287eb40e5434e2dadd9319c088b30859a74bff05156b8d9ee4d4dab6c3c8b334ffba42c631d46315b2f16871b281387ab08cf2ae1ebc5a1ca69cb3a12a72d93573cca165b9b711f0c97b04d7b7b84a04c6c2c8979538c5bb0586ff60c3cfb76eedfe5bd77abd0e2c47ecdfbb6060e5e5e82e27d6685a2bd996469a66e1d958eef235a41c9caa24d1c4f8feba2702e5c2913d8758ad664369354dbfa99db8b760d94b68796295af31b8632f34f7aeeac17bb6f67300a59fc3d0dd33d1120d44bd505a5685e052ff295c4cb36b84b36fda631d18b3c554eda9e19c6d85b48f2bb7f963223fe634027d60e38a8df10508e0371259cd0864944b1f3320ab5aa7d5ecf093adfaccf9b0b730a165b8ee0f97e2d4c1ed9bdc18d24dc01507355a6094f57fc15161ba2ff0f73e4c3b78672599e15e84c70fa51163398b2404c4f1e7a5a70fb7ff5c5c770950535bdb54a6bccdfbff5067b21749dbd206428582e76fa1a4a6c27e87c5acddadf175b8cb257c80438ec3e09aa461841f6ca080a4bb55a02259038972cf22de76c0dc117f12a9e1ff608d9ab2b24b07ff1fee5da96f8ea56a969de2ea3f16d09fef6c0280986ad0109a0471414a889a7693b235c02d11231c4a1cc26da2472681136743d2a13119b112cce88a4ae44bb0abdaa4d4c3a2e45a9032a1c85661235b31781da60a0ebc643ce0d80ee78b404ceeb9ad638a40b8e82faafa05cf9923a468320a002cb79869f3a96717df7155af5bc3d563edd3838503e807a8a014dc511511e8c08efe73a2d2313391ea42c898c949f8285be8c12442ce74ae440bd593e3af7f1bdba4008a569256a91eec91c419a4931268ca74336d296d82a9a7173fa6ac8f3cf3fed446e15d2b9d9aa768d850199e2983f49cef8ed18e16d28e54340c3655cf854e0c9a1e087728519adba0ee40e31fc156caa5a53b0ecdd30de6424725b4ae62c72dae0699cf4b4430c32bd68f5a37e6fd8e1c34c9170bdb88395230af5ed24e54cfbe6d9a6d3c487aa6c959ff6869305b322405d425c2c2cbccc738079fa9559aa559fe4d9bd244554ccd66839a07b307402a34b108a2d6d9f58ada49bb286440046c0102512c57677627a62a0f2014b4ad5613acb3d4e60afc44d9bf34bad1da2d440e934cc8668f47332f8f2fa5088d29dbe99e9c5debc933169b77562bfd78da8ee156c913105a4d24077f657e9ad552f9ce56f94bb06fca5cf1aa3c650b7b36c7d56ff7e13c4c0b30548eead37c071a28b691a731019f7c82fde7c0c6519c43bf7076561c6162a04aa44fbfccc9a5ad71e1dd6b532b2e6cb3201229e0c64c44913e280ac899dde877aeb9bf041530c9a4d7c198780be7dccf1e825fbcbbfde8ca5c8525eee754c8ada7dd1004db379718e7dd726c9f7c4d90e9646456f0c6b2726f0e19498a6df40dd3b8fcde128adab4b1532efcc5e8b0261065e76ccb11165ef0b43682d5c7f0b81aec4297becf466c25ef8ee0afdc56461fb05488ea9195b3f9585dea56307c821eeb65938e7058c5ee7027274ba876c42c07484b77754bc376cc7e3948ae519433f7d178812c5847d4a92dedda3bc5f6ff4b124033f7e0305a3e9baa13fae7ca0aae9079f53e171b0ad568dd1616b03d6dd7020f2e80fac1447a3bd77f09b5b5b92dd969bee172d19ee6b3273f234502d3f9bffdb022291b8a765f317dc7a7f957d71888c36460c300a78323de43a540bfe1e8456f979f77bf655cc9b2f0208efe9bc67d0dd49a7c7d1320d74c9e4874e609fbcee58e1c81c16f015a0aff8a999ea12cb84c821e101a67dba6c4fe4bec77d8dc65d88572463c5006625d68c69404c95e3f4b946bba41f861639de7fdd, 11, NULL),
(25, 'id', 0x800000000067173cdefd2cb1ef0c9400a78e87c0bc47db87cb25521c28dbc842c16bfde48fecb7c27559ed4b03d4bfbdfd10682db665ee27a117c124201dc92e2bbd58cb6e0bfa02f07bd3404aad0a551eb97dfb0627c70a5a403b8248f9c466d41f6e4123ab4fa2f5, 0x800000000067173cde7533267b6166b8d7eb6d300a06b9010b3e5f827f78b47cafdac9582c6713ccd98258752ea3eca967076146dbb99fcb193b9bfb60f1dc1c3dd8498d003627cc99ce845a39b46f5b239ad79bb3d51f65e163042fe082998388a1a33bac2ccd3960250cebee26f4149727c34fcb8464eea809d652d1b061a8b0f9c13699aa22760b5bd3cef9031a497bf7cfd24b11e24ad299b8b08d417cf4cf39d80a469111f4652bd2d562be5d6a98832d0f5254f041f097d28328157dd7fa0fe78d7e7fc2f0b0be386e2fbf063f728dda638f3919a0ff, 13, NULL),
(26, 'en', 0x800000000067173cde79ffb8c8f86c1e66d813bf9ded81a64b80f5a3d03900bf02568bf00dce514820c8db87a9452b478ed6b8ffb9e1c6ea01510a483ca33eec5e422b99cad02e6795a4c534441ad21b1d401d85a99a8c5f66b4f0819788ec67657013f9b36b7fce5b, 0x800000000067173cde906f41d2e38099157f1712f462ae83527618f2069e12260b28ccb2722a61e2b9f94d26667ee60947fe8f05516c558044be6964862bff31216d83b78c4b44ba3ca5eb5f8c6b15b20b7d0076b2ad848c5db29fb9e82d597a272117599af611b241ee8332d1ddfb23e554cd63ed1a5562f94393271e280e11ada7b580873b044e065207ee828836f4314aabfb79cb55593d06383e333ae8bf529179d6d9a9f12ba7e684ef8d9bd538ba87bf1de6e8f4b0dd8a33f7ff2f1a47f9f78a7db249c47f7c8384b818f43f3eacffde7695839f7c22, 13, NULL),
(27, 'id', 0x800000000067173cdeac8c5347cd30f8b8d5a504cc1d892fd2181000a4ca3c4f75f655d35b07c4d42626964dde5971428a1634b282726c979e6f204488f00d98c2270fb133bd42b019c2d87541b5b2d21fc20726456b999509, 0x800000000067173cdef7e92b6551fd475d9c51e51dfc6d88ea5540876c418ad983cd8f95d3c6ea1129f94884eaa759f80ff1968b58651b7fcb42e03ba60405c7e4d400c2c26dd3008b3e39f31b75adddfa52d00fa6068013d3dfcb101ddfe1e3eef4b1cb109e46f5962170c15f666a3e717d7c161c210a54b4, 14, NULL),
(28, 'en', 0x800000000067173cde909eed5cb335f1bbbe19809417784e742949e119bbce24f1305c120a264139880b362d7a43c8a52c62c5c6d28b2898fef28e2f7cd6879fb676ab6d637a6b5ff2cf23d8f562f6739ce8600eaa17dcb753, 0x800000000067173cdeed388380ffc1b4edb527b4089614be653dda7f4cb0b5035a596f1411abbe083f4d3b234bdca34d9dcdae2628d75a8151cb1b863e837e670d16e787c912656f16cf3437e0597eb312a42df2130b4af01eeab7303c37df6d3222ce2de53c6cec697d7ede4e1e5aebedd9e346cdf13f6881, 14, NULL),
(29, 'id', 0x800000000067173cde835b6c25ac69bcb91fc5991ce5778723cb817a7dc2f471d43f8975f11f10b0ab786ed0b1a4f71de8fcf800ec691b628da0d1971192407c023b5c36c8c666fc67ebadafcde9a25cc750e1da2f28ac81ab, 0x800000000067173cde0c766bcb04ab299e8217149334e6f433c6be930f9ca8fa26dbd2d3cd28a7b7f9fee1f83e323465856a21a4d9cf463712ef7d5e361d7e3a1e24dddc03cfa701ea05b14e336cb98c40cb205d469bdb35c0a7f47ddb2e3573ad67753a8ef9257bd9bf4e69ccdea6f03eeb98a44058a3ca0c, 15, NULL),
(30, 'en', 0x800000000067173cdeeec568271a8ef763fb2ad9da73bf1cb515325cb67b9d54583b0c69c5600bedbb8e0e063dae88a228e5a4b9e5edecef75e759ba037302871e61cf1af5af9f091540204304c8493ed9a942c1f2d1a4ce8a, 0x800000000067173cdeccb210701fba969513e73937fb5949b38e43dd2d1f5ddd81cf9c922dda2c5685a8f2511655eb64f779714006bf00d9ce71d80c5301779f721dcae2081ccca757a1d01b8b96da04b5f9638131c8535c7dfb31010b886f90b6a8558b53eb17521642ccf2bf26377ef217d354ebd4f7c143, 15, NULL),
(31, 'id', 0x800000000067173cde6319b0da0e050e9744515dbf9741f62c214efba965685968acb32a8e8c9e499c07de638e834b56adcf490b5120becfab3c85853daa77db19720d1ae933eeb2e71d4ee5e5d0b89bc560d3952c526f0bbabdd0c8f17a5c21825144bb3a1c2dad2f631ab026cd61ce7c0f383b000cbbc24a, 0x800000000067173cde80ba0dcf86264d6a92914afda3d905d1f026a0c0f5ab58be14cf78cf2039d408054b6b204bc3abb81a61c56101949fefb6be645f6cc8026d1a0d155ee1af5e04, 16, NULL),
(32, 'en', 0x800000000067173cded9bf3f5fc3c73104e6a1f4cb63ff08699c8cd6f46cf5b95429cbc4bf195a86b3311c8b74ead7e05472dce679e7efb95bd14cfce790d91936a77b217900e183266bff042e9ab15deb47c43c30c7119e3e0d77b6ec5961a5fe953b433932a3a48c3602e6373b7eccc8494136be641270cd, 0x800000000067173cdec901b8c59237280e5ecb479e996f998acd81d2660bfa80064791992fb6e27bad40af64a064327b293e05b4b1f0d64d22cb8dde2b1c3374717a713db99a8c9cc4, 16, NULL),
(33, 'id', 0x800000000067173cded184411e329221ba90562c9367e29855871ff76ec26b1861bf6de2cfdd148b956c54d5e7175083a3e81463e161ceb35eca3ee1907497a3720aa0bd46ac838501d594d8b2ea5db203b709d62c6af44fa63d7aff24f15dd5c1a72f67a05df5544e, 0x800000000067173cde9152cf05a9484837187ced9226d70c2b0b18d01eaae49ebff678eeff714516cd25a5d19f2312d26050040b0afa32acb165f58d08ee201fbf0cf8ccdd7171d0195a8d88b5af5fa3e06719ade59ba90133d7693a8f3ab236cd91e1c988fe295d0c413311ee722087ae3f547645447df25e9e324bab8d9a624079526659a92c63c6, 17, NULL),
(34, 'en', 0x800000000067173cdec3fcee335e3e77c6a734c5ead3434b21afd3646a1ff9326996945b6402c94747928a77df8298f29ce4a9abc1a45c1bc7845fee1108dcab140639329a2f49cbd5b44d3ba0e9325ccf0a87691f4f8dacf7e2bdec3012346ee855c71480d0796aeb, 0x800000000067173cde7bb3419c0950d98250ad6579b52ae11be581f78b34cab403384e3ef42735bf52ee28c564bcc49a353eb333643c5d9c4e60c5a76650c0305f3561a487fd1eff51123d0261b6e97c2bdf512877ab765de64650b76d634cec90cd9b026dc7de7f00fd02ea680247c00111c85d79e1a44e2e020ffc66f52c46668cd1026d38a3de13, 17, NULL),
(35, 'id', 0x800000000067173cdef4ca20e39e03dfcde9f4b19de403a7c71aededafdf0186cdc886b0cd50bf587e6fc50ddba0e439d028ef2ad7e9fef4361744bccb41d2b57109081344b9f7631101b9f4b8c549ad7a2815f6740ad02e4b, 0x800000000067173cde572314378699dacfd3921a63cc58080687b38e0f6d275dbd2d409d86db587d9e0f8cf56569316febc2101c5603bf62506f7ebe01bf791d1f8ea3c1503ba499ebbee543073ff15d59cd07077f4d72065d35f6bcef6414c4dc8328ee0bf1f3c6afe8870380e483c22084caada6bbb0202cc2d59487461ff33f56e4b29296dabe0c7eae99e832a309b66bbf7f89a41cc170a1b55a3233b5f36adbd7ef630619d739a8781b9bb4a4376348b41d6d5a483c6a88904b1eb677f00cb562d0761e53af4092eb67ca0b4022704fee75a8dc60b65281ee72a9c38f4c25c99cb1b848e81d41e03e9cacf9a3065029a11c179721e444751a1e5b96a92289d451b0aaa91b6a3530712199f2324ad062bb0373ecf3506d, 18, NULL),
(36, 'en', 0x800000000067173cde3fd4c5d6c0bb5fd86b43e1020c236a083730bcb9454742ee917a184c20aa4ba2e07e5bd6c39bcd1df3af62fb2ffdcac22228d5433bebbb7977151a0fdba424d0b4dbbc8df96665c7da864d371af114e8, 0x800000000067173cdea0303615f80e1b9672adc6df68b7ffd328f0417094c6c99dd71c87e75c36b13c05075add474af82556d08f22f9884dab8f278093c3ece3bd0d412b46f21bce91324826a49488e6c90276f7a917562968fdef55710a728f806e843d66cacaa879398254c17b1f111575db49293a6d03038c11efad04c8d492ceebf7c76655efbd51322303c006d89fe1451c7569617c7225462054a7b91a8b80cc30f138d2efb5e6fec10611701c0873765e195aeef809c25ebc6e4e7adee5cf3fadfa396acb0145f44543b294347242ee912258d2d6721b4d24c04b4729717bc37daa5513f69fd70d3f699931c99104c4a3a42cbdf9bfecf935f383f188beb93fde0024a9e65a9b2add6995cf292a11143c11f7490c05, 18, NULL),
(37, 'id', 0x800000000067173cdedbacab74d8214e122a6e537eeecba4adf9aeab2f60c1fdf32a9a514fce4ed17b4ee2f985dd024e43e7431ee3d31ab6996d88361eee9ccea8f20a9baffef38271d36e03b651d9381ca223a95c6ee716c2a5cc92c5fdc2d00f9703f611f05baf32, 0x800000000067173cde9bbafd2e7a8d4a31338d9256bcae492f65c6e01e91e5f0e1373d58b8213372c4e361766a9cf1cc46af253de66d5c55970bcb868dd6009c36437b160670d2541a93908b0562261fad8c71f1ee3f9fe8df9c7a064d542c0a72d576335e55de7bed4a9398b24843bb1aba51b7f58fc4dd0c67e7889af9c0632e9d81e27f001723d27ec63a850a4499bd1904c8f921ac9c62ec4df83add4d821987c75e0c03f6707bd0f7ab674a22b026b9c1aa5a0f1a8d99, 19, NULL),
(38, 'en', 0x800000000067173cdecbb89b0a49c65b2dd5c01affbac03a23aeb0af98d92f41a289ea394aa3d5cf1a0f99bcb4ef683c77a76eed34599f00b0d0aca4a6198e4d444ec927a57b095a3c338a689d53f87dd57a968cc350ce3d53acbceb11f3ea9f2c01e6380c72633054, 0x800000000067173cde0ce2a91172668811da3c26588d6e443bf90987a17f1defb9f5bc8584f3905684aab9ca97520bc16e7d3ec4800bbc70a7870d6114eb6cc83314f9c48b1ed8f01cd8b459f6c537f0af8a1401eae16752540f8e97e511bc02f3c420c0c613ea490328d22114dacf592cfa4e6ae754f57486b792046d40c9be00147a4e32e794a1d581a6a3f947908bf6abb38be12cc957e3165f886a2fa94b37a3933c907b4e466e4b00cca16107144a6cbd0b659262eb5c, 19, NULL),
(39, 'id', 0x800000000067173cde39f8431225aab7db27bfd8128c1d4cbe27be27293a8799abb0ddfc6000a454244c513657b2d0d42ddbfd3bdc83186dbb344d29bf2a4f0ffe6e1528a59380cb0ef40b955b1a8d0c25f8198d81f4a7a333ce4f9184350a49d44f6fcd133cbcbca2, 0x800000000067173cdec83fe66d3ce8bf6165235d8dc9fcf381222af8f7d8df307c17198d1659ddf92f6734cb0f7c7a16c8a35a8b56e54f9ae6a7b8dfa075b44d33901ee85af7f276fdddf23a3f8fff6993c8349ea9af9fc35fa5ac73b74a7d074eca3699c1915a151033f292b22ebd9d3ef5ac942463532c3ec3a95a8d90f36116c2cc3710eb518121499352aeb1613f2f96894550ce5714a9a56e525324611d934eaf9aeb35c41d21cd0708b6071e723104a630ddc1188eda, 20, NULL),
(40, 'en', 0x800000000067173cde45b5a3807299106dbd85aa30bcdedf00d87db3d83c5a635ce70ae51461c7f283a210a21721039ea9ff68921d23fb0b48c54b2a5775471223f79ab0439f4347985d0123deeb22fbac448859c0445c24775e93ba020c314a1b8cc037a33cf2f7b2, 0x800000000067173cde8b94f455bf78ef4f066de5c236713f813a9028d5d4cf0d5ab176513d5b363b685a8bd752e9d29fb654f9c25b178dffdeaaedc952400afb88b5050b007acee52fc33e0d342f9ef6ca0d4c53dd570139430f0491977f079072ca0ef48c3f7a002eff9b007336aec8cf86d7f6601e945ab70275f0a3919e3af01b48d77925dbea2a2c405334a70cd17b27ac0fbce251dc21a7060ce6ac7e1fe56ed31b66c83eb919db01c13139d0fd82975c5b83b4f6e5dc, 20, NULL),
(41, 'id', 0x800000000067173cde295573cc907adb92469cde4db939f76d4e9a7597f2291b07cfdc5de391122b9c87a347706ee586868eeab1ed1ba52a081c9b9f5b9760e08fb0153176c8b9a24e253ac3d489775dd18026ff333d6c04a9, 0x800000000067173cde657768917bef0f06f6ecd0dc1f5911dfaad86cb08df51f636a2c267b6f06135fa2145a04a6a7d9676fe7e0d88343b2abdc14d6b7a47d97086a0e0a6ca89896b64e6a097a25cac0794928c4253e95edc0ad5ee6a8741106d6f58011e0f98bc2c3d3d9ff937d8ccd2c98f36cda421bace7c5369e24b76ac75692461547d55c8e241ba948313d97f354494e7f1847a21e0c, 21, NULL),
(42, 'en', 0x800000000067173cde90f32deeb1f0b54b59908180dfe504bed8e82255445e60219fef5ac71cbc4e6a0980470e088ac1bc3c91fb7cbbdec91cfb491afddacd8a0b59e21bd4a1e827206166cb80506508cc952ccb1dca8a007d, 0x800000000067173cde9e8b751df3e78fdb5b579d7c7c4512b6aab32dbeaece96d47d5fc5819f9d6890e232efa149efb7fb8c587530e93315af6c294aee572f19ede563e7e2d510121f3ca10290385890eb95a04a87d01fa397b2ff9b1fc77be9566bdfd9964c2636b701b7d65765d12e36ccc01ebdae1d5bb61069a1ea3f45782667a14a72d92f179cc43a38a0a940a267d0b411f30b7bf2ba, 21, NULL),
(43, 'id', 0x800000000067173cde44a462d330715d455e9b61eb66a0b3275b418e737d5c72ae2a78512007a2fd4e721a986dd1a1dcc1c9e53cc5bbbb5649ac4336eac24e7749db6f05569d1399bde1a6c0569ea61142f4c8fb8785973b6d4d365378f6bae7f845fe9e5659c7fe05, 0x800000000067173cde3b5f86f4ec09e29506d4e5593b2be2e92b723029701d5c8e6912c669681bebd0f483f5e0f1e588cb7752b531d2a8d59345467df5b2b0845e267f83dccf81c1f25904449e6384ac11747c0ada4a41b3d18a549742d60f0281dd499283a087cf47182fb28fc4493980a1eb4f3659fddf9196d1e3e89b067c5eea98eb9ccc6002d2bebd415d41108e9c4b04c5d960a0a042c5273a843030fac79159f301d9f06b6fd884c211640e71483dc8a872927836091ff6a3a742b2ac37a4180980643f59a535d6d0d230381c48398a5725d900bbd384eb22f9a3650d9dabc5c36a7f490109b27e84fa4f442a1056c068af8a78e298, 22, NULL),
(44, 'en', 0x800000000067173cde4df9796f1f1141f9bb3833a72c19d20365956347c99b778fe868c0db5e0c1476a0044577c33cbf0a9102879266a90d0d9de4e379ef85d45e9020d249977706f135acc314376ec6ff43f2e11bd6f89c1f97e064356a8903391043d0bcfe72f6a9, 0x800000000067173cde9eb29a6b52d3037bf34504c23bbf8794790234d4574a370844d274ae5799fed24fd92945e3d52c113dd2e010832bd6afb8853b1f5aadc8731199a3efbe012f5db0151d42375cd113584e8bb75964abd1a0296e7b0afddf86f3bdf44dbebef06775cc2b7206312496da344671fc9e96eb3c661f6b7ef72f0da618cd510f7057ad3749b8f140c8413e350bbae3c75abf9585baa30f351c44f733d1279ef2d6970a11a2371da48f64ad64a6d9b737077e812a86a598307772b67eaeff0440df532ff0350d612b3f854a7c4052635708b60504676a55fe126e1cae9d9fb152e7448ce390c61e585113969da5736c0a1e25ec, 22, NULL),
(45, 'id', 0x800000000067173cde29012c537f3a0352cc07e41d84ea9962b308eae77240537db07d2929c8b5782ec42828501251ab8a2cc918fad6975252d789e595a7360cfbe764c9c7414ba92c4fc2cb1ae535fdde1e39fa8980c808ac28a14f870068d25b30f207440f507e77, 0x800000000067173cde50416969e761978435d702ff3e9e9dd1929f3e4b85a6c0df263883ff29241e5f23536df4fb6cda051ac38ecd1879ced8b616e5c84c3449c7828e36c5f6e2dcb21549e93daeb801cdb94f4923a683ac56707c9bcb69896f68f347cf7801d896f9d3603cd261517fdda6f7474ff03cae182b56167873190a0504880dc0e9aee9b264e4226567216ac277ee2a25fa9c56c64741d79355d78f8f3ca2a51cbefb5aa49f241bb4d70012fb448701e0b176d0eb740a0eb312a1f080e214022438745d1e4b1a6f6f60a41130c91d483e26d849d098436dc2686bb25d14f3ab350b8c1add99a9b1305839cc0fe486b4ad167279760025210f4315850376f14d270461de1a384e8d4c1e90be806385ebe40db2541516184f4daafe3140ada9856c601d0d60383bdaad5109bd3d6898d57b38e6685bd1a4eaac50795f15949c33ad02d14826c5127e9ad277ee8d6fa1cc0912ebab48a36292293a03a02c3531baab3062e859de2e64fc4b12da2ae00889df20745e09aee649f489128e0e16a67f968ace5e35, 23, NULL),
(46, 'en', 0x800000000067173cde35320a05f953b3d77586b5021833e5a2f79c16bc5b27d53518aa4e031694f52c8079b33717df495b9e798cf01617a90ef3bc697bdc40f61c8bba1fd64dc222d2b7be759405d56c72150e98be09849c6f5933e0fb884863f396500f9dfda10863, 0x800000000067173cdeedb10c4181e17298e31213793372ca6b6e447c13b1a35f120399ce791e35e7d6e3cdc79c9e3a4e271302e78d955d6636205cac992f9d221e3ef97a79bb834ac43d993baacc0e4d13b48f3b5e29cf0bcec3e6ae83a5916733647e7755717983c45d0110fae9e537ee9acfdb1e9d7952e4ab74ab1831663e643f5e1cc9453eb9aec56cf0b60bb0c08c33e0339c6fdbd23aec6879f64f15161f740cdfb6ddbba41454063b43f291bea029c311dbeac65d990bc564b4706f5edef3f40d7f4bd69e1d733cb0a80d16cd03d42c317382980df4160ec65e82a04549e5d5e30636042e10a5e272c6540d4c55b02838c7a8bf1f8fb18b303efd84239051533e2dfddcadfda2c567bfc3d9574536a0d0f6191ac3a264b7444ece7979e9e53ba8205af55af82abe4fb86b9f7d034a6e26b3d86a69ee345d00babf13f0d380da36dd4a97e200da7400d61b19c082325fe5f3a2acffa02a0fdbf66335502ecc6b492bfeba46336668e4fe9d3855474b8b2f96169de16865067e72a00cbd094bf18358645d8e78, 23, NULL),
(49, 'id', 0x800000000067173cdefb5d3d549fe7bc197fd8a747ae6bedfa508647f9b22c8bd7c74966434ebfd9ad1ed13fe62d46ac5a4c89d6a3a08e7cd2cfb19e0277470051581fba5a8c90bca73aab1242b6718542b2e4eda9f5d15185, 0x800000000067173cdeed7b898e647be4c16cc46b5bc4e31ac8ce41c971d89bd5ff8be58f4fb0f1a33c4efeb5b1b3bd1e041bf6e89f0e2170054d0adf56431858a9a746ec5231d65e40a19422fa9034648e137c284af3c1d8c8c95de455b73549725ad53d6ada0145bd81d349fafb2bf0918b24968f24640779d0275afb3075404237c3ca1791e830a6, 25, NULL),
(50, 'en', 0x800000000067173cde4f1d1bd641e4ed2574db2d6a9eadae7553284f116be7f077acb7e7dce97d5aa8901d0fb166e57c52fe8482a459683857ccb710385c8ece14e71ba9759064bd7c09d9ef2a665a890e97bd4b1321fa0e35, 0x800000000067173cdeba6fe7bbb01a4c9b4af5814f21ea6f6c1600eba31beed03d2122177865d0445b9d4690e986dbedb2329f3d821d03044aae67b572c824479f9d61272c85237ba2af67b73527deac60c2a1fa5afd73e7bf0c58e5f9a6efdde49ad71e2a5db814d657a077f231674b3f74c2d5c1d5b4a25fcfd1067a494b3d23b54db967d8c50fbd, 25, NULL),
(51, 'id', 0x800000000067173cde39ad8e89fd06ca2c5c2cb6d9192c8b5f415037113eb80212b37f4cb747d91e88b4e33bf137da59a916bf9f09799cfc2e54ba6cf0465687942f5802906090b33f2edda61d81c63768663026ae3bfee4ee, 0x800000000067173cde1c05df01603ea2b66e4e2cdb9b62a12a098d2ec9391b3ab99dc5a13fcbb8cdf7b4810e03674c0d899ef4d9d964036c78cc1bf0d57250e01015638bf2a0e83467caf654fd1f7d2b7f5be39649e0cf235e1dd050150cbd26d85b69cfe00f7ce02e079652aa736e7204d7d8cc3530341a920aa9514badb02978b3ae113a6df90c22, 26, NULL),
(52, 'en', 0x800000000067173cdeed28174eb056c9b804ca627f5dc16696b46b247fb7c064ef980870599b3636b006814bbf91ea03e55269f32132abff14012db8076d210d45b7baaa808d51985c6864770baae78f50d89a4c3978de3ac9, 0x800000000067173cde69fc877dd5fa6927fa26130d52dc948dff68ce916a2329c75a1452e0b04dfe7f5e1a603a4495554f77ca951bfa0ddd943aa1be488877adce33259fe6b05b286e026713d1be98d372fc1809b62cd9b2fe19ba579c2e71ec7901ecf2e215b364bdb62b116eb4c66af32f645a6cec842fa8bf858422b617d2080bc4968a85d922ea, 26, NULL),
(53, 'id', 0x800000000067173cde25fa405239b8bd30134e9c7dced6d5d01c8d5a37af074c62efd76f1155ed0dec5b3bd6a4037471a9991d5bbf6dd14814418e7048616c3bba2050ebd587b1e916681568ab30c707c03e35182c6ec4c111, 0x800000000067173cde38dfecc3fe6f97ac4687c580deb5c7c8277a8de3657df8cb57f81f50d5592e860dd55b6f32f5f595a696dbe3f2da709b238d62c8e3b155229f3e03f94efcb918b647701d02beb83b841cf9f4cdbd11f545297dba93679329583a31a931661ed6f7baa61fac116f66c48bae9680f4f26c70c5d54ea31f8097f12d0bb0549dbf96, 27, NULL),
(54, 'en', 0x800000000067173cdea4c8ab3b61cde64eea47c6066df74da5786ce52e3dbb0d272b6d953b07fad3cc7ca3db287c8f37f036ab0fbb16e610b1a1e556d3e6c75322dcad5242b051250f8cba1eef43c8b18aabbf069fb738c3df, 0x800000000067173cdeeb5c1595797d17e6355d1930d109fe342c6b54735291757fb27e821cd5c859d78100388afa67e6481b1356779e5178b9e448b054930560c6fdcd20a29a989290c93e257faf0511c5edab0f9a8da95447e3b1544152cefcff265b78c1161193a583543979aaddbe8b928c9015555380c539b222e0e5ed5283d1356d39330dcdf4, 27, NULL);
INSERT INTO `frontend_news_translation` (`id`, `language_code`, `title`, `content`, `master_id`, `sub_title`) VALUES
(55, 'id', 0x800000000067173cdeb01e37c81210e805c4e8579e6b4b35e1031e376817078c28862fe54155d5eefa9c9462e3affaad71bdcc218638cfc78101530b09f83b4e1c8bce92a9ef58a1df1183d8a1b1039fa101221b5804a70117c75ff148e7347f7393181e0bf5248225b605f5e5306e749f9aeb64971f76caa7b80cb88fe1825590b0cfe5bf9c807a9e5f63b94bff0b1838ae727273277c1da8dcaaf1d798f8ebdc603ca9d7b1eb2cc716287d665bced5d33f32d751e77f76b2, 0x800000000067173cded3baa3b2296d56fe999c9012f4867b29445b60e9eab44360138f4811e7a04f8764854c8384dadd43862d28f7c6acca2e166db4ea34342e9f311d4a4ff70fd9de2f5f40fcf2971333892195fdd1737236837f5191e3b7d2860ed7dc182f04aa9faaa19eceae480db47ecdef1b24fb135ab38e52adef7d8b864592f76ca94f5dd8ca579eba99f1cd7cd5785ef1957f3fbc18e1a75590ae1ff9af493f255c729144dea29c9357882795e124afcf06b90ac62ec412be1936c8b53038aa82ca6e7e35374420e51fcc9c30e071f90bbbb4b341cacfc52fda55bb258386bfbc6281c19a79700c0fd179074336b3dd11acb953fcf2a1d48d48c29362e078b830975059c74cde6da466c1699e840d07488b178435a1ee282b07ba8b41e00f60ea34318b245d059976d285384d31edd855273cd0ccbec8d0b43f1e56dcbc69c0c5e1f89c3ab7abe6ad3eb371cdd28a0a76b07a9c3f6e6c85440394d67a7406383a6c0dc3d984e7d2d49b0fad3552338c4d3c12d8db44f08f898e7438dc2c778f73382fd9b3ce90bbb974d040b9cf83d782a73e28e0c2c808bca78f2ffc32e47deaf6a3cd77d15dceaa8ad1d144054e814412b7ab02e60f5b9027ccda7fa3313df867f43ad74491d17d5a3326a8052ccddf1c2b14ec3e2fe0c74cd6fcd02e5c97366254b5dad43d0a9e5dd3da6cec5bf640f52089632361de340cf6039d18ab0762c6c55f17f589e8d998ecd386c5ebe74a5b9221c884255a4de23a15ea7b930c645ff4d6a5ee6488ff4561ab30b91600c3e979b1ca02247ac27c5028f89bc2580aa4b2d2a5a7fa2ee87afb849844fb88a9d77ca92730f82a4ad85ff051107995f3c05dd2793df69ab39894837476210668c07fb791f0c6ca6f400c29fffc546a77e0a970277511484a20c2b7142d434aa0355d1fc1611c5536853700ae2dea2f34d43f3c234049dfa602509e292ad08d0f89a3db9f83816a04b37d8b0058e4e5711637609a743f6f3f6165af98c1f7e5328a4faed8b2643a44a45b2d7547d6fa6e88859d711892e09c22e3bd5ee77ae1f30a665f2ed7715c6f2a568a50c53d827f6b74e1989f95d24d4ed639b74e27f03e7903db5c12f962522a855db4277582d19272ee0d6acef992f6338bbdc382744683c30bfa04439f197d8ddb89b3a4e1d73958d873376c32b791073fcf65412c5d0e86f06f42a439532d3e997b4856d2668c36db809e079e1c7f95f83e259516b136dacfe1caf3539616b79e34bedf079b0a8de7decca1220a9e2fcf2868a6e71c46f9443edd4d955df057d5ade02e01653d1cb872a80197b173f7b5bfd1356685c2cee0ad756934e9e58085e9dfaffc6cce4cf50b0e5c01dd7d9c8cbd1142fd5e68d0f14327c5b8927a8f29885ce9ac02c4b83217c891e670dd990612aa52a89a8af9b256396ec37ba45175ec25164af3339fb23ebf5d6959214d85c2eefa0d37a1404291507ee638a8ef0b18bcce06b9f4f59a75988ee72a014334d2fd207a8d3ae646fab136cdca4db7d2cdc05aaf357b65f90bd237cf55607674fa7fd4c5d95419f2b20a1377c64d4fb8da11746ee8f8417b4e69c26ce7d8d642890db5b6ab29b084fabaec43d93fe8ae591bc5a404d42e2941ad49268d59bb349cb7b80cdf3c60e7d70691d266bf133beb35640b09106bd90b687caa5d611d56642ebf7baacd597081c5e8b9ec296396bd6d4e1f040c198761abeb611429eeb799b7365f1c14dcca27a4dc76d891bcb87aa2b962034f59fcd11ab58cc8a62448914fb992d5690ca522ebb81403a40571b66ae08329852b7be92aa73c694b5497d117aaf2d1cf85ed332bc115aea5841c3250823a34e6cad4c369a228af7915811e6feadbc253d07374a44db2a0cdbab71d3f9726f6cc944be5feff18bf6eecc3e04e452fbf400932efcd2cee598f2c314f20e317df1e3f344ee74c6d2eab147db067b5a3a8d9f8946c453267ec438bb723ac38fd91b368be8ebfa67c1893ffe36e288e3683e4e7b349f2a5585a804eb74d503d5f6bd572dfe73aa210b800908b9773611c2942809f8ecc981e26fbd60933ae8ff9f50e854d0cb850a97b04c2f30047dc06bbf29409474878bc89abc2876f148f4030f93d1a1bd147464a09267c2fe3b4392733283d7a34c041a8846ca1c03f67dea40a9acf49ad02d2c5a5589c3fcd8530fed850776849e767290717e60c98fa6039abd5adee79c5f18261d999305dec5cd7219d93091e98af0aabb15a3f554d125774acde05a82f7104e1a24d19040eba1b971d16a007ace003da4630b630c973dd5d4826fd8a38f43185aa6a31e70603121a9f0b78dfff8d1afc3938988131ece9e25e4d19fdd6b37d775439a26f6f43ee9442e2f29c8efc3df1066d99ebde4e3183313d5f09afdaedd39fabdeb0f3b0874930fdb61d8fe7e79685f0de33926bcf38ccd914169eb2257038410e000ab3e04c4484fcdbd6a32baffe746f2014d41d3f32fc3b428b1efe6b7f89f53d5d10bba473bc430650fd90a41abaa4cea7cec1d10b7d0832542071c907c17464bebaa2da1017e12165746f044b4963763aa27c773a57ce985b43a5858bc3aeec502d58e2ca7c5e7c23832429dc037b159048b8c4c15b3634748d68c6d9c704216089c185e4bb9349a50839dc378402f6ff7c4d274bc90d97edfa311734e9c7863f6e741eae4a96ea2fd99b69a7d93320f2b44a9977726a3748e2dfffe65c1ba90fff5a058a0d830ac6a5b7ad4363d179c4258b224e91ed5b825d8bfacbabf1cf38c095a2ce87d7b85d0da57d92b129a0f60a8a9ad477ffb628fdaa6946de2b7e90c5163f6692bf71c2ea0f6bd8c320d57e991e6db589c91e41da6391ed43466ef9085b5f95bc30c69176b2ff7e8af2ad54bb37b96dfef2e781967ce9649acce90aa5e681e7fbead41e8f9aa212633037ee7512a10e5612f3fd4016d4ec7e0ce0f152c5b1991efcbaa1603ce0c06f16d74a07e91eb847ce499c68a1f20506e518e3c00a135c2561da394dcb58c0727cbe04b65bdaf3a44e56a6d794511642585b51151a19c4520b9e260bf97234a788fc1a36a2b6fb62e002d1e45acf064e5575198a55352e8dbf94d7cce9c741c3c92ee68ed91e468778d944f1328c1e4920d0883717586b5dbf76f853051678e2d3a556aa8d6f813fef2aa3fd54bba31dd0824a96603601707f4bdc181177fa063f735770a220731d22132d1e290b5407e27ef31d551d8f599bb64f26d9cd56b4906beb5fafcbd08a770a8b56391986419ccd7bfadf3ab5d058654872af18b6f538f241a2f0f77a67d65bc5180765edadea6fa2128af839c4c691cb0e643f180c71c0e0fc3efcd21441bb75b49b33eb66574a9a0fe11421e938636b08e3fae07df666d79c802d7bdf147fcec63dc1c9065b5f7d80eaaa4a869e0e55176d492965a614ea9f390d3dcf77a3c9dec8ef9bd1fea991b94f29347e848a7ccf7b51e8c3bf1d69c97848a960b8d16506cdfab5653e045eea948c50587090900840e0fb98499c503fc0056f482789cf36379c679ba324451e7f5fd003143f34582d9a0ae65b1c42d9430517c5bc472ac78c58ed861c0e8a7afe6ced76297161d691a0b35901708e7bc0643e81fa540a301b9bcf3da9d7028ca5885d610e0f8c4c9ea5e1d931816c336dd1c5c3603761fb492787999d81da8dc5af82f1c1a4866c2f604e2f041d28248f0aa9b5e8382cb10448a34a7aef0c2afe15c5c14b4be5244448ddb087c042834f6f96727b6d4a225127cd564de03332354898426086de00cca85861232090cd47ea22c89208670be4733fb8505d7dad2ea40419179db86fcae910341d23df69b5d9dcaf314339da7530a0fa717b5cd9c690fe1b1d0186abe4c9e331d64a572ef89f933cfe9b9bd7030ac763d48c3d7df837e0cf83a41c8e16e887bfc5ee4d4b70c037de21207938a4a90ac0b496dc6069c30fc6c8969fdff04c313716f797c04a26ce3f02a88b36db36b7bc372ea483aae3e9cec25b19910dbd721b21fb0248a2055ea7e54dcce5e96485b96fd377269515206f126a22eb0f36503e643876984330a35fee79a4d81c53f38caa06c7f0fdd32097e4f3f9d80ae730e516f476d7cfa77ac66d416b27e4d531e4f2d9a0b23ef801eb0e125a3e63347682a478c82e3667ca8bae769de142dc4c061e7d949cfa7fd86672f8dfafb7310def30104f8c64aefd1502dafd6b8239ad52aae3891fccfc81bbbf1d06cbda33af370eef74d3e89c403b51ac1ee1dde4dc6f09137c4dee99759aea44fa422a1fed97a190646bcd8c0a716a4b86760151a63d1bb764e9527ab5b24fe8383b82c989cf2674218413729bdeacb017b527e81d0ff98c3733905611b2152ab2d7700c7066900b392aad64f1f5e49b54ddeebcc64c518e98643df724a7e03ead14a24acb574f78ecc8b3ae9eae6ebcaa4940da57cf1bdc31eb19c0d14498bf4d9f6f1833c449779f7b1b29c749e4f64e4c7b32ff86580c28600478663e1ecc172d95f0f26a860d12ca8c3162d6e20230703a0bfdb03fa3547ae99155a5a699c32c456c6c5a2b3cfd9471f180f4ec767ab08c23fa8a020c598b25436ca2904bc7bd135305fffe015ef4b659f5fe27a3366856eaad15df4a5e5e9455425f9ee193503afd8edf55fa364e388b7545feeacdf9eddd1c59e878d71e32b844874dd1e074870b459c7b5f22fabaf7809c5d06acb0ff1a2b1ed5eb1c2878129dfe5385985b69f15efc977ffb6f7457f8bb82f124d5b9fbc4601b09b7b2de383a9135ce78a9ab913fa3fb5af972cf604ff921c08f5c734365c9702666c0d05cd4694198d329987c690ae3f945a23f94e5f19ebdb6680f0179b5e4f1dadc3e89b0c58643a81b6b72e8f8d73b73957773f2854550a6208de07a24376190f74487e8bfa6a376614f3406c628640dd2e4bcc0dce7f46fd6b96b6b4817ffec023c3ce995571e0e2f2013a0fad32f550079fdac89f2ab57b1c1a1c54c2ad5dbdb07ed20b12738b6f2e0085bba7f9371f9da6e5c97e060c8a0617d822574b785f5877ec257082ce5be02a0c04ffdf0bd110b27f62e94c95d0442588192f77975ab79be381b6834796d2e0c018c8eb7ce2ed5813853cbb2000edd59f80c73c221fa2f3b8cca168e2642d6393b1a55fb941f78c9780080cc366eb9ee9b9ecc14e43afb40ecde6a0f60e96a31267eb32b7f4a7ebe4128ae00c56a24f36210212035de52ae8f7be1af4e4a06f1c63ae702be87a5374db72b3343646d96f555450b3fd94b1b7b940976f3bcdd2cf0dbc48f5b2e76b6f4ea28233e873aabb8f1c8f3d505dcac4c959dd6c565a57196206586edca4971e4d8a879cf2b4783021ab882928942ed2bf12487b855c6dd6e2ffdb52595fabbc81606a5ef1210348dd21dac363b9ed4dca191acd17ac4e1930026615f18d3679aaa3776f8c6e359ace04780a8cb57c1153e8cb25d1aa7700d72a6dfd8d0ea94150073e35bf9d0025c454d7aa15cd8c9ce5b12faebcad2cb6b6172827d61349f65a8f6bc1d76907aaa146706eea67e5070eb1e4e74a62fa1405ad20cec4cd9b51ab3bbd7d18fc6e9bdb78fdd9c07febdc793c877be80a7aa99f29283ab194d140168ba266c069aa40e2e11e6c6ba88dec28adf107d940af219c6c0cda4be385d186d5ee51f11a18c0e796fa31bedad88538b9994816fdcc43e607e8781e52cfdd218b6e52457b7f1fcb204826c4e57da3361bcdb3416402201f91448afa32a00cd08f594d4cfa4fc58a16d17c2d1403fa94f3d295c7f4dc0e13092794cf47a60bb0ea187a60ebbbf0f769584b4e510aba8e414de20e7176d139ea5c9472580124d1e111424cfdd4503668753ba946a4b5f391dd4fb4cb88061464915e857a6e62cb2feded7ecdd43ac68bfbeb642597d566f6b879149a2e6d9fc8085930a651a02536b097155a378afae311e04d4a8f1007b9631bcf1d10879ad069d196910c208c56ba95b5ea5b574852f1a63e1dff69c3aa60ed11aa440161a75a3829ccc68256bc90b1695143d23fb14208622f07db5aa020b4f2cc8f1b30180749cd4d32ae6b13d51c89ccec742efd010634a181ed2b66770750a4050de09b1eef602ea51d29ff0d17731346072cc1f615cda5cab4769c01449d4cf6cb2e13e86c8eed184b7d3f2077ee89c3dea65068f9e24974f453cf4b1030f9ca3fbd5f5bacd3e47e35ef3d7d5ebc70c549833540864d17d71577ac0f109a41abb1437414c3d7a8a8e9c9c5dcd67124f696db1c406a6bf0f00e1626db5394f4205272b647775162875024e8708f2f523fc20fe720914d29e10646f9ad0e1adbb2eff897428b28d1cab042e765ad8fb674b601fb9526487cb81a338f24b36decccda0f62db6543e4a454f8f1b0a4fb9e7ae176b0fce975e750fadd1547a5e9b13eb2dfb26e3cecdc92849cc1fb9de291e05929c64724465251db4542d9e5ceac992a06317fa8e2a243169afc7f6ff5ee25ccb14daf6bab4536f13b3e73e100fabf73bb77136576304512ee32604f3d77b5285bc5bc18d4075dff26e42ca399e671451c6482aa705a7f86aeb4bbaf1645c6b6ac9d5751b55633518e8f553bc48db9088adad473fbb4fcaed436c26d00ad0c720f2f88ea493ee8302359ae7cbd7665798307a1d82a0f200c90fed0464bd784704deb2947ef624d02b93664364ffa8613c8d8ff2231b02c8b10cc86f09dc6b6aaba9eef91a2f86ca805fd59c3666235a7b5a52421266025e6e1ef1cbdcfd5e5f20d4103d111aca9ea86fd5ddfaae16fe377287232740bc9996741babb59ac0bd25d05dac3be0754183bb6539ad0131cff88de5734449abc9536579df28a3b8a867d1f0a8c4c4fd681595ad3d007af556400d931059f8cb94abff5291d9d8c0dcb8185003da0d122b3734e88699f4cadb990646fcb5c31e7b15eea418a1aec156ca50a264afe6489913098a02d99ad54c47cdae9574f326e35790475474533a66e731a9dc810a23da3ebb78666b934235976c8ae123267b324a6d38f9a559ae31bd4c9ba8e7013b64c99cb8ff76c071c427bafd163695d57b78dc72a78f56c04bdba961d61b6d7c36695df5b6d0fc2e1e15b583a1953720ee438118f500efbb3a202536c95f174050ab04a27f4769cef1bf9d1729f544571863e5fa3e1a1ac2dda6860dc27a5f41d161bbc43f937b3573c619263456b8ccb43d14c1c1facc79e75ada4fa3d4499a46e23a1316b6cea37b2e76b759589ad5e44bfd6f68f8fc1bc93a38e624d410ac39145d6ace3872b2c6e7ccd2074a259cd6ca1a81673f38f688060089577f88f4720672fdf8cd70a563fa5b6f3acfe5908305b13886b54b9501d9495a720593fdafeaabd8796c9ff9949ecd4935dceb1516b775f17ecb8226c365904eb3bd2b9b8be6352339ac78b02dce2f33eea76624b139f50af89a79b6e6e69fa2f19e6c374f78f0ee8eab953f2600b44b379dd5f44a4c3f8b47a4e472d38b2eb5abf0bc24de33320d81a8364e1e58528c6dd0457277afa38145d00a784e5281d480f0ccff4c3f024b136b03f3c8740cc01f39ea0d30beb41e9ec8025aa51704f70a3248cba278637db6d344ee14f5673834a6e615c79df94a0770b575fcebacc433ea947a848b2e1972f556f1245c307a4e52ba847e298a1d5a87ad03c64bb3ad0c110260310fc37d9c9db464498eda6f1510fd0d61d8d06a81dd3748a2fbe50827c435d80c84c33944363c04cffd0e1b47141519001f93f65a6a592b74af80ccafcaa30bb23d4e05960f1b9215bb13411f8c4d1a9aca65d72f5a8bb47a9b64c701b8c92564f2e948581e7a40899e3036e65870c65b6d0b7c13561510bebee5040f2864c065d149f8aed57ae08777292da98d1d8b477c5042ba5b889d9d38c51809b7d47e285e3a5094155f6527b8fc1ded34ba444dc43d981f3227450176a280cdbd926c036a405c6f8483ecc86e9eb18dcbca91153fe837a10942c5d7eb606095c34a83fc524c283ce1b06065869fd652c5258f17b1b0c97ef72b14a5f7782f73bb00033bddb956ee73968976f09c82c31359cfcf0df08122a7796883afc93254cd248804280577c9ef8da0becdc590c03b76af0f916b05e1c7b60e0b6d30be09fad077fd18145108d50b8eb035875d51ca47ab1ca76b8d4c53812e8c1632d6fcc3ca7aaa320b4a271fc1583c09f96bb0e1563207dc3a6b0de01c3f0c7383b35ef077c605c0cb142ac5b9c3c28feef9f40adb957b74cdda5b9f42a837428764a18faf57e73c433847655e90a8c8b3f200d62627974815fb977c5d32b34d5d50a9070d4adf999223c341ada4a4b7ae45f86d932bf84c21b70f84c6ba1b423c5b6cd5c1c4aa4112ddcdbc7493169f57a0bd9212be73b23e09227f93fdcdc027845523f4655e333339a8d340708fcec6f9a128b9f2b0ff8c502a8b1f481fbbd66ecd95c9bce02b7f13fa4e81cba7444ac420fc5b1d0b5750dc40f67f77cc0a271a5965f340a7efc2a20fca0246d778ccc5ba1c8ee276c37e632e03db9d40dad702d8a65d31a508e1f0be36bfa1889803ab8eff8e89f18ddd07b958bee13a33d41e6086b1ed2f600820f4e74009dd5198282d70e963a962d7c2d84cd1a2c658bfefc577ecdda3212f7018d892a8b04b605d19062043eb053a20c96eeadadfc305d7539cae2fb9c3d51e4e82f7d58f93d13903886420e0a02287dbbd06c3bdb8c5723e74abb41e1d8dd82d56145fd0f0809e0c616f4ee4b9099bdb9c4c5e91c24722142be8220d40a2aaa27c00234f2e2781be946950a19ce2a6ac259abaa4ac93112bdc1228ce76ab78fd69c8ad39bcfdc50e2a1b8845a229abc3328bcfe4c24219347cb33dd0d0e1264c9acd12ee9e56b417b1835ad465f7992597637e15a5882419f9c55b528a21ae01be17ad0413a40c0d5db5f833fc7f1d61c7139e97ffeab300f9698eb4e5d41be8f8e0e8c7e81cef22a91b867d5741e956a826d7688888d83a3ff5d6796790eec6e26ab33fdc594a59a32d5ee75f1a7c6795da6bc27ae856c8b1cb59feada2dc4647fd695eed5a4239c8d05edc045d15348da0806f229b68e41c964201b684c729398b01da2f7fb28ce231779a7582dd8ed4d023dda634fb7bc1714df28a284c37e30fcc1d53fda261aa172ceddd77d9272945208ed24db5c2005895d042da3a7782c5ee3924180d42e872181deb5b92edfbab59b9d249312545a7d662e0c477d15b9bbf0e350a9ed28486750e2f9993308d5e5d8385e68b79897addf0f1e5d732c5ae51dfde870d67adc59cd2d03a4ab50c6991b41cd62b53d6507f4b130b92b9554977e2d224fba92b293ce30a74d7e5c7ff224d2224eca949b71379925d785e80444e2becfe202ee79ec1d0cd91ba5dbdbfffed505eb54326b28aaff44b904802350181a71296aa70d6e5b0338e9ac2319525bdc0635fe3aff833faf6ae61d6bcd517828024b9935ebe70d3ccd572af1f954971573389e7c2968f32f2829a5b3e516cf252d412e789b96f8dab4ae6038dcaad11b958324163b28ef0cac84fabc30deaf10e88fe220241cf3042fd5d300a56e0f1496f693967046a711674ffc2dbf7eabbe9f43b89646cb71574af6f0b98ea5e79178b4f14d14d29be509a6cfa3b4b2ece754e232db2ded580e763a4c5eb4efa41a43f98f82ff7cb9dad9df595dcd40159613f772def76faf3fb2edc321e0cc04b88b9fa14c624712d3df44aaa0bf566bfa417ac727319c405ab382988f7024b043cd087b2ea90a0ce79bb5fa0f572e306b3010cfcb88cb04d96dff4cad7f150f40c71f33784f08322010ac689996d64eb7e617391cab95aab792a4f3107cc45eba86ebc69e239b1d8c84dcb9cd452a7b411680947b3a5d9e741a1586b56bf102659671fb5093226e26c935cd74058c8b1f1509c17f67f45374cd111a521164e31cf8b78e2c6af93a67dfab6cfb65aa20c6565c804039d74e4566d0db5bfe3ec469992726fdc762ca51dea8f1560cfefb1048a4ebc5404b53632d61d285ec2b57a28d2103dec1f7c6bcd10250e5d7628e9f009427d40c0984e1d8c59169a802672d7d4ad4564b05b04779ae9752386a31380d9e2b95e01adaaec390dbc0eeaa20f43198a66ae37cc88c70eb1d39a45e84d3dddefbd4d992e31cef5dae0c02830e0b57390db872ad18717b34a97eb8220c5fdea9435f65f9d1aefd33e2ca77bc3290d2662fc2c6aff72a26c5d3cb2a9c3b868514295f4dface36381c35df2b2010e0a17f1126cb5c9e32e390d99f6989d4a307b9a7907af441b27a558d60dfbd176ea992b92606785c09f64cec9ef475e8d462efe6eca31238988af380ed97c3ca728e8e23457349338cba1ebccaf8bf2c514ee134a450c04e943d9a3088d56095a841583fa59b2fc4d05b87ef04265c47892c0bb3f93e6a631e48776ddd19c00216071bd3106b345a21e61719cf28941942624646a2e77220813ad8c6a21b8e83050b6e5093c025a858f2f82a0f2a2e1e55e6805915ab142ab5958da05812520d7c25e29ece420a9cd3eb401502f8aa2a6c2b353a8eb0561a9d3bfa8c88b0972cccc27c76ead9c99e17921bcdb006097e11eb181e93bef575aaa5e2d730e8aac0c89b500b721b182f79882c5868f09998017725d977b6cc694787576abfce07caed008e92a3715a4dd4606f985ff6d9262e3a2d93098ff3c25c999a424c73163a2ccc4ea5a8e430b3fde35e641973a8653dfcb32a3dc3e5f275e180c8015d079a687dd686c6ea732ca266e30c1b86189bb10e4bb5941874d656a53c11444b7283454453d59d6ea4f0b2e43c9261f7ed09639646daea37a746f80fc8f9c727644c9275b6a8eb04ba466d22dbc6203af1bc670abce7b3c4f451eb58bc636fe409fa744471e8e8edc18a888a1ca50225228dcaf8a858ec0910ae1f55e607eb8d7abd04c71e13f87716d2bd7270a5afe9ea4eece17f19cf3da5735a410a97c1ca6ea7df094f6bfbd8408550cc22d83d544ca36f2d84c12e2e90e42229c01136a921598106e3a513fdd855a89956975b42c46a79e4d5033d444ceffe96d55c5e7fb345c0e900c91fa57881f22a21acd8c53614f7835a9e1d5e9e81396700f5801f54b0f0e7a48591d4ac8e9f2f0ed51bb7bea53eb541a34b0ee4f2c6ca96f5d0fa3d3057ad44e357018c68c1d1ca396936d8563977e0a85f81e4532a30728ea99320ccbd6697801237a0be509703795c2de59e11cc76b1bad9695943c0aa8b29c8e99716632aea5260f3a2682ba417157206553a0aa214ba5be9998ff056ba2d0fe828d1790d0319a2c088e0f2457e1588f4fb2d77f897bcc7ec34338c3a69b5c5338ef1e0b09c85251de9cd47c7c897b6e2c62d7619a2ccc56d71796134f18923fa7310d9b315fa6d38fcf50ad699e28e11daebb3d601b0f1337c831b94a99439887300e91ff186b8969d999e3da599adeff20301ed29f5b346dd4bd650eb6937cfceeb8ab7489132f4531eebd759501e2ae638a2f5eb2256fa2925aab2537fe8dbd851e43cf84abfc0d0a35ae44739eeb9129833cd67e91b417cad727079e220c07febe75ae46e962135169b5d4132ae6aed88de5e1fa3b10ad5a8a378406edb2ff1ccc5eba796bd0f91399abf5d051c4895f46b313dff0458e1b0fcb6a70c32abe98c4fa5b7c53791ee0d915328e5aca49b76aa5575184394dc64284cc061df1b3da18575a7851e47de69880f89a569c9950b11ca811f91044c9caed617f5c1fcf91183565bd76f6055ec4bde86fda15f661e84441bc4584c6586626d1227378d40496c70fec8a28c9608b3ba255609632c7df71d3e62ee3660cc98a65e9155f389c7433b6b9a9adda0161e69f4b078a64b7c1a0cc442fe0681eff448b2f885dd93e2e2b3829e445c1607edcc62dfb726070a8d136ff9ea582080d841310520e13e4a7d331bf73d2795946e71a7a1d692216d81cfa1786414fed7748c882f04ae943a74e13bfb9c7ebe69c830ad96b865e34cdac5b962aee5dc04437b94a3f7962e253e6e678c8e019972a052f7e752ecef50c46612773e9805a6ff1a5cbccc44de68dd71df1b44810be13c4f6852e0648e53dba8207ce0ce30828548bd59faf2351a6923930161396d1d875145ad93d554148b98561f58d1aeec0d9b636c986f69fec887e94336f4eb3e705383a5a281e62595b1073cea6bab4b0d73f6741af89954a715a43089c336d48fa53f1fbb704e520a27ebd47c3370860eaae7704a50a372cc589c0313a2c4be5c15fb4b7e51679ab27500aecbbef349da58a86a3e1649d322b2b1974e5755fbcf6301173c5f1c2023f07831ce99fb227f9adb1ff9c542692489addcae7f1626abaae31d722bc1e7b7bb685c9a653af2a30e4b0d096af887c2b372d7f82b365f99df2275143a6e4275384cc0d217385b4d21bb58c47a687bdaf31bc32915e55d72c65de26239fc785481a6c420dc92f957811c8144f2b8a73f0a786c6da9ac2b9de9df077277256dbccee6a500f1233bdeb87296cf9f9a1e789da5f1b7f62ff92a71ce3ea19039978d5a2100434cac506341e290e83e9afd7c97687ae1ffa870350e5839b86e6f58d826a2e3c0c9f8c2dfeae5a699cde6e84164757bd0d5cf88d30b180909fead2ea1c79f97b432d5ac3f139741408d85a7a704c001b8b6554e222e9848bd1927d4f18e59255adc966bad8683eb4796b9227b64ed6e7e977cc19a5f54987e9350b6acb2663768121c13efa6a28bcddb26924096898e6c07033b6c39e9d8009852005fc79e3d6f78ea195c54d53ad241cdaa81e6a0958fb4e721c05b27effe7797d2dd3161a94337d3c4b76050be8f94dcc94f6684ed623e063f9b7295a945a4b490b30a9a6b9950b598c1d69b21944c7f47bca57162e4a3450037af57a897258c6f2a5abe16107a9e7cab6084249262d387883d0baafb61650afd8b96611487d60033eaa9b4fdde5b58d7131a25caf172fb1e24d8d3e738a434c84eb4c15046bd3b16a5d3fb2ee82ad46a89e3b4753608337d47f4206892f57d871423eaef1f3fc6a2038265b047de3f801aaed84633aef3ba0f1e9af23c2506eed4a1eac390a825e601fca196da487d65d94d2b6fc636d6a727b4456627beef4629f325fcdd13f1b256c35db3239243e57c15de9f703d2217a1a789736a836ff941dd48b080efa0166574dc8ea4cd13ffbfa8c4a7f4bd957d33c67a6a006b360e234b517a3b9446ebcfa682e6149b82e6427a17ffc29a6c37e5b62993611efb993f571c1c6f9a7d9af0f8787c597175e498b14090dbb2721fba4a369bc6a7de376c36b26970e1d449794b4c51fb52e68a3b1badcb08360046f864bbc784652b0df7b1f13d35bb5caebdd752f1788f777961872d3ec57c9889e204867fa8e69c05b1ad65df52f81ba7a5e803828b0f73a6cdd547e8ce7d06819a69a61ded46533a6951ce7a1b020ba400e61c1ae8b2b3ae3a8fcfba21b10a114ad9e596cdbda61d790fedba1d9b7a3e4291dcdafc7bbf40e793d5edf55dc40177ac1eb606cd418688a0b5f87d7f4cf1a22f390347e768f69073c0fb8513e546fbf550baeb4deec62e7af6efab70b412ee10016c6bccbf0f473de8d84caeed7a4edf75639ca43469c451fa4e438d503d86bbe9aef4f9e8b1a1af62373f5b3251107c89204e3818d1ac0cbe53d92c9282178f3938140271c20abc59972bf742cc864cfa8c8f95a67df6381860c06d368c236c3cc630bd23009e42b34be7b3a76ee541a55cd3e0cd9e6a2f9e399ee155b79f80cc4aad3086dde78ce6a1827b442b8b7816a869f43e34ed5930261cfbd5a2d7ecf187f76127ef64cff86df84cba3abae84704fa92498bb818244eb45f3f2b3c7865a375bbebdaeac23e2fdb7359fb4a844c764b8c8a0185fde179e55f40ad50dccecc5b1048eaf44e73900762426c4a1c55bf981e20874b780206814e37b76f87365cde22c4b4e1aa98eb19673f1757c93109c63ea3f10c61a13ba607de38d7b6e9387ec5d536a8e1eda0f68bf4b6866a736ad120e8d3065e6ba2b31c5fddd398fd1d78eb4fd0170291b8ae9ae4e8534919f3e6e3a23ce0a7e9228b1b8d7f5fed806b1878cd9fbd523a406118f4345ae388b60aac4660d5fbd2616f5ebb4bb45a52c030e0babcc9ee26631400e9ef21c0773b5030ed6b1695ab589e6a24dd7dfef470ec3de4d03dbf5ca5ec33f9aa61f6d363001c3964b90350b47b86943c0fdf3e2648d195ec8482588bc0342df9a64a538a6171d87de1362a1b1d445e694bcafc43726eee6ee0ff91732657be3f3687b010b770d512fbc29804c92f06bf721e181f9ef2647eda49df7874e9dc382cadc2895632456fc93c84b1ee5d5c7649ca17a614cebcbcc932965c2a7dc1a39f118a9ddb8d13929a2393935c211cdece97bf91c580e171fe0942005557209754931f539452c7fef5854dd8950214bd7674702d9fdb3adda98dc7e88f73f481ca45049a9d348a14e03bb10abe7db8f52de24432f478efb3598099980cc61d036f6b1249a86ffc0b9e797cbcbb64ad21bf688ba5f233f02c7ae496b5cf33148f64866d02304e87db7c146fe8d591dbe784bfdf3c4b665e80082b67e748edf681722222a40dc71c0cefcfa342affacb28027b06c2ae22d239c43dfed7a2a655daa2014b3ba6129d5b31f7dc92c14cf951e3ce4e93ea68a38b9d5a9a097dcb754da6754d8c462bda5465612e04c35efbaef65b58658f0ea830249352b89f9dfca9ac30b386efd754b89213a1577e8014adf5a8c0862aeab2c94338df7dad4680aecc8345d45b63496ea4dde12747ffb4ebded0de98b095b8f784e17da2de3de045289e022ed6769e82ab37bf825efb4f78d2e29fc22975a701900f247c07331e72faa23282946e4a485c949880fddcbf4ebbdce07e3c08555ae0dba272e84d5a8af5fd941030188968340e6c85496e0507d8f5df7cea40b2130a04aee5d366640571dd430f4b30228cee0bcb8ab7879393c1b62cfd5eb4b1fc7524521cfb74ccb505c00d7bb68d950aa5b6eb4a731701aae3ba7c635eb84fb26fbd103fa00740923e08504bbb0d31854ea52482d25b4f7cb07a72f3e8ac1693a3c16340c6f11c7f6a0b0eb698f63e96d3aeb648cc6e35f5206fd167168da42a255073f8da1cecd99e576f69a69fd7ae745fcd0e81cfedc92e071bc412e29c3577adcabbdfef54f10c3594fde07bb13665d4ab1132aafe02009c6fe9cd6aad5d80c4b9ba2a6d52bf672aff54320b783c8ac01b62b863c1eae218610c9b7e59950704d91ec29f4b7c09cbee332600434a185e7212d16283ae6e8402582df6469f980fd2d22de332c977a7750deaa1963cd07a7cf3ce359b3a9f1c2c13f51446acc4dcecc52214d4e1dce86f2bb9a458e101a942eeac9c7db033aa4e0a62e8154484fe0596832f575faa7bfc61cafedf446b8f877352970c551bdf5642925058370f4ea49c3c3fb35bcc4b3e8b9528e609d4fb3f41f7672c99c1c19968f110321c971c3dbcce7021534488ea9cf4c10993bac395827887fcac93adab851c07bc5b7cc6f6fce8171ff7e4e9cc3d9e064933d3b43960987beb726c4a878b2ccb4d74d46722483fb2c78c25df62e9d6218831e57e58a0fff590a42adc3d0226da873d6a842de73990bc5a79414b692f58e4b60d4eacf759835b4a187690a66bd4a9ed176cb5d53ac7468538ca9cdddf1bcb088ebe4031aa07d05b0b6d592be0592471bdd68a341024d0479ea5c86198c885d29bf6203d7b92b3928bcbeae073f96002efa9bb56e6c0bbb5ed57e901b973b0a27eedfd2e5cd202e52e32959b5c7aa315d5718425fde733aea1f884d56e67a15d252587bbb9427dd712effd3342cfafd5df85eb40f1396c71fe27e0a9bf26c8b816a7db422fe5f3e0eba000faa400783182bef8fefaa7fc16e606182928326b6fd3d0449bfb58eb8ccedf0da2778b6da4521c41c1f83096ed9605750e166943f94e5e8808001a914295220109d9e80d7f045651f4c9f123c533f9ee395a207cea0af35a985c260acb9c0caff476ba7d2cfdb4cf801a46215cde89c012e6898e0b12cdf9368514c8789e99f8b6f1369020a30a50b8ef8400f1d5d46690d2cce92d25a7f891e4a5af1418b786bedb05857d24bf25fcb85cfe7bc43864d4b45f986f86982726dad23e351aaaa128bc6ed1b847c339f3a37cce15a12ce293e957e56af1574a6ed4e3b18f1ea798ed11dfe1aa72cb0ae4a84ed69521e6860812e2894f2e7754033e65208750e2c89ff415ea6c405b2d06f9c2149554100fd6dd130c560be0da099cd423d591aa656256318eaed54b08021501587ed4828f218b9f13552d32ffea515f9e4704601f8fa8977b181ed0f43bb0bbf5fa6bc2a7080dca2995e94d23cb3889b105aab70a613fe9821a8b04fcc58bfd16788f02ca7c96ccab2d2eb3285c87263ecb9d9516f636a2834c9c4a239d3cff9cebda7d6d05b74ac15166e1ffffe5b43093a580257e886887fd0f6a6bbbf409d2374a17be45ecda0f23de6c48fc9e181e6e4bd8f458ce5870f9784f04a219e13f94bd398a4befc35664c84c040706e9e27196bbccc6e9f71505f108e18b1186a675ca7a30ab877ae4d83bdf5a2be515eead1991a751cd744e90d7cfc46a0260f2538c47c8bffb8672d64b1c2e1bb6f17f5985e669d8f3c041c102525f5251feacd61ee83d68bea8528b51623f7c2d9e406080940401067faf7229111e2c3e0ffcfdac737915bc38722a8d5ed07bf7783e93d08029b8f172dcccf74ad36ab2f19040bda8d337fd61c217bfa8b6d37f7105cf4e4e5e5ce1f406a118342b9758f9df7b668ab629de35224f054df13ec0f572dbe1a01979378437afc8cfe45a8caad24132ba020ba024ccefea519c6ec5cd0a139c23e9d972afbaa1ecb4714446c29eb1ec23d12d9dbf3e2dcb00a72811a66198cb82711b43e661bc19403f837a7c604a384e792a67f580393e94b0f770640e0aac17cacc32df9a909ca513856eabee2092ceb5140f63b1005e6230c15ade59608ecde12ab746d2ef398a6aa1d6702c2b485fcdf236cfbe4909534b2f03194f87ecd9d27c5d97872618fb8913eb6fc1e061cdca957b0511cfcdca3bfa783c3ab790d7b19c91133a3b622bbc05c93823bfeaf976f2f33d80d5e8cf78d76f931d5daf492a24c73e24bee9b850358e7cb93d10a9b463b7b26d8973ad06c14629a2adf0b4dda35898c91629fe3d43657c27c6ab682a975b6543ba6a4e3a7bf5fdf63ef8180ad6d5adc7577d905d8feaf971a9310c93635349bef94151c4e7ec62709a3d8d29dab2eaad703c034f291149232ddba38ab8a1340fadbd5ef16b03292da5ecb3a915775072cf659ed11ca03d7645a19d8cae33dbf2a01f99aad77ad984dce1608c6e6c49882d7d69befcbd97386377b0e30399b246629423636dfc7f9f62a6858ecfc10dd6986237108beebd68a275c4bf4963e1d07c15bc619d92f60df2a58136f120a5398fe39c31596f76a6e80ca6ba5457c516df5f8d399686b8ce3161e14adf91dd17343bfb60090d322c303eeb8a685d34b3a40657c46cc5c7b93f86b5f725b4e05c25b373e9f4e52e3512a5d9cf8e27995912c2b7e4139f33b849e6120b3358e7eecb6bdedf92485bbc4e3f7fca27cbeb64d0358b6d35a52d61f3e85f2fc32a60ee9f01ed5e3e0ee2ecba5e401d15efc33205232b62a44a961bf2c764bc877d2900cb47b4abb3b199ef5eec5f25e6f6321349e1706c5a29b2de595d31cb5215d21eae1f4331f5dc8ac6b9201f7da27ed4f439f2c7b0388e8b38b854a334de48f7b5e56156b5e5b478f3c40b0d9e78b4bd4bdbe48852a3731a9e3a34fd865c1b0cb3f05f02ece3b2f5b22b2668d0de4473d69402769b4dfb542ed0c019b99ce5e562e5dc13b181f665e61ac2630c9519cef182055e18bf0552513bd5504fad011c4ca60667f658d2a1a481a9b4e3f364bcf1b8956268f269d32935764b092249a4a4e131f88ea29923b56639bd399667f31ff6a51d2620e591f16691a44b999ac2a76ab0a230c6411967508d1053798c9063473ac700a3f3050f97b9d0c6fffb2d6b97649d5aee42e7c5a3cea114333b18d011154b5886eb31fbadf28a415bd85a14042eb5ea00b225e0b571c406e24111c8e2d63cbd1f10c2d6b2b303f4fc53c96a3af21bb23d4d78ec3e97ca6f1cdc820587b8d4041fba0fe2cf83b9ea6fc018af43d98c0670d1afa6ec1a7456fef2b7e44aee35953a3dd12b2680c683e41c817d8b5cf0995978f5569aec288db281923fe18449e4335d6dbda260b07e3d00b67253ccd780b90cff29c8d2b7fa36f325a27bc164ff458a16dc83f9cedf3bfddbf10d522c2c91e66feb1578610e3afa93368a50a76b3960475b4b3b18759ac4ef28549970590ccb5314bcbec4401ebe3acbc9440f504a076b66a507eb30b5e583763bd2ed55469bf8de38e27af79a246df46acd7d26d0c0205c4859af26186ad1d2c911f4c887c0a9e9becba8e8dfed24094d76c3d20e6d174ac2e10f2048e34c3de4dea8e046c70a5797c469d76aae072d1db9a08a5fdc330251fc47f1f7709cbba829f6cdc6273b75a8e525daba5a334c374330fb40abcae76e96b0a3f745ff658ad352cc3b594800dabfde6908042216d119d26ce9d576870ea7be8cef1bb8c36c820f5858c57e8b7a15d5ba0e3362ee5ac9decc30f44a1f2f376441bc56705c1811a9f7087615862b89685a6fec8e7f34e9a612e10cabaff440553c8c5fe164e290e6ba95cf0edca7bfc926e3cb9c41afc019b8cd7cc02e40ab3125f5eeacc823813ec4aa7f9cbb41d0a4092e6a76e153d0b6c79e7527a9ef384c0dc37facea5193d4e152ea7f4df558416fdc194c29f64418a637bba7a01534aab61ce66429dee764a5f807cc91c912a9f8c9d2920bc54cb3da5d8e9998425cb332152d759dddcdae5de849494849a97fe0e7ad001f5002968d59ea838a55225d01fa484ee8692016c82c24b4abc38585b4df83e637d0a66526238b3838e99bd9370a187c2f5c4fbfc587e619c2b14f4f370a23923f8646ff99e7fabd478f66d3d0031decfbda1b8565c86f8416720816a12b8de8192f174932c375593d66cf46a84d92f5708dc0d42d4646d52b9f25f0ca4792257e435b42c140e2addce6785e7cf7e2a4d06c0510dfb090bc8d36c74c7fddf9514ef3066bf576bc48d712078d605362428d2babb93539aaac6be1f6d88b78096bf20e1c66e80bb5cf0bc004b95b64d4ce5d14fd2dde5671bddca48970a0c25f42f80d4789c660a59e07e2a1bc14886fec5c98c9f937bd8ee37540161857714a820efbab74355ab74122c32f8bd3a84842089901403a0fcc6b8f6bd1a23ef375d59bdd6bf55c3aca53de6f35d29915af090fe04e94f7a970c11e02d1cc60d2b056a434f4f7c57bc553bf23c6a8450001954a12bcda87e1ff6e5ea20178b0640f44e38fd5d3f47558114078aacffd40838b5c3158cefe384c2ecbfc2e8dead73ada19a0a282141a3d0bdfdf11abc7d4d1f768f43dd77b7177863cf8c48c1889fa11e56f545c2c21995a6baf52733bdd6b22d7e790d7f6944a37c6ed449c0307a8f9bb543ac077fb8a2bd6e7e227ece23502f671d075896880693b4402c679690ecfd097c93ef67689f7144d675d45fcf1a2987714889b0f2d72b542ba5dcf6b93a96329cb0be2086e4c4d3e0cf4d38d1c8e8d2e072788fbc5361641d5f7011da4d126407cc4cc8417a32de320e0a9027a794313fb563f258e13664ee5adc24517e22652e90a473d7ee54e154a1c06148cc57aaa9b867aa2e24e3ddb82e148add5e49427284f4d0fa0582a7ed16703fd7de75f9a0c94a65754d7575cc35f65426f484afc7c82edc77c538ef6f234654164fb0177c688b2e1bb2497c5cc1515f980020660d894082e2315881e93e23439e1f61a1515d704a9d54ba35c3833b33cdfcc16bb7b36e82ded03121ec2b32301d327dfac4569e54e9c2130a8cda71261ff94c921e9de1d4852026c2d6b5c1176d167666e45a86c7dfcc6e8bf72c499a33c3762aef162f6ea0d69f2eaa2996f0e87f2df0b7f20e58157c7a24b490d8c5b7a9e531044e0b892d918e1d3bb089af4a240bea7067431eb5a39fa495f433880af785a4693eabc6e6ad79d01536200ad410f2f0b532553a66c3648ca32bcd11e2310c7726a09ba8e5d55b625dc9a5577ecac8d1f8409c054069f7a0a10300e2bc011d07a03ba29d526b73e40d5cc86171d05256a1f84030c12d849c492258263b9a2a6f4f50e22edb025953392c8d6a70b91a25ee2414e69ba82be3c6570f3787847de594568997362dc1df92fb35b5bc58d3c1f3d47ad4519d771ebf21bcd93a2591fc5d4e812dd223c0326c225050ae6e87f7f6dc1bf2beb7cba4eb04a82971929b2917d3f498a4553f20e03b849c13e57dfa2266dc6141eb40188ebd1bbb5f20a870d658e02feff3a24fdac273393a189d7fadee55c7e2a7542761ad26df55437aba7cae15dd5fde136893b2d86da068c6f4c638b2805166ae7e8cb9a10bf9db029741e08aa615630a4bb94000bfa51a2576d96ee3f1f39809d40a21bcbb2c4f370f040e6ff209587dbd34c3d3e2e3beb2c4191a1adaa6e60dbbb5ebcef4f2ad611011d31a941cfc60ec612cc64d280ad3f625b38d058cf8212001cd7539ea4b0e31324c03a8c7f15f29b10c26845ebd9a0a77b33b7929b47fc743a345487f98b5c2cdf74917ed4c8d956042b538964efcba66c241a692b870a58bdf6747477761e107f4ae46f275d02c7644ce73ed605cbe6c48471c6312b18b1b3096ba8c789fbdf34ad2ac43dd23c2980117c8eb3a2c523a564378ebe59aaf34efbac82d2325dd1cbe81d72208a09cc29845d9d30c1492993e231d7836e5ad17655c4decb08209b668e9dfd174c911ec7944c7857b8e9f6a4af7d7223ac9e3ff907f562083e849bc4a45e983e93c60a8a1abea352cf72d7dc6e85e6ddff5ece2bf52f1fa1e71265ab35330eb2b97457a68cebe6e2b78a92b4c41208fde5a62051f5150068376c4430801391b99851946ea8ee91ab1543742a304e0aad085ace7e8cef5475953baf619d8c27e0e89abe6d7cc940d4133fde2b3a86b2a083860f303e230795507387642ba4a8f5783417ab6bf38c69ca9c4a333288f5bab6108fb3f93610179c28736abf54a1faab10de17c66c9ad26f7bc39f871fa841d2c982a74ae5affed395cc56f441a389e84671b91835071abd1283887de887a702bf01099d893174c78a30f9fe10e0305446dbb8ecd5a8b374ed7787416c459754a082f14c0a42a75b4681b8c5d31f7c0d42422edc65adac373a05b45c60378e5a4779cebd62c13f914dd947351c75fb65fae811f03fcf50bb1d0c598b69ed76e55161ad2e471799b6587f640213c7399af529cfcec1d298598c67cb13ad650ce798aab6adae0e65a70dfc04595d8dfaaaa0fdb997debe0f6b2b967ccbcb6dbe5503b9ec9f4dae4731bdc694f, 28, NULL),
(56, 'en', 0x800000000067173cdece10491e6d472a4a0fbf36fdd9e6235c29dda795be683de6c9aeeb1a4a024d267f87533b2c31deb94f87b7c3026009febc355324f919564c7df34a98c94e637bcdef1092f8d870640a382a0a39387296, 0x800000000067173cdeff29a0979a519dc8ebe1cbf797c3ad348494004e3823e242f22ace54836030e2a6793c85db1eec4bf7ad5212d082d99354ac13402e27b501279c81d9183c7983d876a45a0a0f7d9a9495d8a48681e46deac148e49f31a93b8961cf73aacb8765936f703738e134979ef5af674193c82298346835cc087d8bcd0380a69a5cfa37, 28, NULL),
(57, 'id', 0x800000000067173cde337871f3d53afb28dd0eeefd71ee7f68242c2747c08446127ae95ac70fa1be5768962668a23cfc49a41daa7d6a7866e490d95b04c91e37a4a407036a9e47e2df0d7a580a2baec01b264ab4db87bcaccb, 0x800000000067173cdedd56c8a2c2714ed9cec71e4506833ca07d1829e4d55076dc9ffbb7c749c9fb0056e8c5bc85582ee333a2731191970ab02505da5f88cfe332a16530b0cef8498f598526d483afbf341bef1fb7c1dfd528e0b199f5345dd6785d24208d7c9604f367989e74e209139a33adc3e8890e5bfeb5dc97a9a28bb1bd7c79cead355f664a, 29, NULL),
(58, 'en', 0x800000000067173cde04d7dd4cef5d1e27526bf2da6747b9348cbd384eebcd6b2b7582e9b3ef97101f4979f066c3589d02e95c14cd94363a102b9603c37bb402a22b174667294f0b0f2f6c1835656da93961dbfd8810dfe286, 0x800000000067173cde193512820044621314228c677e760965c052129eac43ab9c335079882bf631e9d36465105f3b86c73383476e734ca4578e356f74c86ff0effe1a2088131f4e8a5565ce04f4022d1e23368196d61b294713fa9610cf58437e23d124fd4172beaf1d116fb80ada5bceb781a90a8b6c215743eb52cd1dc540286346dccb5371ae88, 29, NULL),
(59, 'id', 0x800000000067173cdea23a09bfaa1a9d66d132d334b7171a36436afa721288df6be31222a4738cd926de424a7ffb25cfe14e55f978205f015fb90b1b5e84bab86286d15dc47c59d51230994b25bc93d1c171ea3ebf93ee0f55, 0x800000000067173cde35a2d7141cfb5f2d7254641199f2c23cdc2b8888ce4232a5c8f7ab6d82920c4540986606dd731e45fa6193e1faa9950933a4153d4403c81690a483334b73eddc99504dc2b12a0f83af8f4ab9fe6c400f, 30, NULL),
(60, 'en', 0x800000000067173cde187bdf75c8f890db75bf30fa5bdd5fbf4820ea7d0a38565447b1d2a6035355dc7e64032b17f0f4c8eefe7b8e207fe6af2fa891f288d9f08477760597fb7f569470362b6618ecdf0bf596648bd8b2d491, 0x800000000067173cded015243c3d14377af339697c30f21104987add568599d614934847ed330308a3a3d7b84c56edd3db09ab30251e42266c6d8180fc5a0f9e1a94213dd4461bbbe0da09a8900b51255687c9f5d002e485e8, 30, NULL),
(61, 'id', 0x800000000067173cde489b3074f0e3c1dc4f563b4bc23d29d02eccfad41baaca52821445638738f0fa3209d256815146abf985d96fcac11ff9099911ed02626bf5ceaa661ac9cf9ea0e24941d3102b045e42bc85d89b26e708, 0x800000000067173cdee0f3fff2c26b65e4d039303b00453050709648d3278452b754cdb0e27563c43f3ef09c96a418c9399f4c56c2f75e28cb5db1ea1633b9c989140808b72dd7521670dfb885d664ecce0e429b79dae038d6c20a34f0a681f3b6ddc15955915dc9b30dbb7532ea7b994345b05f5a3b0b2b349475685829c0e374ddc16d2c447202db6aa1c94bf9ab6e12a8b2ace2129ad7c6b804714799c589dea7e75f0b8ecbdcb931459b4df6787d5b57fe0229cc309dcff1016985f36b5cbe199349f378a3cf91a92c3d5a7d8129d6421ae9fbc3c6513b9d9bf30026c2ce971c0c04ca241b1388d06751f0d5a93345e8758b19681487b4edd1a6dd7d6068ce061ca4814e1f2a0e26c7e317ab1d3caf84b504ceb84b2619a1cc533a58c0eda4e815f597be83f12e26a1f81d2036c4386ca06045e825370cbf906bf85f42b759cc93b96ed312e75b366c6ca6bee06d5519a162415f951d020e3d5c83038aa83de547bb61e94cfd80af5def3c60de913ee1bd3608d1ec98386aa1f5482419dfe54cd035fb078b375d8fa53620f99b7e51fab044d2e250f7b50f0e2de2dbe8b5fecbc6a0e8f8c17a44c1bd3257a62c777bbf689a0a8922e2fdcaa842601d1127a2b87fffec2eecfcfe609e41a3cd22add6540ab9e03a39fdcaeff62b954647575d9b7c7186438e25d80eab4d3aa4ca73d6e4c3116e82fff500fcd03eb79173284d767eaa8bb6354d6e7ee969fc7ee4027ed4fa96dcffdf71d8107e60400004d665958767e4036a4d1d1e9751add1b655b8790db073e0406720cbcad11ed84be0a879341bf3518b33211b02227be890d2bc5785544bd69ba2309c0dba6d49e27e0e6c0aabad81b711007dcb931df97f16aaae4adbeb524e9addfc5e160a8377cde63f2dfcf5ca009d6ff59054889fc64ab5edf46e01922abc7fd7e4f3ccdef4ebae6ccd37a1546ece6a3bb71e0ef4c4fe9573455687a3812ae6818a4c565e7192f9923bcc9dcd07a3a1ac7726aa380daad292d120663fa2395ba9a388c2a26082106bf09877691eee4fd5842523f0ce1dd2ee10dd7f60999466e767130dbe622c065257070cc3c909005f14d5a5b6dd7acbb114cf46d1a6dfcfa18871f80c1b85d9a3f31bac761a0f2b8b3ab25e15955b713083079615596c79e9a925ac06d5ee60bd975958461065ffc7027b8f80b3b8b0134a50891e226bee3a3ae675629397df6155454cb3e29e3213d47f4bfd15bcff7ed0cbc760dbc8763bcc1f32d33d8228098933d4b205b43a69ea48786f62233b8ed58dfbc17009ccddd9d989393110214aa91cd77c16fe4c4d98ac425c826266c7a464c8f92d84405521a4de35683a60529e2132b676d869900a399bccee0c0c15025d183190d790832e960bfc68e61fca3f01e942edbbb808440a693852c6c2c9a00851c3f640308d61839c09a5563d7839e425dfea1adfe9b5a00a0a8b6782ddf4f8210be8768bbd551a0af675e0de70ff638777fdebd68e826e68590d830cf06e3418e8907954ba612a7cee7fef6c22854264981a613cf69c4014ef5496dc82d8556fc75c52fd62b613f79db16d6153e004a13c481c25183963b0e5932b4fb9a2754d5f6dd920b09a5d9569c2ad8ab6c6bc54d1e94a252a54dc3e17a1015ee59c8f7ce64743b3a47587b308e87d07f3081bfd42761cb32a0e6de970fe175ebe77e2876737407441b8c6a935813834714678ecec4c949c12489086ef5ae00e7dc65d1f3f08fca4881184d0f11773372656abb4cb70081204ebab68ac2a158221159291fe24578ac3dd39179dc305e7be677c87499e6aa4cb1ac036f6859662345307e98ff745380de214533c23ae58881a2532f1a81621656eb9e351d0ab36b3fb8ca0f4f75fb226d695bcef28f477f86c7ace601c6eef581ceb2d522e1843558205b0e4db91cb672652359d5bf11d64596bfc9e7ed80fe210714f256bcdc75df768128bdd28de3bdbcb5b9d81717c6396c8f6168a41377c1311807956b0456f219ac017e8ce94f322ac5eedb611f4a7cec61f39805a960d6eab34720ba0498620771b67b77fbda1815f3b45dbf6ab9e7c3829968ca2607cc648d994c500e255817dc367c7366b6bce0ec9bd0dc98f7b572c1c82f6a0627f00abd468bd4321cd28d87ca2a5f44745ff5d14bfb9d003a149d48e8bacbed8d87d4b304f3692e96e5fc4bce35d80399ea908a536d81aae2603f374c9df51c08b8ddd54d1b009f91f34a9a2e591480133c411cbebd9160c93cc501a93cd2d653f87ff2425dd6dd119fbe0dce3470e222098c3f832208eda8bee79ac073b739abc3ec64ac700eac97557822e8b6d13ca63b22d94332b3738a9739c183d8a64a60c944e77d6f88add3900efbd29bcb21cf287cac2824ca1885be23be33d56d7792c5b39306d68cea44df7438354ddb20e8de30e4fd1ab6f4db9e9573a3b1ea775263d52d9f78975b0a2263beacb701f47065ab4671dc47517b9e218cf928463635ce5d9105f9a0e9947c68aee1d8c8b799df9220e309ee196b169ef61f57065422dc9fa91fd52da65dcda721153343f11d871e33bc8924bd1fba776e934eddadc7f074f8465698e006d25ddc81d8b05bc11052660ba1b530dd98e97a4b1877efaf2cd1ad28dc498804269bdda3858683290d2bc4c57f50cfa3b79dec17d98e75bdad55ae29750452c4b74a2ad21204ca78bccefc68039281ffea207295382711147527ff51c745daa406ba39089900a383f2bf35a19f988d1b450f3bebb9c6ddbd1f00976033e366a5488270bc219421a6b247b6e277cd7ad66ff971644d8c6f51b4246c73788a21231b47df53692bc7a28ff3541444498d16c644126a6a38223e7883e940df1ff4f77bea0991cf8ca3528e8a6c9b8540446a277d7880b389b2d742a2d7ce941357b5a01cbf6c30db81735070a7c03ab764690f3d37feaa17061c864259f9e4476a10f31e6f7fc28205f92d6473a592c467bfad5e1f3fdaae31ae6bf125f4c738c688cac308a1dd63cf036f29ecd56a2318436405856b2802cc218bf3754ab834b1ac42ef6de1324a666ea513478dd4bd1e06c5e2355f6dbe91f358c59e348df070b8592587a6a475e0e9cf50de7b2a77ff2162cd64576b1d8b7237bb3af6e6328fc04c1c611f4266a7dbc42a4a1e1456a58254fc4db8964b38f61c4cc8df0abec86fd8786394b14afd62b5b2b62de52b98f7b263038ef577f6b35f2b8f26de1844de4e57380b194fde55b56fab87290215066ec6fb62421fe8784a79af3d3c561f70ae5b2a2adcf7511eb98b23bb6451483bb6c3aab58125988e97789b3bbb6e92a86805fd01a74af6df0584ba2ac0ed8f52f5044cb5163b5686b3e8bc0dd5df1c710ff3bc3cd365d9c2364f4b41236f272866cb9e30095c278d9921d9b4c3c7e157ab72ffef43e70d65a65614909d5d2b09c253c13601d99f2fa0a3bb15baa66cb41a7afd4a51dd6e6cbd3cd9aa8510eaafb3f523be2f3a8cb59b52827556c3fb1304941361e4a8452546c6b3fb0b4fb6efb1f8b460a9e1d7861dc19cfaf9bffb1a4f030d82f1f8e7000fcf742f8ac7870a44d31a611cdeb3256f3b2d209f7b369a5351e59e769b0ec7ad6022edc5c4e69e09c69e8c7410eb9e2820a730389a4d6f74fd974ba30a161b809b48913263e2795002835f139dd0401c964e7d5cecca44a7399495ecd1e459259a6d0dcab2327559b30ffaa025020ecad9ebdf765c052af6b584cc3acdb3301d9f9fe727caa56b3d0365490f2b73c969c3b9a6b9a918648ad3e5927cfb865aa29c8db519bac5f7e2f692cf5e5a18abf7894d4ce9b02bd6bddde44b47167431ca4df57f11748bdd97a6e06a8c67a2e16efba3b826c469e620526b3ed67c2a9354658c14ac459dca0a4f363f677b0f5ed84f7af847a13655d1e3eec0284824282414d37c59cd3469bb3e79022a49a9cef55b4fa5683671ff1c6f40fd5c1e846ccc6a6e26fd1d87c8aca25ec8cd975685cf289600c12e56d508658fd2d1b280d42257d57cc88a94ceeecd1dac735bbf6d93e3e8d3b3a361d7a1acd81c30ee53cc683f7cf5f07d107fc5bd92c8490af28964ca91ba4b1b1df68e97efafb3aae5f7aa405acb6538b42ece97ea377e5358dba2992d81fdc5ad09effe7a81d72549b6232799b9f56ca10327d2c28bcdac4264773f84f7918cc259ed57cd48cf025a74efc895db61a0afb3864d6c3b2fe1904ec153fe945246e0d9239a1237fd3a3e22017bc88b57ec5d94584613ccfbc1cdae79286f7ffc04a60f16bdee756e5a79fed0d10f4f966ea2ae3b5ebd46095ae8ac2c45e7ce784d2f8401e558e3fb5d81383cdd858a78f970db1806c64f96af440b3a153f1eb8eba30228dec582a90add6dddaafadb716096c067d25704ea98fe53e83e137cc92087b9279b70114d5e41af998880e198b4e259a4730689d690a58566e9e2099d459667c6b2ea6e27a61456eb129e6ba3d49d3124ce311ec9881fcd88eda793b1a37b88199d1a0795c071707009528eaa37440c3dc46ec65128b203e694a9dbb944bf2a9e84f651b568b575bdcb8a91072855d41d6c09279d890cf32abf1f6f53eaabcf91ebfeaca4449bd7d4fe794e160a459d9b87eb126d3887693573cfbd4ec3b660b28b38c89d5ee3e07fdc7f24cfb68e86abaceec27a5a125daa5ca5a9e5e0850ec041a9f016a485dbec586453c56433d45d2049c58b6f5354f38b41e84e08581a49d1cd0e0a16676cdd633c8ecdac281e9f9315fc40b6480e3a5822662fc060520ac03bdb4a5993f045035e8888848937b083286b7a1ae0447dd049d45e70853a1ed079f445248b6b956326e2cf2e8b870d10566196d38e73b99bf42272b7ba203a03921c375702eeac1bbc8f199e16fbb7f81f5b9944310cae7db00fb45c64c8d1504ff902ae920aeb2f05812f66680d3c8051ea330460d20691f70082b2f6fd2f39b749f178b341916d6b9150432142e8686b3be2fcc2f42ad9773fdca7de8a4e90d04d840707bcda4e258e731a8f3c19da027805b8c3b8b67c7758cef09b43c7cd50d5a8b7bc9d86378e8cc692539753cfa86a3dddf03ce5166a8a6900509efe4ad0a0be5bb579414e7228fd42eac995fe8e8ac67edb8c7140f73c8228793aa3cef1842b22e28b44595ca01b060ec3419a8493d6831713ac2135c1e2adf2870e45f12a1d79758dca23986b0db554b59ea460f91d0900ac1fdf9c7baa3619fd56813f4708283e3e61c631750b5010be33a53f06b72ae74348cb435c9aa97c78340c56dabd56b1dddee279ccad837b5c3ace085192d5e22a4dc78052b2251869c8d06778e5135518afb85a5fa86e645a22d2f446b8ea924eafb525ab783af0372da4c599c52f602506b438a499613ff03176ca8bd104dbd9a0796de0900f36cdec615f217817c8b8afa81d860fd176a3aa2971114c9cf86658e2fb8970874357c8ca46b952f0786429e78da31f23b601b77f831f00340592a4813aa02123b9e0ee5d72131760c488be43710efbcb5e52c946640bae659938d3efd556864c7b6de253c6796b9a28418b1d162c30fede43b8c2190e86531504faf4568f65f33b70a3bb07ebe41b47e9f1303422ccaf7299d94b88847e32befb2feae52102d994052919c20241724b993de195177acce1e6662d08b912111952316d8d27fc51b12eaaa2cadd67f0e0d4f8acc0660405bf19de76b29a9f0cf02e7c30d3d43aaf161c298ea3824327a868888f84e58be10c87f10e1e9f6259f6d62829734715e9851ded46940e9c5e6555c5dc3b23d09ed56a978e6e7471a950df7ee18d671de0c95480803de99749d4711c0de4a3adbbaa0024b6af766fa2fedad082ecf2464d2e3e11c9a500ad4315993b94106b5e495f19d4f76b8074aac82be9d8a512580552060b8a646548dacee0d9dbb16e14bdd87112b5436ed6cfe50b1c65c4c4ed4035438ab18f5baa29f86b6f4220e9a1add721a709e7a98a9656151aafca6bce8f9a03bdec42230dfc1685c28d69448690d9f2f18bf3eb7052fe9d5d0d4744e54a844a209e93df6d1d9d4d3f3066795eb5bc950ef43ab65a9e2eca7a400c6a8bd58daf9903cfb53f000c1ab5341640acd2c00d9640192c8ab616a7a219408ec3567499aa2d7dfa2c49bf59e7846f5acff975822332b9a705b5d66e9b230f5d5dff6c5daab34fed81ba3d16be50d3ba0b675faea8c79acce84c6d2e505e08a2716916b37f1d9b43f041aafefd24d969cdc404d7a4faae80504b7599e3dbdeade24924f7f6c273233d641bd55f0c8605f7249660798ddfb893b51c7c4c1fdecd2b0ebbe41550f691c9b43de81c50b6270b21041c6c0875a4fc2782a3025ed07455e50de6f55dfb2d7abe17c911e94b3fe3dc181c10028a3108d539070073bc1a23be292271ff6cb664241582f06690dcc010de1ffddfc98b60661b021295141a35f617034b18d2518dfb5b5be672c148288eb7f5f32e8eae2d6825446e2286e82e1a4b9e0af9c5d2b9f25c87b8e915480f7c7d34dbbd2a171a3e575a03b432c2fd77a5ff5062283b07f6b48fa14d0a5f175a1c3cc07e201ca80d6de62ff318ae17cd8b7179a2d6920c4da2388b89c54413992f25e3b583dc30bb27a7bc9656e860cbbb067b63e7d5e99dd3ac099b36a972e5df52d3b9e3f61365f356c87be53e1999efca57cec4c35e8a17220f45a3453765c36f162b496bb559cda589e9fcb8ce050bf9eb17615fa7b078d8b8d990d022518c34f1da953390dcba39b45272ee30efdfd52a105d484a34c494ccc7103699faa724ca00da43af3399b189742a2e538bc05930c865a89eda4d0978a79ccbe115d92b54fcfa239a6b3d1777075c996a3cde1e1ddc4fc3a01ee3c70cc2bca8d03cbdf0597be89e691aa18d253a34a17feaff45cfcb33854490f56ed7a88e032cdbb64d98eb8ed05d723861bd9a7bb0a8b4475228fb3457af9b08d3bd465460aeee595ada57848d3599812202d0fe2ec4983adff2aefc2aa89971b6e4cc174b2065bd160a92c9df46528b839e8f5fd2682584e7a526e11a62f49b8776e31a6b9e347f3fe7fa3c4fafb466ab948a2d58c9ec8ddb300d8b6f9fbd2f9ad22c8113330e7442f698f709a34f80030a173b95e4baebd6c8377751614a8286e26b1927d3504b1d56e398baa2d6c7c849a95493bc30df82cff1d9ce193a362f761d109e107f8b045bf213b3358a758b8e425cfe06cf3b699e8852508fbeb60867f07eebdd39f71a9964406387f6f29c0657589681d69de5f8820f57870f1df7ff54bb61da3ffbe27740097baf92a880e5b414f49125bee9eb6639d54695acff86b364675f43c59c6f73e4a8abcef14, 31, NULL),
(62, 'en', 0x800000000067173cde5378bf0777bb96c91b1488f0befba9621576d49e91e7cf3fe7e3c83a30c9fae5eb685dc6aca5eb69b1467f41caa589e0f2f179982f7916441bf16e71f85501c337162abe8fc99c018c346307466120e7, 0x800000000067173cde872e2ed0fe11dbb96399d20cc05c0f35fcc94629e50b1e3837efcf1f34d784323e74a723e8d708c65aeacb9b2378a37b9af8dbd27e659634894045591663a1ccc9390e53aed1db870b34a84d44089533, 31, NULL),
(63, 'id', 0x800000000067173cdee23f106c9b5dcd8b3a7d4e9bda8edb31653cefbbace918b85b88c509a4b4451595f01335a8150cd86e655159d611edd181d45ee3e6b6635ee145ad34273194c1d41bdfe3776ad7638d655ee127a9c291, 0x800000000067173cdebe97a96f91eb7f6e5dc469a65013220aad0d545e15c5e2ac6d7a903e9de1e9a81864de7c124e50dea07a2176e1e726817267664560d448f72001ecfb2ca28a4aaec190c8be124f6fa80442e897c9758d7e29de7365031289eb866981c14874ba, 32, NULL),
(64, 'en', 0x800000000067173cde968b1d0b5b414a26618bc877bab7763dd587c8c4c6d7ae168ce0ce7ef927e2a034332779778bf7535f755382b141cbb91c03fe7d01964d107b4a67f4383c57b77b4310c396db6a5e40540f2052566a73, 0x800000000067173cde7d49b3a370262c8b6c295ef9ad47cfd6c19e2704503091c5f8d93424a99e913a485fe6c6a3b5786ba9406654a9ff18a8a13f63a1f069231810b87540b6a9cbcab2d470e1561744b0a2e9db9553bb27d03202d5d77047868874764af896beca21, 32, NULL);

-- --------------------------------------------------------

--
-- Table structure for table `frontend_offers`
--

CREATE TABLE `frontend_offers` (
  `id` bigint(20) NOT NULL,
  `uuid` char(32) NOT NULL,
  `created_at` datetime(6) NOT NULL,
  `updated_at` datetime(6) NOT NULL,
  `view_count` int(10) UNSIGNED NOT NULL CHECK (`view_count` >= 0),
  `slug` varchar(255) NOT NULL,
  `status` smallint(6) NOT NULL,
  `is_header_text` tinyint(1) NOT NULL,
  `order_item` int(10) UNSIGNED NOT NULL CHECK (`order_item` >= 0),
  `admin_id` bigint(20) NOT NULL,
  `site_id` int(11) NOT NULL,
  `is_initial_data` tinyint(1) NOT NULL
) ENGINE=InnoDB DEFAULT CHARSET=utf8mb4 COLLATE=utf8mb4_general_ci;

--
-- Dumping data for table `frontend_offers`
--

INSERT INTO `frontend_offers` (`id`, `uuid`, `created_at`, `updated_at`, `view_count`, `slug`, `status`, `is_header_text`, `order_item`, `admin_id`, `site_id`, `is_initial_data`) VALUES
(1, 'bce5dbaf34294ca4b6f8801d785a4015', '2023-08-25 11:20:18.619000', '2024-01-13 13:41:03.306000', 0, 'direct-booking-will-be-at-least-10-cheaper', 2, 0, 1, 2, 5, 0),
(2, 'a817d3eef7d8462abe0e477ffffac60d', '2023-08-25 11:20:55.856000', '2023-09-17 21:12:00.871000', 0, 'best-offers', 2, 1, 2, 2, 5, 0),
(3, '91c7d9170c1c4a198bfb9df892cad77e', '2023-08-25 11:26:18.880000', '2024-01-13 12:33:53.938000', 0, 'stay-5-nights-or-more-and-get-15-discount', 2, 0, 3, 2, 5, 0),
(4, 'e59b6caac57741f2bea65bea5f16e9ee', '2023-08-25 11:32:58.345000', '2023-08-25 11:32:58.358000', 0, 'refer-friends-to-stay-get-bonus-from-narvik', 2, 0, 4, 2, 5, 0),
(5, '3a208acb73e84c53933dbb9892eb7a22', '2023-08-25 11:37:57.311000', '2023-08-25 12:19:26.446000', 0, 'like-and-share-narvik-social-media-get-stay-discount', 2, 0, 5, 2, 5, 0);

-- --------------------------------------------------------

--
-- Table structure for table `frontend_offers_translation`
--

CREATE TABLE `frontend_offers_translation` (
  `id` bigint(20) NOT NULL,
  `language_code` varchar(15) NOT NULL,
  `title` longblob NOT NULL,
  `content` longblob DEFAULT NULL,
  `master_id` bigint(20) DEFAULT NULL,
  `sub_title` longblob DEFAULT NULL
) ENGINE=InnoDB DEFAULT CHARSET=utf8mb4 COLLATE=utf8mb4_general_ci;

--
-- Dumping data for table `frontend_offers_translation`
--

INSERT INTO `frontend_offers_translation` (`id`, `language_code`, `title`, `content`, `master_id`, `sub_title`) VALUES
(1, 'id', 0x800000000067173ce09249ce3cf426ed59c890d180a33741b94aa586871742d7faec4408a6c076e0aaa5504561cf23dcfd3bc5da14a2ba5577630e7f103da32abf3f5a530cf6a2a8282105d0602b203b820b4294db0b0ac7428a8a96150a806a1d99e592b60fb10ff4da762f2bc26c93c44442ab83c75eec08, 0x800000000067173ce001337a760d7307aac64a544dd6cf9fff5ea4f288d049ce6b0aca9c28959509e473631839e04fa0ffd13750d59d9b57e46976e099b276d46d3f2e9026f467372a56cfded0d6218a986a675ecd71a2e50e9a2a1b929faf445697e809616a143759bd53bcf62e480147f2c15c6740a6b7f9, 1, NULL),
(2, 'en', 0x800000000067173ce05c7edf98e530318ca22fb4cbcd707fdc60f9a6cb77bb3e83fec78ae9eb84c793283b05fe16d6ee17b2a3b62f2970d02db6a3fadc018bed42a9bcfe08cfb2dbaf688fa82664a226babc49d6aa6975d2fd1823606faf0e575d5d90086e6fd1c1f322a3e50f9634894993d8bbcbb538dfcc, 0x800000000067173ce00b7bbad0a67c51d46a7a068bc78dd301d7e3436c9abe62ce67a2013dc5c0fb5d7013b931c585ffc86d5a1425d669c62e5e4f54f15f482a274784d03f2091f9641ccc22c52f8d48d6e39fae0c41d4aa9fd813b3f46b9ac15be638535acfe08c395aa5bfd571792307a5756939634f60f3, 1, 0x800000000067173ce00f6e6107c42adc4c3846d6ecba17caaf247edb18df51c10488fab7fc54f8b50caed59137e5c1339bf7ecdc45bade378715d7e2d490621043081b0a69d20287fb),
(3, 'id', 0x800000000067173ce0282dcbf78ea94b1d1e25fdf0b160dce7113056f333e6682785d087a496c8a92babfc045c899a554f78c4d1bd15acbce96111c82e8606b422d8e46d03ea99a682318dbf94ba90846f75ea727bd57ea877, 0x800000000067173ce0813db4d0d955120c32734a7eb27559826d7f27446f088fe5399a68153d01773ddfcfdf6cf870067e80cc659ddbf416e726ff9376181c6c72c1819b61418d7592f5aa61bd2c0e9a77b520318a53fcbbcd88923bdcf711fdb99841f699278c204f3cfea96ce490b56435bd9cb0eec598011580463bf7d1f470bb54faa5bdb99a8a3ddd1b6062ba2300192a4b2fb50fa12862c95e4037a411cd12c12134964d2967626d33da45139b4fd5cd166444a258f4aa94717a806c0ae123873febf8f8bca9051f542ae70f7360e6c634e7d6193854, 2, 0x800000000067173ce060f198cad51993d4651021315da3ee019a93b79333d57b876c7b1338136de13bfa7d2d784afa4c3a11f8fb5ffd844cc14b54f605893f527e5eac343582cd1295),
(4, 'en', 0x800000000067173ce09cf636b07e9787e107f93f4f0c250e639750608f83419447d3913ef6421b103bf57596213d2be88622e026d8307e9242d44b720d619c10fb082b0f5a2844bb6f47d2d3b303d57e45ca3441288b342746, 0x800000000067173ce0a3deb96fc743ba85a7db6a6bcf8df4447927f4c18cb417bda0a70fe4dcf9615a08aad89c52b618499ef9f2ed9ac14791c9c9d958d84831d8b0b2c05703fbd781669ce5ababe2e188968ba26516b3a683b2e8672ac69f7f7c0b3a67d9eccf0c6b, 2, NULL),
(5, 'id', 0x800000000067173ce0a3000db55c1ee74ce76aacde9fac1aa9fb016742cee5dc5259d9ef26454a5c3bc176c38e044b2123618dd674073762d85dee9ba2148b37903cc5f5c140290e5a7e743d6c504b9063f62c4b82caa1f8bc90e2079c537f3f9d5ff7ed1723a725e144013862712f80401bf0b0aaf1ecd5b2, 0x800000000067173ce08826c5fc79ebfce48ee168f5e2945626f39bf9d01dafad771f38b345cfdd5def2f23138ff09df37c286f311de0858fae2128ba287f2e32b576745422a3bfd4362d9085089650f121f8be0d4737457c55a3c4591e056f2fac63614fd259427b2c6967c498feb1f05d94a8ce0f44f40f8f, 3, NULL),
(6, 'en', 0x800000000067173ce0b469f91cdbe28b4b8c2ac0e7b8184431a68ee04aff000e38783fe26aef2f7732299a604255a9ea6275ee1c18c37bea7a274da2b0999e602ff43feabb66d51696afb99db2609ed8087528888b535e3295419a250279c8cd7ece7ac7c9863761b4551aa07af3537c25212f25834afd4b5d, 0x800000000067173ce07474e3023691f45f0b0c49aa693df84acbd23d91576e6d5999892b75934ca9e6835caae442850aa8cf8011b4fa34c46fedccad4f63554d1bd39eb1e2219f3ff97b66f76b3278d50308f7c447003156a290741160643d8ff52ea52bce967fcfc95a03c3b69f90cb0fb67bb9b69d4662d2, 3, 0x800000000067173ce04348f16afb009a80187506f34a87126d392dd96c080fdc1d32d6b5c2b77c4877df509d3d173cfb5716096eb3bc08bc0fb99610e2b0ce60aeb37b195cf0e2bf3d),
(7, 'id', 0x800000000067173ce04cddbcca5f3475bc64801eea129f52767da0c70e55f6912f93cb584dd87c9091dd6cf3385faf8c0f4410fe1a3e09939829c4d6c1d1d4d55199bb0f6423597a94938b46d815a8f97fbfb371b92e9a8a5489854e9cf486a184fa42a32d5ec38fd23e0c7534701e67debac7c1ebe42c6e8d, 0x800000000067173ce09d96a4d19b4721477e56b5c463c094d44d31c360f330cd9d3b646bf3a9c41a410908e35e5047f8a8dd96728bc0d5a7c84c293d008880595270fa13676c51f9239c773ac61edea4a9716e8e16d14b7077d6a49a2bd9eee3116ed888901579f558e2783344c1915ba1bd72ca4d716383f0, 4, NULL),
(8, 'en', 0x800000000067173ce0bc2016927eef108477b7ecf076ecc4c32c3c80cb08dd6a6b3ef6b9d02183258c00df921685e3c9c7964d5a55d2a09ca05088a33251574cfb015d6205efb365ff5f0bf86018c491f905acfc3b68964bc27b2c5f7720e40708f93e0254f03005af9d783db3b6fadde0ca802c4d3bd5a842, 0x800000000067173ce0bb32c78ef1bc974b4a746582ea8b82e63473f32549419d6f88cc9a845ccf406490842d3986b3959684f3bbcf3498aafb97241ef6b9c93ae06b51fe26960e851b8fcd4d020f00276ae738f2f1a6b223eea8a55763598f5078eee7300cd3d8c8127d2060e0d3f5be6512e58d78bcf172f8, 4, NULL),
(9, 'id', 0x800000000067173ce085ef1746e0dcee407939dd6315a95ddcb04fd2aef39127e37816c4808d80660661ce38f9dd5e0b8266047e79fda0eaccf0603d78afcd94b23aed5b0619b7b6657e9ef398bceca7479aad2af9385a396ce53cab6352c0597a1caea0066b880ddb8e079fad06f673888c0dc3b238269743420f3c6d80424b3ab5641230b638bc4f, 0x800000000067173ce028d9f5d22671848e49936bae3e52f585045f9a4c7d23e05ff6f24e500f75b275295ace8c80c46e7424051581571e8da2c3df8eb6971dc76a48a8821cc83a220b2b675ef0688caadc9040714006c80f957cf3db61d9a8f76b6fb82cf83998794bba0b78b090b3523d6bc3d258094ff26d, 5, NULL),
(10, 'en', 0x800000000067173ce0b7e26283734e4d9f90c57b112021a0cf48d2ac9a6d0f7fef30e24f3623ad5ec7ac3da6de89373e9efc5c41dedad739e49ffda25e000f984c9cd6ea07a98123171425bf8b6a98bf2c4a8dd9b7b70fb909e8d4ad2b5e419f0aa5bc6fde0080a1a9e879d80094677f1c0a4e37cf9a4d39c2e0e082d2c5cd29cf49518868dfa55aae, 0x800000000067173ce01a4cd5f180c3826ae8b7c73218ee074ad8b9ebd0a4e0b15ef4e62fd465e9d596f7b16712054c1b6787124b69fa191406a1240e65437ac62b8eaf7fa31af253b328b9de7c02bc8c92c42f334f42ba388c913499426833127d7d8b2b8d0a02a2d873a2c207016acb16fa86354942f806a4, 5, NULL);

-- --------------------------------------------------------

--
-- Table structure for table `frontend_pages`
--

CREATE TABLE `frontend_pages` (
  `id` bigint(20) NOT NULL,
  `uuid` char(32) NOT NULL,
  `created_at` datetime(6) NOT NULL,
  `updated_at` datetime(6) NOT NULL,
  `view_count` int(10) UNSIGNED NOT NULL CHECK (`view_count` >= 0),
  `share_count` int(10) UNSIGNED NOT NULL CHECK (`share_count` >= 0),
  `slug` varchar(255) NOT NULL,
  `status` smallint(6) NOT NULL,
  `word_count` int(10) UNSIGNED NOT NULL CHECK (`word_count` >= 0),
  `reading_time` int(10) UNSIGNED NOT NULL CHECK (`reading_time` >= 0),
  `admin_id` bigint(20) NOT NULL,
  `menu_id` bigint(20) NOT NULL,
  `site_id` int(11) NOT NULL,
  `categories_id` bigint(20) DEFAULT NULL,
  `is_header_text` tinyint(1) NOT NULL,
  `is_initial_data` tinyint(1) NOT NULL
) ENGINE=InnoDB DEFAULT CHARSET=utf8mb4 COLLATE=utf8mb4_general_ci;

--
-- Dumping data for table `frontend_pages`
--

INSERT INTO `frontend_pages` (`id`, `uuid`, `created_at`, `updated_at`, `view_count`, `share_count`, `slug`, `status`, `word_count`, `reading_time`, `admin_id`, `menu_id`, `site_id`, `categories_id`, `is_header_text`, `is_initial_data`) VALUES
(1, 'f8b7fad1ab93418f8787b9685fff2880', '2024-07-15 14:52:00.887000', '2024-07-15 14:52:01.460000', 0, 0, 'tentang-kami', 2, 10, 1, 2, 126, 5, NULL, 0, 0);

-- --------------------------------------------------------

--
-- Table structure for table `frontend_pages_tags`
--

CREATE TABLE `frontend_pages_tags` (
  `id` bigint(20) NOT NULL,
  `pages_id` bigint(20) NOT NULL,
  `tags_id` bigint(20) NOT NULL
) ENGINE=InnoDB DEFAULT CHARSET=utf8mb4 COLLATE=utf8mb4_general_ci;

-- --------------------------------------------------------

--
-- Table structure for table `frontend_pages_translation`
--

CREATE TABLE `frontend_pages_translation` (
  `id` bigint(20) NOT NULL,
  `language_code` varchar(15) NOT NULL,
  `title` longblob NOT NULL,
  `content` longblob DEFAULT NULL,
  `master_id` bigint(20) DEFAULT NULL,
  `sub_title` longblob DEFAULT NULL
) ENGINE=InnoDB DEFAULT CHARSET=utf8mb4 COLLATE=utf8mb4_general_ci;

--
-- Dumping data for table `frontend_pages_translation`
--

INSERT INTO `frontend_pages_translation` (`id`, `language_code`, `title`, `content`, `master_id`, `sub_title`) VALUES
(1, 'id', 0x800000000067173cdf3b23271911951e093d073fec5950b75a3850b02bc7fc7c6fffded94f28874bb89675a58b6de752baa48cdf7812bef30cc5483e0067909c06e53057ad159f0f136d8bab4951b8200888801c6e3a923e4a, 0x800000000067173cdf009b5e7d6916a08b6a6ce62951c8d195226ee211b330cf16948be3984655d5cff1a7da887ba70bd3ac90450bcb5ecd613c4b297ab332e905f870570c8855bd28984cfbe7fc0be95abf68b68dc6902f5d6190b831315ba5d522e7ac832c7ceeb280a86551b64013f28f2ae32f0a1d4306a2e3404aaba7633dd0a51c0a17b61c1c10ac7614fd55c4260db666351e3d939a, 1, 0x800000000067173cdff80cf2e528a55616e55b7b5fea9e42c2fa481958228dc30e6397a526c8efd99743fd014b9f159fce9e29750500370635369b6f10866cef88f3fa295d7719769f),
(2, 'en', 0x800000000067173cdf8e79bc281ec6d69789a2d3824eb4daff3b675d2e22b2d41e98b6db79a319d435d56cb039152ee95fdbfc5e86d6788e37324f7e93755cff4920cb6eea0869b6e33bdd0a1d3d3538be64cb5a26d4fcc33a, 0x800000000067173cdf378f06a0b6c01c62aa25fec1fe2ac6f27557d72009306a45875f30a3b1b9f90df62782fc906d5899b5f88c9c24446d8d2419a9c7f57d6d4557bacc0d64a8eea27842da6cf573630e9f996658b8534d42b4fc4d7b5492152b6c11d4fee95459a8610f214352bb27d0a82a1e29bae7c824b440d665783e221488265bc5a16afe1fb4f43fdd1736eda1f77a897c4120d499, 1, 0x800000000067173cdf0d8f7a1759ec3de1c4f195a02252f6a7a796cdde5ceb740ecbe7f2a8c8572b181ad1b6b035c5621a6f80e6b98e0e89126125fcba89668d24f7bb39a2536c7fb9);

-- --------------------------------------------------------

--
-- Table structure for table `frontend_photogallery`
--

CREATE TABLE `frontend_photogallery` (
  `id` bigint(20) NOT NULL,
  `uuid` char(32) NOT NULL,
  `created_at` datetime(6) NOT NULL,
  `updated_at` datetime(6) NOT NULL,
  `view_count` int(10) UNSIGNED NOT NULL CHECK (`view_count` >= 0),
  `slug` varchar(255) NOT NULL,
  `status` smallint(6) NOT NULL,
  `admin_id` bigint(20) NOT NULL,
  `site_id` int(11) NOT NULL,
  `is_header_text` tinyint(1) NOT NULL,
  `order_item` int(10) UNSIGNED NOT NULL CHECK (`order_item` >= 0),
  `is_initial_data` tinyint(1) NOT NULL
) ENGINE=InnoDB DEFAULT CHARSET=utf8mb4 COLLATE=utf8mb4_general_ci;

--
-- Dumping data for table `frontend_photogallery`
--

INSERT INTO `frontend_photogallery` (`id`, `uuid`, `created_at`, `updated_at`, `view_count`, `slug`, `status`, `admin_id`, `site_id`, `is_header_text`, `order_item`, `is_initial_data`) VALUES
(1, 'a9995b89c83e4f1fa7f702aa6b3c10ba', '2023-08-25 09:04:42.520000', '2023-08-25 09:09:44.944000', 0, 'first-entered-the-villa', 2, 2, 5, 0, 0, 0),
(2, '7be8de99d50846da980923ee51bd9666', '2023-08-25 09:06:58.986000', '2023-08-25 09:06:59.000000', 0, 'gallery', 2, 2, 5, 1, 0, 0),
(3, 'de5e28264fb5480ab525729c3005043a', '2023-08-25 09:13:08.615000', '2023-08-25 09:13:08.622000', 0, 'in-the-living-room', 2, 2, 5, 0, 0, 0),
(4, 'a44a9954c33242609fea728f9549ee1a', '2023-08-25 09:15:27.381000', '2023-08-25 09:15:27.387000', 0, 'take-a-short-dip', 2, 2, 5, 0, 0, 0),
(5, '6269c5e8091044a79359b5aafbb17124', '2023-08-25 09:17:46.164000', '2023-08-25 09:17:46.176000', 0, 'refreshments-available', 2, 2, 5, 0, 0, 0),
(6, 'ff04e275cabc4f59ae602dd83bbb6397', '2023-08-25 09:19:08.737000', '2023-08-25 09:19:08.754000', 0, 'when-you-are-hungry', 2, 2, 5, 0, 0, 0),
(7, '220eb8e0ae534f08b671d078042755af', '2023-08-25 09:21:20.525000', '2023-08-25 09:23:43.641000', 0, 'time-to-bed', 2, 2, 5, 0, 0, 0),
(8, '803ec96af4484cd281094709ea57426a', '2023-08-25 09:23:17.284000', '2023-08-25 09:23:17.290000', 0, 'another-beautiful-room', 2, 2, 5, 0, 0, 0),
(9, 'fd93cbff50724e60b74bc5d9c0b413f3', '2023-08-25 09:27:01.297000', '2023-08-25 09:27:01.303000', 0, 'need-a-bathroom', 2, 2, 5, 0, 0, 0),
(10, '2640377627ab4fa19510fbbc0cf226af', '2023-08-25 09:51:02.715000', '2023-08-25 09:56:36.611000', 0, 'almost-forget', 2, 2, 5, 0, 0, 0),
(11, '617e0de3763f43bc8a6c1702acb09da4', '2023-08-25 10:00:01.208000', '2023-08-25 10:00:01.225000', 0, 'back-garden', 2, 2, 5, 0, 0, 0),
(12, '77db51773a434a33b7d36298ecffeb9b', '2024-01-11 14:40:55.684000', '2024-01-11 14:40:55.698000', 0, 'kegiatan-sman-2-jonggat', 2, 3, 6, 0, 0, 0),
(13, '8a201cdd644c41c389984d9f75a2d0fb', '2024-01-11 14:42:33.370000', '2024-01-11 14:42:33.382000', 0, 'kegiatan-sman-2-jonggat-1', 2, 3, 6, 0, 0, 0),
(14, '79eaf7851d744419a70155af0178c053', '2024-01-11 14:43:38.272000', '2024-01-11 14:59:29.323000', 0, 'kegiatan-sman-2-jonggat-2', 2, 3, 6, 0, 0, 0),
(15, '874ad2d5794747ad9e4e06fac9c30f57', '2024-01-11 14:47:47.371000', '2024-01-11 14:47:47.386000', 0, 'kegiatan-sman-2-jonggat-3', 2, 3, 6, 0, 0, 0),
(16, '37d6f8b3ed154efbbea50a0782e3535f', '2024-01-11 14:48:52.959000', '2024-01-11 14:48:52.971000', 0, 'kegiatan-sman-2-jonggat-4', 2, 3, 6, 0, 0, 0),
(17, 'ee49db766a6e4526ad6e44b834a0ba47', '2024-01-11 14:50:43.113000', '2024-01-11 14:50:43.134000', 0, 'kegiatan-sman-2-jonggat-5', 2, 3, 6, 0, 0, 0),
(18, '6567a196831445a78ee1a1873ead52bb', '2024-01-11 14:51:19.872000', '2024-01-11 14:51:19.888000', 0, 'kegiatan-sman-2-jonggat-6', 2, 3, 6, 0, 0, 0),
(19, 'ba943231c0dd4d8db45250cf64ba9d62', '2024-01-11 14:51:56.285000', '2024-01-11 14:51:56.303000', 0, 'kegiatan-sman-2-jonggat-7', 2, 3, 6, 0, 0, 0),
(20, '06947701604a4815bfdd38b52809878d', '2024-01-11 14:52:39.102000', '2024-01-11 14:52:39.119000', 0, 'kegiatan-sman-2-jonggat-8', 2, 3, 6, 0, 0, 0),
(21, 'e2a9cd80bd664da799735cd524078b9d', '2024-01-11 14:53:24.099000', '2024-01-11 14:53:24.115000', 0, 'kegiatan-sman-2-jonggat-9', 2, 3, 6, 0, 0, 0),
(22, 'd3b5c99401254db1bc892ecc5bc62f42', '2024-01-11 14:54:12.082000', '2024-01-11 14:54:12.122000', 0, 'kegiatan-sman-2-jonggat-10', 2, 3, 6, 0, 0, 0),
(23, '2d1beae6fe344f1a90b0519c3691e8f3', '2024-01-11 14:54:45.216000', '2024-01-11 14:54:45.240000', 0, 'kegiatan-sman-2-jonggat-11', 2, 3, 6, 0, 0, 0),
(24, '299c8d61a6104c91b7c21f134ce3f609', '2024-01-11 14:55:30.605000', '2024-01-11 14:55:30.632000', 0, 'kegiatan-sman-2-jonggat-12', 2, 3, 6, 0, 0, 0),
(25, 'b2cddc09b77c422f9e2bb4d2efb79efe', '2024-01-11 14:56:06.043000', '2024-01-11 14:56:06.091000', 0, 'kegiatan-sman-2-jonggat-13', 2, 3, 6, 0, 0, 0),
(26, '069fa13f755b4675860bc0f9761f708f', '2024-01-11 14:56:32.238000', '2024-01-11 14:56:32.269000', 0, 'kegiatan-sman-2-jonggat-14', 2, 3, 6, 0, 0, 0),
(27, 'd99fd1b8ead54f1c94c32412e124ba13', '2024-09-04 03:18:42.148000', '2024-09-04 03:18:42.821000', 0, 'galeri-foto-judul', 2, 10, 3, 1, 0, 0),
(28, '738c31ed3a6b411682cfefa423bef9b9', '2024-09-04 03:20:24.573000', '2024-09-04 03:22:48.313000', 0, 'foto-pertama', 2, 10, 3, 0, 0, 0),
(29, 'af4f8054931f49f7b3341b4b00595e1d', '2024-09-04 03:32:37.618000', '2024-09-04 03:32:38.281000', 0, 'foto-kedua', 2, 10, 3, 0, 0, 0),
(30, '18f0c8e8dc854b5e90970f6ac27dd764', '2024-09-04 03:33:55.193000', '2024-09-04 03:33:55.829000', 0, 'foto-ketiga', 2, 10, 3, 0, 0, 0);

-- --------------------------------------------------------

--
-- Table structure for table `frontend_photogallery_translation`
--

CREATE TABLE `frontend_photogallery_translation` (
  `id` bigint(20) NOT NULL,
  `language_code` varchar(15) NOT NULL,
  `title` longblob NOT NULL,
  `master_id` bigint(20) DEFAULT NULL,
  `content` longblob DEFAULT NULL
) ENGINE=InnoDB DEFAULT CHARSET=utf8mb4 COLLATE=utf8mb4_general_ci;

--
-- Dumping data for table `frontend_photogallery_translation`
--

INSERT INTO `frontend_photogallery_translation` (`id`, `language_code`, `title`, `master_id`, `content`) VALUES
(1, 'id', 0x800000000067173cdf326d08ffa4af62031fbd14384edf37c4ad07b24054b049107fcfc71aab52c7630de9b394267564a47306b0707181a7a1951f225f491befdac618c9b6abc1570bc2f9f266bd6dc5bf48ef4b266ef4dd02e2a4ee172ef0d8ed1f269e4198f66019, 1, 0x800000000067173cdfab68cb2f9dca764bf6034f52bba9672f7897daee8108b7c02691f4c99c7d9316a4891748f34db6ba0e52baac4283d428f98d2fc5e071954c0c76078cccff75491f5f4f997ced70011783a7ff331a44713c811164799da544020ce981ef42d0c43e55e58539a5a325e77cdbff194419c525e58a1d442ecc3da35aa675642b54c2),
(2, 'en', 0x800000000067173cdfad69f6f91112f83af2bb9b6ed8f87cd3d51719f9b869464c46c73016c7ba4f211166362df7457ef6609da46329444838c75674bc45cf43111fe877c30a567aa1459448d3c1c8eacd07eb1471e2d532e80a3990fdd35eec61c7d72f8695506149, 1, 0x800000000067173cdf29ace1fe544e294f3748b01f07e715c4fe7c17d7e547f431cc658ba90a78894a97f1444a779769ae96c3cf1273abaf179452d737156e449852d6d892c1ec193e15f8fff9eaf21cbb233d93df281cdd6a9f2c3c1e3d6fe54368b0a3bb5cf5b9a29190513b740e2b50e634d4849dd4ca50b36fbd429a86981fe12837793257bec0),
(3, 'id', 0x800000000067173cdf69f5764a362bfb22961781bc430a2da18b471510e9ad282d8adf3760d01354dd69a6ccc7b2d36cf1e9cc47dec6fc6b4a58a5056f9a2f3746e15afa4bed0e2f0364f70e3655447de9ac5911bbff7e4a39, 2, 0x800000000067173cdfd98d45cecad3d8a1d554585f43c8e8fd135ed2ccd75adead3e82b801f099b934e2fea65662e40eb1868bb824bb4404224b9eb85ac9b4f844d57a76092caee7ace897ebe09d433de58b0268d06c7a114506b8406d4513ea706e4345cbe627109db7895e29a2cfe29467bca7ecbbee1239268d7740347471baad2fb65139a4f4e593d8f6a2029bdb9189dad003fb2097d2),
(4, 'en', 0x800000000067173cdf5653a62ad99ff135ac0a4396970dcd729fd89ff3ded50fc1cc419e5126a22419bcd641be9510a98e7c7f222218fae6fd5ea657afdea64996bf0d35e278843c9a582b7a6b4d67f6377701495c0d2d7a19, 2, 0x800000000067173cdf18d0cecd6043c2355e35b0c7b8513af89c1439a264b9605718bd88c49175946a802269316319ed8e84a546bd2bf624baf627df69da58cf077c1b745bc4a2eb228d8e67d67ba7d6bd7ac7b0185a8e23712fa3a035e36669f516073f11c7cb5622bacc8d107e75bcc72f797802d495207cd311026d19b78793945d9ddcb9437304185b367ab8d2178eaae49f57729c8605),
(5, 'id', 0x800000000067173cdfafcd4a7e7c4aeebeb062ae56ecc8f292b932d4db0f447a838a5a9a506f0be93ff75cdb000db5cd34da67f1f66bdc5155e58748fc70eb5260c9bd8d63773bed5fd72e718fc131f6eb153b936d5ea8ea0f045bb574560f2465ee68ed06059c770a, 3, 0x800000000067173cdf6052cd6182936293ee6ecd300eed7ef0297ade60a878802cd0c2e1e2777ca2825db5f38e8938a0fd7efe6e5f1654201645d5dad7c8b0f058606c8791a2d56b443fff24acb1009601e627340b2346e5fbe66863d8fa75aab25cf1aca3f196c346065a16949e46669e8abaa88d39fe7acd3cfab7b511e28c6b709e4b780c211cb99ea2b47963e4b3981506334795a3742b),
(6, 'en', 0x800000000067173cdfd7bf81a8b3145693aa587bbf6d77554de17f3e9680ce35b995a70b0467493f09f18470e41b07fbcdfe219bc4a39044be939f656fd8111e0d50b6a38cef625d25ddfbee90f57e5d50ff8060d5e9ec89d05d2607c0cd719ecd3ca027f06c30b986, 3, 0x800000000067173cdf19e69aa0c2bfb8d78ba10d582cfdd34866ed3cf6aedf2e18a174e90dc7949c176bae56aae8807f8d06e899cae2bd6f60f7b24976eba205d6cff51354264b2280677a2c4acbe7df4a6e62a6e871781d003329cdc009063cd7bbc674cfb76dbf5108b8b71e0826d544d9199ad625da5633c219c5ecc8ec7d06382b249f47df761f92951724054b65e2cadbbdfac882170f),
(7, 'id', 0x800000000067173cdf3959e9de602faf23e1e5e3ba1c74475e80b39cdc74fa37364372784468c8576cc954e4a7cc317fee7ddb1a52d8ba9d4f0b98ac7cfb1cf2863e88c412ac0d33666b68871045f1aa54bf4095f9a31c63b8, 4, 0x800000000067173cdf176063fd64c08cfce62775625619bafc9b0726f9b0f0caa3f6f5a6de8e76fa6d38ec98786b6dd98283b723188e7049797007577d6aa7b22436f0d4bae1aca8d983d5517ba7f8173f728b115685bbde8d281d91b40a3181b11f2c5b52b437b2c2e0d69e8a2d267ed3185d6f31c88767b7),
(8, 'en', 0x800000000067173cdf4c15ad2709beca2e83b94ba15f75b62adee94ddea7268014c7d36731fd3055bcb4320ab50d60f8fa21a23818682d2150ef3da100fdc9194dbbf2d9fdb38f0fc39035eee2ed1fb502e09baa63ab9cc1c7, 4, 0x800000000067173cdf572fb46eec87e8c7f6c08547279a46811780971ab64de808542aee6b16bc8d108be23b0797a145ce4bf93bea923bec8145b86e4aeb42db0f6e6ac9e0f1a03cce2eec388144bc145530edd6dbe9fd2ba2f81196c99f259abe2f61663cd62aad73a2f22d796ce5b0b53c0ff966b836fac8),
(9, 'id', 0x800000000067173cdfd51766a43d29991881666b7f7a177dfc0ef9b74cb650ddff431222e4a9a4b35238c57e75c14fa1459bf645d928bca52ff3cc3db107316efdc9c29c956e77598cea9fd5dd04e184dfd8e9db7bd822e975587dcda95ad631b0111705ed74877015, 5, 0x800000000067173cdf4e1332fced50a769a28f6a696a8e50b7c077019808f08754ad63fb051ad5807b8e09e30172317c8c7da950d62e0674502eb74f00559039a7be9654bcf6e18c96f0115c3501fd2d171292e6a68b30f02e7b09a8834979b9dece9cd0c7ad04469ad3c319bd600280e4668c089ae5b5c7c82cfb773e21712f75a1177b277aa8b2be),
(10, 'en', 0x800000000067173cdfc56730af610f54333897b2517626fccfee73e110f9be22f8bec45eeed28008b7e11f2aa2afdd45183fb8ac7becedf00da8bd83640b81d7d295b35e9eaf4b8b15075974e7a94064ef49bd37930c3399667f6407ae006d882ddaba1d5a1e58d044, 5, 0x800000000067173cdf414a3e008f613f6eceddcd5c71a4734a59eb1ef0787f76abf0a576dc290f89a5c22d66c70a057d47191d4ad811e800c7526bb8f807c840b5970f0fe732ace35c393e628512a112f2e46fb54e0ceb4903c9a80259d2ed5868485853252a3c52e6aa04fd70b9f631c03becf2df9356b3f98d020c656a7c92b0261c5d7c6aaa8937),
(11, 'id', 0x800000000067173cdf6c3678af92c48433f5bf953e08765ad9b3f7feb12b1b51ddf960c77703aa9349ff4c244f826bfb5ece6723b8691afd2ae34f96fea9fafbfca71050a133163822938fb84da3a6f42aaee4a4ad236760429d97d498c5e526716cabd8e3f5ed88cd, 6, 0x800000000067173cdfa87648d810550ab26767f533b9dd6358b94618f1c4c5838a272e3d282bd1e92ee817e32b7194220cbb698b7a4023d0b73d2d4b81584018dfd868f3dd21ee83f8922dac49bb9ca914641a1ffe4e55f8191c673cf71aba9c56eb6b26a3343bd82ba7d66727bbc85db943daf58933ac16110a684a2720040c0d98df1e96710adb3e),
(12, 'en', 0x800000000067173cdf677fbd6d2f094b418e779991a3f6af6af8c704da477f07c07dbd86ae917bede4592dfd2485f1750d5051e70a280f8551fbff6251546ac7377eb3c8c1283839e0198730860f84b84405719a6f34536f554ca5e732d0ab93f07339dec98fc02144, 6, 0x800000000067173cdf8fc84c4194d90d52fd906e9f80248dc790dc2dfb0356ac61fc4057d76d0df343933ce77e7d99ee898734bef20cdb98c51d4636fae3ab0095ae69e61958e55a8aee7487e96f2251a19af1077621eaa72a2bf9b62ff36d49dc13f6d19b0f3d7a1f77bc6c6e44f27931cfa011470c7573cbeca7754c11a80de7e58d83f2bf904551),
(13, 'id', 0x800000000067173cdf7cd2cd88cb6ca49fcae2796e65fad258aaa1815114e252866c6460bbb52b60ce65d4a13a336e10130ff2117501cc8c4fa6ea5b72789ec750f010374501ab21f5c2e8f555b405add437148a39c45d5634, 7, 0x800000000067173cdf8821a339ec4009cbb9c4c48c1352feccb2706a547efc93d6dc18982b82a6a9745de633937a48df791d76d33971e6c01a28c64f79004051dc7273e97da677becfbfde253a7de1d6c632603f98b81c2936ba913b23c8e025e8599b826b182bb08c460b2788a762bc6316ad8b7d1a3b4933),
(14, 'en', 0x800000000067173cdf891f984ebb85d6d9dfb5413734405a9e0bddc1077cb02285ad8ee9286a5318605339b7bc89379bd03f320a747a1ff3e8d338e3b870314894b8a038e2d822ef2bd7d0202d1e0c91b909a01f372b4fe9cf, 7, 0x800000000067173cdfd6206b95aa147fdebc05ae330f1fa7faba89cf49ab3a56043e1366d41df27d535cbcda6595dbe21a71ced0059549c55829e1b339356345cb27e9350b1a47d2d888e9e03366a0880aab6604ac7e7e0c7b31e761fba01b6565fbce29c3b931fa55fd0c400530e004030342647b62808829),
(15, 'id', 0x800000000067173cdf913e20310156d7745bece044a8ab26d6235a7853d4b66aefb8b14e38bfe91ab1ebd4b0f82a7d97e9a1072d124bf41322420ae967a3df6846b876bb833afc1f5600872eb90439d1e5b5b323a4b9048020c69d67c37416f644ac2770928534ff2d, 8, 0x800000000067173cdff171b3b7c43fe9034b210d605af838dc93b1a11d900fa388e3a217cf2b5beb5195451cf84e03ab38ebdfe63c98136804c76e4f98f67702e2e631c0ab97e5230fe922d0d3d592fb4dc9d4cef5e4127b87d70eee9d7d742f15beccd385323b300587bb4befcc26873ecb33fa8651fe1868),
(16, 'en', 0x800000000067173cdfd7e9bbd3a176da6948df7b53f6121a0a1f0b3eb1cbae889bb99330a99a3fe8b06763cc24e9a6342643a3eb1421bd249871454cf283d221d63b020efb8348b8e019e70a4f7c056554a3cb26909d27ba132258bda055f5a83991a4c2dd31837433, 8, 0x800000000067173cdfd528b89ebd8104950d4d8568cc3fdf0295214b0ae5514055057d38075865731403e0e0b790f68666e44d7ffc28e9842a3609f1a99f40ad2698f119112521aa02ea8afd1ce92f4819ff8d7023371f90cc3e0eba635c2bf71b80a3618d340c09b56850d4153a6f3a80269f8538fb8fa41d),
(17, 'id', 0x800000000067173cdfeaf9ae64d8e0b91e741ba1272d9b9f69e6b6c4482da37a884a56f4508546c9378075a675882c6a9f9ef243b6b38f83ea0a7d7380e0c26019d151fbfe87129d076d1c13384cbe1a0a75f52031233cb6cb, 9, 0x800000000067173cdfdeb231c487fee71b12e6e7f3f90f47cde5ac526ed560444a92f8dce97e942b8f734bfdde59b80a327cf988d790e1d746517fe49f471e804b9adefd984f52816741b263592746d8bbc4addcf9d285adffc0d1c1ec98dcac214ca4afe4d1276d06d9ef79d02b8ffa8e3828903fa2555b04),
(18, 'en', 0x800000000067173cdfa545e27744287abcf054dc2c5fcb5c72d3547d8b6b8f4afe533e1a689fb7facc00a0b74e72fa1fc3159d1a585f3e058e0370fdaa612e0ce7f248767252a1b04804dd07db11515e1a9284b3317f575915, 9, 0x800000000067173cdfc94bacd1c3d029a2c0ac63da9908da058b4271365aa375f4d68bbef4b3e1cbcf3f141014dc800988f429301677f94f0a6afc8d77880a4e7136b316f7f91f795f64af6a423d7a4104c7ef971681f559f92a7c99c146d9161edea159161e145a60db513d6680f70e04af76fdb59911fa66),
(19, 'id', 0x800000000067173cdf8b02753fae2c58d28068ba8884b422b6aab23d4a933080316e0ad299b874dec19cb5a7ab8a2b9de32f19a7c0148f02f5dbf6e5b51bb85f50d4e80517058bf8df4317ff4b25fb0d1efa12f8586eaaa43b, 10, 0x800000000067173cdfa5c4ef17d109c07455a65453eb491e985ac9f400c174cee2239a845d076b020ed7b8616658d362dbbb743cd036c8624f18e8ac9e2f24daac8ff9e3e2d87597f8cb355de92fd18cf8ffda4987ace32b9c7983946e42ec60205e3499a5f122485f08a1a48b73e7ab1eef180bb997eec450a70ddf8dc204d45e907ba23b7141ce6c),
(20, 'en', 0x800000000067173cdf74f2a74f8ab8469afefcdc827bcca8604ec8ef5619aef7dd5bc81e5b869dec4d9e01ed69bbd69f88154dd4b2db2437954143e73c1fa6987288d081227e736181b3b845053dbd42ea64a517a50eaafa08, 10, 0x800000000067173cdf343373d17abcbfa6b808657091a579d7c0a28e1f11b72721f8fbf28164a33ea989e780359467797c65e90826e9cf8db2f3c3b28a15baed09827e58c63aa0f0b29cee05c4597c12edef3d94cbe994bcdb8be010bb0de6df786c676a50ff044c09648ca6c3a326cd4f51929b32b9fda8405f59b969fb1025617d47d365056f0809),
(21, 'id', 0x800000000067173cdfc7130ed7763de94dd9f110e1c2d149fabb0e09c44b1dc5f74fd832e45f2e505dfdd6bc59dcd7828b4ed4be3cbc35b3143472c10e429f3700912a35971259e780ad631f37097df190dfddd99dc6ed1c0d, 11, 0x800000000067173cdf2fb8fd343c3978505cfce272477b0d4934737c36432943c0dafaa046eea8e70d782af88070ee9332c2415a067fea3e40376de8a48248a6dd3f81b824c50a1c957c3a59fcd28b160f3854458ef9f52b93ae33a8676ddc5596e3a3e666c3e9a7133828a791b4b17745fc5e3d08a9a29df478e466f260fb8f8f950d7daae852bc6d),
(22, 'en', 0x800000000067173cdf08e174249d9d98fc5de31ef029770a840154e0e1d031c30dbb704124df76e0d90ad3e5fe2a9bee463fb4af7ae51cf2e6dcba3c52d57b8c7616c3e7d26ccf969c00896acb21cf2614309820e5152319b9, 11, 0x800000000067173cdf99ca5ea1b43a7b0414fda93db4cec635896aa40eeea3ec22d324e0b9230238944a8bda5720a2d0e01a29df3c0f319c96e3b9f47b54b19baf8f4403cdbe4fa3832e9e2ed9403528fc4aac835befc323b5f8338ca63e2579f9ad163ef1b76a4eae2053cce254c48a00b9ccb16261b4254cd12aeabb91eb81863cd8a179cb667322),
(23, 'id', 0x800000000067173cdfe2f878aa04279d4e78a75770cc7b435d54c8a763700ca662e348d306dbfdf147f288ada65d862b8c0d2d1f80fa2efe574a1d63d3dcd4f8e09911bd602b3431f74204c3a1ecdb25da468606e402dfaca1a851c1a493c5246ff6878690a73242f2, 12, 0x800000000067173cdfdfda028956cb12a1d0d4e5e742671158d860dd1e9ae3bbc804c75f8cb723944916742d5b21e7ead6b6977fdbaf03903429a7c4ecd55049f6515cca8d9adee07a),
(24, 'en', 0x800000000067173cdfabea9a001fee798c96cdf0e26d3cabe81a31a026e3f82d90bb4a028fcfbef1971b000dbdbd6a668c974030762d64d23d898ba81d34af8e8dee1e9258939c2fc38e02fea2549c4734d9200b068553da5757ab8d53e31a783d99bcd8e124b1d1a0, 12, 0x800000000067173cdfe8b93943be1bc3c5086b2b7c2f3e84fd077386c2d7f3b89bc8581e6e4e23147be9f794b747b9ea835185304fe04b964122d500c9dd4507d90ab9a5891b6c6288),
(25, 'id', 0x800000000067173cdfec1ef71600e3091785067e4af4fac400d2a438e5efcae3ff517de46cd2473bb358d786138c8dc7132c597c5f12100e9a2608f076f8b28617e397f9ab3333459fd94ffe38d504b33a03c9b0d94ea00c8654d1f8625ee35b4ad79957a7b174819a, 13, 0x800000000067173cdfaf9d67ac219ce29f603aac6e34fe11d5e4b622e496135bf21080893abe273488df9f5c50735fe7b69770a150a0b66422757b7658274175d4c41a291f2ef92cd6),
(26, 'en', 0x800000000067173cdf4edc2dd3e04cb7a3d6412ae98c6301c337610778edea48e07b4c6a6f03b400cc35794ef6ff2d05d535fdd58c3a6a1de5e81b71619e7c92b7e00ae0f077699dbc018086fa03ecdf3f5a59ce0c73455d0e19dea2b1d0d28baefd913e569c183997, 13, 0x800000000067173cdfabb09947efb36094019902f586d51f180c5c3dea9896510b055a8c403aaeb4d1939d1b9fdf9fcc38f838ad3f9431e8c7b61c68b4b3e0c3c0df08bdbc4b8fcc66),
(27, 'id', 0x800000000067173cdf58d70eabe6be600e941749f6d82b337f2301a84033467846ef8be5ca76e7be069b0c08c4ccbe0d98e26f18894f40debbd5a9b5d1969d57963d9281e5098e5fefa308874c6a456ae552d37e6ed2af6c534a94600ee3342a78f2e2abbbdb179db8, 14, 0x800000000067173cdf212ebd9ffa49795750f634552d33dfb9ea1009bff320889024df80a128df02adc5ded786469f06e6a647ede92dbcd8e331c07c5dca2b02a75462f73f4542f930),
(28, 'en', 0x800000000067173cdfde5a9cd60698ec733d456e541b05f39aea58437ee9ed9cdba21b01d086ddf28f899452165ca593b947eea9631d5f024b5497c95782e505a2b63c0bca4043a4e41927ebdd8aa80a2a6d24d1de939be0a2d75d77258b349256a4b5a3474180f370, 14, 0x800000000067173cdfdf1cc420f92763730d2a4fccc5f6b727172018e8bd478ebab1793bb8a3fed5a9e8967c59b7dceeb0ce6914166fe6a1194c2fbfad9ad64f90932cf719cd64f174),
(29, 'id', 0x800000000067173cdfc78d7201d4c6d75140fe95024ca60425443a21ae95d457a4f10d87f29ae279837a4106cb46a8447f3f8b89118f7c4cd522154a61dd124f1a91b9acaad35b1b5cdc190bd458770d6e681d0e71927cb77c940aabe77957d95a12447c2347822783, 15, 0x800000000067173cdf4e7ebbafe9c2da0793a6968336be4b406c406ba33f33382546ee9ca4f1616e8448149099c02568babfe362d825081fa68544fc4afb9dd4e880e6c5f16f94b32d),
(30, 'en', 0x800000000067173cdfaaf6435f87d1cef5d77c187a3105ee84eac11fd1201f1b506c52da7a552c15343c8f9177b43d3a66422327c8fe0dd31737627f91d4f560674c4cf5a0df6eb371fa837917e73c39597f376c7909eba55361cd3d956091e11215ec28cda419eab9, 15, 0x800000000067173cdfd52d58a0165dfd5b70e5f4be4f32ca1288d7bad81c749858c5b9cf34a877ab35bd634aa7eef46397be2d1a6c8932151d7434f93a16faf7207b9e6a4505cf0dd4),
(31, 'id', 0x800000000067173cdfc4f18eca10653fbcd105ce3c9a2c4c4a5a5654ebfdb02eab8715ff593dba4e364fea86b0c358d9cc748bc8b83d4c1fb98328ddfa37da3bf0a3c8de4caba40a05ce3d4923511b5d3014822acf69064184da9338907ecc39d7bc64740985fa0d71, 16, 0x800000000067173cdf1910f1d18749608419b11ec7dbedabd82c128d360adc7c434ff4c1ed9548ca86677c2f4e5a7db55ec48b00e0f288a48e122e47ed9a55151a153db0c858b7a736),
(32, 'en', 0x800000000067173cdf31f99843bf27a3624f23b8684412d5412bc6aef066c41100227bae39b71cdee75e0b0916c08885dfb26b623ae0ee91e8623ccbca64c231c5a58baa2f91ff5cb750fc5f2feb3905cf18f03e89e07b3e78632cb497c610c710c03250e159840462, 16, 0x800000000067173cdfbe39f9526451c3aeee58b40c7a3096d2050bfe21a12cd14bb807cb25d793d5764d2ee92e7f4a5df7a9d719a8c01ce77090aa3ae14b6946fde1e52c12100d9364),
(33, 'id', 0x800000000067173cdf296431ed7f0d35255a65c549b1433d1c1bf4fc2447268c14d7a637336a73fcbbd3602db30b40d7e22938175e8b21078c1cb60e1a578ba77b5012bb7e5483afa9735d326396bef6b7bb75bcb9a0a5f2c72ac321b3e8ca24e7664dd961467ce3f6, 17, 0x800000000067173cdf501b19f28356b324a98fc8b953e0089341bcb94d211ccd947a352e23e590d9e8a883460bbac2dfe8d958bd2cf4b652f397c5671a4d1892daf8e8904c822897db),
(34, 'en', 0x800000000067173cdfd3d0ab12c4d22983b18df4006412cb11a546782f1ef6963f3c895585c81f566baa772fd38bba0373de63971e5700c7ee98df4473ffe2b816580a6450f863a778f63b1341006acfce4fd411a888816f6211f650cb5836ef2df269e5cbef6b5f31, 17, 0x800000000067173cdf3cc90d0883e551c8f98756cf711f334b03435b421ea6a57396da19e298ab81a87359fdd88fce84d3541f5064622cab47f6228f7e1bc0c84ba84116970dd7a84b),
(35, 'id', 0x800000000067173cdf2d907d7f5bbbdac86b55f23222a3e268cbb383df7496702a2fed4555c0260c8eeb0a67cdb72d3a6809fa2f671c4351e82dc8848fbf2ea02dc5ff5aef1ccf347053b0457f8bef877f8ba41d795c82c3e94199e5a57eda3dba199d9a977ca5b685, 18, 0x800000000067173cdf12684e4c2cd695757b98811a832644cbeaeee327163922c39e629c8a35917feabafd6389a65cb1bef6c88315672998e9d48af33c230b14eafe69eb1bece86565),
(36, 'en', 0x800000000067173cdf1a5703baf7ab41a497a54f09f091e194c752b155be10d324b4c853415e6ab8b60f414610d150ea058b3e48a607dfd513fffb930b3926b79a4362cd6913d8ff9f30fde4f9b4e8c4aa8ecfd6042f076d9dab213f84987d819793c2abeeb57bb87c, 18, 0x800000000067173cdfdf9ffc9e2a2cbfa88c5c40d86e396899f140baf25cd102a62d4502fb99ca2465eb19b5dd61c11cb2b51f57d663b0adeba78e09cee7b12c24dd64d3481d0ff48c),
(37, 'id', 0x800000000067173cdf12905e94a890d1c155b692295922dbd2b795eedbed42318b96c5eaefd921c1c5b64361abd472e24491212937390af00d07db66a0cedb93bab4444b257012458f42077f432d5004e12ae251cc00bc93f49af68adaca17b664603bda986124f4da, 19, 0x800000000067173cdf1344d43c9bbcee6bdfd6ef92536c22f8ea2d3b7924d4d00719883cf8737e84598b32f9caa783f657fce1281ec809d79a7e8aed78503ea7c8d85eacd7b2cc0c3b),
(38, 'en', 0x800000000067173cdfdb159115ecef2eeaae62ddc9ec198e691e29a4f7ecc47764b28badc559b0e94a7353d84514bcbd62e77aa85797b09609e57e780c1e59fde762b7ffeba8d60e235baa095073244a779b7ec7459de63503da81e0fb73c6c3639fd606c0193f40d1, 19, 0x800000000067173cdfa0a8dac609ffd07eb3cebb2f8d6f420cd7370a516b2636b636346e88d02d9d1970915c47a8cf888d1e8239f5e0c6244c82eb3293f0a444f4514cbf1f67613476),
(39, 'id', 0x800000000067173cdfdee910273541f5f3b77c8d3fe0f77d81196c998f9fa8c541cc2561d18a13037940cbe0170b902dcb65db65956c6f453ebfdaa2b604c4ccf9b522452ba4511f33e9c7bd3a5a2046c70dc68a99ca0cf6fef57762c0294c5608fa0585ea14f24c20, 20, 0x800000000067173cdf056389ce6f0849362e0cfccc45348e739a2b35da6453e64b5ce2f04c37fdab4a4c190a752272cc970f7616446852dfb1a660cfaf8a8af69f4feb4098ee38db6b),
(40, 'en', 0x800000000067173cdfca300858dbd49c4ae41662f90c507313afd1d8faca7d3b339bdd088d68c9cb90ce0355f2cf9b12424eb7e673ea1238ae9185c1b1969d2049dff466ccde5f11d5b8636f5602ef37906c3bfb57e5ad95044f6f5c6b66597156a9501375fe300121, 20, 0x800000000067173cdfc84e2a8b28be105e865b6874463500d157b041afc3552adfb66fc906d503287163617e6a956a640dd0f3ca03759b7725a8068ef2a8b27a69f704cbbaf9c9781b),
(41, 'id', 0x800000000067173cdfd93f6d9e85c39aef4a64e046edf1ee7dce0b2a1182fa90746fc2bc6736445010d0e95ccaade8a8762c010200565e694162eee5d1dcf9cb3dd62c319e6591c07b063ab67d520126dcab04f0f42e6c6a9a3973fca1f02382739e6d8999a7baacf5, 21, 0x800000000067173cdfaf47ae27e4d5e80605e589577bff33b518df3297bcb0bd4f7b76813b51e10511138a4b6701be783b2b8d9c7e92780d1c2e4d0cc326a2151d704a026812ae363c),
(42, 'en', 0x800000000067173cdfcf581593aad1cc7215ee50f65d5a8b0ba0c0d0f277ee648120d0126deeaba447623026c4e3ad849d9f9c57c2639f4a15a0300f1c84a9717bddc34bc966210611c087acddaf069a43d325c175b8e7082ce033e0088c0096c9689fcaeaf95cd0e4, 21, 0x800000000067173cdf8cdc13f54994f68225409973ebeb77109c115733c0dc13fbfec225a67e0e7a6932dae79b1b73a41859516d5a590ed2edda80b8eb9d04bd85daf87223217f00a8),
(43, 'id', 0x800000000067173cdf9572c87db26b0c483cb15dbc8308badbae83070eb0d951ca8eb137c3bfa92607ee355ce3f6453e6d16cdbf713c9642c9267043a6b6f26e60e6a35c0dbbad63e717cdafc9e318f10fdfc26a363e05722c70bf22395e5b84ec4b8c5b3a3aa9dae0, 22, 0x800000000067173cdff3114d1202215e5aa446ca3572cada32f45d278b9bf5546f8d3703e115dfe4db52fb308a9e4a47b2bf7bbb53b8404553b432575fcf40a244dc47cd21b491da2e),
(44, 'en', 0x800000000067173cdf9e1ebb918770855b3a5d8a0f93eb8eb5b2acfbad0d7cd4f5fa34040bd0ab622896f345af454830067032a17826f8cb1f97b153f3adc72c69591ce49b989aeee2505e1fb5cda52e6db6599117995a90f2b9eb9caa24c6d93eb97fad1e2f3a6c2f, 22, 0x800000000067173cdf286f518a1949d36752421ff9d1617ec25ecf48f13f6a19427798fce067ab3bfa935c9b9afa2784f1b421aa36508bc51499aba373a395b3d573a55035f439be13),
(45, 'id', 0x800000000067173cdf32192a12991e85339938781ed35e1cef7c6507619dcd3fe488c8e133a3300a516322203d0b2f0d9571f59271aabc677986118d271597e588c97d7d43401eacb5aac173ccfeba350c7005372fe819a0fbf392af7c79f956784a4c642f7b036f77, 23, 0x800000000067173cdfb20248ed9867f2ce124cb655d651a22334a8a9a2667df8782603696f4adac706855fdb770ce1e6131983e98b7101d05c1ad6d42bb97be823adbe6ebd8fddec07),
(46, 'en', 0x800000000067173cdf694c1e8478ab3799fa71ff924903c35f695f090f9eadd6b94e682cabce23644b951d97b3e12a5b8eb5a7a860bf72a37129592d6bc30a2d4894fe5dcf0f5ccea023ec7980610f57087646f5e41744d713755ccef325e83f97559a7919a13d0ac1, 23, 0x800000000067173cdf0013de902b9783d3dcf58bf018cc45f2aab49b91ad17f8b3157157c57b13ecc94669ede1e7ed3e08faaed94a0511eb5e7a4a87b2b48717be9041ec518ab2c71e),
(47, 'id', 0x800000000067173cdf9b0b86b06f3f0532a9fce21c8507d99610cbd1170a1aac6c1a4186c84c07fc021593bfc2e7709690517c9ead5bf1b6634f377b78787cf9094dd5c20734cb4fb76ced1aadc481e85a57cf32b44c1b8ff2153669d29c5368cc079076e2b43d7f8d, 24, 0x800000000067173cdf58ef9617c0d6a09d37dd281a352d7f0f55ca0c475c8f7a8720e2113563b056b2d66494b2b5d18f6b75853b517defd85b96b26c90f1ab633e8d2466d05a5f7081),
(48, 'en', 0x800000000067173cdf78af4808a4ca5700495fa770d7d8020d33c71c818579bc247479f9e79d926c7cd70a018fa40c5805253169e95df36a220a713badc7e34ae2bfa03218a26b423e7ca08741a3b846b2b21ad2772f808b8e7d7623f8b33962835b30577905414420, 24, 0x800000000067173cdf3d1f837f06e54098f020df4da89ed1e3776ad73fb1f30cd8942f429ec186466cc30fc8de2b0821c4ccdf5aa76291664ae868ca237f973100ec8156347b36cba6),
(49, 'id', 0x800000000067173cdf50f4df39b166f7d4cda14749620042ee10a10927d0743b37456ab8ba9519ca3bc137e4a7d80692aafd9af2f5235f7982b505629e8abd5804948c22320c47101ff1af942f68644fe00f22d114336c72e2a07f5cc5003ef05bf4a976b88581798b, 25, 0x800000000067173cdf43e89e9fdd023a2b025181f7638f992a8727be6ee3851682ce70b13bf3bcfc67112fed2788a72e8bb134b6e5b8858bfc7e07f79d4713882b041f364d1f6d0d24),
(50, 'en', 0x800000000067173cdfe2939e1a25a221a2ef8eb09b8743130e386831c761dc948ab13d738ce7b3fd7150362c1587b9c500505fce387fe8a848995b1812f45953cb03d8f0da2e3cf27e4fd305f41225d44a4221a1967a24063e061c8e156015163579d32a9a82408ccb, 25, 0x800000000067173cdfc34a756a194bdc2d69b7a4d5433a2de3984cc59cd44f3379c17291f124a0ff94589970dd488031b1bc24d408f08909ecff083a8dfe001c2073da62a09677698e),
(51, 'id', 0x800000000067173cdfbb90046b3ff47d504f0395b1d9196625e424f5b9fac0b182340301ea1b9dbd619e05c3af73c7192ee4d7255a4502c56cbb6f3f1bafd842d1bc2761499e40f39191b5b88b1feb35dc9395ee7c140cfbe8655b82849b17e1da0b83022474c29871, 26, 0x800000000067173cdfb5e1378ce21921bf29387b4ca118cfe9c30567f2037874722b198650da9fd0948b7fef1368baaf78298d80db0a5800014f1768d79f53435151136afa927f0c05),
(52, 'en', 0x800000000067173cdff54130461f72d96ccdb1ec167f3f7a3a24b3e5746e1ba11993c91632b3494776e75b7f45747831b19fadad54c8ad2be98dba123c9a4559ef1acd54b036a5e5266dda36e78d048d4570cf8b26ce6cfcc50e86b58014115dba352c705e382ac25e, 26, 0x800000000067173cdf7b904852b8dfcfb63a7d2cfab4aeaf4b3829af04131c37ccd8908b737cda5f847dafd0f4ea65d1fca4a8560a1d2985df0c2f4211dbdac0ea25e7e23c3c2019d3),
(53, 'id', 0x800000000067173cdf15123b704cecf41b74cba0f854b83060b174676465b4b3875d5da8342c93cdca2ff3ffbb3afe175eb1a0ab82c848f33fe484ffb3411e54d18c1625a983d48d8e86a923daf0c2e72a1e6c28c21096adf44251c590e89847b9a2730290c34642b4, 27, 0x800000000067173cdf0ed1ab10554c3ca38e4a7ada36a7ee002f7f41ea6e0ffd2f2cd428b29fd81b01fd98e1e86fbeeb6cbbb66e477e9385d36125244c49c0e36963bbebc3d624c467842b2c7145c7705fd195b41e595b814659d141de1aa565a282f8d9c2aef3a7c8),
(54, 'en', 0x800000000067173cdf9e105ee6c1bbbedd485c06920ab2f9ae918f2a66c86af6faf19dc5c81aedbe5e38fd6f2d2605c9586632c5934901b3c0f2f997f4219121b263d6394d7fd9f0672a613512b9ebec17494d62ed44ba7b3a7def7529f8ddbe990ee578089032236b, 27, 0x800000000067173cdf43fb0ff5887ea497bdad38189e559dd6497e5c380ff1dafbef0d563f1fae23237f9e639a9b4c9440d74de797ade538ce07cf8a91dee6ebb1792e9dd17e1e5fcbbd90b3251e186650f44462c909badd5b9854bc17b6204cfc54f870af2597012c),
(55, 'id', 0x800000000067173cdfcefa4f10589a60ea382aa0e0f8f981eb75bb742d0eca89dd8bff0cb18c2a98311d6bec1b53379f93b48f5ad076ce7003229a7034e14a7a2728f54c5b5b114002e028310016005b462423ff5eac98b658, 28, 0x800000000067173cdfd7ec2350dc24dcc09a488d4572745863cd28690f198e400d9b785ec79e16012f38f40e9a6921b890d345a14d379c7916ee7e8411af8f8a0d745048e223a0cb0dad444f63de1d7050ea55d002ecc8729683fe541ad853d4ef86c42061be8c3375),
(56, 'en', 0x800000000067173cdfb3c54f96286c579778a63764216d0b5de2ec98faed33a3ecf9b7b697ebeabb08f2724084a792a9cbbda6ef2d3e598338c6154d2869480a6c7c5fd797700201517227a2a2860f6070938d8ade3e1da2dc, 28, 0x800000000067173cdf2f295bb408f9c8865906eebb0a18153ddfb4bad93e21bff07ef4d12473a7330639adac02af4aa1e4274ea9c273d983da4ab21f2de7f4940e29b1475699e2adcd201499bc19e03c7a7f0031bcc45eb41030cff417639745dc7669ac2e8bea7897),
(57, 'id', 0x800000000067173cdf37d33dfd7f901b0f94e16a297ea38b71340766cdf4ba9fa87a7202a50fd91c680f728727e7fd7e883202a5fb4811d95b991cd07d44a8f51498dfe19bffd5d491d01ba417948ef51bb7a720a92efad0cb, 29, 0x800000000067173cdfd2137e823aba282decf2f97fbe49a2613795189402edcbcdb125bdc763090bd3bd226feafa5725d1f0983329e70f324a32e785977d01fb377ddd128261cfd0048fcda99b5227d521f6cf3cee42dbc1952fcd6c4cf539284fc7707300509cfe8d),
(58, 'en', 0x800000000067173cdf4e0aebedfdff8909e53fa54108e6431d47c4b4d96fb91f9ada962a2973e00a0c2a945862c87be6bf8ae31588a037baf3f14165eaeed5e0399a40a8721e1fb146a881d81a52f7cce9be31703be676883e, 29, 0x800000000067173cdfef362fa6788fc2be90bae5ca239b3950b8c7854d4c24952e9d75bbd4275170c7151d4181515b1663e860bf4a5904951e8be584240a4d55a9cbabc8f697f343a436e5a573cd1810d0cb9099940039ca8d30b779b5a011e66a35a838af03d08261),
(59, 'id', 0x800000000067173cdf0b4502bce35858561926b4d54bb44cd7526abe6a0a15b1d6a007a739138f1aeb5738ce3c6d0920af15990b8bdb6785fe28865175c47e06dc733f6546b9d5341c9c450eb8e5fab3bf6f66658af1c2b115, 30, 0x800000000067173cdfbd62aa97e5587e105797a39f450444ebb68511271a05ccd0087e8629db4e155a72afdd3db46a7bc7fd0c05423c4bf8e4e3e41eeb8cdfb1e35f87006813f9378e5759eb77c3b43ed1b2b3b09c5c42a87509e45d9710a2e6ef1e2d814e562f616c),
(60, 'en', 0x800000000067173cdf901461882120453eda8e49d37a20bbb4f89d54b2a3f5867c60aaafcd5b2d3384becb471fbd4f52d77acc55f3362e3d1ccc7b89a3e4c10609a4c37c518b1d735451a50049cab4f95cb8698b787f53d073, 30, 0x800000000067173cdf4cc92c61b4af6155b61824f978b6708ce1b467629ea34a1624858607efc0950906cfd7df18fa3b068e7fd03d4b8834f0145c48b8dbd670a11a7b405ed75f2ddbe305bbaeae72f2f3cc40af761316a8033d8c2de2733b0672cedf1dcc197ef363);

-- --------------------------------------------------------

--
-- Table structure for table `frontend_popup`
--

CREATE TABLE `frontend_popup` (
  `id` bigint(20) NOT NULL,
  `uuid` char(32) NOT NULL,
  `created_at` datetime(6) NOT NULL,
  `updated_at` datetime(6) NOT NULL,
  `link` longblob DEFAULT NULL,
  `status` smallint(6) NOT NULL,
  `admin_id` bigint(20) NOT NULL,
  `site_id` int(11) NOT NULL,
  `is_initial_data` tinyint(1) NOT NULL
) ENGINE=InnoDB DEFAULT CHARSET=utf8mb4 COLLATE=utf8mb4_general_ci;

-- --------------------------------------------------------

--
-- Table structure for table `frontend_popup_translation`
--

CREATE TABLE `frontend_popup_translation` (
  `id` bigint(20) NOT NULL,
  `language_code` varchar(15) NOT NULL,
  `title` longblob NOT NULL,
  `master_id` bigint(20) DEFAULT NULL
) ENGINE=InnoDB DEFAULT CHARSET=utf8mb4 COLLATE=utf8mb4_general_ci;

-- --------------------------------------------------------

--
-- Table structure for table `frontend_product`
--

CREATE TABLE `frontend_product` (
  `id` bigint(20) NOT NULL,
  `uuid` char(32) NOT NULL,
  `created_at` datetime(6) NOT NULL,
  `updated_at` datetime(6) NOT NULL,
  `view_count` int(10) UNSIGNED NOT NULL CHECK (`view_count` >= 0),
  `slug` varchar(255) NOT NULL,
  `status` smallint(6) NOT NULL,
  `is_header_text` tinyint(1) NOT NULL,
  `admin_id` bigint(20) NOT NULL,
  `site_id` int(11) NOT NULL,
  `order_item` int(10) UNSIGNED NOT NULL CHECK (`order_item` >= 0),
  `icon` varchar(100) DEFAULT NULL,
  `price` decimal(10,2) NOT NULL,
  `price_currency` varchar(3) NOT NULL,
  `is_initial_data` tinyint(1) NOT NULL
) ENGINE=InnoDB DEFAULT CHARSET=utf8mb4 COLLATE=utf8mb4_general_ci;

--
-- Dumping data for table `frontend_product`
--

INSERT INTO `frontend_product` (`id`, `uuid`, `created_at`, `updated_at`, `view_count`, `slug`, `status`, `is_header_text`, `admin_id`, `site_id`, `order_item`, `icon`, `price`, `price_currency`, `is_initial_data`) VALUES
(1, 'e92a07c4e27847dba5d750b58921660b', '2023-09-12 19:24:33.014000', '2023-09-13 08:00:34.433000', 0, 'price', 2, 1, 1, 4, 1, '', '0.00', 'IDR', 0),
(3, '44d2598e944d49d383cd57cfedcd2721', '2023-09-13 11:44:47.672000', '2023-09-13 12:07:05.079000', 0, 'level-1', 2, 0, 1, 4, 2, 'icofont-diamond', '799000.00', 'IDR', 0),
(4, '9ed74716fb9b421c818aca229704a4ba', '2023-09-13 11:47:09.015000', '2023-09-13 12:07:14.312000', 0, 'level-2', 2, 0, 1, 4, 3, 'icofont-crown-king', '999000.00', 'IDR', 0),
(5, 'ea4c5283a769420a833da72d8f47c462', '2023-09-13 11:48:17.284000', '2023-09-13 13:41:58.524000', 0, 'level-3', 2, 0, 1, 4, 4, 'icofont-rocket-alt-2', '1199000.00', 'IDR', 0),
(6, '475976fa9d1542c886e3504fe9ede4d3', '2024-09-03 06:30:49.602000', '2024-09-04 03:06:17.029000', 0, 'test', 2, 1, 10, 3, 1, 'flaticon-like', '0.00', 'IDR', 0),
(9, '46faa7ce97e14888843320e567c65d35', '2024-09-04 03:12:08.084000', '2024-09-04 03:12:08.557000', 0, 'produk-1', 2, 0, 10, 3, 2, '', '0.00', 'IDR', 0);

-- --------------------------------------------------------

--
-- Table structure for table `frontend_product_translation`
--

CREATE TABLE `frontend_product_translation` (
  `id` bigint(20) NOT NULL,
  `language_code` varchar(15) NOT NULL,
  `name` longblob NOT NULL,
  `title` longblob NOT NULL,
  `content` longblob DEFAULT NULL,
  `master_id` bigint(20) DEFAULT NULL,
  `sub_title` longblob DEFAULT NULL
) ENGINE=InnoDB DEFAULT CHARSET=utf8mb4 COLLATE=utf8mb4_general_ci;

--
-- Dumping data for table `frontend_product_translation`
--

INSERT INTO `frontend_product_translation` (`id`, `language_code`, `name`, `title`, `content`, `master_id`, `sub_title`) VALUES
(1, 'id', 0x800000000067173ce0d55d967a0742e152f8c84de9b8340a76a8f2acb5f8cfb537a1fbc3d8be6ba6a14c1b9bedd8aa71c6a0c80baf73188c988517df9b99c5ffbb690ec943995324934c09eb1ad7d27e5d96841cc675a04557, 0x800000000067173ce05f0184bc651191ecd8db53e8eabb609a3a6d14ed74b160a1cd5b144f0934e0c7e1ab2c94ef5c27fdcc92f8713b79c32438b5019cd3a2ec8119924c4946c1c0b31c0657a2cc006777406b957a52afe3297a6d51d96dca9e7c32160f4e3ec084b08817c7a1bd8d17d11ba70380b1dc3454, 0x800000000067173ce05ef89d4ed685efc48910b6c38aa79a0acbf3bb51132b8f1887db4cef38634c9b412ea4cab5c7806aa4d33c53bbab4bd976d2b5de0eba429cf08e3d599173406c6dae918c921b7e61d1b7369bbd1fe84b8b51479ffebad1795ac10dcc97d2240980b5141d9b12cb72972da144cbf78e866ab922a6d9f583db2aebfadaa208f6fc6be1de3075b3c5cfb71ea565044f0372f75c9be7614ab827931c2e020b1513c4b0705170c84c7e0c011dfb5b15cd671f14fc8162ff64789b932fbb957191e5f98458b573774164d2a37736f6563302f250ee3bd4896165ae4262a7f2e6afb066, 1, 0x800000000067173ce0715ddf98257c839577ae166b3033bab40bc2ebf23fd43576d63f76274d366c47ee3a224268fccb7e0113cdd2696965b9e6edb2cb09be071e69a1c6f0ae3c4b4c),
(2, 'en', 0x800000000067173ce05da21d478cbf7fb6032432892a93aebfd68012f1f09e05c9c08a61595ab2317a9578b4399266914736a92cf9df2ce231eb40b2c4e21c55efe6935d97ac56aa80eceb72f9e6993887a0fd7c9debdfee6d, 0x800000000067173ce0ed5023b1842892b9fe466a727a3830893652f3de7e114f4450109b1659a69377418217116d99bd80d8ca8f8f1386f37f66ffd813121d20fc92f89f22908233aff4269fbe143d66fbc8e3065afcef953d92ce3efb818f126472ab928055102d117d5e995fa5cb24f32cd2e40bc1497f1f, 0x800000000067173ce0521218a7c807992e996a5a4a5808f7865ed74056803e0d57805001a4da29db3dfae4241c10f6654a7ba441811d006ea5f4e8c911bf1bfe000a22407c67102bae010619f487b328de9b31c2c5e07e9415c0807fbd6ea17b1a20e208ac158082661a54d39981983e104c25af708bb5f14001f20c21cea27b2537f9b90cc00dbd879921d7b0ff54c355b59f8f41b02e0fc595b82fef9b40a3e5c1de7a7322a841336fab011ad021766660afcec257675ed3191df3ad1bf43636034544c252b5a3bac68d4ea3f8bba1db699cebe18d04bfaac4318dc575c32d27ae4b5573f5f7f8f0, 1, 0x800000000067173ce00fab3ac68055a5de729f08b8d8a8e4a36eb1d4c5802307c3cb6244392781f5403a937a85728a39162b60f2c32c14f48982c8ce3d876674d41ab4543ba58a1651),
(5, 'id', 0x800000000067173ce0668b096330b8d1176534f8f33ac141381a5b5366506560c7c9c7e7b5962e3c1dac74e7a2a8a9d644a5b7a52e547e6bbade999c64ffa97d8ee87b7d0be3f09a40d4318a3634664c3bfd2a2264d884652e, 0x800000000067173ce02be80f0107c3179a0023bf952fc91b54d99a09b5d3f7351a061583616e85dcfca3218f420f420486ab117b998af42d6d9dabc6d9a9814106adfed98186e2f11176a77b548f253d16dae945b664d5e1fc82c5eaf080139d9b7c1efaa112fccb8c983452f028f271744342db54f8319fbd, 0x800000000067173ce0c45c5a8e974a06cba48b93b3cd6586d857175326a832245905411615410696e345e385cf62e77c42606689bef063c8f7b4f32769f4beca0579241fb5612c9e0eb13cbae5cb4efe1ed702a9233f3ed2481c85157545b950873c8789f1c96afa734239c00ab5034f22a84b2ca58563315db37e88f677066c10e68044db3f38c458e09b9085c5734becb942dc3b4d94291812f3e3ef6f2c5c35aae2b3262cb6e91c47f1e5a113d70cfe05ef04b399972ebfd9602edb45a54b113f83e9b7b2c0967c85d02afd02e1dc66b7420d6a3be6de55ba6f63b1b8f02e4e4cf02882562fe41de1985df97c41f8758e4bd68f0109e8175b8d161dfbfa71a47fe9388a80329a12d705048927b2fdc19bcc42afb3766a85471e1a295c5df30c510eb4fbe92a05b3a0198c77eb63a5db374587b64623c048e206b4743b4beebd6b9dc01b3e511f5a1f5957de9f419bdda7b4eb6e703f3ef841c2cc7c9153190697727c10f99fdec4065952754244e8f289afc03f7d1ad2b8239b8199c789233fc1dc8793d69c3bacfaf74c11c7287266addd594e75d266b5dc79bd6c3dec4bbf354287672aaed572eadc6322c56d704a014f2ea972e0fa41a23a3a070ef4a4517371242fbeb0eddd946500597f8143b358f90dc4cc449abaf11a170433fca77889f84c7a927f6bb9b223d2851b83c4c301d97ece133c59171e0c716349ea015786c1b1ce89527a126d863d7e367f27261ed6688f9337332c6901f9af58efad67f57ff122647698c2bbcdae6c50341d715318e136ee45ef1253fe327734d48a7513362b0f3e7c8b55d25f001c17ff7517b59c3d3265946ca43982cf0e641475edc3923b6b83ed16c5b9cdd52b6af69bae7f30a372be609c00a3dc457da9b71e24222f60d5fc17b5e53e1e730804524404aaafd95cc19c045ea17dd5f44b678dd90e4bc06fb5867763bcec6602722f724db21a5a57fa5facba48cad6ed808ebbebdc4b772926390bc8d24b813821b81a05cf86431149417007d67da6eea66b8d17319d3b61e98dbdd52b13628f6ecf579c0b003d84103e6e57e27ec6351c4ddde410d2927601c8afa1aaf4bad9f83471ceebaf652eee14dc0651b04be4759086331f32bf318e3eeb1e73adadee882155119f0a36f2a341ecfc15727cd2899812d512b1af59ac8b94bd6faa61c5766d9a33a8d9289392121c1842e5ff016ee84cd7bfde94d8d6dd096e48d7e9a3db33e7d907919e877fc5122730ccb08fc71c59d9c21cb40a35c148a8fcc3ddaf7376508a72f3bd0829c6f85df7c4943f69aa7f1435ac1579469ba292139d63a3338b5ef59524ddcd0ae027ece2f3e447cfb692829349177943116e46a5a31ee4e0cad54b954e383baa0a8495edd6c5c85660e88fc84dd42c4f68d8715a4052c9d8c55b60b391ec6743c2efa6062ed4af26d100c7a99c67c247702bdcd3ae9494d8f3a5c28821ce4c6e1b82d468f5481c3ec9820061e0dd955b2c19049352e44941b6bcf9b3394e27381650b1, 3, 0x800000000067173ce0c70c8b5bba6307c769e291ff6fae455fbb39cea23d93d5674e6b5d8a2d04a9ff82cde159fd221311aa3c7f58f90c1fafdecae8f2f2782b6b587bd9e9f0e9bf3c8a7b3c7b550f1ad061a83ac66901a6c4),
(6, 'en', 0x800000000067173ce0439759f3fb080214c5160bc4465f28fc20b17fad9e66335e3ca47a5d8ec716743a3d5dc3507926b162a8f94aa3ec75a2134219386dacac80ca5be1a28c9b59a8c22550fc51b3284d2d887a6559d04156, 0x800000000067173ce0547d9a681d2ac98a991a320bdac52441bb6faf47b30832f6e4953bbb1a260f865aa02f23f94db4f2ff988123e5eba46930d0c9fd6e8056f79c4fef445cc7390721edfac15add27dd790627842cf9a769558ef68d4553257ea8c42034fcba55099ea7afaf2d03994afc961e50e3edfb4e, 0x800000000067173ce0ed596b7aba8ce5522dded48215a0e6138ff553fc53c4a2c239ad62844cb610bcbbef1e8c051cb765f024d23bd167e4960dd7e8aa393b6edfe3e8359616d0c8235d4c183f9df3c3de1fcf59664c51bae6762ca85811e20edafc4f4217916be0300a970d1e8420d4e1beb7ec95f67d0df07985aa516d10245b314f8926f25f687fa22f85e5313770039cf96ebab7b3b39b0e990c3c3090b122660fc6e7f86d9a21b24ea51955933455fb0a6a442161fd40dc84fe31de9589d324757ad8cc41d786a7ba59e1b830b4dcfe7a36bef963ee0f88afc6a16dea75471384821b650560ddb793f3b14cf7097efff606ebf7c8f6dec702ca50dc0e05b7af9f8566071c6348b8a69101145aab4e8d7aefec997a597f051a94a11c5501fe1de093d666a1d4a28e3987fa5bba4e70684e20835bb40af640b8603884c39ee8fd5afbecee9750a315c01367a582fa433f2a324478e5f7b46fda7753d870bcefc033630375f69ced76af0a3a8f295c4de84cf69ae953c3392816881964571936aa4488dad3a9adae0550105a78c0dc3ad24a98d857688422f6f424bf458897857cca73d6a8f864ac4e6c6916d00e2c19b8d7151110f51368c1f467957c4fd2808c003ed03fb142e1f8c5c7b06d7c2d5e72636c5d6395fda5bb0452d705a7a0b0787acc0fc7e1ce75d0ad5e12f3a119a9706c40b48e6043ffbeb7302230eec37289ba2162bb0e8c6a6e003e645916aef0f3d02e323ae33e96e226081ef7f54c846371b123b929a1eb0a44160d5c99fc42043263abd712d0ab8c542491b6b0898ea4aa4249f3d7e1d1d1f50053ae35974f9f14450a118a074c6a01ce8213450717cd365ad6e1d653ab38b3057a3cf2d0dd8683c53cc41f16775a61ac0daee8f37bbae7c9c0bcee0cb5db02ec01033df8b6f5bf54e9608969f3c8eb4217929ee9804c6d002b4353ee80e37298c622b5da6899f043ec312cad10ea7cd6ec3b8ecad3584000281bac6d349ff4b304fe81bd0cb16ccded914358172542aa14d44cd2d333170abc4deaf202c0f0b8baa50b6b8924403d62db1726f45d292a0f7f5c461aa0c0570fecbaf787ee1caaada068a23e5e69a9186b799295351eef4b6683a447a9969ee0fb50d352c1551a54e970865ba9bae1b4fd0cd075894e50c81890fd583caaade48cd9d4a52da252ae67797b6ec7255feada8334ca4cede5a0f3547a05312e4a49f1bcebf1fb36db3d81e9bdf1a3da5c4f6061fd16e18e74c898d04c19ebbd838a36fc9a1f4c9a022c38183750c4d619cd76d0e4857cf8cc8e07b10c3e09628387912fc4ce1e2490faf14810ef06a1d1b4d8ba3f6f31203833ba43b412122e2017300a187bd43ad9146010a72acd202dee3ad99b08d23917a15077074ff06eca489d879dba5cf458c2ae8d93dde2c593da58b9ac8689bda0b1ebdb6d4f6ddfcbeb6241a8dd0b1c6bf3460e27fc2eb1defa48842241ce7f6eed88b47bf25adab9be9ae7fc7313d5398f11e67fb244da2ae0f0cd2f1e8b89787c0f0e1dec96251680dccfcab1364fc69d2698684d89f9a9eefac435843fcd4696385494f641856402e7ec394f05df7ede3f16391281070cdd1f162ee5bbafa9f1263263e242dc0edcc23b52f5614fe1c19a42893f9fa9bd4365d99142b0e9f9394107eaf321fbd14603da4bea861dd4a99a8b847bf65090658c44e4ef4748fbf46b46809efa38810d3d8fc4f31edfc9f21c381f6bf1f056468d07454a, 3, 0x800000000067173ce0d00ba4f38a292357da554b7b3cc8afcef6fd77c77843f5fe1019addbf224eab782a5aa2540b7bd070306a6e05f02b71a28e3bbee133c9fc2ae97cbbe96e9ac0cb29f386c1e7ae1c8381f7b0a3f21eb7c),
(7, 'id', 0x800000000067173ce02ec96fba92779bee5f1850fd3739e5ab2e8a8111793890e0601f04c51008572478467c8b493108e256482155fff0af305b390160894e90b453f8e768bf7ef3af71d0ffd8c0a06e9244599fb2912dfde7, 0x800000000067173ce08abf4d371ea6984d1fb8d834ab5b1a641b3edbaedba105451c45acd63f44a03be1c583e9b3f395687e2c1492183c025ad278cb80bf3dbbb39365fde1c5b35401ec4c46b9e7234024e395ff3f1738f5506f2d4eea9d74a2db6bff6f398d953288089d26d14fc06d5564ba40810062b05e, 0x800000000067173ce0f91fca1d7180a072927bbf8d5696dfdd11f5afb7239615671ab9364f0a9b2de9fd27c9af2324ea5adfe8b0722bfb7829bc91ed8bb1f43426ff6e09912777ce5b7243fa3f276fea6a489604fa1f06aec023b1d597120284d3548dd786a16ef516cca1c9d1f7b9c456f191e5820bf9f747be82ebef769a63fda8038ab6c01120b4affcae8727509b3a9a82df5eb19b12de6b742305bf47d693bec2949cd677bc2bb70da8945db95e188b9e2c6a9eae7635750afc98bb6380a969184f87aad49359cb7856e1dba3cabb881f1bf7b8340215b721a32e7d73110a87521a8d3b291702c08a880cbeb5f22f19ac1dece67505007105d334e62f4fe930b04082ed9ec16ed774624620ffecdc4520e3c219bcf38cad8ea9135ecfa0f22bf867dd53be15816a00c8494d7e84a87009b6727c39373cff76bd4d09b1e7ac1aeda017f7be059153d221d2073fcdecf7fa6ae571d71b9177129093448259be9ae1ff28f5aa8ccc10c9ee54f5dac5e5d1d9ec3d592d6472a82fdf33ebf87c916b6777f8be54f61664f5871397144df44f53c51ae9e38340dd5de8b3a8dfca7639ded33680e2611b5fbb3a906b0dcee33de09be98c85c5955acba336db5e68205cfe7ab51dd23156366398a4729b370102827a502c34d54a47e5f504a0e7e9acb27c7e2e63c274033ec5cf561a27da743c1551459226199f108e9fdfeb33560f43e70abf8f671f3a841467c5727bd64e1e47680336477965f66196cdd13da350a74f6da869d2e16409a07249344ef55bab7c4494cc6e601666d51cc71ff385e2a3609926c84540d313ba0fa6112b8fb1f49a162372abae98603f28f50d32457d38568ad19b54366196a4666365e3cc51a30445fe343baa9d45015de1cbcf0bc45c74c795df500ab44dcfc233d28bd61e386779d9b26937b37c542034ca1e1a1458c7cdade16cf859aff0e6e117e363d7df1501aea7358944759e8717882740e9ad537e7f554ea18a0896acb89362eca31518b6c2b53baa410bae19aed9c9b01e59a42c264a3983607afffa847aad3f9271f5922a6826777363f89fe07d2d23da2ac282e7bbc498e138e0213c7d9a6937e695dcba5e619b506f829153ab95209573edf770751cf760c1d5bb7387f058f5527ec5fda5cd48a04042d1285dd9508aeb955007712783712bc2011b4b019195cd44cf4a2e0186e8ad62a2973d0934db371e2f5cb84ee1a6f71a807ab8dddd8cb7017f1179cfde084254473a9f256aa342a0da49d69ab200c94a2080e8d28c4458e6f43106e9f7b8faad1a00e6177461bb6acd1f040b029bbdfd7502ac7f2a7e43eaeab93db920f4d90cc3d1f78ba7d337be301919a6bf72f78d87c83a8240a588cf75d67ee861530390459906d01b049d631c08f9c5ac8acb1d2d1ef0e9a129e036b97a78e1d37439e97c2af47f9b86e61e58ade6b508581734c9d0185d33daffb106e35676ba2a5b975473de178395f8c773322dd02c84cdc803d6fea053b916285b444c883095, 4, 0x800000000067173ce06d4e97b9e7fb596449bb6847fa15cdd281d12fc8c8ba68e4a7f09993ba162f706a6ae13a1d6f432d8a0d5b00820f4728730afe55b393d61298d92002b9abc759b05aee101d516527e812a89b293dcc11),
(8, 'en', 0x800000000067173ce00e87fbd632ba1b3a17f946afd5cd6a724f331b4c297c6b10d996d0c547a71ce3aaaa8f21cd510ac5d559ed146e540aeecec1ab5fec3316e3d5b940b12748b25292763d8cc8dd6539bf18297da51d31bc, 0x800000000067173ce0fa99bd8fafcb4995cfded638b08dadde505b74fcd3037ccc349cedb38434784a879f3ea95c1d7aa42f0a9b96bbee2d8d42f507252738fa1b8f9da4fb8566c303e7aec7f255c9f2197949e65a83766af9dae6a01f6c94a144a6ad049a71d1248cb58e9ebd5d1b32cbf3951af959f11131, 0x800000000067173ce0d4365cfaa9f78a556520f18134e592c77e3962720bb4f22204cfc3fb4513724a69797f3d329e0ed987839df7d3893f915c596568e663d138dc0e984f8f7b18d89f93154797c9a13dff137eb1cd7cb3021ddada4ead10cffec08ee161d662f49a8cbb76547379be1681cf01a2c4c076f7ae5982e3849c4936417b33342745f6eaf31841eae7af2249a8edb941af52e5d1f36af5e0a46726930c07b8dd581c3ceba278c47e4dc0295e51d78e92463e8a78fb8fffde6622839bd829856247919bb38184ed7d94f531de4060141c5a36dcf088be4956c372f90a7e14efda5876447f66589b498e5b7aab63f3a9d06151632bebe0709aba4556d0db70d299ff52f709f46fda44230adb138f9d4a97c74d7f4c0c6e3bd46fc3618554442a7c49dc22e67dd59c9903c2fb0fe08869c5303262b99a3acc0716492b1cae4fe992f63c84e102ceb52f8fb61d3ea5622f94b5fe007b11c542b5c1bcf95913d2751dfcb311fbeefa985d0505f3d3f31bad5daa5b6f17acf589bf60d32ae3599771a28f118387dd6365098029fed17502173065267db1c4e0848693ff77819e5fc3a7138336fbde41321c1a6813162d19386fd1f19c4e89258405c4c322814b867fce6b72cbd764607d2da56f3940c44913d771191473ff216c5765023ebd82e579023f0ef65681a2381000f04c40805ceb319ee1331efea3e44db0a64d4de657505309642a4a38a608cec8cb149b9db3b6e2a5a103ceb5cc2e08a3f6f3a2fb49454e6af905ea60efe243e98eaab46a64106c6bf86754ecd31c695812fdf2d78f175d5b558ec9302f8dabe00e12735c3d85e35112c788c19e09ff56067fe4a500c46ad0c2249cd951ec52c2a2f91647766333d56677dea4777ae744a4efcfe33eb696c21d83451a37b579e308638924afce494b261ccd988362b47395cdd5337888da44022fe57802f7399dbd3f3db69ccf2c279d15b492ff1da580c5eca915c11caad2875459f5cc44a7f20c807246709d5962a2002f8b0298470e273d486ca812454a81f7a66f530629e7a9adb5e3a17c04c5e6f615413a5cfc4fa8a67c4c10b1da0d966ddeed94e4d6b1aa9bab103641fb74aa18396c384debc08e37b90af48c074677c60bee25589cc6e61a6dda871309796e46d29611a3ae762406b619c4be786fe0c7abe872cceaa5dc60696a11df65bbad9c9dea5f9456009445611beb1602fcfa61facd21bed5ee7a10d54039fad886c154e718179a7f0132e3897a5a08a4ec42d3929b881aebb3120f4929d83c96d6192bc7e0998ff7c779015a437a8e61e79d818ddedb4ddfeffae504d654d234cce6a83b08197f8a937b240eb8164c516efd5bad0376ffb37513728017a7e410bd80f649536732dbbe192513ec0cd443d97415d1173183ec31423e2362808dfc1058c4821fc77f73734a871601fecf6ff6a992da289e598c3aec0039b14f3793a429aab286ddaf8a75570e0b01e4a1e07e935574034225e4124cfe3633f916461c88cb9af325a5d5f16d64beb2015b026f2bbef6e3bd7cbe26bffa358f1e2ac50a6690a524c879839f8d20457389d931cbd39f77c65634f4e4bd2ef49dc9b5f2c548071f04b2ad31048e68d8146a467baa6134088632b13e45548ef46658e8c2a62429594c0f5d2f42d58e4b0dd136c24fef1a7ed9c848c537ecbc030aa74f38ff9a4a847729479ca41b23ebe281b9df6e9debef50f79a5d923a07b7ce18531b15f4e176, 4, 0x800000000067173ce0bda7b4030429938931550d9bf121404cd4d13c7e190bac9f8ebb531f4f0c4dd865cf0a7d1350ccadedd58b8cb30d3b7593ee250b6e904c8917206c38627df108aa52b85dd0cfc48718cc0d94aed2df44),
(9, 'id', 0x800000000067173ce0a1624161a8f0760d33e0ff802fd1b603d5272a437c0bce879bb16bd5588f6c8d05b481abb3930470f09cc58a39de190cb7f3b19a7ba2b9ddaa345136b4a2b439f56c5ebd0ffa9ea3ee8876b4ffe70724, 0x800000000067173ce0edcb225848ff037ded92175e42909bb83f7150794222936bcbe334d161fb911c0e2f9e50ba38432e9b173c8dd44f40915fce9cfe55d03947b3257c5c45093c677d96bf944cd77b05797d9aed123817864dcee551a3cc463a83363b933bb56dc59c0772a451ae7223777e692c27e8959d, 0x800000000067173ce0080c063c1588733e6467592d8441957c18f57b529dc02d1ea78d0dcc249b5ba22b63afb2f919d6fa0653b188ca0301da277d87feeb9fa11a3e9d62e18dc8791074769eef02af44cbcac2b9f00095b33f76e297aa2af22ba53ce096499b5a5367dd0722bf3adf8608327bbc5a35d96d5acefa5a9447507a6b2f091a830b30587b1b11d94ecbd38d9b4d69aef6146f398b0d33cc7bef23d6aa9e8076cfa220295da92fea8b1d0367da42620d8a2e77812361b50979f01cc694fde0409b2516c90d5c6da07fefeb16d8f179b4e1a039575451d9d7b0e34696c50ea4f9a899546d7e3c23be493d719208470cf61fb6f477d2b6b5660831da3c489572403fe25d9786cadc0572d6c66b2e094f1184150ecb884d301655eb7c49bc18c02f872ff3cfea4d4c80212d08f5cb1cd8719ec2722e57bcbc3282af531e740ba6ef61b5cd6473ee7183bf1b93f98d475fe1fa9bf82bf223900d2ad998b20262418c674aa20f6bfe396cf62a743eace93a94ec30144ba7f12967a951127b96d166670319a29ceb389ac61e9261bae7d35f030ae8c7dc36f21fa06d6386737ef1b94f348c78fbca5d2bb61bcd31c5145ffeedb3a2eb1ff10fd15e85a0fca1ba6a8630ac705cea1f84736a430ac067b8ff007a6215e09b32fd2f1662b03ae0bd5427bafda8b1134c32510a57a40d8d327eda61eb654a245f9b66aac2d2eef4633c8ec084db918995f8638f7149431b29b1788517201478cd535ba9886044b098e822b05b298f8907900c18db9702bef47ba9fe39617b26f288fffbcefd8ed2153acc94ac2a28968983783ee9ee51e8a0872db5bd8a458ee9c26c1606553096e1544c5c6e75c09c97c66a5332e65c7e92506a66ab786bddf96b9f237c664fd5c90962e19fa68710d46974ac0610ee62e8b9747acd9651f44ea832a62df5398a9689f781e6c457fbdfe096a22588394d7f2d3c33a377e09c11f00b6f83c49ee0124c8168afc8d4c90f0092221f8fb305723c31cb97f1d66118de5409cc8d0bdc30b1a9a6444924de31474f0d2e3af1e818977626111fc4b60ba2697abb6861dcddb8d45fac2dd43d766ca71f9df89f62807ae12457cee7cf0dc1ee45f21b5e1fc37bbf7b38707bc924e69c95bc46ff7efe142c9f19ef683640ce0cb2a021f24e81023599c568faa83638e711e320155fbc6168086f4a8de9ea3ef816fe3297f02312f6d272c638b738ef49246cfe705b4c518fe17e1605c211639623206278d9036b7d02ccd90b07b486757080f3549b3aae924236d2204207b4348b1ea18b877aefb406857a4768fbc9167d8796f873f0fbad0701e35f5bdefe27d9c355b4b53ea36cf358414f2b2236e2c0d2a5e3193e829b5cbb6924d8bc78ad69ab3c7f547a92681c3e455b1f7c6730193371a0fc6180161ffab6724b99116fb61be1b15fd844040f8c85e28a11dc2cb35ac3eee2e4e87c96d71c9e47733898e89089bc3bfa5aae7e9647960ce399ab8ae7ff18237576fa1b97cba10c90, 5, 0x800000000067173ce023dffeb9b835416cfaab36a4b72fc525195bbd5e18f690bd43fc9f904e1944ed36ca1d88e6b834a8dad89c735d7ad09c25f82644601edf2a223cdc66a42333d065d04d9f7bfb0ff7030aa1a19a6e8c0f),
(10, 'en', 0x800000000067173ce0e7659d91644e1de4503455e19c659ec7906969d2d542069c4060be392e9712e48f84e93594b0e4b26fd7cd8d4027a020a9a158e8d796f74235ce8b7ee7713038fcdde528caedaa3137d6c4462e07a49d, 0x800000000067173ce0f519271081e61629c163e48b7463e9477065b255828ed1f89e388b8aa9761c2e7d7adcb7ab5e3e6dde26df059083ff64d8f2e60d717a203dc7ca4231f2ca4f28d53d847a16ff40ef14ae8a04b9b870e0577144209453fa4d30fe4d9f84a01c605029d14ea0dbe903117f0be95a13cf0c, 0x800000000067173ce06b36bb3b60454214713f11432f4ea1a6238b414ca312697ab8d75520b0aabf237e1b1d7593618e11981b2314d4ec66e3828007864014cd0a9b7a60eb54f737b23fe95d1c49700d92a96ada029b0848519282fb7f4b978900f3b6c4e735088b8a774803346c62f089d7cd1a363dfb5d0878cce5d8a18b5d3616a46f936f2457e3f9f43bea13500f1eefa5cc49b009be412b6552e0d7e374ec86a7ba0a23e8437cdb600700e4b1a3302a9f08dbbd75290d0f50e44f71e901ba83498a624c5b9c20fb9e4a71dd09623802a3f79af7a0e527bb737878f03713596723ffec0a075666925eca63ed4188d1c799f901dc32e2dd110123da4335c7d93b092da75fbeedc8857b70a0926242f09ac4fefabfc514542dc47f27281fa3ac4cdde1501ae4671f827c8dd0fb74ab9e565219819ca943256acf67458fd26a1dd6d778d14e0bc0b4e8e1e22f6f437f28989dbba449a15596ee1f5c3def72993849dca5a576ea45a9d69396e3c905bfb01573e4be6b431d47e492ffb8d727e9a209e18d43604058fcdecd1cf712cbf3504af4eb83fc72d9555f66f5f0ae543575a1295e5dd5689b32d72753ef9b3f6816225fc92b01c99f2769bf4cecb49ee1594b78ac67b154634d206e8e9f7c164c167cad21c7b1ff2ec05da071bd0574fe52fa7c6e39730295ada84b239e38e32ebbbd303917c5469d68d440da64a49974e00dd88c87dde48e596e8c643144d5416d655e8d79bf9a45224a692fc2ff3a74843cc6b23332f5d44d3bc8ef72642aafce0dfee9e1ceb903190d6fafa493ac315a121c948c8220617c0a8fdc86d09db7ff4f655eca87bb0b5dac3827121ddfe41c79e4ee2b0d8fd472e96f0699e25e1e50bcf28fa9451c1c885683a29d0756fe34ee5636e3d25410d8c4a9d589fdde0db731fe93e77285c3a3b577405c2d051b14e825b698e401e3762541d23dfd09d5d5362bd6af1b25fd6e978b4a3a79478df8b25605a489226716347c20499550103e64c7020d70c77fe692a6388ee452ff17637780f669ff7542c2523eca1509ff6135495f96f0f1e5538ade63d6e6dd620fd677dbd24778d93de73ae7c580a35a6444677f921c43f29a7ade25fd20ac7b0aeff94b0c9e01fc885be9f2077d090dc0cf86ed9ca7643abbd27dde8a10e3eec4cb671ecaa99317eb53e1754cd672bdad5c9800e97f8587fdab0b2cf0ab3606a0c7987e40d9f012a1aed14a376323b0cb9a1987bc7c7cd04c35106316a3c7531954f793a800e1a73f379b84382e92c699f2f4062af81e29f666717e2ccb3a62abe66cf50e59c6c871b60f8ca07f8f5bbd25202b783ed534529a55670fc87a589fbb6ab2545b8634404438c9b87f31f2d5c879958a8cea077823c946927401a290e90d29c4386fe74612e28c105934a8536e313ea847952621e2f3d5f55fdcf8bda78c27910141fdfbf33858beb434ec65f240028a5d586e8e8365c2d3c162f81b515ec24735e1d67839a36f08d5e476dcfe4f97836cfc32b1ec8407c605e215d5a44f005a8405388dd498e8d324421e47a1b2d8981f7d207487139abe13efdcfc8d9daf522bc9f53cc2b3d5ac58aebe4aa68c5053031aac056b36f60c28334400bdf4757abd210f861fdab42b60260bcecde7dd3fd32ac5698ee678b53cd9277c36cfaf0de2454152d06f3fb73b5a2b9a1bc8a5407af1acc80b7cf571ba9cc69b4431704b1c8ba5f0a59f2348c3cd82fd6be8dac1b09e6cdf, 5, 0x800000000067173ce0b8b4cb9ff3769871fe92020b10611a6a1ddb1201d85a8003b12efd30fd4c3964798f192f7a622719feb99b52f37caa8d53851da0cde5939a5ceb035aad53ce0f61e59ba0c47c4795cc0fba877658f56e),
(11, 'id', 0x800000000067173ce046e501d46c30966f8c415b3ef6b2e2e2fade901a4a6c631a9a79d4741c82114b656cb4176f9789df1bb11d7fb63d72d1f565a76657912f86a8cb377d86bfb62b47d5585ec429f994e4bf79ca5f2dd961, 0x800000000067173ce06c75cfc1c952ecd43f71f179e1d670f34d05ffbc378499f15ce4e52f39c37f40d5a220f1953fbb18e4aa6ff3b3e951243fd8a71b9256483258e21aeb996e276e1e04d174b715c0c98049379f977530c0, 0x800000000067173ce0dd8178a6746798ad24e6dcfb7ad7b21a900957c3027e371f35b1c6799619eed075ae84064f415f948a4f1212661eaa060cba219f85765e3d927703d14399551ce7be417b37fcf67d2938a82fa6b2fcc4ce5bb649af48a62b37e4863dab928e0a, 6, 0x800000000067173ce0cf8a0e722c08679534948b158dc50e28d0b7efdb4b350be64dab0a9ef57f2abe7cd83e508b504d89c9e6cd1ec3cbd301deb29fac864b4610d1a722280ba7c6a5f6a3a3cec77a6a303c51463b54e39508),
(12, 'en', 0x800000000067173ce026489ddcfff4028dcea150a4ea988ee02bf82a09fe8999e35cf7ad852f03c552305074a1ce9b59ef52090ebd394991976fced707de0bfa065ff2eb40c5b5b05c1239eed96bc1dbb02b76ab038f968e2c, 0x800000000067173ce0039c3eacda18eb9b32d43dcf8db4d94717c0d14d6cb71677d1cb7b3e7ec49fc09a43707db968949dc024b64a0ce9780ef3e3f6b6d61600d24f379801dced26751964b0b337e0b50c5dda30abbb3da40b, 0x800000000067173ce04d31d0067c020a654556463f4473263fe65cb5420a8471aa08d2370ab8ff92db90922772ee41c0269664dcb3e07f4f66cee96b836fb9452863fa8b87fbfa0c8fc08901e029f79eece7c38a4c01773322, 6, 0x800000000067173ce0be09b0a3d5e77c8c4ea2aec641c676d99486e0242d74674b9c052d4a9b695e3b3ffccad535fe8826472597bf2987934fd2168a4c191f5674458d0aafdcfa4b0826e7297f84d729df9a4a04f2b7191b6870f9c9b60bf6a8fb2474cab3bba4d994),
(17, 'id', 0x800000000067173ce0cae670d822e841d014ea5da94ec18e4e3f137c6c4b150195f0705809f76b1f325b70ed09005134c3ebf8c1190e05481ef638975e902bd2d96a0ed604a3f63575af7795ecb09b65471dc42915a82b5922, 0x800000000067173ce048dbf397c473d6decd8a0e57afcad64a96c4580155e244fca606e8a218571d8d1f91358046937bf91975ca8ce91cecf52231dd4e1fa54c457fd3c3e8cd4b5e5b92dd0ed5eef2e8e5fa6799ef5a12708a, 0x800000000067173ce03fb3573d43dc4b25664a2052d4bc40aa66da9c865a25ff47de3752a0888d6df5cdf69e85e823bce6ef5404b7a296b04c404ee9c4f6c538830e49ddc9c9bf181f35e14c05294c8e6eb8fcd46af6c653b036b27cacfd641699b138e3e03feccee5, 9, 0x800000000067173ce0e4191d6aa4617d43386121915a392cf6f7fe8a9bc4a3e134f908d8aa60bc35a50606a516dbe9133e14134ab1aa08c45e86b1dcb037a43dcb609e1a8a7f7dd6c4fef9c45af89e26fd57761a6222c593f642f679680b1c7cb45013dd4c7d7af507),
(18, 'en', 0x800000000067173ce0cb2a2e34a3a50f1d662c647fe028e80ccdba39c998b6f807297ace0c2ac3e6495358008ada05443552eddd259847fcf88c51e3f5cf88b221d42314e4b8a625efb850965d68dcc9f824366aba5f5f3029, 0x800000000067173ce00cd81d2409733fd58e45389dfc92eaa31b6dcfeab1dd25a2833eb29430f1a1b85886f6ffbc6bad4a506e2e067341e8105aab66567b0b21881b9fb74d575cf029737251a3ad4cc81570818528ff8e5a89, 0x800000000067173ce0e7179691f4ff6d9ed3332d422dcb5362105af243edafc270e98bd3cda01f2d20ce3c986390c536c11162b9d21a42181d8a20316c75176a55c5486fc343f92661d3ae625744b6bedc6acba22f8d5c3b3081fa9248ebdef5382d56b6446af8d80e, 9, 0x800000000067173ce0a40544e77ceda6c8cf0f420f139fa7fd0af9c9cfb2f318680062a198939e203f9a4bdb68272a6965925801ee336c2e286b33be8e6be31f26e8b010b61c5b75aed5da22769b76ef13ad41f6fc480c0dd9d765f7838b364f37c1778987e801820d);

-- --------------------------------------------------------

--
-- Table structure for table `frontend_purchasing`
--

CREATE TABLE `frontend_purchasing` (
  `id` bigint(20) NOT NULL,
  `uuid` char(32) NOT NULL,
  `created_at` datetime(6) NOT NULL,
  `updated_at` datetime(6) NOT NULL,
  `qty` int(10) UNSIGNED NOT NULL CHECK (`qty` >= 0),
  `status` smallint(6) NOT NULL,
  `admin_id` bigint(20) NOT NULL,
  `product_id` bigint(20) NOT NULL,
  `site_id` int(11) NOT NULL,
  `is_initial_data` tinyint(1) NOT NULL
) ENGINE=InnoDB DEFAULT CHARSET=utf8mb4 COLLATE=utf8mb4_general_ci;

-- --------------------------------------------------------

--
-- Table structure for table `frontend_relatedlink`
--

CREATE TABLE `frontend_relatedlink` (
  `id` bigint(20) NOT NULL,
  `uuid` char(32) NOT NULL,
  `created_at` datetime(6) NOT NULL,
  `updated_at` datetime(6) NOT NULL,
  `link` longblob NOT NULL,
  `status` smallint(6) NOT NULL,
  `site_id` int(11) NOT NULL,
  `is_initial_data` tinyint(1) NOT NULL
) ENGINE=InnoDB DEFAULT CHARSET=utf8mb4 COLLATE=utf8mb4_general_ci;

-- --------------------------------------------------------

--
-- Table structure for table `frontend_relatedlink_translation`
--

CREATE TABLE `frontend_relatedlink_translation` (
  `id` bigint(20) NOT NULL,
  `language_code` varchar(15) NOT NULL,
  `name` longblob NOT NULL,
  `master_id` bigint(20) DEFAULT NULL
) ENGINE=InnoDB DEFAULT CHARSET=utf8mb4 COLLATE=utf8mb4_general_ci;

-- --------------------------------------------------------

--
-- Table structure for table `frontend_slideshow`
--

CREATE TABLE `frontend_slideshow` (
  `id` bigint(20) NOT NULL,
  `uuid` char(32) NOT NULL,
  `created_at` datetime(6) NOT NULL,
  `updated_at` datetime(6) NOT NULL,
  `slug` varchar(255) NOT NULL,
  `status` smallint(6) NOT NULL,
  `admin_id` bigint(20) NOT NULL,
  `site_id` int(11) NOT NULL,
  `is_initial_data` tinyint(1) NOT NULL
) ENGINE=InnoDB DEFAULT CHARSET=utf8mb4 COLLATE=utf8mb4_general_ci;

--
-- Dumping data for table `frontend_slideshow`
--

INSERT INTO `frontend_slideshow` (`id`, `uuid`, `created_at`, `updated_at`, `slug`, `status`, `admin_id`, `site_id`, `is_initial_data`) VALUES
(1, 'bf8d29be0018402791ab8bbf60660bdd', '2023-08-25 05:07:42.592000', '2023-08-25 05:07:42.604000', 'welcome-to', 2, 2, 5, 0),
(2, 'eceb5f56f4734249abcff953929e6c8a', '2023-08-25 05:10:35.564000', '2023-08-25 05:10:35.572000', 'explore', 2, 2, 5, 0),
(3, '3daa88315cb845c4aa1ef2b2a21a64b5', '2023-08-25 08:26:04.497000', '2023-08-25 12:08:24.053000', 'beside', 2, 2, 5, 0),
(4, 'f0a728e7341d4e08b9e70f27c1728418', '2023-08-25 08:27:22.853000', '2023-08-25 08:27:22.860000', 'here', 2, 2, 5, 0),
(6, '5420508bb4974446973c16f6c4ccaf4b', '2023-08-30 14:07:53.107000', '2023-08-30 14:08:57.790000', 'semarak-kegiatan-hut-sman-2-jonggat-ke-19', 2, 3, 6, 0),
(8, '03710fd71d9945c486fd122b8c5e87f5', '2023-09-04 14:18:11.099000', '2023-09-04 15:02:00.819000', 'ciptakan-kesempatan-bisnis-yang-luas', 2, 1, 4, 0),
(9, 'bef32b5cb94846929e37b2262874ecca', '2023-09-04 15:08:52.828000', '2023-09-06 18:23:40.220000', 'tingkatkan-citra-produk-anda', 2, 1, 4, 0),
(10, '1020cf4c667a49e290ea3aa8e7066869', '2023-09-04 15:11:13.015000', '2023-09-06 19:23:12.902000', 'strategi-pemasaran-yang-kuat', 2, 1, 4, 0),
(11, 'a1deb4a6259448c8b1909c4427773528', '2023-09-04 15:13:59.693000', '2023-09-04 15:24:59.414000', 'kemudahan-akses-dan-layanan', 2, 1, 4, 0),
(12, '07cd14ff1278417fb5865e2cc114c1a5', '2023-09-04 15:15:23.943000', '2023-09-06 18:25:08.821000', 'alat-pemasaran-yang-efektif-dan-efisien', 2, 1, 4, 0),
(13, 'df7412adadd645938255529cac079230', '2023-09-12 11:48:40.812000', '2024-01-11 14:13:24.998000', 'tampilan-depan', 2, 3, 6, 0),
(14, 'b2e06d8247694f7180fbf9cfdc209378', '2024-01-11 14:37:57.195000', '2024-01-11 14:37:57.204000', 'selamat-hari-batik-nasional', 2, 3, 6, 0),
(15, '492b345916b84015b4d779d3c8d6aa47', '2024-01-27 23:39:09.351000', '2024-01-31 11:39:15.089000', 'man-2-sumbawa', 2, 10, 11, 0),
(16, '41ebac59c2d24a3c91d3db5a81f50b83', '2024-01-29 05:56:04.139000', '2024-01-31 11:39:59.099000', 'profil-man-2-sumbawa', 2, 10, 11, 0),
(17, '5e10a2b61445402293f8f4d56e1106b7', '2024-09-02 06:42:33.848000', '2024-09-02 06:42:34.252000', 'slide-show-1', 2, 10, 3, 0),
(18, '88e2377a7b614f16a7e7b838489d1f74', '2024-09-02 06:43:59.369000', '2024-09-04 00:51:09.998000', 'slide-show-2', 2, 10, 3, 0),
(19, 'b013cfb8ef634760a0d08cfc49ce91ee', '2024-09-04 00:52:34.982000', '2024-09-04 00:52:35.498000', 'gambar-fokus-jauh', 2, 10, 3, 0);

-- --------------------------------------------------------

--
-- Table structure for table `frontend_slideshow_translation`
--

CREATE TABLE `frontend_slideshow_translation` (
  `id` bigint(20) NOT NULL,
  `language_code` varchar(15) NOT NULL,
  `title` varchar(300) NOT NULL,
  `content` longblob DEFAULT NULL,
  `master_id` bigint(20) DEFAULT NULL,
  `sub_title` varchar(300) DEFAULT NULL
) ENGINE=InnoDB DEFAULT CHARSET=utf8mb4 COLLATE=utf8mb4_general_ci;

--
-- Dumping data for table `frontend_slideshow_translation`
--

INSERT INTO `frontend_slideshow_translation` (`id`, `language_code`, `title`, `content`, `master_id`, `sub_title`) VALUES
(1, 'id', 'Welcome To', 0x800000000067173cdfbbd5e65df9f065cd4d616f0149be6fcf7f0aa824a258af3e9fd80dd4b8befba7ac7c7cabc2a7ebacf9edf0d24c991d188442089c3595b584d92af6cd7ecc60ad44d281fd432fd7de3c90996e5624dcb3e6611e989606a7b498e16e337f23f20f6bed8e1d5d7596056375ca4031177bbf34ac961ea293082d60148c387865712a, 1, 'Narvik Villa'),
(2, 'en', 'Welcome To', 0x800000000067173cdf926b192d7e9a4ffedb5f93a68d728ac22d98972e1d11f0d11cd5d87af46ba9763e4815a78d296e0f199542927e8eb744a8e0ea4ec1b58059cf7316e24c5d7de25227b3d7635d069517eea8bcfd7ce57fa609927b0df32e47f3ad62b89cf43dadc5348159d3623fb216086b5c32ae6c97c5ceac642bfa9dc1fbca30f108978b64, 1, 'Narvik Villa'),
(3, 'id', 'Explore', 0x800000000067173cdff8b0c553e64690d335f9336ba7525c950b1dab10e30f00752e1c693996e0d0236b42903e27872871ec15ce6b226870456b2a10b3c32696e1ab990cd515dc4e74dd7852c7ac0a94b550c4d98d95a41e687d5f31abbfb358a188ed2cfd83718301, 2, 'Your amazing city'),
(4, 'en', 'Explore', 0x800000000067173cdf593ed040eb7386aba896a78c8ca8293d1729c7777378bca6c16e6755a2d1cd73ecc392c4d041ea9aaa57d06ac92037e2200bb5f9b204ca00c0b2437ea760d154958c24ac97c970b7e5dd3ae7d36e916dcdad34b8eb79da8c719d1fd9ddc38123, 2, 'Your amazing city'),
(5, 'id', 'Beside', 0x800000000067173cdf19d3afbfb7b1cf0e38255532e95fb234913d2505a2eb09ce62bf697d8cb905a2f10c93a52c4d695743408cc19b494e74cb14433dda745e7582180a7819a4fbdaa0de17667f0c324eb774821774e40062ee9171daedc7d6d603352e5eec09242b3160b8e9fc9056d66611c2c59f0fc093, 3, 'Bali - Indonesia'),
(6, 'en', 'Beside', 0x800000000067173cdf04b7ee04e8b369f97949556e2c08cbeaf7921c95b0d8973b574635c99ce68d1e4286eade501cdf761e5caa65136d38c5f9b5f494391fd3fa0e519c5a700084370a9513e73c3ed9efc0ad10c63af5ddcb4ad4b13713f6ef3d8b098601eb36d6f5bedc81cf2d648114926d67b5bf8eadcc, 3, 'Bali - Indonesia'),
(7, 'id', 'Here', 0x800000000067173cdf89f767f42eab03d89cd827ac15e9ac4d929b2ea87ed54fba8705d891810acc06d996fcf673bb8378f2393f995ae646abd749963189825bba1e3f4dabbb9babb8f2a6538acec68848ac309dd681a1641b5a7831639db03a52257cbed84f05db68, 4, 'in lombok island'),
(8, 'en', 'Here', 0x800000000067173cdf4925a73da830adfc696bd1cd91018da72a5113f743d41a823685639949e2d73b520da3ee1a0a2a2c950351ffc63a04af2183bc18f1390642ea68b9600d16e466b62a64ccd6ca889baf2f3bfb2ea999374fc7c38ae2b6979aed01829d56a54e59, 4, 'in lombok island'),
(11, 'id', 'SEMARAK KEGIATAN HUT SMAN 2 JONGGAT KE - 19', 0x800000000067173cdf2bcde52af5d42c08af8a7389d2ba3a61a432db03d4ef4cebaba7a954031f2cd6a022f92f0b8655bad506726aa59456eb9483a68c900574aa51c71a918ba11c0c1e84fba70bbb6417c432618cda944a4797e234d80df0bc17a4a15ec8741b2ff0f815b54a568764303a4fe99bc3be57f74610a7724a358a7fb3cb22d681dc5693f71afe1d17e652148fe47f3283dad87a1c63719cb5398034d8e9786ada0d4940cf0e824d3746342e57d98b3fedb1c88ab77a6ab54158a99e65561ea26abe30a289576ea7b585a6078873dfffb48dea2d1d6424c83b8cb9ee130809ab5c13440fb34ca22915bb1d81e1edd4a6124e0dc947e1b4b85a8f40016c294db804bb1eb74df336a4232661d1558c5bf9fbd4f65cce101231194d838cd2c66f51e0184241a13016450a650aa07925cb7a793ddb0fc35bd234d9bf329d65fbc9a9240664aa68523768d8d6fdd3cf617a6527cd4097f1b85254546e45aba2e91b878d1a73743527d9f361067bbc56477aa0116af94862af01c0e7fff0137222702031ac0879507f8f09ecb542ac960d4ee3febb49bb905f4388c3c0032711115f9a95c31e8736593e70af435cb12871c7d692e2af2fedb4456ce37e4de7092693eb00cef3f6372088062154dcbc312be701e13421e4bc56bffd247a55728980b0abc0099c6ce2d5d34eaffe33ee9d8bc339b72a66c180157295ff5fbd33ece56d9f9094cb3da7fabb85bb0d37e6808406ddaa8342a5c8a267897339d63abc9b126a6b401f8f0f4e4a2bc53b2dc8d44dbca98dc9728194b5f40dad60ad02fbffdcc2eb8f3ce34925c81948a97beb195e2432c5348e87f23294f1dee24ae02f8f22917a1b0322b508e35c80aa8584ad7109d34c5e27b0ee992ad1596f4b40b556ea5140e09262855cedf25887b8908f443d405271075af5a445d7cc41f7172d9ce9cc01ef69be37b9cd5cea01fc6d3c2e8e9071b12e9b2d131f5c8f12e74c1c35fb35ba8902dfeb26624128933fa47299aabd7e32194293483c982396b4209411078a471ad598916702b93ee5ae584caa9c4d3edc7ad8f11fd41b6f6d03e4465fe198fdfd434dd3a52d7f668e9954aa412fd15c27d204939279fbffec130f69c3e75ccd20e139fc12f15143f8b4449e78bb0480fe53fef905876def4d1606c5e8ae6c755a877987cd3a2f313cb341d870a9f68a04948a281aa23df6e866e3e20fe6363eb3d07ea81c06d40f637c08b52a57d2304b34d60d85167538aed1e8cfe842029c2c9042f8768ca15df6c33d9e693d7e88eab7e4c4fd1bf33c601ab633cfd6f4fbcebead3c9e4433f5adf26ea07c69df17ecfc1de4ef888e0545c284d8539d7c7497d3a5f0ddb3731eb58438a61c8b79948d6e08a53ee9f47cb54114f1128388514d3dd7fae20a63ad8710ed70e569271e67487e392804a2856a1703c317786907bb60a1ec2cc56953c270669b1951ab24cff105d299db44671231e7dcb8e4bb9f609aef11ce1756a310dc8337bb88eddff3571306c742932d0f674905c7945abb917cf01e0258043045cc4e6c5e72aaa1db12371f5f8824d2f975819429093e57695f220eff1a9346f12367d3d9a504b262d6602f1bf825edb8acf477ff6a12bb29f8125152cb9b2031dd4db7c5f1625dc58897375a615cbd46ec58b1c13134a9f816baa0f3e072716b48d5b9966196e92ceb932708cf18701f453eb0eb3801c05937a1bc61a4d26dbc1727379280df0ff1a945dadbb2cd05943950484ae6ed4d603b41cd31dca99d07e45800651faf2f9f2df42c2bf3a0e69367185efae33cd9ab848f0e9b97375d231a9eaa600bafdb3b97e5a6b60f8275d2b7e816013b87611756d325c1f6d08b50670f2f868f1bf69bcf5722d11f015d9cf8fc29bbeae2527d1689ffe255783dae6eace18d146eff1cf2c6c2b4b0de671fdcd17775f6f35e24bd42249f653af3f1372d6073e3739aca4cba6b9cce3f79fd6cad92d41a2bb666ef25ae72f0041f8ff52896f9c8ef4f6d0eef31980190a3dffcc940abbb88dc327bc4af9cefa3f1adaaf85e7f8494f55f6e7f60ca6c155b95ed31056910ad13fcbd7bc2a351083e662b8e40f9ac716381ad8980c8a275975027bd1970cd4895609ca3fb1ec2c531a0eb93a37f581bb285bede02a5dd1f842deb8a517457f6a19831eb8ef2874c327133d7dd93cc4d32fab922e5d00375c1d3f69750fec4a1e3d90fd0a6b3e6c8d9c9912ae1383ff5604ba767525ba1bde4cea22c0fda7b3b5b1c268dc1fddfbd4b4ac0bd1988bddf62fbb8d94494181247a6a1d459a70e8e7944428f4ce51edb101176c8c9a32918ef318a83961a9850fa1ac069590e7141b81bdfb01155c9d1826c8a6df596ac36670f0c360dd59bc3885ce445e1f39fc3b2d3c5364ea5f4a82499c476799b04f5478861d3ccac718e8ef377db70677c8b0f368514ce42d88ec1d0ed6b201f333ce102e8eeede772804a6a06a4adc89ddcc2c400a75b33629bcd3ee8492135bbece90ee0d6d2ef15a313b1961051b1b9b3e9a1ccda5cb4d07a1e01403a443c07478b5a73fe3001e6a873fddef338a455d943ef9d74ed2df752d926dda7a71928aee4f41f199596462bfcc15c90f117d9613d8e717b1c83f0bb0e814f4a4ae65ba0ec8b5c671b7569b37cb48f5f6633957e9b5eb8f00a9dd0d7cd908436e8b7f824985b4e13c7c787fedb8fe9f3687d1994d3a33a0a42fe716c9f78751d766a5644a99d31d8c82ee67f3164eb97d4537ae63a06f5130ea26da0eed08dc536fb68bb405ba63e59b71c7d6642918679d2c10060ac5bdc5f997e226e465ab50fe378e214e8856e329e0cd8e69039aab790be41558cd18e83ea71d9759e199adaeb513c89ae8a73c66c5e003469d3518be891040c91090aa60ec3d097912998a342962665d4bf1901b6478ce6719fee1cee7ed15e7bcb5cb23591460004586767dfa8db88cba5bd0a38cd30164636dc4fbdd51fe81209613e5a81f14e3be0be165daeb1739998a28f8b459b0e65553c04951326eb4bc7f3ba3353d190ad73b2077b1b57faebdf686b40c4cbdfc4d074174b4eb481b50fcd05647b9718986db21df4010f7de2550309099cbe8232a418fc1decfdd9a69332f47752f95a4904c2c6dc2b7df14c9d6eef320b2b41b67044f2e71ea6ae5bc4bcfd65bb22385ac0952f7360ac7683475486a2609a18557964f1dd92c3cec5b237cc542a07d112d8fbc521e51d8a73985c6ed13eca7e34bdc31a2023620e3c148a, 6, 'BERGERAK BERSAMA SELANGKAH LEBIH MAJU'),
(12, 'en', 'SEMARAK KEGIATAN HUT SMAN 2 JONGGAT KE - 19', 0x800000000067173cdf4cfc6e92c22a42d7c833c92f46a823005bafbc063772a31b72f18cefe378c7166eb408db27c44cb6ac9e7e6363457720f8b9cf5f7ddb12b68bad4af127f69168f2969fd22459463f04f7550a98d26fc6826ad3d5f78b2e217015582e563ea3533b42e3ab08773a2d58ef25426c7adababab3fa9e6c627a50937e6aa56efd4ec1d8e7bb657ccad2f4307e3f2a35dc2136b49ce5b31c2105f7d5c50a795d6d745615c744843ff530e0ca7463ee474d1e0c01fa9cc3e88c3273c4d4b0f8b1b11683a4c0703634223b26ed96404a496b416ab4a085c14cecfe4728573a7eca26fa3c0ccbf16824e974884b402c46949221633e935b9cc48358df497a638b47462ec7cd13fe4c320f6f807d4d3de9c858a2de22a3c5624933135e9db6b9011341bbbd267895947abe81fb6c969bad00ebc903510d0ad2c3ea36ec0a5048decbce72d850a013b58b6ef76fbe184e3eda88b500e4fb895f6fd75318cd0c1dd1755b04c8c0964a6b195e80405b47f7eb0ff5832e6cadfd1f9241f529960d9f84615c14e79c2e8dc04a4a975422ef77ec971d2680033bb571d50bfc3cb0819ebbc965009b333d46bd0ebb8b5969549548d6e05f042ef5cd6a34c3f95c7669e94a4cbb4c06b98e181ea6d5f8a940de1b67af4527f5cfc0096671b20728acbddb4f037f53d796c62f07037e3f56dd0dbf2b7c68d261e5cca557a015d996af35a265bda19efbc856090fb8ae3c5b14e1825b8b1c4d733fa7138de0cc44aebe2b2196eeb454a4d896a19bff848feeceb685192fc0016f880215086d0a02cbe41bb638a0afb855dd9d1f98029b6b96da544ed9ef793584b19c36e1ea84eb1a40e970fd7db34b0bf623c6ad2f4fed0eac804381e3e02c9f81426bcad44ebd4f175eaeac82a5e73342079e39db2f4db5716fa3b75e1ac0ae6cb9fe9b7e17e565e794d0081d789434d4ec51fd87558b2fb7b44c8ee39c2ff26e4df6530eeddf2b4135d733f2e1e6b8401a9e9817a6e262eb6fe79b38ad67a49085dab18b2827012127b231611765217a3df96acc6757a82dc3f55bfcaa5b94481ba4f1b81fb8c586105a129089ca0710493fc00b2c3a0e8627db8e9b823cae182bb78c8192d8d3b0267c96449a070a1de435fda52ae01ffb7d85b02fa258b0b0564c52732302a5e44f22990c3075115ef4a1a92e38f5a93a0f8b639c4d5e479407a97fa3c1348e25e8bc3c9e2957a5890a3ebd9f9bf3243f51c2063522806695d038ad79e9791e65664c5b837c9bf23890489130ecb893e8d066d78f39ed282c9629cb4293f6cf738feb2f3097780f1522b058226c3c3cfa9983c1dabf9539f78a80abda177a3a10029d11195e1b17ff7413cca7be753ff9aecdbb37a775765a7b9cb10876ecf9cc5116346f4730ea7963ed608a4a88040beeb98f3b48615ed443cd13813ffa16f5e2671e42dfa25b0e6f5ee99ec627bef6c416fff0af535d4cc0a80f69ed05bcf5881cca913c6dc80be2bf9ae315f9b3c86c4f4dddb29a2cb85c88b1ae80877593c69c8f4c6e0076e8f8edac904be465f7cfa32a78966c6596492163e7c76bce172e6cbf0c05ce67b49948c3ab6d6ac782a44c0549ae30870e125ac072dcc1e6340a34bebd9de42d333e0e3e2052e82d5fb15cc66f3b22f9c722b764ced890f44913adc95d944db210d5b5129350717ba0eca8d098d4bc4dbc1a0a3ee0aee8c07fd45cb24075d582bbdb0859bb01f3c5275d518a7fb7355186e2c1f525212dc877876c09988db73da9ec18b910e11d43b2592ea0662a496f57da265640956fc0cb7b5a7f878930fcf0778638d649e4a7edf47fd7bfdd2bc610fcd0c9193f0793daa16f7cc34fe27f88c3432f94b0665ec29523b1543109ecbdc3ba00605275e5adaacaabdb7e5e156dae22cb7a47dada5b397a5ef6bfae7a0efd5c2d9fb1bbe1af017763cab5be22f2ce4530ff94221c648c05492ca598cfd9f7dbcf1d8352ec2a68f6cf0a8670325359df6a978010f1031ac89408a3b1a4cb8adb93fe813ddb7d290a7e6641c04011c1d89c80593323b4163ce5bc4cd3d36549850e02bb8ca9270fa936654229dc0c6114d57f3a79f34b51656ee917db686d59945ee9c6ab451716efe391faa02df3b11f226afef2910a9047568f500cf44dcadbc653b0b815cf695171882a48c5e43b79b45edd9efa0822fc9bba9bc49317c5aeb01fd3a05fb1481ce185132afdffb513f61ca71c0ac9c13885e9f31c41d4fc6f1435655e6fd5772b75290ffdceb8a51f5ae06e5da6247c92abd20b63966ad008530a84d38df4e82be9ed457f08f6d91270017553ee6bb332f8cc736b85b18350cd24a10eaa0af20daf1472dce55f82eec84e10706f27e98f315969ae1319e5b159bf45bc94dc57737ec62bedd0aaa0867cea3eef720a5d9f70337478df45b08acdb206da95507d23ab8d7ef8e920136e62af187edbec2cd436c0f893701c2e5bfe1cc3822ca43969165154f184a10ea062f8851f4f495ee42321318504fbc374d650d62aa985d83eb16df151e71c0ac9bf73abaa3af20c8a88a7da7d454ae7d41123eaf29e8ff4d729e40c119ef4e710da7c9cf12333819e1b810f2c76d3f801da1a36b958789e5ffd3b5462e1cdb31a92beab8312e4e266d321ff7a2ef7968c2e3e2373e03227f69123dcafaba6daf7211070a2f22146ed0c6a1ea2ed59728b468e84dd94801624fb903f15fffb332e24abcbac58841f03bb56c0a366706bd063ff19cc42b2c42970292b0b14448b8fca369adde816779a44934ee1afcd932d755b9d6df8eaabba288f9b85be693626ca4ebce087129dfa210e663b987bc93a30353860a05fdcf161dc949f9e6f0a95032425794a4ee8eca324a78f92f1828ea59a60daa9f3c0804e740b3c705032d54106dd4e5ad7236a523a39499ae298b661d473334aadd76973f1e4645f6351dac3dc18e75380b78cee2d2ea795f3b070b5281c949beacdeac82531fa6c9a0143bf7bb95b44218bb3e21c540f88204cb12c27436cd508665a24f1a6842b2330d26beec2b8f253027f64315615f813375f048b56e643c685eaa6e33840d0e4435620ed55cb6fd11c9347c22fc613ea44c1b1c89fbc329f00124eec15d6e38ecb90b41dd28fe3edd6f375fec78081577b5d7630ad0b5f790638d8aecd01b64cce5aba494280875332ef9ac20668be9007c68e1701431e4dadbacfeee7a9b78e36bcdcebf6cd1519ae5bce58aa302fe46c9596e1870713d5131fa995c4c02305678c0d77a49524dfedc1518ef1b69f09165a0319e89052a5397136e6601952ea1d70f804969ccc62fa9c12b58b51c004fa9f9a6c536fc0f3b79c50414fe16f0e1d81126f68e41f8a452ebcbfbcdc497188d0ffcdcc1f48f4d256513cd79b696682bfc287de9ece9df763fc28d499ba74ee8d07bccd4375cce94cc3790181ff67b451f99429e88feea9cefa46bac73f, 6, 'BERGERAK BERSAMA SELANGKAH LEBIH MAJU'),
(15, 'id', 'Ciptakan Kesempatan Bisnis yang Luas', 0x800000000067173cdf2dcfb088929201e40e901308571c5d32c5eacfd7372cc955bc7df68f893edabb09aec08c7d272bdb0d6d3cd2c921e7ee014079cc6efebdf945ce04fc93ff022fc14e9eafe0bd00b4b6a345df8e7af21e2e47740188f9e35933280b9dfe7a26c8affde78e58ec3bfe0b00cca060f63b0c, 8, 'Melalui Website'),
(16, 'en', 'Ciptakan Kesempatan Bisnis yang Luas', 0x800000000067173cdf4b8778813ad71b88ad590e322b45a6ca3617379c562147939304571154cb78ac28d9f485ce43d6e6c51084cede74ac085c0c74cf1c7eaa281c9d570453f064e8591758b92ebd27c09238649505af1857c0268937d6c5bec72e92bdb0b5b7c78f46ebd7e336951c43b3a82d3cad78f3a45368330a9ce3972c4f0e4b0a99d03604fa7c7f1bb671549793dfa81d259701181116d65b45dc083d8f14903f7fe5fe8c, 8, 'Melalui Website'),
(17, 'id', 'Tingkatkan Citra Produk Anda', 0x800000000067173cdfd21b510018b9e10aa828277f86887e67e47ad375c42d014de03649e80b55412a9315cc687094c8d8f4e33cd57646cd580e7563dbf07a8082c8f3e652b56c2f7569d663479aebcdc746d8958e7cef46f37286fefd48f0785f804886f9094e7477bd60fccb69e6ee425f0bb1a9a3a62783, 9, 'Fungsi Website'),
(18, 'en', 'Tingkatkan Citra Produk Anda', 0x800000000067173cdf7cca1815dbf4c7ba62516958a9b081f712bf397c23781085259b721d00f1998e1ed46bc0ead51a64a24f3c4ab008360e6fc212c6d48696bdd8e837b649f4715e84cc3406e566fe3bd800532f03af6bc65383cae57476e52ec031fdbd9777596d6711a243fb4a7aabb91999a1f9b4e7b4, 9, 'Fungsi Website'),
(19, 'id', 'Strategi Pemasaran yang Kuat', 0x800000000067173cdfe440072df0fff47034cf5529524742fb80a8ef6336eb334537fdb25995485a66373278deb24dd5725f09be13a5372f0f22696cccc7a46085c5e832b2c10ed42acc1d55014e4c51688f6032e4c5eff55b197fb88553fa0695666a06aaad9a73eff9a47736017451e1622d5baa4f6db0ef1fb12272178855fb55f710ae83d11a46, 10, 'Manfaatkan Website'),
(20, 'en', 'Strategi Pemasaran yang Kuat', 0x800000000067173cdfd0d74800c61544cfa2a7ab2ceac665f4560c5b420c291a2212b12191a79a0133b05cd224bab413cb0ed2b095b85576c89ebd369064bfa2434feda5e1ac9d17d0b02b65da87be19efa1e352579130158ddc70fdc825a7303124633e8ea042de5941a807b1ef3939abeb6fb7eb189800ec64cdd1c2ad5072c4682a2cd39a08e944, 10, 'Manfaatkan Website'),
(21, 'id', 'Kemudahan Akses dan Layanan', 0x800000000067173cdf627e4d156e4329532bf3efb1140c3d06b2ef2fbc3a001a51c49bf6a520c8ec7f1522c7f18e7413335dd3f9a10b0c0b0a257082c85d9eb3f4a9a55391e873dc055bf01b35c466daf3dc0335b651999b00583d92a7b39e39e63c957ff72aa9aab7e9090434409d41420ffe45d9f03156b5, 11, 'Layanan Website'),
(22, 'en', 'Kemudahan Akses dan Layanan', 0x800000000067173cdfe6b33bda05761ded07b72745171b697aa841b6b38831dffe45416d9d17f1af8d4a5d33d49ea496cdccff5b8b3434170cc26c86b558f8e83e6f612411e401f8cef729e88e4c24a170741e1c916cbf6c9e23a7dcbb29dae0df667f23c9df4b0a96edfe7ed99eab0583a5d82f4d135b29c6, 11, 'Layanan Website'),
(23, 'id', 'Alat Pemasaran yang Efektif dan Efisien', 0x800000000067173cdf2d89bcb998090b3afab7688452099c56bd20c9ecca00d6aec7254a85e14e8dfee163ea0458e6c7aaefaf4e35efc66418c64e313e34dd24971f47a7d3738c892877fff0a70745882d1abf4225c85c9782f971b98677c5b033d0f36a0dc4d505f873c3e60ede3f9ddacca1614fe49de52f, 12, 'Jadikan Website'),
(24, 'en', 'Alat Pemasaran yang Efektif dan Efisien', 0x800000000067173cdf35d54453b2799bc2ec4de2ad51e6faa98e24b6fafcce6260528455e8d6ab4dc3860daf63ca37f9dd1359d3bd4257648c3021b7195b1604adbb1b20f321624ee550fd2d6e2dbf594d008a735f20a42e5d2640c826a2bbb3f52c03fa04a4b24d01ff516663f6a5646d0425a6c235fac405, 12, 'Jadikan Website'),
(25, 'id', 'tampilan depan', 0x800000000067173cdf4f39cc2e0b013aa1e8f563b8bb37c722e60b1ab202401cfee792423fad804bf4b60026f2935baf53a33b55fec00a7ab42e322a34b1cdbef5c0d0e6c9e4de8d00, 13, 'SMANDAT'),
(26, 'en', 'tampilan depan', 0x800000000067173cdf02d20e90463e95ac0321cecac19f37a2ab0db3f5533416f923032e87541143deb0768474b46831ee64268075939dfae3bb27703c1c8f2477e650250b80c601b8, 13, 'SMANDAT'),
(27, 'id', 'Selamat Hari Batik Nasional', 0x800000000067173cdfea9c195bf64961ba7c0fc7899d3c450231bbba3a26a1377ef1fe4759a1b849d0473d0b75e83dcafd388c9dac96e28148d4b61229e8e25af80ca4431a58f8cfd5, 14, ''),
(28, 'en', 'Selamat Hari Batik Nasional', 0x800000000067173cdf5db5f2f62f3bf0e69b9b108e88885056f5924879309cda743b3b96200a392805b9ea522535b9ea422b9648d700fa43983d9fe323ad22c5c46fcfb235030dd5e9, 14, ''),
(29, 'id', 'Man 2 Sumbawa', 0x800000000067173cdf4d663eb33e7b02fed6e6a11134d62d22ee61a1f341d86250ee3d3ad6aded67a3f4ee286bd0b144816b6c2d47e8a842486801e96ab9889a76a70aeb0100aec50baf83f4dd084d85d70aa047f11b61f2aa, 15, 'Adalah Madrasah Aliah Negeri'),
(30, 'en', 'Title', 0x800000000067173cdf63ce89ffdd5b48680c5c4106ce1618a14ef776b46fcf824c59968fca2f71aa954ba701b61cdacc80211b5efdc90c8037f7abc78c580d0b51e123f9f2ec53c2a16bee3afff6776e2e10a4cc11066ee4b3, 15, 'Sub Title'),
(31, 'id', 'Profil MAN 2 Sumbawa', 0x800000000067173cdf35788d325b5a85e34dcc17b3327642c52b9d389ff7e42de86c7ebe14ff74345ff96005364a4075e00e73265a82edfb4a11036363bb6d51f9f3534dac8d1d25b9, 16, 'Slide Show 2'),
(32, 'en', 'Profil MAN 2 Sumbawa', 0x800000000067173cdf9b5120f33efc7ce14d6559509790d4b54c6f652fb1c646401784111fca6e811f8823ea901773d234d8bfb2ddb691a1c1e3b6cd73ada009edd0ac6e2efad5356b, 16, 'Slide Show 2'),
(33, 'id', 'Slide Show 1', 0x800000000067173cdfe4d7c581572f5ba97e2436690783ecb9a9a4556b99dafb0331a294a01b948ee13c26ef5160563892dc5a4378ef37f11e2a14cd7793b43f5b40a61aafaaa46d0a1e21ecbdb14028aa2916cbb301c14694a50596d98cd9456a5477c277b15f09b1, 17, 'Sub Title Slide Show 1'),
(34, 'en', 'Slide Show 1', 0x800000000067173cdf3b88988c309c72cbd78799e4073dfd2d039ccea43aedeef6250d0b74de82f63623dba62c3d3a65d6ac7ac92b5a75ad86b32f7983377550ca4e4c5156f5d2897fb52060f14073d07eea0fd2e90406bd65ee4809d97b3a7913520c11f6ba2a0400, 17, 'Sub Title Slide Show 1'),
(35, 'id', 'Slide Show 2', 0x800000000067173cdf9f9ef42ac11b735a4caa4c948e22af385b0a8835775b6525c8641ece17854fc5b810e5475301126d158865fc77a8a3084b7a50225de8ad19dc31a6c558c2b153d17d41e8a35d4228ba8224708e292f53d4bb949e67524cfc2932a7c7c4df3612, 18, 'Test Slide Show 2'),
(36, 'en', 'Slide Show 2', 0x800000000067173cdfeb617acb76e1465a39f5a2fa0b5ba61f008e4637a0c1426bf5e9491fc9b932547c396f90bc114fff1a45aaa0b86648f64da5fddd34b560817c9ee180371d5bf0e83d3a7459c295970d28e9b4bb502c959f7ec92bbfb74a40cdaa99d1e16e3d85, 18, 'Test Slide Show 2'),
(37, 'id', 'Gambar Fokus Jauh', 0x800000000067173cdf5a09b2d22c70e825f2eea8af697bc8bbf179b20c2b604d380a54c3a2dc9e22e2a8736c8464aa909447814e5b0877a6348201d06d0cbe085604e1d6aefcc57c498dcf503547a630f44c4bb5376fb221bc114e40a26e815703eb55f84603e9b1c6, 19, 'Sub Gambar Fokus Jauh'),
(38, 'en', 'Gambar Fokus Jauh', 0x800000000067173cdf10aca5557c782b8d7c222d8e57211bcbb1d359800336f72c3480149f428eefb41bed3c1befc02caec37851d42c8e4e7022007a1118b5747b607a25b2e6819a755f18d3d4563e67e34e64617eaacf28e872fde72a74f0bbeb6d414a25c80f53ce, 19, 'Sub Gambar Fokus Jauh');

-- --------------------------------------------------------

--
-- Table structure for table `frontend_socialmedia`
--

CREATE TABLE `frontend_socialmedia` (
  `id` bigint(20) NOT NULL,
  `uuid` char(32) NOT NULL,
  `created_at` datetime(6) NOT NULL,
  `updated_at` datetime(6) NOT NULL,
  `kind` smallint(6) NOT NULL,
  `link` longblob NOT NULL,
  `status` smallint(6) NOT NULL,
  `site_id` int(11) NOT NULL,
  `is_initial_data` tinyint(1) NOT NULL
) ENGINE=InnoDB DEFAULT CHARSET=utf8mb4 COLLATE=utf8mb4_general_ci;

--
-- Dumping data for table `frontend_socialmedia`
--

INSERT INTO `frontend_socialmedia` (`id`, `uuid`, `created_at`, `updated_at`, `kind`, `link`, `status`, `site_id`, `is_initial_data`) VALUES
(1, 'eb7671c563254691baa9aba513329e80', '2023-08-25 05:04:05.557000', '2023-08-25 05:04:05.557000', 1, 0x800000000067173cdf2ad5e8066e0bbdd20328837ddc19dee75836e5b5114b56ab223b93c10ecc2b5519bf11c6812f985e85471452016eda29d5180c808dea4afe2e8535c803f93e6cdd4db005deb7e19f6ee17342a879920fcf105f101c43733eac7367a69309983edec39e43c927864041bfab20ced1c631, 2, 5, 0),
(2, '2cef506fb5af4d33b2a4c60f862a9792', '2023-08-25 05:04:18.895000', '2023-08-25 05:04:18.895000', 5, 0x800000000067173cdf96781fd7ab6088c0dec64d1eca3e7d54011dbe72da5a6d892056a5d5426f42a6cfe03c825efd9690291bc5ace002c932d9f4e5e7156aa4781ab5fb349e46bb4640634fb2229916a3d9f56284e469b114b82ac3a14e92947e8425cea1347698b69f9f3ece15c75949441880484ea82943, 2, 5, 0),
(3, '138a66d898ca4e6cb9ba8db3c6269f89', '2023-08-25 05:04:29.951000', '2023-08-25 05:04:29.951000', 2, 0x800000000067173cdf43133744cc645a7dac46ef6b7566560de16c3e0b2c17b936a532c56def4e3c3bdf1db1fd828100c8605a8e267cc3870698d498c58f595bedf56e1ab92a366001bfafc6cd5d5d9dcf5c19e5264452bca4fd330adecb3c916d864c430c5855c878, 2, 5, 0),
(4, 'ebef7f9d485149b083f1813157515fbc', '2023-08-30 15:40:35.487000', '2023-08-30 15:40:35.487000', 4, 0x800000000067173cdf70b85359aa76197ed3e2ca9458f9c886de8936f152cc4d51e18fe5f5fc0ab7c5a783fc703c1ed7de5126f922db5aa2fd48e7c2d0affd113efdc28cf9477b3cdf1d8135a1086c7ff1ac698b8466faa54436015f63438e475d6214aedeaa9ce2291643a2c83b839ec76681695e38a9ee83, 2, 6, 0),
(5, '2756d8b979e44f50a815eaea1000f36d', '2024-09-04 04:23:50.811000', '2024-09-04 04:23:50.811000', 1, 0x800000000067173cdf74a385669b8cc534b4bfb91c2c379980db241c38cd02d937721551eaf512adda007ad3ba952348b36f8ecfc57c100cebb626b2bf9f60da42ae395eb63354f1a93bb25f790607e4d21cc695051a3bbfd68b8bcfb57059b0a60d4263e2685bea0c239c9ff906f565d4c7d92c5a7820f098e0058ffb47004909f7d0eeab55b78d3b1547437acdcd64639765ec930d834acbc81af9b0665af3f778b820dfc6b11588, 2, 3, 0);

-- --------------------------------------------------------

--
-- Table structure for table `frontend_tags`
--

CREATE TABLE `frontend_tags` (
  `id` bigint(20) NOT NULL,
  `uuid` char(32) NOT NULL,
  `created_at` datetime(6) NOT NULL,
  `updated_at` datetime(6) NOT NULL,
  `slug` varchar(100) NOT NULL,
  `site_id` int(11) NOT NULL,
  `status` smallint(6) NOT NULL,
  `is_initial_data` tinyint(1) NOT NULL
) ENGINE=InnoDB DEFAULT CHARSET=utf8mb4 COLLATE=utf8mb4_general_ci;

--
-- Dumping data for table `frontend_tags`
--

INSERT INTO `frontend_tags` (`id`, `uuid`, `created_at`, `updated_at`, `slug`, `site_id`, `status`, `is_initial_data`) VALUES
(1, '7cc1a8872b5e455d8d576a85517554e2', '2023-08-25 14:33:37.765000', '2023-08-25 14:33:37.784000', 'jonggat', 6, 2, 0),
(2, 'b8e91099750e4b9dac75798e235024be', '2023-08-25 14:33:45.116000', '2023-08-25 14:33:45.138000', 'sman-2', 6, 2, 0),
(3, '5ab920f982064ed4817b2914795eb0ab', '2023-08-25 14:33:52.341000', '2023-08-25 14:33:52.370000', 'hut', 6, 2, 0),
(4, 'e2eb8094a8984efbbc739c992562a7a4', '2023-08-25 14:34:04.637000', '2023-08-25 14:34:04.658000', 'osn', 6, 2, 0),
(5, '65a0f6cb4d0d41288abb4d9e734eb990', '2023-08-25 14:34:13.091000', '2023-08-25 14:34:13.098000', 'cakap-digital', 6, 2, 0),
(6, '598c956b46cc46de942ca8f72e0f4d2d', '2023-08-25 14:34:20.309000', '2023-08-25 14:34:20.317000', 'futsal', 6, 2, 0),
(7, 'cef5e4d2b24549958d34c2ce46fa9f11', '2023-08-25 14:34:26.936000', '2023-08-25 14:34:26.941000', 'ramadhan', 6, 2, 0),
(8, '2f95082992be434ba1793e70b06e9691', '2023-08-25 14:35:09.866000', '2023-08-25 14:35:09.874000', 'takjil', 6, 2, 0),
(9, '1fae6f4fa7cd44cfbae95a87448f36b1', '2023-08-25 14:35:16.791000', '2023-08-25 14:35:16.813000', 'lulus', 6, 2, 0),
(10, 'f4a9b0c3c0b2411f921b74d40adaf409', '2023-08-25 14:35:27.481000', '2023-08-25 14:35:27.487000', 'teknologi-terkini', 6, 2, 0),
(11, '3291ad32cfed4a4eaaf943d904288dc3', '2023-08-30 14:42:52.315000', '2023-08-30 14:42:52.324000', 'gotong-royong', 6, 2, 0),
(12, '582f9f10371e4bd7b069bb2e4d5b7339', '2023-08-30 15:12:27.852000', '2023-08-30 15:12:27.858000', 'olimpiade', 6, 2, 0),
(13, '236fb743b840487ab8b456eeed272be8', '2023-08-30 15:12:40.103000', '2023-08-30 15:12:40.108000', 'spiritual', 6, 2, 0),
(14, '376d2429c2294ab28986a21c02721a60', '2023-09-16 13:29:18.129000', '2023-09-23 08:18:40.251000', 'python', 8, 2, 1),
(15, 'cc220b682e254c288b941c63c7553759', '2023-09-16 13:29:24.252000', '2023-09-23 08:18:40.474000', 'django', 8, 2, 1),
(16, 'a68cc3f21dc74a618f9601678afcb523', '2023-09-16 14:03:45.637000', '2023-09-23 08:18:40.691000', 'multi', 8, 2, 1),
(17, '87b51097e806410e8e66319f09b7ef91', '2023-09-16 14:03:51.528000', '2023-09-23 08:18:40.910000', 'tenant', 8, 2, 1),
(18, 'a281ab7cc47940c4ad584c75ead0eec1', '2023-09-23 04:50:14.540000', '2023-09-23 04:50:15.703000', 'tenant-1', 10, 2, 0),
(19, '6325982cf3e04f5dbe20178b2f9b7249', '2023-09-23 08:18:38.483000', '2023-09-23 08:18:38.483000', 'python-1', 8, 2, 0),
(20, '93a8bbcba671410eae6bbbda163c1572', '2023-09-23 08:18:38.954000', '2023-09-23 08:18:38.954000', 'django-1', 8, 2, 0),
(21, 'd52d5759a83b4f54bc6076d012d80809', '2023-09-23 08:18:39.399000', '2023-09-23 08:18:39.399000', 'multi-1', 8, 2, 0),
(22, 'b7844dd4a75b4fd3bd96507499fa7be6', '2023-09-23 08:18:39.824000', '2023-09-23 08:18:39.824000', 'tenant-2', 8, 2, 0),
(23, 'fc515a0587784b2f84e728172af4e82c', '2023-09-23 09:02:00.894000', '2023-09-23 09:02:01.350000', 'python-2', 9, 2, 0),
(24, '263e402fdec64c8e858a47c3eb3fb23a', '2023-09-23 09:02:01.814000', '2023-09-23 09:02:02.259000', 'django-2', 9, 2, 0),
(25, '1f78d58418664250b99f8c8ae7a96056', '2023-09-23 09:02:02.683000', '2023-09-23 09:02:03.151000', 'multi-2', 9, 2, 0),
(26, '9d0ebe1f335043b0914d486ea84dd6a5', '2023-09-23 09:02:03.706000', '2023-09-23 09:02:04.206000', 'tenant-3', 9, 2, 0),
(27, 'cf8541b200d643bdb1cc9c1eefdec451', '2023-09-23 10:25:28.822000', '2023-09-23 10:25:29.323000', 'python-3', 4, 2, 0),
(28, 'db28639b4a0a45699984250ecd4edfc3', '2023-09-23 10:25:29.903000', '2023-09-23 10:25:30.408000', 'django-3', 4, 2, 0),
(29, '947fdd5b584447df8a57b8f521993ec9', '2023-09-23 10:25:30.912000', '2023-09-23 10:25:31.414000', 'multi-3', 4, 2, 0),
(30, '9bac41a685e841c882d0a159c98ac273', '2023-09-23 10:25:31.981000', '2023-09-23 10:25:32.442000', 'tenant-4', 4, 2, 0),
(31, 'de135e4c44944f219195ee77aaadc5f8', '2023-12-22 13:40:07.526000', '2023-12-22 13:40:07.547000', 'python-4', 5, 2, 0),
(32, '29765b1e7535475ba5971acd9e6be8cc', '2023-12-22 13:40:07.562000', '2023-12-22 13:40:07.580000', 'django-4', 5, 2, 0),
(33, 'f2bf566bb57a4c28b32bc9dc111f4fb8', '2023-12-22 13:40:07.597000', '2023-12-22 13:40:07.625000', 'multi-4', 5, 2, 0),
(34, '3e4bbe63c0674e58a7d4b21e161e0129', '2023-12-22 13:40:07.642000', '2023-12-22 13:40:07.663000', 'tenant-5', 5, 2, 0),
(35, '047c93c0cc8a43bc8e05219e8a567207', '2024-01-25 09:30:54.590000', '2024-01-25 09:30:54.613000', 'python-5', 11, 2, 0),
(36, '85cdf81c786f4c648d85833783aab967', '2024-01-25 09:30:54.632000', '2024-01-25 09:30:54.653000', 'django-5', 11, 2, 0),
(37, '5c8a49f439b8449e8ef4cb57381e3c87', '2024-01-25 09:30:54.673000', '2024-01-25 09:30:54.695000', 'multi-5', 11, 2, 0),
(38, '7822eee11c304c61b6d07f35e33b1ec3', '2024-01-25 09:30:54.715000', '2024-01-25 09:30:54.738000', 'tenant-6', 11, 2, 0),
(39, 'ec3d5f8c65b4488ba88e456f792f13ae', '2024-09-02 06:35:46.466000', '2024-09-02 06:35:46.586000', 'python-6', 3, 2, 0),
(40, '96232ae737bf477e93f53af1d1eae30c', '2024-09-02 06:35:46.651000', '2024-09-02 06:35:46.739000', 'django-6', 3, 2, 0),
(41, '11385e275b6c41f7bd8479da24c83d1f', '2024-09-02 06:35:46.805000', '2024-09-02 06:35:46.876000', 'multi-6', 3, 2, 0),
(42, 'ce95358168dd4172a6a947afd0dbcac4', '2024-09-02 06:35:46.955000', '2024-09-02 06:35:47.036000', 'tenant-7', 3, 2, 0);

-- --------------------------------------------------------

--
-- Table structure for table `frontend_tags_translation`
--

CREATE TABLE `frontend_tags_translation` (
  `id` bigint(20) NOT NULL,
  `language_code` varchar(15) NOT NULL,
  `name` varchar(100) NOT NULL,
  `master_id` bigint(20) DEFAULT NULL
) ENGINE=InnoDB DEFAULT CHARSET=utf8mb4 COLLATE=utf8mb4_general_ci;

--
-- Dumping data for table `frontend_tags_translation`
--

INSERT INTO `frontend_tags_translation` (`id`, `language_code`, `name`, `master_id`) VALUES
(1, 'id', 'Jonggat', 1),
(2, 'en', 'Jonggat', 1),
(3, 'id', 'SMAN 2', 2),
(4, 'en', 'SMAN 2', 2),
(5, 'id', 'HUT', 3),
(6, 'en', 'HUT', 3),
(7, 'id', 'OSN', 4),
(8, 'en', 'OSN', 4),
(9, 'id', 'Cakap Digital', 5),
(10, 'en', 'Cakap Digital', 5),
(11, 'id', 'Futsal', 6),
(12, 'en', 'Futsal', 6),
(13, 'id', 'Ramadhan', 7),
(14, 'en', 'Ramadhan', 7),
(15, 'id', 'Takjil', 8),
(16, 'en', 'Takjil', 8),
(17, 'id', 'Lulus', 9),
(18, 'en', 'Lulus', 9),
(19, 'id', 'Teknologi Terkini', 10),
(20, 'en', 'Teknologi Terkini', 10),
(21, 'id', 'Gotong Royong', 11),
(22, 'en', 'Gotong Royong', 11),
(23, 'id', 'Olimpiade', 12),
(24, 'en', 'Olimpiade', 12),
(25, 'id', 'Spiritual', 13),
(26, 'en', 'Spiritual', 13),
(27, 'id', 'Python', 14),
(28, 'en', 'Python', 14),
(29, 'id', 'Django', 15),
(30, 'en', 'Django', 15),
(31, 'id', 'Multi', 16),
(32, 'en', 'Multi', 16),
(33, 'id', 'Tenant', 17),
(34, 'en', 'Tenant', 17),
(35, 'id', 'Tenant', 18),
(36, 'en', 'Tenant', 18),
(37, 'id', 'Python', 19),
(38, 'id', 'Django', 20),
(39, 'id', 'Multi', 21),
(40, 'id', 'Tenant', 22),
(41, 'id', 'Python', 23),
(42, 'en', 'Python', 23),
(43, 'id', 'Django', 24),
(44, 'en', 'Django', 24),
(45, 'id', 'Multi', 25),
(46, 'en', 'Multi', 25),
(47, 'id', 'Tenant', 26),
(48, 'en', 'Tenant', 26),
(49, 'id', 'Python', 27),
(50, 'en', 'Python', 27),
(51, 'id', 'Django', 28),
(52, 'en', 'Django', 28),
(53, 'id', 'Multi', 29),
(54, 'en', 'Multi', 29),
(55, 'id', 'Tenant', 30),
(56, 'en', 'Tenant', 30),
(57, 'id', 'Python', 31),
(58, 'en', 'Python', 31),
(59, 'id', 'Django', 32),
(60, 'en', 'Django', 32),
(61, 'id', 'Multi', 33),
(62, 'en', 'Multi', 33),
(63, 'id', 'Tenant', 34),
(64, 'en', 'Tenant', 34),
(65, 'id', 'Python', 35),
(66, 'en', 'Python', 35),
(67, 'id', 'Django', 36),
(68, 'en', 'Django', 36),
(69, 'id', 'Multi', 37),
(70, 'en', 'Multi', 37),
(71, 'id', 'Tenant', 38),
(72, 'en', 'Tenant', 38),
(73, 'id', 'Python', 39),
(74, 'en', 'Python', 39),
(75, 'id', 'Django', 40),
(76, 'en', 'Django', 40),
(77, 'id', 'Multi', 41),
(78, 'en', 'Multi', 41),
(79, 'id', 'Tenant', 42),
(80, 'en', 'Tenant', 42);

-- --------------------------------------------------------

--
-- Table structure for table `frontend_testimony`
--

CREATE TABLE `frontend_testimony` (
  `id` bigint(20) NOT NULL,
  `uuid` char(32) NOT NULL,
  `created_at` datetime(6) NOT NULL,
  `updated_at` datetime(6) NOT NULL,
  `is_header_text` tinyint(1) NOT NULL,
  `status` smallint(6) NOT NULL,
  `admin_id` bigint(20) NOT NULL,
  `site_id` int(11) NOT NULL,
  `subtitle` longblob NOT NULL,
  `title` longblob NOT NULL,
  `is_initial_data` tinyint(1) NOT NULL
) ENGINE=InnoDB DEFAULT CHARSET=utf8mb4 COLLATE=utf8mb4_general_ci;

-- --------------------------------------------------------

--
-- Table structure for table `frontend_testimony_translation`
--

CREATE TABLE `frontend_testimony_translation` (
  `id` bigint(20) NOT NULL,
  `language_code` varchar(15) NOT NULL,
  `content` longblob DEFAULT NULL,
  `master_id` bigint(20) DEFAULT NULL
) ENGINE=InnoDB DEFAULT CHARSET=utf8mb4 COLLATE=utf8mb4_general_ci;

-- --------------------------------------------------------

--
-- Table structure for table `frontend_videogallery`
--

CREATE TABLE `frontend_videogallery` (
  `id` bigint(20) NOT NULL,
  `uuid` char(32) NOT NULL,
  `created_at` datetime(6) NOT NULL,
  `updated_at` datetime(6) NOT NULL,
  `view_count` int(10) UNSIGNED NOT NULL CHECK (`view_count` >= 0),
  `slug` varchar(255) NOT NULL,
  `status` smallint(6) NOT NULL,
  `embed` longtext DEFAULT NULL,
  `embed_video` varchar(200) DEFAULT NULL,
  `admin_id` bigint(20) NOT NULL,
  `site_id` int(11) NOT NULL,
  `is_initial_data` tinyint(1) NOT NULL,
  `is_header_text` tinyint(1) NOT NULL,
  `order_item` int(10) UNSIGNED NOT NULL CHECK (`order_item` >= 0)
) ENGINE=InnoDB DEFAULT CHARSET=utf8mb4 COLLATE=utf8mb4_general_ci;

-- --------------------------------------------------------

--
-- Table structure for table `frontend_videogallery_translation`
--

CREATE TABLE `frontend_videogallery_translation` (
  `id` bigint(20) NOT NULL,
  `language_code` varchar(15) NOT NULL,
  `title` longblob NOT NULL,
  `master_id` bigint(20) DEFAULT NULL
) ENGINE=InnoDB DEFAULT CHARSET=utf8mb4 COLLATE=utf8mb4_general_ci;

-- --------------------------------------------------------

--
-- Table structure for table `frontend_whyus`
--

CREATE TABLE `frontend_whyus` (
  `id` bigint(20) NOT NULL,
  `uuid` char(32) NOT NULL,
  `created_at` datetime(6) NOT NULL,
  `updated_at` datetime(6) NOT NULL,
  `icon` varchar(100) NOT NULL,
  `status` smallint(6) NOT NULL,
  `admin_id` bigint(20) NOT NULL,
  `site_id` int(11) NOT NULL,
  `is_header_text` tinyint(1) NOT NULL,
  `is_initial_data` tinyint(1) NOT NULL
) ENGINE=InnoDB DEFAULT CHARSET=utf8mb4 COLLATE=utf8mb4_general_ci;

--
-- Dumping data for table `frontend_whyus`
--

INSERT INTO `frontend_whyus` (`id`, `uuid`, `created_at`, `updated_at`, `icon`, `status`, `admin_id`, `site_id`, `is_header_text`, `is_initial_data`) VALUES
(1, 'fbaf6fad9e334f68bd108f043578f985', '2023-08-25 08:32:22.100000', '2023-08-25 08:33:55.545000', 'flaticon-guarantee', 2, 2, 5, 0, 0),
(2, '842ca503ad984e6d9b23e1c06523d195', '2023-08-25 08:32:58.082000', '2023-08-25 08:32:58.087000', 'flaticon-like', 2, 2, 5, 0, 0),
(3, '1370e49fd8344703a1cf1f815ef8cca7', '2023-08-25 08:33:15.462000', '2023-08-25 08:34:02.717000', 'flaticon-detective', 2, 2, 5, 0, 0),
(4, 'f50f7b37085a44609633e66b9e46eccc', '2023-08-25 08:33:31.544000', '2023-08-25 08:33:31.566000', 'flaticon-support', 2, 2, 5, 0, 0),
(5, '1b340bf5f13a4e7bbb701b01033b25b6', '2024-09-03 07:36:22.105000', '2024-09-03 07:36:22.869000', 'flaticon-detective', 2, 10, 3, 0, 0),
(6, 'a182be360b0f47fa9b6b01fe03bce743', '2024-09-03 07:36:56.185000', '2024-09-03 07:36:56.846000', 'icofont-rocket-alt-2', 2, 10, 3, 0, 0);

-- --------------------------------------------------------

--
-- Table structure for table `frontend_whyus_translation`
--

CREATE TABLE `frontend_whyus_translation` (
  `id` bigint(20) NOT NULL,
  `language_code` varchar(15) NOT NULL,
  `title` varchar(300) NOT NULL,
  `description` varchar(500) NOT NULL,
  `master_id` bigint(20) DEFAULT NULL,
  `sub_title` longblob DEFAULT NULL
) ENGINE=InnoDB DEFAULT CHARSET=utf8mb4 COLLATE=utf8mb4_general_ci;

--
-- Dumping data for table `frontend_whyus_translation`
--

INSERT INTO `frontend_whyus_translation` (`id`, `language_code`, `title`, `description`, `master_id`, `sub_title`) VALUES
(1, 'id', 'Best Price Guarantee', 'We always provide the best deals', 1, NULL),
(2, 'en', 'Best Price Guarantee', 'We always provide the best deals', 1, NULL),
(3, 'id', 'Travellers Love Us', 'Testimonials from proud visitors', 2, NULL),
(4, 'en', 'Travellers Love Us', 'Testimonials from proud visitors', 2, NULL),
(5, 'id', 'Best Villas', 'Best Villas in Lombok island', 3, NULL),
(6, 'en', 'Best Villas', 'Best Villas in Lombok island', 3, NULL),
(7, 'id', 'Our Dedicated Support', 'We always provide the best services', 4, NULL),
(8, 'en', 'Our Dedicated Support', 'We always provide the best services', 4, NULL),
(9, 'id', 'Slide Show 2', 'TTTTTT', 5, 0x800000000067173cdf2f604e746a078f42fc86d2cfd4947b9bfbe90ba4f56907b9a9cc7ba881e73a9977998c0e9475c610be492361c93284f291e3595f9b0bffe6e3a8a05b4fc0690feebaefe96fab9cdfbcd455c4fbf867c803beeb63002247fd8dcc75cf3e670377),
(10, 'en', 'Slide Show 2', 'TTTTTT', 5, 0x800000000067173cdf77d86029d33f2b1f8775963dd5848b154020075f79c6c9ab561c905ff16132ab9bc3fc101a78309c6a645ba7731b4c11c503582d3415538495f1e7f7b47cbe2b73faab25a5bd7a17cca357e592383bc7c89142bf30406a1b63e97f2d371b86e9),
(11, 'id', 'ytyutyutyu', 'uyuyu', 6, 0x800000000067173cdfb2b8f70c77e0c83240d9e5fd7f1472e41a369bd8ad21acd54a770209c5f9d8b59965073b0ccbe6be967dc5a9115a7f5a4355cc0706b74017049bc95d0e1415d63966d6806722f1ad7e195d9f23a6f644),
(12, 'en', 'ytyutyutyu', 'uyuyu', 6, 0x800000000067173cdf216fab6cc531a2d60cdcb8563f8939ac2f41c4120fffe9a059e5655eeba295806e08b21565ad0e33cd862ba880ca513629ffbcbd0b3cb0af98cc34a4014a5d8a51fadc9c52dce098808b209393d8e2d2);

-- --------------------------------------------------------

--
-- Table structure for table `hitcount_blacklist_ip`
--

CREATE TABLE `hitcount_blacklist_ip` (
  `id` bigint(20) NOT NULL,
  `ip` varchar(40) NOT NULL
) ENGINE=InnoDB DEFAULT CHARSET=utf8mb4 COLLATE=utf8mb4_general_ci;

-- --------------------------------------------------------

--
-- Table structure for table `hitcount_blacklist_user_agent`
--

CREATE TABLE `hitcount_blacklist_user_agent` (
  `id` bigint(20) NOT NULL,
  `user_agent` varchar(255) NOT NULL
) ENGINE=InnoDB DEFAULT CHARSET=utf8mb4 COLLATE=utf8mb4_general_ci;

-- --------------------------------------------------------

--
-- Table structure for table `hitcount_hit`
--

CREATE TABLE `hitcount_hit` (
  `id` bigint(20) NOT NULL,
  `created` datetime(6) NOT NULL,
  `ip` varchar(40) NOT NULL,
  `session` varchar(40) NOT NULL,
  `user_agent` varchar(255) NOT NULL,
  `hitcount_id` bigint(20) NOT NULL,
  `user_id` bigint(20) DEFAULT NULL
) ENGINE=InnoDB DEFAULT CHARSET=utf8mb4 COLLATE=utf8mb4_general_ci;

--
-- Dumping data for table `hitcount_hit`
--

INSERT INTO `hitcount_hit` (`id`, `created`, `ip`, `session`, `user_agent`, `hitcount_id`, `user_id`) VALUES
(1, '2023-08-21 15:15:54.612000', '110.136.217.54', 'bt2bvk7uqh2ea0v1ay0rdyu1w7uangq3', 'Mozilla/5.0 (X11; Linux x86_64) AppleWebKit/537.36 (KHTML, like Gecko) Chrome/114.0.0.0 Safari/537.36 Edg/114.0.1823.67', 1, 1),
(2, '2023-08-21 15:18:02.130000', '110.136.217.54', 'bt2bvk7uqh2ea0v1ay0rdyu1w7uangq3', 'Mozilla/5.0 (X11; Linux x86_64) AppleWebKit/537.36 (KHTML, like Gecko) Chrome/114.0.0.0 Safari/537.36 Edg/114.0.1823.67', 1, 1),
(3, '2023-08-21 17:51:49.825000', '112.215.220.219', '2zvyv95j2i7z64uq0ed96sqac8ujjz66', 'Mozilla/5.0 (X11; Linux x86_64) AppleWebKit/537.36 (KHTML, like Gecko) Chrome/114.0.0.0 Safari/537.36 Edg/114.0.1823.67', 1, 3),
(4, '2023-08-21 18:11:56.060000', '112.215.220.219', 'yb0t076chh5btsj92ogzwctb1jav6vs3', 'Mozilla/5.0 (X11; Linux x86_64) AppleWebKit/537.36 (KHTML, like Gecko) Chrome/114.0.0.0 Safari/537.36 Edg/114.0.1823.67', 2, 1),
(5, '2023-08-22 12:03:54.171000', '110.136.217.74', '1v5o9udx3iko2kilscf2fmffn4oa2qoo', 'Mozilla/5.0 (X11; Linux x86_64) AppleWebKit/537.36 (KHTML, like Gecko) Chrome/114.0.0.0 Safari/537.36 Edg/114.0.1823.67', 1, 3),
(6, '2023-08-22 13:28:26.269000', '110.136.219.178', 'yb0t076chh5btsj92ogzwctb1jav6vs3', 'Mozilla/5.0 (X11; Linux x86_64) AppleWebKit/537.36 (KHTML, like Gecko) Chrome/114.0.0.0 Safari/537.36 Edg/114.0.1823.67', 2, 1),
(7, '2023-08-22 15:28:49.435000', '110.136.219.178', '1v5o9udx3iko2kilscf2fmffn4oa2qoo', 'Mozilla/5.0 (X11; Linux x86_64) AppleWebKit/537.36 (KHTML, like Gecko) Chrome/114.0.0.0 Safari/537.36 Edg/114.0.1823.67', 1, 3),
(8, '2023-08-24 15:23:55.981000', '110.136.219.188', 'yb0t076chh5btsj92ogzwctb1jav6vs3', 'Mozilla/5.0 (X11; Linux x86_64) AppleWebKit/537.36 (KHTML, like Gecko) Chrome/114.0.0.0 Safari/537.36 Edg/114.0.1823.67', 2, 1),
(9, '2023-08-24 15:24:04.186000', '110.136.219.188', 'x8k8bsvad9l0z9uv0qlnvkfj3mj9178p', 'Mozilla/5.0 (X11; Linux x86_64) AppleWebKit/537.36 (KHTML, like Gecko) Chrome/114.0.0.0 Safari/537.36 Edg/114.0.1823.67', 1, 1),
(10, '2023-08-25 08:54:05.179000', '103.108.157.234', 'yb0t076chh5btsj92ogzwctb1jav6vs3', 'Mozilla/5.0 (X11; Linux x86_64) AppleWebKit/537.36 (KHTML, like Gecko) Chrome/114.0.0.0 Safari/537.36 Edg/114.0.1823.67', 2, 1),
(11, '2023-08-25 11:52:36.452000', '103.108.157.234', 'lkmf6o0hwfok0ahiep7qc6l6c2m2lwdo', 'Mozilla/5.0 (X11; Linux x86_64) AppleWebKit/537.36 (KHTML, like Gecko) Chrome/114.0.0.0 Safari/537.36 Edg/114.0.1823.67', 1, 2),
(12, '2023-08-25 12:17:31.542000', '103.108.157.234', 'yb0t076chh5btsj92ogzwctb1jav6vs3', 'Mozilla/5.0 (X11; Linux x86_64) AppleWebKit/537.36 (KHTML, like Gecko) Chrome/114.0.0.0 Safari/537.36 Edg/114.0.1823.67', 2, 1),
(13, '2023-08-25 12:20:59.389000', '103.108.157.234', 'yb0t076chh5btsj92ogzwctb1jav6vs3', 'Mozilla/5.0 (X11; Linux x86_64) AppleWebKit/537.36 (KHTML, like Gecko) Chrome/114.0.0.0 Safari/537.36 Edg/114.0.1823.67', 2, 1),
(14, '2023-08-25 12:22:57.045000', '103.108.157.234', 'yb0t076chh5btsj92ogzwctb1jav6vs3', 'Mozilla/5.0 (X11; Linux x86_64) AppleWebKit/537.36 (KHTML, like Gecko) Chrome/114.0.0.0 Safari/537.36 Edg/114.0.1823.67', 2, 1),
(15, '2023-08-25 12:23:10.261000', '103.108.157.234', 'yb0t076chh5btsj92ogzwctb1jav6vs3', 'Mozilla/5.0 (X11; Linux x86_64) AppleWebKit/537.36 (KHTML, like Gecko) Chrome/114.0.0.0 Safari/537.36 Edg/114.0.1823.67', 3, 1),
(16, '2023-08-25 13:11:33.685000', '103.108.157.234', 'yb0t076chh5btsj92ogzwctb1jav6vs3', 'Mozilla/5.0 (X11; Linux x86_64) AppleWebKit/537.36 (KHTML, like Gecko) Chrome/114.0.0.0 Safari/537.36 Edg/114.0.1823.67', 2, 1),
(17, '2023-08-25 14:02:41.220000', '103.108.157.234', 'v8vlojgy1fke2i1705q03no1m2nhh3vg', 'Mozilla/5.0 (X11; Linux x86_64) AppleWebKit/537.36 (KHTML, like Gecko) Chrome/114.0.0.0 Safari/537.36 Edg/114.0.1823.67', 4, 1),
(18, '2023-08-25 14:05:17.877000', '103.108.157.234', 'yb0t076chh5btsj92ogzwctb1jav6vs3', 'Mozilla/5.0 (X11; Linux x86_64) AppleWebKit/537.36 (KHTML, like Gecko) Chrome/114.0.0.0 Safari/537.36 Edg/114.0.1823.67', 2, 1),
(19, '2023-08-25 14:05:33.435000', '103.108.157.234', 'yb0t076chh5btsj92ogzwctb1jav6vs3', 'Mozilla/5.0 (X11; Linux x86_64) AppleWebKit/537.36 (KHTML, like Gecko) Chrome/114.0.0.0 Safari/537.36 Edg/114.0.1823.67', 3, 1),
(20, '2023-08-25 14:06:54.365000', '103.108.157.234', 'yb0t076chh5btsj92ogzwctb1jav6vs3', 'Mozilla/5.0 (X11; Linux x86_64) AppleWebKit/537.36 (KHTML, like Gecko) Chrome/114.0.0.0 Safari/537.36 Edg/114.0.1823.67', 2, 1),
(21, '2023-08-25 14:10:39.315000', '103.108.157.234', 'yb0t076chh5btsj92ogzwctb1jav6vs3', 'Mozilla/5.0 (X11; Linux x86_64) AppleWebKit/537.36 (KHTML, like Gecko) Chrome/114.0.0.0 Safari/537.36 Edg/114.0.1823.67', 2, 1),
(22, '2023-08-25 14:11:43.264000', '103.108.157.234', 'yb0t076chh5btsj92ogzwctb1jav6vs3', 'Mozilla/5.0 (X11; Linux x86_64) AppleWebKit/537.36 (KHTML, like Gecko) Chrome/114.0.0.0 Safari/537.36 Edg/114.0.1823.67', 2, 1),
(23, '2023-08-25 14:15:37.056000', '103.108.157.234', 'yb0t076chh5btsj92ogzwctb1jav6vs3', 'Mozilla/5.0 (X11; Linux x86_64) AppleWebKit/537.36 (KHTML, like Gecko) Chrome/114.0.0.0 Safari/537.36 Edg/114.0.1823.67', 2, 1),
(24, '2023-08-25 14:17:17.374000', '103.108.157.234', 'yb0t076chh5btsj92ogzwctb1jav6vs3', 'Mozilla/5.0 (X11; Linux x86_64) AppleWebKit/537.36 (KHTML, like Gecko) Chrome/114.0.0.0 Safari/537.36 Edg/114.0.1823.67', 2, 1),
(25, '2023-08-25 14:18:33.001000', '103.108.157.234', 'yb0t076chh5btsj92ogzwctb1jav6vs3', 'Mozilla/5.0 (X11; Linux x86_64) AppleWebKit/537.36 (KHTML, like Gecko) Chrome/114.0.0.0 Safari/537.36 Edg/114.0.1823.67', 2, 1),
(26, '2023-08-25 14:20:28.538000', '103.108.157.234', 'yb0t076chh5btsj92ogzwctb1jav6vs3', 'Mozilla/5.0 (X11; Linux x86_64) AppleWebKit/537.36 (KHTML, like Gecko) Chrome/114.0.0.0 Safari/537.36 Edg/114.0.1823.67', 2, 1),
(27, '2023-08-25 16:00:28.006000', '103.108.157.234', 'yb0t076chh5btsj92ogzwctb1jav6vs3', 'Mozilla/5.0 (X11; Linux x86_64) AppleWebKit/537.36 (KHTML, like Gecko) Chrome/114.0.0.0 Safari/537.36 Edg/114.0.1823.67', 2, 1),
(28, '2023-08-27 15:00:25.480000', '203.78.121.72', 'v8vlojgy1fke2i1705q03no1m2nhh3vg', 'Mozilla/5.0 (X11; Linux x86_64) AppleWebKit/537.36 (KHTML, like Gecko) Chrome/114.0.0.0 Safari/537.36 Edg/114.0.1823.67', 4, 1),
(29, '2023-08-27 15:09:41.414000', '203.78.121.72', 'v8vlojgy1fke2i1705q03no1m2nhh3vg', 'Mozilla/5.0 (X11; Linux x86_64) AppleWebKit/537.36 (KHTML, like Gecko) Chrome/114.0.0.0 Safari/537.36 Edg/114.0.1823.67', 4, 1),
(30, '2023-08-30 08:56:26.434000', '140.213.126.125', 'v8vlojgy1fke2i1705q03no1m2nhh3vg', 'Mozilla/5.0 (X11; Linux x86_64) AppleWebKit/537.36 (KHTML, like Gecko) Chrome/114.0.0.0 Safari/537.36 Edg/114.0.1823.67', 4, 1),
(31, '2023-08-30 13:25:11.678000', '203.78.114.239', 'v8vlojgy1fke2i1705q03no1m2nhh3vg', 'Mozilla/5.0 (X11; Linux x86_64) AppleWebKit/537.36 (KHTML, like Gecko) Chrome/114.0.0.0 Safari/537.36 Edg/114.0.1823.67', 4, 1),
(32, '2023-08-30 13:27:04.938000', '203.78.114.239', 'ag2pabp107gubecimghfebg40fbzislz', 'Mozilla/5.0 (X11; Linux x86_64) AppleWebKit/537.36 (KHTML, like Gecko) Chrome/114.0.0.0 Safari/537.36 Edg/114.0.1823.67', 3, NULL),
(33, '2023-08-30 13:28:17.063000', '203.78.114.239', 'ag2pabp107gubecimghfebg40fbzislz', 'Mozilla/5.0 (X11; Linux x86_64) AppleWebKit/537.36 (KHTML, like Gecko) Chrome/114.0.0.0 Safari/537.36 Edg/114.0.1823.67', 2, NULL),
(34, '2023-08-30 13:28:36.249000', '203.78.114.239', 'v8vlojgy1fke2i1705q03no1m2nhh3vg', 'Mozilla/5.0 (X11; Linux x86_64) AppleWebKit/537.36 (KHTML, like Gecko) Chrome/114.0.0.0 Safari/537.36 Edg/114.0.1823.67', 4, 1),
(35, '2023-08-30 13:30:12.795000', '203.78.114.239', 'ag2pabp107gubecimghfebg40fbzislz', 'Mozilla/5.0 (X11; Linux x86_64) AppleWebKit/537.36 (KHTML, like Gecko) Chrome/114.0.0.0 Safari/537.36 Edg/114.0.1823.67', 2, NULL),
(36, '2023-08-30 13:31:54.218000', '203.78.114.239', 'ag2pabp107gubecimghfebg40fbzislz', 'Mozilla/5.0 (X11; Linux x86_64) AppleWebKit/537.36 (KHTML, like Gecko) Chrome/114.0.0.0 Safari/537.36 Edg/114.0.1823.67', 2, NULL),
(37, '2023-08-30 13:33:58.397000', '203.78.114.239', 'ag2pabp107gubecimghfebg40fbzislz', 'Mozilla/5.0 (X11; Linux x86_64) AppleWebKit/537.36 (KHTML, like Gecko) Chrome/114.0.0.0 Safari/537.36 Edg/114.0.1823.67', 2, NULL),
(38, '2023-08-30 13:36:33.870000', '140.213.151.187', 'ag2pabp107gubecimghfebg40fbzislz', 'Mozilla/5.0 (X11; Linux x86_64) AppleWebKit/537.36 (KHTML, like Gecko) Chrome/114.0.0.0 Safari/537.36 Edg/114.0.1823.67', 2, NULL),
(39, '2023-08-30 13:38:36.129000', '140.213.151.187', 'ag2pabp107gubecimghfebg40fbzislz', 'Mozilla/5.0 (X11; Linux x86_64) AppleWebKit/537.36 (KHTML, like Gecko) Chrome/114.0.0.0 Safari/537.36 Edg/114.0.1823.67', 2, NULL),
(40, '2023-08-30 14:05:03.193000', '140.213.127.221', 'ag2pabp107gubecimghfebg40fbzislz', 'Mozilla/5.0 (X11; Linux x86_64) AppleWebKit/537.36 (KHTML, like Gecko) Chrome/114.0.0.0 Safari/537.36 Edg/114.0.1823.67', 2, NULL),
(41, '2023-08-30 14:05:21.969000', '140.213.127.221', 'ag2pabp107gubecimghfebg40fbzislz', 'Mozilla/5.0 (X11; Linux x86_64) AppleWebKit/537.36 (KHTML, like Gecko) Chrome/114.0.0.0 Safari/537.36 Edg/114.0.1823.67', 3, NULL),
(42, '2023-08-30 14:08:11.577000', '140.213.127.221', 'ag2pabp107gubecimghfebg40fbzislz', 'Mozilla/5.0 (X11; Linux x86_64) AppleWebKit/537.36 (KHTML, like Gecko) Chrome/114.0.0.0 Safari/537.36 Edg/114.0.1823.67', 2, NULL),
(43, '2023-08-30 14:08:20.355000', '140.213.127.221', 'ag2pabp107gubecimghfebg40fbzislz', 'Mozilla/5.0 (X11; Linux x86_64) AppleWebKit/537.36 (KHTML, like Gecko) Chrome/114.0.0.0 Safari/537.36 Edg/114.0.1823.67', 3, NULL),
(44, '2023-08-30 14:08:25.857000', '140.213.127.221', 'ag2pabp107gubecimghfebg40fbzislz', 'Mozilla/5.0 (X11; Linux x86_64) AppleWebKit/537.36 (KHTML, like Gecko) Chrome/114.0.0.0 Safari/537.36 Edg/114.0.1823.67', 5, NULL),
(45, '2023-08-30 14:10:30.558000', '140.213.127.221', 'ag2pabp107gubecimghfebg40fbzislz', 'Mozilla/5.0 (X11; Linux x86_64) AppleWebKit/537.36 (KHTML, like Gecko) Chrome/114.0.0.0 Safari/537.36 Edg/114.0.1823.67', 2, NULL),
(46, '2023-08-30 14:20:24.967000', '112.215.220.164', 'ag2pabp107gubecimghfebg40fbzislz', 'Mozilla/5.0 (X11; Linux x86_64) AppleWebKit/537.36 (KHTML, like Gecko) Chrome/114.0.0.0 Safari/537.36 Edg/114.0.1823.67', 2, NULL),
(47, '2023-08-30 14:20:33.864000', '112.215.220.164', 'ag2pabp107gubecimghfebg40fbzislz', 'Mozilla/5.0 (X11; Linux x86_64) AppleWebKit/537.36 (KHTML, like Gecko) Chrome/114.0.0.0 Safari/537.36 Edg/114.0.1823.67', 6, NULL),
(48, '2023-08-30 14:23:20.253000', '112.215.220.164', 'ag2pabp107gubecimghfebg40fbzislz', 'Mozilla/5.0 (X11; Linux x86_64) AppleWebKit/537.36 (KHTML, like Gecko) Chrome/114.0.0.0 Safari/537.36 Edg/114.0.1823.67', 2, NULL),
(49, '2023-08-30 14:23:27.986000', '112.215.220.164', 'ag2pabp107gubecimghfebg40fbzislz', 'Mozilla/5.0 (X11; Linux x86_64) AppleWebKit/537.36 (KHTML, like Gecko) Chrome/114.0.0.0 Safari/537.36 Edg/114.0.1823.67', 7, NULL),
(50, '2023-08-30 14:26:55.076000', '112.215.220.164', 'ag2pabp107gubecimghfebg40fbzislz', 'Mozilla/5.0 (X11; Linux x86_64) AppleWebKit/537.36 (KHTML, like Gecko) Chrome/114.0.0.0 Safari/537.36 Edg/114.0.1823.67', 2, NULL),
(51, '2023-08-30 14:27:12.345000', '112.215.220.164', 'ag2pabp107gubecimghfebg40fbzislz', 'Mozilla/5.0 (X11; Linux x86_64) AppleWebKit/537.36 (KHTML, like Gecko) Chrome/114.0.0.0 Safari/537.36 Edg/114.0.1823.67', 8, NULL),
(52, '2023-08-30 14:29:19.165000', '112.215.220.164', 'ag2pabp107gubecimghfebg40fbzislz', 'Mozilla/5.0 (X11; Linux x86_64) AppleWebKit/537.36 (KHTML, like Gecko) Chrome/114.0.0.0 Safari/537.36 Edg/114.0.1823.67', 2, NULL),
(53, '2023-08-30 14:30:59.471000', '112.215.220.164', 'ag2pabp107gubecimghfebg40fbzislz', 'Mozilla/5.0 (X11; Linux x86_64) AppleWebKit/537.36 (KHTML, like Gecko) Chrome/114.0.0.0 Safari/537.36 Edg/114.0.1823.67', 2, NULL),
(54, '2023-08-30 14:33:12.945000', '112.215.220.164', 'ag2pabp107gubecimghfebg40fbzislz', 'Mozilla/5.0 (X11; Linux x86_64) AppleWebKit/537.36 (KHTML, like Gecko) Chrome/114.0.0.0 Safari/537.36 Edg/114.0.1823.67', 2, NULL),
(55, '2023-08-30 14:39:00.952000', '112.215.220.164', 'ag2pabp107gubecimghfebg40fbzislz', 'Mozilla/5.0 (X11; Linux x86_64) AppleWebKit/537.36 (KHTML, like Gecko) Chrome/114.0.0.0 Safari/537.36 Edg/114.0.1823.67', 2, NULL),
(56, '2023-08-30 14:44:14.316000', '112.215.220.164', 'ag2pabp107gubecimghfebg40fbzislz', 'Mozilla/5.0 (X11; Linux x86_64) AppleWebKit/537.36 (KHTML, like Gecko) Chrome/114.0.0.0 Safari/537.36 Edg/114.0.1823.67', 2, NULL),
(57, '2023-08-30 15:01:17.221000', '112.215.220.164', 'ag2pabp107gubecimghfebg40fbzislz', 'Mozilla/5.0 (X11; Linux x86_64) AppleWebKit/537.36 (KHTML, like Gecko) Chrome/114.0.0.0 Safari/537.36 Edg/114.0.1823.67', 3, NULL),
(58, '2023-08-30 15:02:23.698000', '112.215.220.164', 'ag2pabp107gubecimghfebg40fbzislz', 'Mozilla/5.0 (X11; Linux x86_64) AppleWebKit/537.36 (KHTML, like Gecko) Chrome/114.0.0.0 Safari/537.36 Edg/114.0.1823.67', 9, NULL),
(59, '2023-08-30 15:02:47.822000', '112.215.220.164', 'ag2pabp107gubecimghfebg40fbzislz', 'Mozilla/5.0 (X11; Linux x86_64) AppleWebKit/537.36 (KHTML, like Gecko) Chrome/114.0.0.0 Safari/537.36 Edg/114.0.1823.67', 6, NULL),
(60, '2023-08-30 15:06:01.930000', '112.215.220.164', 'ag2pabp107gubecimghfebg40fbzislz', 'Mozilla/5.0 (X11; Linux x86_64) AppleWebKit/537.36 (KHTML, like Gecko) Chrome/114.0.0.0 Safari/537.36 Edg/114.0.1823.67', 2, NULL),
(61, '2023-08-30 15:15:12.423000', '112.215.220.164', 'ag2pabp107gubecimghfebg40fbzislz', 'Mozilla/5.0 (X11; Linux x86_64) AppleWebKit/537.36 (KHTML, like Gecko) Chrome/114.0.0.0 Safari/537.36 Edg/114.0.1823.67', 2, NULL),
(62, '2023-08-30 15:16:50.594000', '112.215.220.164', 'ag2pabp107gubecimghfebg40fbzislz', 'Mozilla/5.0 (X11; Linux x86_64) AppleWebKit/537.36 (KHTML, like Gecko) Chrome/114.0.0.0 Safari/537.36 Edg/114.0.1823.67', 2, NULL),
(63, '2023-08-30 15:20:53.842000', '112.215.220.164', 'ag2pabp107gubecimghfebg40fbzislz', 'Mozilla/5.0 (X11; Linux x86_64) AppleWebKit/537.36 (KHTML, like Gecko) Chrome/114.0.0.0 Safari/537.36 Edg/114.0.1823.67', 2, NULL),
(64, '2023-08-30 15:21:01.692000', '112.215.220.164', 'ag2pabp107gubecimghfebg40fbzislz', 'Mozilla/5.0 (X11; Linux x86_64) AppleWebKit/537.36 (KHTML, like Gecko) Chrome/114.0.0.0 Safari/537.36 Edg/114.0.1823.67', 10, NULL),
(65, '2023-08-30 15:21:10.967000', '112.215.220.164', 'ag2pabp107gubecimghfebg40fbzislz', 'Mozilla/5.0 (X11; Linux x86_64) AppleWebKit/537.36 (KHTML, like Gecko) Chrome/114.0.0.0 Safari/537.36 Edg/114.0.1823.67', 11, NULL),
(66, '2023-08-30 15:22:35.842000', '112.215.220.164', 'ag2pabp107gubecimghfebg40fbzislz', 'Mozilla/5.0 (X11; Linux x86_64) AppleWebKit/537.36 (KHTML, like Gecko) Chrome/114.0.0.0 Safari/537.36 Edg/114.0.1823.67', 2, NULL),
(67, '2023-08-30 15:35:30.309000', '112.215.220.164', 'ag2pabp107gubecimghfebg40fbzislz', 'Mozilla/5.0 (X11; Linux x86_64) AppleWebKit/537.36 (KHTML, like Gecko) Chrome/114.0.0.0 Safari/537.36 Edg/114.0.1823.67', 2, NULL),
(68, '2023-08-30 15:35:41.255000', '112.215.220.164', 'ag2pabp107gubecimghfebg40fbzislz', 'Mozilla/5.0 (X11; Linux x86_64) AppleWebKit/537.36 (KHTML, like Gecko) Chrome/114.0.0.0 Safari/537.36 Edg/114.0.1823.67', 12, NULL),
(69, '2023-08-30 15:37:31.528000', '112.215.220.164', 'ag2pabp107gubecimghfebg40fbzislz', 'Mozilla/5.0 (X11; Linux x86_64) AppleWebKit/537.36 (KHTML, like Gecko) Chrome/114.0.0.0 Safari/537.36 Edg/114.0.1823.67', 2, NULL),
(70, '2023-08-30 15:40:40.514000', '112.215.220.164', 'ag2pabp107gubecimghfebg40fbzislz', 'Mozilla/5.0 (X11; Linux x86_64) AppleWebKit/537.36 (KHTML, like Gecko) Chrome/114.0.0.0 Safari/537.36 Edg/114.0.1823.67', 2, NULL),
(71, '2023-08-30 15:43:58.133000', '112.215.220.164', 'ag2pabp107gubecimghfebg40fbzislz', 'Mozilla/5.0 (X11; Linux x86_64) AppleWebKit/537.36 (KHTML, like Gecko) Chrome/114.0.0.0 Safari/537.36 Edg/114.0.1823.67', 2, NULL),
(72, '2023-08-30 15:44:46.690000', '112.215.220.164', 'v8vlojgy1fke2i1705q03no1m2nhh3vg', 'Mozilla/5.0 (X11; Linux x86_64) AppleWebKit/537.36 (KHTML, like Gecko) Chrome/114.0.0.0 Safari/537.36 Edg/114.0.1823.67', 4, 1),
(73, '2023-08-31 13:36:03.238000', '110.136.218.1', 'l6mz7sf6z79qxw1nuubqe6l4bppx5hla', 'Mozilla/5.0 (X11; Linux x86_64) AppleWebKit/537.36 (KHTML, like Gecko) Chrome/114.0.0.0 Safari/537.36 Edg/114.0.1823.67', 1, 2),
(74, '2023-08-31 13:37:15.639000', '110.136.218.1', 'p3mf0j6v4nda2xv8x3ruv3b2j3ra1lh1', 'Mozilla/5.0 (X11; Linux x86_64) AppleWebKit/537.36 (KHTML, like Gecko) Chrome/114.0.0.0 Safari/537.36 Edg/114.0.1823.67', 1, 1),
(75, '2023-08-31 13:39:22.296000', '103.108.157.234', 'pcml0lbb5t316txd5wa7cwr6n4fblbdh', 'Mozilla/5.0 (Linux; Android 10; K) AppleWebKit/537.36 (KHTML, like Gecko) Chrome/111.0.0.0 Mobile Safari/537.36', 1, 2),
(76, '2023-08-31 13:41:53.054000', '110.136.218.1', 'p3mf0j6v4nda2xv8x3ruv3b2j3ra1lh1', 'Mozilla/5.0 (X11; Linux x86_64) AppleWebKit/537.36 (KHTML, like Gecko) Chrome/114.0.0.0 Safari/537.36 Edg/114.0.1823.67', 1, 1),
(77, '2023-08-31 14:59:50.823000', '110.136.218.1', 'ag2pabp107gubecimghfebg40fbzislz', 'Mozilla/5.0 (X11; Linux x86_64) AppleWebKit/537.36 (KHTML, like Gecko) Chrome/114.0.0.0 Safari/537.36 Edg/114.0.1823.67', 2, NULL),
(78, '2023-08-31 16:07:19.243000', '203.78.114.214', '1zsb50pvw4laz3fri4howp5y4nhbdhvi', 'Mozilla/5.0 (Linux; Android 10; K) AppleWebKit/537.36 (KHTML, like Gecko) Chrome/111.0.0.0 Mobile Safari/537.36', 11, NULL),
(79, '2023-08-31 16:08:00.935000', '203.78.114.214', '1zsb50pvw4laz3fri4howp5y4nhbdhvi', 'Mozilla/5.0 (Linux; Android 10; K) AppleWebKit/537.36 (KHTML, like Gecko) Chrome/111.0.0.0 Mobile Safari/537.36', 2, NULL),
(80, '2023-08-31 17:05:33.635000', '140.213.160.3', '1zsb50pvw4laz3fri4howp5y4nhbdhvi', 'Mozilla/5.0 (Linux; Android 10; K) AppleWebKit/537.36 (KHTML, like Gecko) Chrome/111.0.0.0 Mobile Safari/537.36', 2, NULL),
(81, '2023-08-31 17:21:42.786000', '112.215.220.131', 'p3mf0j6v4nda2xv8x3ruv3b2j3ra1lh1', 'Mozilla/5.0 (X11; Linux x86_64) AppleWebKit/537.36 (KHTML, like Gecko) Chrome/114.0.0.0 Safari/537.36 Edg/114.0.1823.67', 1, 1),
(82, '2023-08-31 17:22:20.389000', '112.215.220.131', 'ag2pabp107gubecimghfebg40fbzislz', 'Mozilla/5.0 (X11; Linux x86_64) AppleWebKit/537.36 (KHTML, like Gecko) Chrome/114.0.0.0 Safari/537.36 Edg/114.0.1823.67', 2, NULL),
(83, '2023-08-31 17:23:27.696000', '112.215.220.131', 'ag2pabp107gubecimghfebg40fbzislz', 'Mozilla/5.0 (X11; Linux x86_64) AppleWebKit/537.36 (KHTML, like Gecko) Chrome/114.0.0.0 Safari/537.36 Edg/114.0.1823.67', 2, NULL),
(84, '2023-08-31 17:26:19.218000', '112.215.220.131', 'ag2pabp107gubecimghfebg40fbzislz', 'Mozilla/5.0 (X11; Linux x86_64) AppleWebKit/537.36 (KHTML, like Gecko) Chrome/114.0.0.0 Safari/537.36 Edg/114.0.1823.67', 2, NULL),
(85, '2023-08-31 17:26:33.061000', '112.215.220.131', 'ag2pabp107gubecimghfebg40fbzislz', 'Mozilla/5.0 (X11; Linux x86_64) AppleWebKit/537.36 (KHTML, like Gecko) Chrome/114.0.0.0 Safari/537.36 Edg/114.0.1823.67', 5, NULL),
(86, '2023-09-01 08:58:16.986000', '110.136.218.147', 'ag2pabp107gubecimghfebg40fbzislz', 'Mozilla/5.0 (X11; Linux x86_64) AppleWebKit/537.36 (KHTML, like Gecko) Chrome/114.0.0.0 Safari/537.36 Edg/114.0.1823.67', 2, NULL),
(87, '2023-09-02 12:25:27.977000', '203.78.114.176', 'e6d3ipmrtdhr37gzwy09yepkdx6o06qk', 'Mozilla/5.0 (X11; Linux x86_64) AppleWebKit/537.36 (KHTML, like Gecko) Chrome/114.0.0.0 Safari/537.36 Edg/114.0.1823.67', 13, NULL),
(88, '2023-09-02 12:26:06.348000', '203.78.114.176', 'e6d3ipmrtdhr37gzwy09yepkdx6o06qk', 'Mozilla/5.0 (X11; Linux x86_64) AppleWebKit/537.36 (KHTML, like Gecko) Chrome/114.0.0.0 Safari/537.36 Edg/114.0.1823.67', 14, NULL),
(89, '2023-09-02 12:26:27.482000', '203.78.114.176', 'e6d3ipmrtdhr37gzwy09yepkdx6o06qk', 'Mozilla/5.0 (X11; Linux x86_64) AppleWebKit/537.36 (KHTML, like Gecko) Chrome/114.0.0.0 Safari/537.36 Edg/114.0.1823.67', 15, NULL),
(90, '2023-09-02 12:27:16.868000', '203.78.114.176', 'e6d3ipmrtdhr37gzwy09yepkdx6o06qk', 'Mozilla/5.0 (X11; Linux x86_64) AppleWebKit/537.36 (KHTML, like Gecko) Chrome/114.0.0.0 Safari/537.36 Edg/114.0.1823.67', 4, NULL),
(91, '2023-09-02 12:27:58.258000', '203.78.114.176', 'e6d3ipmrtdhr37gzwy09yepkdx6o06qk', 'Mozilla/5.0 (X11; Linux x86_64) AppleWebKit/537.36 (KHTML, like Gecko) Chrome/114.0.0.0 Safari/537.36 Edg/114.0.1823.67', 16, NULL),
(92, '2023-09-02 12:29:22.945000', '203.78.114.176', 'e6d3ipmrtdhr37gzwy09yepkdx6o06qk', 'Mozilla/5.0 (X11; Linux x86_64) AppleWebKit/537.36 (KHTML, like Gecko) Chrome/114.0.0.0 Safari/537.36 Edg/114.0.1823.67', 4, NULL),
(93, '2023-09-02 12:35:12.684000', '203.78.114.176', 'e6d3ipmrtdhr37gzwy09yepkdx6o06qk', 'Mozilla/5.0 (X11; Linux x86_64) AppleWebKit/537.36 (KHTML, like Gecko) Chrome/114.0.0.0 Safari/537.36 Edg/114.0.1823.67', 4, NULL),
(94, '2023-09-02 12:35:35.700000', '203.78.114.176', 'e6d3ipmrtdhr37gzwy09yepkdx6o06qk', 'Mozilla/5.0 (X11; Linux x86_64) AppleWebKit/537.36 (KHTML, like Gecko) Chrome/114.0.0.0 Safari/537.36 Edg/114.0.1823.67', 17, NULL),
(95, '2023-09-02 12:54:38.521000', '203.78.114.176', 'ag2pabp107gubecimghfebg40fbzislz', 'Mozilla/5.0 (X11; Linux x86_64) AppleWebKit/537.36 (KHTML, like Gecko) Chrome/114.0.0.0 Safari/537.36 Edg/114.0.1823.67', 2, NULL),
(96, '2023-09-02 12:54:44.411000', '203.78.114.176', 'ag2pabp107gubecimghfebg40fbzislz', 'Mozilla/5.0 (X11; Linux x86_64) AppleWebKit/537.36 (KHTML, like Gecko) Chrome/114.0.0.0 Safari/537.36 Edg/114.0.1823.67', 10, NULL),
(97, '2023-09-02 14:35:37.377000', '140.213.127.141', '2qok7dvr6yopeqlvx3cqdvika2yjkz0g', 'Mozilla/5.0 (Linux; Android 10; K) AppleWebKit/537.36 (KHTML, like Gecko) Chrome/111.0.0.0 Mobile Safari/537.36', 18, NULL),
(98, '2023-09-02 14:36:26.023000', '112.215.219.235', '1zsb50pvw4laz3fri4howp5y4nhbdhvi', 'Mozilla/5.0 (Linux; Android 10; K) AppleWebKit/537.36 (KHTML, like Gecko) Chrome/111.0.0.0 Mobile Safari/537.36', 2, NULL),
(99, '2023-09-02 14:36:56.194000', '112.215.219.235', '1zsb50pvw4laz3fri4howp5y4nhbdhvi', 'Mozilla/5.0 (Linux; Android 10; K) AppleWebKit/537.36 (KHTML, like Gecko) Chrome/111.0.0.0 Mobile Safari/537.36', 3, NULL),
(100, '2023-09-02 14:40:52.455000', '203.78.114.236', 'e6d3ipmrtdhr37gzwy09yepkdx6o06qk', 'Mozilla/5.0 (X11; Linux x86_64) AppleWebKit/537.36 (KHTML, like Gecko) Chrome/114.0.0.0 Safari/537.36 Edg/114.0.1823.67', 15, NULL),
(101, '2023-09-02 14:57:05.065000', '203.78.114.236', 'e6d3ipmrtdhr37gzwy09yepkdx6o06qk', 'Mozilla/5.0 (X11; Linux x86_64) AppleWebKit/537.36 (KHTML, like Gecko) Chrome/114.0.0.0 Safari/537.36 Edg/114.0.1823.67', 4, NULL),
(102, '2023-09-02 14:57:18.228000', '203.78.114.236', 'e6d3ipmrtdhr37gzwy09yepkdx6o06qk', 'Mozilla/5.0 (X11; Linux x86_64) AppleWebKit/537.36 (KHTML, like Gecko) Chrome/114.0.0.0 Safari/537.36 Edg/114.0.1823.67', 15, NULL),
(103, '2023-09-02 14:57:52.369000', '203.78.114.236', 'e6d3ipmrtdhr37gzwy09yepkdx6o06qk', 'Mozilla/5.0 (X11; Linux x86_64) AppleWebKit/537.36 (KHTML, like Gecko) Chrome/114.0.0.0 Safari/537.36 Edg/114.0.1823.67', 16, NULL),
(104, '2023-09-02 15:00:03.788000', '203.78.114.236', 'ymkldr9j97ilc50euuokku1uspb7moxq', 'Mozilla/5.0 (X11; Linux x86_64) AppleWebKit/537.36 (KHTML, like Gecko) Chrome/114.0.0.0 Safari/537.36 Edg/114.0.1823.67', 1, 1),
(105, '2023-09-02 16:53:10.161000', '203.78.114.236', 'e6d3ipmrtdhr37gzwy09yepkdx6o06qk', 'Mozilla/5.0 (X11; Linux x86_64) AppleWebKit/537.36 (KHTML, like Gecko) Chrome/114.0.0.0 Safari/537.36 Edg/114.0.1823.67', 4, NULL),
(106, '2023-09-04 08:17:33.102000', '110.136.218.116', 'ag2pabp107gubecimghfebg40fbzislz', 'Mozilla/5.0 (X11; Linux x86_64) AppleWebKit/537.36 (KHTML, like Gecko) Chrome/114.0.0.0 Safari/537.36 Edg/114.0.1823.67', 2, NULL),
(107, '2023-09-04 08:18:08.900000', '110.136.218.116', 'e6d3ipmrtdhr37gzwy09yepkdx6o06qk', 'Mozilla/5.0 (X11; Linux x86_64) AppleWebKit/537.36 (KHTML, like Gecko) Chrome/114.0.0.0 Safari/537.36 Edg/114.0.1823.67', 4, NULL),
(108, '2023-09-04 08:18:58.179000', '110.136.218.116', 'e6d3ipmrtdhr37gzwy09yepkdx6o06qk', 'Mozilla/5.0 (X11; Linux x86_64) AppleWebKit/537.36 (KHTML, like Gecko) Chrome/114.0.0.0 Safari/537.36 Edg/114.0.1823.67', 14, NULL),
(109, '2023-09-04 08:19:38.305000', '110.136.218.116', 'ymkldr9j97ilc50euuokku1uspb7moxq', 'Mozilla/5.0 (X11; Linux x86_64) AppleWebKit/537.36 (KHTML, like Gecko) Chrome/114.0.0.0 Safari/537.36 Edg/114.0.1823.67', 1, 1),
(110, '2023-09-04 08:34:49.509000', '110.136.218.116', 'e6d3ipmrtdhr37gzwy09yepkdx6o06qk', 'Mozilla/5.0 (X11; Linux x86_64) AppleWebKit/537.36 (KHTML, like Gecko) Chrome/114.0.0.0 Safari/537.36 Edg/114.0.1823.67', 4, NULL),
(111, '2023-09-04 08:34:55.772000', '110.136.218.116', 'ag2pabp107gubecimghfebg40fbzislz', 'Mozilla/5.0 (X11; Linux x86_64) AppleWebKit/537.36 (KHTML, like Gecko) Chrome/114.0.0.0 Safari/537.36 Edg/114.0.1823.67', 2, NULL),
(112, '2023-09-04 08:36:12.229000', '110.136.218.116', 'e6d3ipmrtdhr37gzwy09yepkdx6o06qk', 'Mozilla/5.0 (X11; Linux x86_64) AppleWebKit/537.36 (KHTML, like Gecko) Chrome/114.0.0.0 Safari/537.36 Edg/114.0.1823.67', 14, NULL),
(113, '2023-09-04 08:36:17.447000', '110.136.218.116', 'e6d3ipmrtdhr37gzwy09yepkdx6o06qk', 'Mozilla/5.0 (X11; Linux x86_64) AppleWebKit/537.36 (KHTML, like Gecko) Chrome/114.0.0.0 Safari/537.36 Edg/114.0.1823.67', 16, NULL),
(114, '2023-09-04 08:36:20.651000', '110.136.218.116', 'e6d3ipmrtdhr37gzwy09yepkdx6o06qk', 'Mozilla/5.0 (X11; Linux x86_64) AppleWebKit/537.36 (KHTML, like Gecko) Chrome/114.0.0.0 Safari/537.36 Edg/114.0.1823.67', 15, NULL),
(115, '2023-09-04 08:36:27.137000', '110.136.218.116', 'e6d3ipmrtdhr37gzwy09yepkdx6o06qk', 'Mozilla/5.0 (X11; Linux x86_64) AppleWebKit/537.36 (KHTML, like Gecko) Chrome/114.0.0.0 Safari/537.36 Edg/114.0.1823.67', 4, NULL),
(116, '2023-09-04 09:30:51.111000', '154.28.229.171', 's6mpwfjomi211se68rwtmkfrxjkxko8x', 'Mozilla/5.0 (X11; U; Linux i686; en-US) AppleWebKit/534.7 (KHTML, like Gecko) Chrome/7.0.517.24 Safari/534.7', 14, NULL),
(117, '2023-09-04 09:30:51.178000', '154.28.229.171', 'xfo5lzaflnld08kk8xe2qtrubk51n2sd', 'Mozilla/5.0 (X11; U; Linux i686; en-US) AppleWebKit/534.7 (KHTML, like Gecko) Chrome/7.0.517.24 Safari/534.7', 19, NULL),
(118, '2023-09-04 09:30:51.281000', '154.28.229.171', 'e3jw7w3d9lhpxp90p60bn2tjg2nt1ee5', 'Mozilla/5.0 (X11; U; Linux i686; en-US) AppleWebKit/534.7 (KHTML, like Gecko) Chrome/7.0.517.24 Safari/534.7', 20, NULL),
(119, '2023-09-04 09:30:51.479000', '154.28.229.171', '0d3c34qfnovndj42b6migpbk9vdpe7ar', 'Mozilla/5.0 (X11; U; Linux i686; en-US) AppleWebKit/534.7 (KHTML, like Gecko) Chrome/7.0.517.24 Safari/534.7', 21, NULL),
(120, '2023-09-04 09:30:51.606000', '154.28.229.171', 'gcqbiefjt9re5tpfnvpi97kexlc8n415', 'Mozilla/5.0 (X11; U; Linux i686; en-US) AppleWebKit/534.7 (KHTML, like Gecko) Chrome/7.0.517.24 Safari/534.7', 22, NULL),
(121, '2023-09-04 09:39:28.442000', '110.136.218.116', 'e6d3ipmrtdhr37gzwy09yepkdx6o06qk', 'Mozilla/5.0 (X11; Linux x86_64) AppleWebKit/537.36 (KHTML, like Gecko) Chrome/114.0.0.0 Safari/537.36 Edg/114.0.1823.67', 4, NULL),
(122, '2023-09-04 09:39:38.033000', '110.136.218.116', 'ag2pabp107gubecimghfebg40fbzislz', 'Mozilla/5.0 (X11; Linux x86_64) AppleWebKit/537.36 (KHTML, like Gecko) Chrome/114.0.0.0 Safari/537.36 Edg/114.0.1823.67', 2, NULL),
(124, '2023-09-04 14:01:58.841000', '110.136.218.116', 'e6d3ipmrtdhr37gzwy09yepkdx6o06qk', 'Mozilla/5.0 (X11; Linux x86_64) AppleWebKit/537.36 (KHTML, like Gecko) Chrome/114.0.0.0 Safari/537.36 Edg/114.0.1823.67', 4, NULL),
(125, '2023-09-04 14:02:14.237000', '110.136.218.116', 'ag2pabp107gubecimghfebg40fbzislz', 'Mozilla/5.0 (X11; Linux x86_64) AppleWebKit/537.36 (KHTML, like Gecko) Chrome/114.0.0.0 Safari/537.36 Edg/114.0.1823.67', 2, NULL),
(126, '2023-09-04 14:02:25.955000', '110.136.218.116', 'abzaiu0fkdpecuasn6n9fb4w6o9kef3b', 'Mozilla/5.0 (X11; Linux x86_64) AppleWebKit/537.36 (KHTML, like Gecko) Chrome/114.0.0.0 Safari/537.36 Edg/114.0.1823.67', 1, 1),
(127, '2023-09-04 14:08:10.161000', '110.136.218.116', 'abzaiu0fkdpecuasn6n9fb4w6o9kef3b', 'Mozilla/5.0 (X11; Linux x86_64) AppleWebKit/537.36 (KHTML, like Gecko) Chrome/114.0.0.0 Safari/537.36 Edg/114.0.1823.67', 1, 1),
(128, '2023-09-04 14:09:47.310000', '110.136.218.116', 'abzaiu0fkdpecuasn6n9fb4w6o9kef3b', 'Mozilla/5.0 (X11; Linux x86_64) AppleWebKit/537.36 (KHTML, like Gecko) Chrome/114.0.0.0 Safari/537.36 Edg/114.0.1823.67', 1, 1),
(129, '2023-09-04 14:15:01.623000', '110.136.218.116', 'abzaiu0fkdpecuasn6n9fb4w6o9kef3b', 'Mozilla/5.0 (X11; Linux x86_64) AppleWebKit/537.36 (KHTML, like Gecko) Chrome/114.0.0.0 Safari/537.36 Edg/114.0.1823.67', 1, 1),
(130, '2023-09-04 14:18:14.921000', '110.136.218.116', 'abzaiu0fkdpecuasn6n9fb4w6o9kef3b', 'Mozilla/5.0 (X11; Linux x86_64) AppleWebKit/537.36 (KHTML, like Gecko) Chrome/114.0.0.0 Safari/537.36 Edg/114.0.1823.67', 1, 1),
(131, '2023-09-04 14:20:38.733000', '110.136.218.116', 'abzaiu0fkdpecuasn6n9fb4w6o9kef3b', 'Mozilla/5.0 (X11; Linux x86_64) AppleWebKit/537.36 (KHTML, like Gecko) Chrome/114.0.0.0 Safari/537.36 Edg/114.0.1823.67', 1, 1),
(132, '2023-09-04 14:23:11.912000', '110.136.218.116', 'abzaiu0fkdpecuasn6n9fb4w6o9kef3b', 'Mozilla/5.0 (X11; Linux x86_64) AppleWebKit/537.36 (KHTML, like Gecko) Chrome/114.0.0.0 Safari/537.36 Edg/114.0.1823.67', 1, 1),
(133, '2023-09-04 14:24:13.297000', '110.136.218.116', 'abzaiu0fkdpecuasn6n9fb4w6o9kef3b', 'Mozilla/5.0 (X11; Linux x86_64) AppleWebKit/537.36 (KHTML, like Gecko) Chrome/114.0.0.0 Safari/537.36 Edg/114.0.1823.67', 1, 1),
(134, '2023-09-04 14:43:08.650000', '110.136.218.116', 'abzaiu0fkdpecuasn6n9fb4w6o9kef3b', 'Mozilla/5.0 (X11; Linux x86_64) AppleWebKit/537.36 (KHTML, like Gecko) Chrome/114.0.0.0 Safari/537.36 Edg/114.0.1823.67', 1, 1),
(135, '2023-09-04 14:58:23.751000', '110.136.218.116', 'e6d3ipmrtdhr37gzwy09yepkdx6o06qk', 'Mozilla/5.0 (X11; Linux x86_64) AppleWebKit/537.36 (KHTML, like Gecko) Chrome/114.0.0.0 Safari/537.36 Edg/114.0.1823.67', 4, NULL),
(136, '2023-09-04 14:58:36.988000', '110.136.218.116', 'ag2pabp107gubecimghfebg40fbzislz', 'Mozilla/5.0 (X11; Linux x86_64) AppleWebKit/537.36 (KHTML, like Gecko) Chrome/114.0.0.0 Safari/537.36 Edg/114.0.1823.67', 2, NULL),
(137, '2023-09-04 14:58:44.430000', '110.136.218.116', 'abzaiu0fkdpecuasn6n9fb4w6o9kef3b', 'Mozilla/5.0 (X11; Linux x86_64) AppleWebKit/537.36 (KHTML, like Gecko) Chrome/114.0.0.0 Safari/537.36 Edg/114.0.1823.67', 1, 1),
(138, '2023-09-04 15:00:19.322000', '110.136.218.116', 'abzaiu0fkdpecuasn6n9fb4w6o9kef3b', 'Mozilla/5.0 (X11; Linux x86_64) AppleWebKit/537.36 (KHTML, like Gecko) Chrome/114.0.0.0 Safari/537.36 Edg/114.0.1823.67', 1, 1),
(139, '2023-09-04 15:01:28.350000', '110.136.218.116', 'abzaiu0fkdpecuasn6n9fb4w6o9kef3b', 'Mozilla/5.0 (X11; Linux x86_64) AppleWebKit/537.36 (KHTML, like Gecko) Chrome/114.0.0.0 Safari/537.36 Edg/114.0.1823.67', 1, 1),
(140, '2023-09-04 15:08:56.484000', '110.136.218.116', 'abzaiu0fkdpecuasn6n9fb4w6o9kef3b', 'Mozilla/5.0 (X11; Linux x86_64) AppleWebKit/537.36 (KHTML, like Gecko) Chrome/114.0.0.0 Safari/537.36 Edg/114.0.1823.67', 1, 1),
(141, '2023-09-04 15:11:16.501000', '110.136.218.116', 'abzaiu0fkdpecuasn6n9fb4w6o9kef3b', 'Mozilla/5.0 (X11; Linux x86_64) AppleWebKit/537.36 (KHTML, like Gecko) Chrome/114.0.0.0 Safari/537.36 Edg/114.0.1823.67', 1, 1),
(142, '2023-09-04 15:12:20.884000', '110.136.218.116', 'abzaiu0fkdpecuasn6n9fb4w6o9kef3b', 'Mozilla/5.0 (X11; Linux x86_64) AppleWebKit/537.36 (KHTML, like Gecko) Chrome/114.0.0.0 Safari/537.36 Edg/114.0.1823.67', 1, 1),
(143, '2023-09-04 15:15:27.636000', '110.136.218.116', 'abzaiu0fkdpecuasn6n9fb4w6o9kef3b', 'Mozilla/5.0 (X11; Linux x86_64) AppleWebKit/537.36 (KHTML, like Gecko) Chrome/114.0.0.0 Safari/537.36 Edg/114.0.1823.67', 1, 1),
(144, '2023-09-04 15:25:05.364000', '110.136.218.116', 'abzaiu0fkdpecuasn6n9fb4w6o9kef3b', 'Mozilla/5.0 (X11; Linux x86_64) AppleWebKit/537.36 (KHTML, like Gecko) Chrome/114.0.0.0 Safari/537.36 Edg/114.0.1823.67', 1, 1),
(145, '2023-09-04 15:26:25.449000', '110.136.218.116', 'abzaiu0fkdpecuasn6n9fb4w6o9kef3b', 'Mozilla/5.0 (X11; Linux x86_64) AppleWebKit/537.36 (KHTML, like Gecko) Chrome/114.0.0.0 Safari/537.36 Edg/114.0.1823.67', 1, 1),
(146, '2023-09-04 15:27:59.424000', '110.136.218.116', 'abzaiu0fkdpecuasn6n9fb4w6o9kef3b', 'Mozilla/5.0 (X11; Linux x86_64) AppleWebKit/537.36 (KHTML, like Gecko) Chrome/114.0.0.0 Safari/537.36 Edg/114.0.1823.67', 1, 1),
(147, '2023-09-04 15:36:22.624000', '110.136.218.116', 'abzaiu0fkdpecuasn6n9fb4w6o9kef3b', 'Mozilla/5.0 (X11; Linux x86_64) AppleWebKit/537.36 (KHTML, like Gecko) Chrome/114.0.0.0 Safari/537.36 Edg/114.0.1823.67', 1, 1),
(148, '2023-09-05 03:13:15.501000', '52.167.144.231', 'f5xglo4i6uqljes5xm8y6dcfll54htuc', 'Mozilla/5.0 AppleWebKit/537.36 (KHTML, like Gecko; compatible; bingbot/2.0; +http://www.bing.com/bingbot.htm) Chrome/103.0.5060.134 Safari/537.36', 23, NULL),
(149, '2023-09-05 07:10:44.574000', '40.77.167.242', 'jydn5euwslp3ajk80f32ri26ahsc603q', 'Mozilla/5.0 AppleWebKit/537.36 (KHTML, like Gecko; compatible; bingbot/2.0; +http://www.bing.com/bingbot.htm) Chrome/103.0.5060.134 Safari/537.36', 13, NULL),
(150, '2023-09-05 09:50:42.406000', '110.136.218.58', 'e6d3ipmrtdhr37gzwy09yepkdx6o06qk', 'Mozilla/5.0 (X11; Linux x86_64) AppleWebKit/537.36 (KHTML, like Gecko) Chrome/114.0.0.0 Safari/537.36 Edg/114.0.1823.67', 4, NULL),
(151, '2023-09-05 09:53:17.874000', '110.136.218.58', 'e6d3ipmrtdhr37gzwy09yepkdx6o06qk', 'Mozilla/5.0 (X11; Linux x86_64) AppleWebKit/537.36 (KHTML, like Gecko) Chrome/114.0.0.0 Safari/537.36 Edg/114.0.1823.67', 4, NULL),
(152, '2023-09-05 09:54:38.204000', '110.136.218.10', '2qok7dvr6yopeqlvx3cqdvika2yjkz0g', 'Mozilla/5.0 (Linux; Android 10; K) AppleWebKit/537.36 (KHTML, like Gecko) Chrome/111.0.0.0 Mobile Safari/537.36', 4, NULL),
(153, '2023-09-05 10:11:16.243000', '110.136.218.58', 'e6d3ipmrtdhr37gzwy09yepkdx6o06qk', 'Mozilla/5.0 (X11; Linux x86_64) AppleWebKit/537.36 (KHTML, like Gecko) Chrome/114.0.0.0 Safari/537.36 Edg/114.0.1823.67', 4, NULL),
(154, '2023-09-05 10:28:19.958000', '110.136.218.58', 'e6d3ipmrtdhr37gzwy09yepkdx6o06qk', 'Mozilla/5.0 (X11; Linux x86_64) AppleWebKit/537.36 (KHTML, like Gecko) Chrome/114.0.0.0 Safari/537.36 Edg/114.0.1823.67', 4, NULL),
(155, '2023-09-05 13:07:04.394000', '52.167.144.206', 'ul1fetih1aqexai1msg9a9lkhqp3oqjw', 'Mozilla/5.0 AppleWebKit/537.36 (KHTML, like Gecko; compatible; bingbot/2.0; +http://www.bing.com/bingbot.htm) Chrome/103.0.5060.134 Safari/537.36', 21, NULL),
(156, '2023-09-05 14:15:25.825000', '110.136.218.58', 'abzaiu0fkdpecuasn6n9fb4w6o9kef3b', 'Mozilla/5.0 (X11; Linux x86_64) AppleWebKit/537.36 (KHTML, like Gecko) Chrome/114.0.0.0 Safari/537.36 Edg/114.0.1823.67', 1, 1),
(157, '2023-09-05 14:21:11.631000', '110.136.218.58', 'abzaiu0fkdpecuasn6n9fb4w6o9kef3b', 'Mozilla/5.0 (X11; Linux x86_64) AppleWebKit/537.36 (KHTML, like Gecko) Chrome/114.0.0.0 Safari/537.36 Edg/114.0.1823.67', 1, 1),
(158, '2023-09-05 14:34:30.641000', '114.119.149.171', 'od7wv04jz3h5ni7rf3kw6du730237vop', 'Mozilla/5.0 (Linux; Android 7.0;) AppleWebKit/537.36 (KHTML, like Gecko) Mobile Safari/537.36 (compatible; PetalBot;+https://webmaster.petalsearch.com/site/petalbot)', 21, NULL),
(159, '2023-09-05 14:52:03.361000', '114.119.142.208', 'bzwu2litdtgjbarsk2f7voxx8ielyia2', 'Mozilla/5.0 (Linux; Android 7.0;) AppleWebKit/537.36 (KHTML, like Gecko) Mobile Safari/537.36 (compatible; PetalBot;+https://webmaster.petalsearch.com/site/petalbot)', 24, NULL),
(160, '2023-09-05 17:45:58.582000', '112.215.220.220', 'abzaiu0fkdpecuasn6n9fb4w6o9kef3b', 'Mozilla/5.0 (X11; Linux x86_64) AppleWebKit/537.36 (KHTML, like Gecko) Chrome/114.0.0.0 Safari/537.36 Edg/114.0.1823.67', 1, 1),
(161, '2023-09-05 17:48:11.757000', '112.215.220.220', 'abzaiu0fkdpecuasn6n9fb4w6o9kef3b', 'Mozilla/5.0 (X11; Linux x86_64) AppleWebKit/537.36 (KHTML, like Gecko) Chrome/114.0.0.0 Safari/537.36 Edg/114.0.1823.67', 1, 1),
(162, '2023-09-05 17:51:34.315000', '112.215.220.220', 'abzaiu0fkdpecuasn6n9fb4w6o9kef3b', 'Mozilla/5.0 (X11; Linux x86_64) AppleWebKit/537.36 (KHTML, like Gecko) Chrome/114.0.0.0 Safari/537.36 Edg/114.0.1823.67', 1, 1),
(163, '2023-09-05 17:53:33.093000', '112.215.220.220', 'abzaiu0fkdpecuasn6n9fb4w6o9kef3b', 'Mozilla/5.0 (X11; Linux x86_64) AppleWebKit/537.36 (KHTML, like Gecko) Chrome/114.0.0.0 Safari/537.36 Edg/114.0.1823.67', 1, 1),
(164, '2023-09-05 17:56:51.630000', '112.215.220.220', 'abzaiu0fkdpecuasn6n9fb4w6o9kef3b', 'Mozilla/5.0 (X11; Linux x86_64) AppleWebKit/537.36 (KHTML, like Gecko) Chrome/114.0.0.0 Safari/537.36 Edg/114.0.1823.67', 1, 1),
(165, '2023-09-05 22:09:24.291000', '40.77.167.39', 'pjj7ot6qrx2m1tfk7cr7c426qwoigo7f', 'Mozilla/5.0 AppleWebKit/537.36 (KHTML, like Gecko; compatible; bingbot/2.0; +http://www.bing.com/bingbot.htm) Chrome/103.0.5060.134 Safari/537.36', 23, NULL),
(166, '2023-09-05 23:11:59.916000', '114.119.145.194', 'whabon93gvijp8xxkv9axrpy21pnxtqx', 'Mozilla/5.0 (Linux; Android 7.0;) AppleWebKit/537.36 (KHTML, like Gecko) Mobile Safari/537.36 (compatible; PetalBot;+https://webmaster.petalsearch.com/site/petalbot)', 15, NULL),
(167, '2023-09-05 23:50:56.036000', '52.167.144.138', 'sjua2tohgus5tvmld6b3wv30qceb92sp', 'Mozilla/5.0 AppleWebKit/537.36 (KHTML, like Gecko; compatible; bingbot/2.0; +http://www.bing.com/bingbot.htm) Chrome/103.0.5060.134 Safari/537.36', 21, NULL),
(168, '2023-09-06 02:06:10.593000', '114.119.158.94', '0phj5bzt8n6u0t82iwpy996qx6l9yj5i', 'Mozilla/5.0 (Linux; Android 7.0;) AppleWebKit/537.36 (KHTML, like Gecko) Mobile Safari/537.36 (compatible; PetalBot;+https://webmaster.petalsearch.com/site/petalbot)', 25, NULL),
(169, '2023-09-06 02:07:07.830000', '114.119.153.38', 'dwjou1ywwrbb6zism99gxau9rgjxlyqz', 'Mozilla/5.0 (Linux; Android 7.0;) AppleWebKit/537.36 (KHTML, like Gecko) Mobile Safari/537.36 (compatible; PetalBot;+https://webmaster.petalsearch.com/site/petalbot)', 26, NULL),
(170, '2023-09-06 02:09:09.901000', '114.119.136.143', 'qzs6eclkbul4tpe1icvt59389wey65g6', 'Mozilla/5.0 (Linux; Android 7.0;) AppleWebKit/537.36 (KHTML, like Gecko) Mobile Safari/537.36 (compatible; PetalBot;+https://webmaster.petalsearch.com/site/petalbot)', 20, NULL),
(171, '2023-09-06 03:12:43.727000', '114.119.159.61', 'zzcxux0teishkkcvyxc2o174ikduq9vq', 'Mozilla/5.0 (Linux; Android 7.0;) AppleWebKit/537.36 (KHTML, like Gecko) Mobile Safari/537.36 (compatible; PetalBot;+https://webmaster.petalsearch.com/site/petalbot)', 22, NULL),
(172, '2023-09-06 07:08:51.732000', '52.167.144.215', 'je9w8qdi73d45iwtfqsquq7l2f7iofp2', 'Mozilla/5.0 AppleWebKit/537.36 (KHTML, like Gecko; compatible; bingbot/2.0; +http://www.bing.com/bingbot.htm) Chrome/103.0.5060.134 Safari/537.36', 23, NULL),
(173, '2023-09-06 08:10:28.922000', '40.77.167.50', 'h1yji41tcwrjlju7pc7l75xqy3649117', 'Mozilla/5.0 AppleWebKit/537.36 (KHTML, like Gecko; compatible; bingbot/2.0; +http://www.bing.com/bingbot.htm) Chrome/103.0.5060.134 Safari/537.36', 13, NULL),
(174, '2023-09-06 18:02:21.258000', '140.213.151.211', 'abzaiu0fkdpecuasn6n9fb4w6o9kef3b', 'Mozilla/5.0 (X11; Linux x86_64) AppleWebKit/537.36 (KHTML, like Gecko) Chrome/114.0.0.0 Safari/537.36 Edg/114.0.1823.67', 1, 1),
(175, '2023-09-06 18:06:22.999000', '140.213.151.211', 'e6d3ipmrtdhr37gzwy09yepkdx6o06qk', 'Mozilla/5.0 (X11; Linux x86_64) AppleWebKit/537.36 (KHTML, like Gecko) Chrome/114.0.0.0 Safari/537.36 Edg/114.0.1823.67', 4, NULL),
(176, '2023-09-06 18:07:07.372000', '140.213.151.211', 'e6d3ipmrtdhr37gzwy09yepkdx6o06qk', 'Mozilla/5.0 (X11; Linux x86_64) AppleWebKit/537.36 (KHTML, like Gecko) Chrome/114.0.0.0 Safari/537.36 Edg/114.0.1823.67', 27, NULL),
(177, '2023-09-06 18:07:46.048000', '140.213.151.211', 'e6d3ipmrtdhr37gzwy09yepkdx6o06qk', 'Mozilla/5.0 (X11; Linux x86_64) AppleWebKit/537.36 (KHTML, like Gecko) Chrome/114.0.0.0 Safari/537.36 Edg/114.0.1823.67', 4, NULL),
(178, '2023-09-06 18:08:54.670000', '140.213.151.211', 'e6d3ipmrtdhr37gzwy09yepkdx6o06qk', 'Mozilla/5.0 (X11; Linux x86_64) AppleWebKit/537.36 (KHTML, like Gecko) Chrome/114.0.0.0 Safari/537.36 Edg/114.0.1823.67', 4, NULL),
(179, '2023-09-06 18:10:26.820000', '140.213.151.211', 'e6d3ipmrtdhr37gzwy09yepkdx6o06qk', 'Mozilla/5.0 (X11; Linux x86_64) AppleWebKit/537.36 (KHTML, like Gecko) Chrome/114.0.0.0 Safari/537.36 Edg/114.0.1823.67', 4, NULL),
(180, '2023-09-06 18:17:20.685000', '140.213.151.211', 'e6d3ipmrtdhr37gzwy09yepkdx6o06qk', 'Mozilla/5.0 (X11; Linux x86_64) AppleWebKit/537.36 (KHTML, like Gecko) Chrome/114.0.0.0 Safari/537.36 Edg/114.0.1823.67', 4, NULL),
(181, '2023-09-06 18:18:31.426000', '140.213.151.211', 'ag2pabp107gubecimghfebg40fbzislz', 'Mozilla/5.0 (X11; Linux x86_64) AppleWebKit/537.36 (KHTML, like Gecko) Chrome/114.0.0.0 Safari/537.36 Edg/114.0.1823.67', 2, NULL),
(182, '2023-09-06 18:18:55.031000', '140.213.151.211', 'ag2pabp107gubecimghfebg40fbzislz', 'Mozilla/5.0 (X11; Linux x86_64) AppleWebKit/537.36 (KHTML, like Gecko) Chrome/114.0.0.0 Safari/537.36 Edg/114.0.1823.67', 5, NULL),
(183, '2023-09-06 18:19:25.060000', '140.213.151.211', 'abzaiu0fkdpecuasn6n9fb4w6o9kef3b', 'Mozilla/5.0 (X11; Linux x86_64) AppleWebKit/537.36 (KHTML, like Gecko) Chrome/114.0.0.0 Safari/537.36 Edg/114.0.1823.67', 1, 1),
(184, '2023-09-06 18:23:43.847000', '140.213.151.211', 'abzaiu0fkdpecuasn6n9fb4w6o9kef3b', 'Mozilla/5.0 (X11; Linux x86_64) AppleWebKit/537.36 (KHTML, like Gecko) Chrome/114.0.0.0 Safari/537.36 Edg/114.0.1823.67', 1, 1),
(185, '2023-09-06 18:25:11.469000', '140.213.151.211', 'abzaiu0fkdpecuasn6n9fb4w6o9kef3b', 'Mozilla/5.0 (X11; Linux x86_64) AppleWebKit/537.36 (KHTML, like Gecko) Chrome/114.0.0.0 Safari/537.36 Edg/114.0.1823.67', 1, 1),
(186, '2023-09-06 18:30:35.537000', '52.167.144.166', 'x4k5opddg0ypwpwwtdzu6upfhsty98t8', 'Mozilla/5.0 AppleWebKit/537.36 (KHTML, like Gecko; compatible; bingbot/2.0; +http://www.bing.com/bingbot.htm) Chrome/103.0.5060.134 Safari/537.36', 21, NULL),
(187, '2023-09-06 19:15:23.036000', '140.213.151.211', 'abzaiu0fkdpecuasn6n9fb4w6o9kef3b', 'Mozilla/5.0 (X11; Linux x86_64) AppleWebKit/537.36 (KHTML, like Gecko) Chrome/114.0.0.0 Safari/537.36 Edg/114.0.1823.67', 1, 1),
(188, '2023-09-06 19:18:07.435000', '140.213.151.211', 'abzaiu0fkdpecuasn6n9fb4w6o9kef3b', 'Mozilla/5.0 (X11; Linux x86_64) AppleWebKit/537.36 (KHTML, like Gecko) Chrome/114.0.0.0 Safari/537.36 Edg/114.0.1823.67', 1, 1),
(189, '2023-09-06 19:20:59.066000', '140.213.151.211', 'abzaiu0fkdpecuasn6n9fb4w6o9kef3b', 'Mozilla/5.0 (X11; Linux x86_64) AppleWebKit/537.36 (KHTML, like Gecko) Chrome/114.0.0.0 Safari/537.36 Edg/114.0.1823.67', 1, 1),
(190, '2023-09-06 19:23:15.994000', '140.213.151.211', 'abzaiu0fkdpecuasn6n9fb4w6o9kef3b', 'Mozilla/5.0 (X11; Linux x86_64) AppleWebKit/537.36 (KHTML, like Gecko) Chrome/114.0.0.0 Safari/537.36 Edg/114.0.1823.67', 1, 1),
(191, '2023-09-06 19:25:16.958000', '140.213.151.211', 'abzaiu0fkdpecuasn6n9fb4w6o9kef3b', 'Mozilla/5.0 (X11; Linux x86_64) AppleWebKit/537.36 (KHTML, like Gecko) Chrome/114.0.0.0 Safari/537.36 Edg/114.0.1823.67', 1, 1),
(192, '2023-09-06 19:35:06.209000', '140.213.151.211', 'abzaiu0fkdpecuasn6n9fb4w6o9kef3b', 'Mozilla/5.0 (X11; Linux x86_64) AppleWebKit/537.36 (KHTML, like Gecko) Chrome/114.0.0.0 Safari/537.36 Edg/114.0.1823.67', 1, 1),
(193, '2023-09-06 19:36:26.926000', '140.213.151.211', 'abzaiu0fkdpecuasn6n9fb4w6o9kef3b', 'Mozilla/5.0 (X11; Linux x86_64) AppleWebKit/537.36 (KHTML, like Gecko) Chrome/114.0.0.0 Safari/537.36 Edg/114.0.1823.67', 1, 1),
(194, '2023-09-06 19:37:34.231000', '140.213.151.211', 'abzaiu0fkdpecuasn6n9fb4w6o9kef3b', 'Mozilla/5.0 (X11; Linux x86_64) AppleWebKit/537.36 (KHTML, like Gecko) Chrome/114.0.0.0 Safari/537.36 Edg/114.0.1823.67', 1, 1),
(195, '2023-09-06 19:38:39.033000', '140.213.151.211', 'abzaiu0fkdpecuasn6n9fb4w6o9kef3b', 'Mozilla/5.0 (X11; Linux x86_64) AppleWebKit/537.36 (KHTML, like Gecko) Chrome/114.0.0.0 Safari/537.36 Edg/114.0.1823.67', 1, 1),
(196, '2023-09-06 19:41:45.305000', '140.213.151.211', 'abzaiu0fkdpecuasn6n9fb4w6o9kef3b', 'Mozilla/5.0 (X11; Linux x86_64) AppleWebKit/537.36 (KHTML, like Gecko) Chrome/114.0.0.0 Safari/537.36 Edg/114.0.1823.67', 1, 1),
(197, '2023-09-06 19:45:58.583000', '140.213.151.211', 'abzaiu0fkdpecuasn6n9fb4w6o9kef3b', 'Mozilla/5.0 (X11; Linux x86_64) AppleWebKit/537.36 (KHTML, like Gecko) Chrome/114.0.0.0 Safari/537.36 Edg/114.0.1823.67', 1, 1),
(198, '2023-09-06 19:47:41.903000', '140.213.151.211', 'abzaiu0fkdpecuasn6n9fb4w6o9kef3b', 'Mozilla/5.0 (X11; Linux x86_64) AppleWebKit/537.36 (KHTML, like Gecko) Chrome/114.0.0.0 Safari/537.36 Edg/114.0.1823.67', 1, 1),
(199, '2023-09-06 19:49:27.423000', '140.213.151.211', 'abzaiu0fkdpecuasn6n9fb4w6o9kef3b', 'Mozilla/5.0 (X11; Linux x86_64) AppleWebKit/537.36 (KHTML, like Gecko) Chrome/114.0.0.0 Safari/537.36 Edg/114.0.1823.67', 1, 1),
(200, '2023-09-06 19:51:10.459000', '140.213.151.211', 'abzaiu0fkdpecuasn6n9fb4w6o9kef3b', 'Mozilla/5.0 (X11; Linux x86_64) AppleWebKit/537.36 (KHTML, like Gecko) Chrome/114.0.0.0 Safari/537.36 Edg/114.0.1823.67', 1, 1),
(201, '2023-09-06 19:52:56.994000', '140.213.151.211', 'abzaiu0fkdpecuasn6n9fb4w6o9kef3b', 'Mozilla/5.0 (X11; Linux x86_64) AppleWebKit/537.36 (KHTML, like Gecko) Chrome/114.0.0.0 Safari/537.36 Edg/114.0.1823.67', 1, 1),
(202, '2023-09-06 19:57:51.595000', '140.213.151.211', 'abzaiu0fkdpecuasn6n9fb4w6o9kef3b', 'Mozilla/5.0 (X11; Linux x86_64) AppleWebKit/537.36 (KHTML, like Gecko) Chrome/114.0.0.0 Safari/537.36 Edg/114.0.1823.67', 1, 1),
(203, '2023-09-06 19:59:19.934000', '140.213.151.211', 'abzaiu0fkdpecuasn6n9fb4w6o9kef3b', 'Mozilla/5.0 (X11; Linux x86_64) AppleWebKit/537.36 (KHTML, like Gecko) Chrome/114.0.0.0 Safari/537.36 Edg/114.0.1823.67', 1, 1),
(204, '2023-09-06 20:00:27.582000', '140.213.151.211', 'abzaiu0fkdpecuasn6n9fb4w6o9kef3b', 'Mozilla/5.0 (X11; Linux x86_64) AppleWebKit/537.36 (KHTML, like Gecko) Chrome/114.0.0.0 Safari/537.36 Edg/114.0.1823.67', 1, 1),
(205, '2023-09-06 20:06:44.396000', '140.213.151.211', 'abzaiu0fkdpecuasn6n9fb4w6o9kef3b', 'Mozilla/5.0 (X11; Linux x86_64) AppleWebKit/537.36 (KHTML, like Gecko) Chrome/114.0.0.0 Safari/537.36 Edg/114.0.1823.67', 1, 1),
(206, '2023-09-06 20:11:11.834000', '140.213.151.211', 'abzaiu0fkdpecuasn6n9fb4w6o9kef3b', 'Mozilla/5.0 (X11; Linux x86_64) AppleWebKit/537.36 (KHTML, like Gecko) Chrome/114.0.0.0 Safari/537.36 Edg/114.0.1823.67', 1, 1),
(207, '2023-09-06 20:11:29.119000', '140.213.151.211', 'abzaiu0fkdpecuasn6n9fb4w6o9kef3b', 'Mozilla/5.0 (X11; Linux x86_64) AppleWebKit/537.36 (KHTML, like Gecko) Chrome/114.0.0.0 Safari/537.36 Edg/114.0.1823.67', 28, 1),
(208, '2023-09-06 20:13:39.817000', '140.213.151.211', 'abzaiu0fkdpecuasn6n9fb4w6o9kef3b', 'Mozilla/5.0 (X11; Linux x86_64) AppleWebKit/537.36 (KHTML, like Gecko) Chrome/114.0.0.0 Safari/537.36 Edg/114.0.1823.67', 28, 1),
(209, '2023-09-06 20:13:57.826000', '140.213.151.211', 'abzaiu0fkdpecuasn6n9fb4w6o9kef3b', 'Mozilla/5.0 (X11; Linux x86_64) AppleWebKit/537.36 (KHTML, like Gecko) Chrome/114.0.0.0 Safari/537.36 Edg/114.0.1823.67', 1, 1),
(210, '2023-09-06 20:22:24.345000', '140.213.151.211', 'abzaiu0fkdpecuasn6n9fb4w6o9kef3b', 'Mozilla/5.0 (X11; Linux x86_64) AppleWebKit/537.36 (KHTML, like Gecko) Chrome/114.0.0.0 Safari/537.36 Edg/114.0.1823.67', 1, 1),
(211, '2023-09-06 20:24:48.023000', '140.213.151.211', 'abzaiu0fkdpecuasn6n9fb4w6o9kef3b', 'Mozilla/5.0 (X11; Linux x86_64) AppleWebKit/537.36 (KHTML, like Gecko) Chrome/114.0.0.0 Safari/537.36 Edg/114.0.1823.67', 1, 1),
(212, '2023-09-06 20:29:25.095000', '140.213.151.211', 'abzaiu0fkdpecuasn6n9fb4w6o9kef3b', 'Mozilla/5.0 (X11; Linux x86_64) AppleWebKit/537.36 (KHTML, like Gecko) Chrome/114.0.0.0 Safari/537.36 Edg/114.0.1823.67', 1, 1),
(213, '2023-09-06 20:29:39.221000', '140.213.151.211', 'abzaiu0fkdpecuasn6n9fb4w6o9kef3b', 'Mozilla/5.0 (X11; Linux x86_64) AppleWebKit/537.36 (KHTML, like Gecko) Chrome/114.0.0.0 Safari/537.36 Edg/114.0.1823.67', 29, 1),
(214, '2023-09-06 20:30:47.284000', '140.213.151.211', 'abzaiu0fkdpecuasn6n9fb4w6o9kef3b', 'Mozilla/5.0 (X11; Linux x86_64) AppleWebKit/537.36 (KHTML, like Gecko) Chrome/114.0.0.0 Safari/537.36 Edg/114.0.1823.67', 1, 1),
(215, '2023-09-06 21:03:41.905000', '203.78.121.46', 'pcml0lbb5t316txd5wa7cwr6n4fblbdh', 'Mozilla/5.0 (Linux; Android 10; K) AppleWebKit/537.36 (KHTML, like Gecko) Chrome/111.0.0.0 Mobile Safari/537.36', 1, 2),
(216, '2023-09-06 21:08:19.766000', '203.78.121.46', '4alhse0j9sdpn3m3w10qd5sbxm8mho2z', 'Mozilla/5.0 (Linux; Android 10; K) AppleWebKit/537.36 (KHTML, like Gecko) Chrome/111.0.0.0 Mobile Safari/537.36', 29, NULL),
(217, '2023-09-06 21:10:04.828000', '203.78.121.46', '4alhse0j9sdpn3m3w10qd5sbxm8mho2z', 'Mozilla/5.0 (Linux; Android 10; K) AppleWebKit/537.36 (KHTML, like Gecko) Chrome/111.0.0.0 Mobile Safari/537.36', 1, NULL),
(218, '2023-09-06 21:11:52.882000', '203.78.121.46', '4alhse0j9sdpn3m3w10qd5sbxm8mho2z', 'Mozilla/5.0 (Linux; Android 10; K) AppleWebKit/537.36 (KHTML, like Gecko) Chrome/111.0.0.0 Mobile Safari/537.36', 1, NULL),
(219, '2023-09-06 21:13:48.367000', '203.78.121.46', '4alhse0j9sdpn3m3w10qd5sbxm8mho2z', 'Mozilla/5.0 (Linux; Android 10; K) AppleWebKit/537.36 (KHTML, like Gecko) Chrome/111.0.0.0 Mobile Safari/537.36', 1, NULL),
(220, '2023-09-06 21:29:14.577000', '140.213.151.211', 'abzaiu0fkdpecuasn6n9fb4w6o9kef3b', 'Mozilla/5.0 (X11; Linux x86_64) AppleWebKit/537.36 (KHTML, like Gecko) Chrome/114.0.0.0 Safari/537.36 Edg/114.0.1823.67', 1, 1),
(221, '2023-09-06 21:30:34.577000', '140.213.151.211', 'abzaiu0fkdpecuasn6n9fb4w6o9kef3b', 'Mozilla/5.0 (X11; Linux x86_64) AppleWebKit/537.36 (KHTML, like Gecko) Chrome/114.0.0.0 Safari/537.36 Edg/114.0.1823.67', 30, 1),
(222, '2023-09-06 21:41:40.622000', '203.78.121.82', 'abzaiu0fkdpecuasn6n9fb4w6o9kef3b', 'Mozilla/5.0 (X11; Linux x86_64) AppleWebKit/537.36 (KHTML, like Gecko) Chrome/114.0.0.0 Safari/537.36 Edg/114.0.1823.67', 1, 1),
(223, '2023-09-07 01:55:54.276000', '114.119.146.19', 'fw6ngn17ccp3udxdtm0gcpa8krmpmz2e', 'Mozilla/5.0 (Linux; Android 7.0;) AppleWebKit/537.36 (KHTML, like Gecko) Mobile Safari/537.36 (compatible; PetalBot;+https://webmaster.petalsearch.com/site/petalbot)', 18, NULL),
(224, '2023-09-07 05:49:55.154000', '185.191.171.5', 'q54mhqu7sdd1c3vh9h5jvi14xvbqge3r', 'Mozilla/5.0 (compatible; SemrushBot/7~bl; +http://www.semrush.com/bot.html)', 31, NULL),
(225, '2023-09-07 06:34:02.472000', '185.191.171.12', 'u5zuqnkfklhq6b3a5fmsujtja62yg1v2', 'Mozilla/5.0 (compatible; SemrushBot/7~bl; +http://www.semrush.com/bot.html)', 17, NULL),
(226, '2023-09-07 08:26:28.706000', '185.191.171.2', 'vkpsgj0vjsb79aaychcm19w4dchri8nw', 'Mozilla/5.0 (compatible; SemrushBot/7~bl; +http://www.semrush.com/bot.html)', 23, NULL);
INSERT INTO `hitcount_hit` (`id`, `created`, `ip`, `session`, `user_agent`, `hitcount_id`, `user_id`) VALUES
(227, '2023-09-07 08:30:51.569000', '110.136.219.6', 'abzaiu0fkdpecuasn6n9fb4w6o9kef3b', 'Mozilla/5.0 (X11; Linux x86_64) AppleWebKit/537.36 (KHTML, like Gecko) Chrome/114.0.0.0 Safari/537.36 Edg/114.0.1823.67', 1, 1),
(228, '2023-09-07 08:31:32.878000', '110.136.219.6', 'e6d3ipmrtdhr37gzwy09yepkdx6o06qk', 'Mozilla/5.0 (X11; Linux x86_64) AppleWebKit/537.36 (KHTML, like Gecko) Chrome/114.0.0.0 Safari/537.36 Edg/114.0.1823.67', 4, NULL),
(229, '2023-09-07 08:32:03.921000', '110.136.219.6', 'ag2pabp107gubecimghfebg40fbzislz', 'Mozilla/5.0 (X11; Linux x86_64) AppleWebKit/537.36 (KHTML, like Gecko) Chrome/114.0.0.0 Safari/537.36 Edg/114.0.1823.67', 2, NULL),
(230, '2023-09-07 09:34:40.727000', '185.191.171.18', '07bb51gaerljbj0s6ci6nh5wmmmvdb6g', 'Mozilla/5.0 (compatible; SemrushBot/7~bl; +http://www.semrush.com/bot.html)', 32, NULL),
(231, '2023-09-07 09:45:47.861000', '185.191.171.12', 'zkhlqlwxrpojn6g1no5tas92ltk6a6os', 'Mozilla/5.0 (compatible; SemrushBot/7~bl; +http://www.semrush.com/bot.html)', 16, NULL),
(232, '2023-09-07 11:13:30.392000', '185.191.171.16', 'du5mi9tvi91khcu5l7ieytknn20bw13y', 'Mozilla/5.0 (compatible; SemrushBot/7~bl; +http://www.semrush.com/bot.html)', 20, NULL),
(233, '2023-09-07 11:19:17.424000', '185.191.171.1', '59y3woaznjuou9j2dberd9zijst5qw2r', 'Mozilla/5.0 (compatible; SemrushBot/7~bl; +http://www.semrush.com/bot.html)', 26, NULL),
(234, '2023-09-07 13:09:32.153000', '40.77.167.65', '50xivuj5g2wx5m7zrjv1mnjjjuqos4lx', 'Mozilla/5.0 AppleWebKit/537.36 (KHTML, like Gecko; compatible; bingbot/2.0; +http://www.bing.com/bingbot.htm) Chrome/103.0.5060.134 Safari/537.36', 21, NULL),
(235, '2023-09-07 13:19:30.944000', '114.119.129.198', 'eptlp11ku9kfzhwnrl765gf5ixy0rjko', 'Mozilla/5.0 (Linux; Android 7.0;) AppleWebKit/537.36 (KHTML, like Gecko) Mobile Safari/537.36 (compatible; PetalBot;+https://webmaster.petalsearch.com/site/petalbot)', 23, NULL),
(236, '2023-09-07 14:34:43.216000', '54.36.149.104', '89ittlo2zqw2sy4yeipfozsxip3bq970', 'Mozilla/5.0 (compatible; AhrefsBot/7.0; +http://ahrefs.com/robot/)', 32, NULL),
(237, '2023-09-07 14:40:17.843000', '40.77.167.242', 'paourrj3r3ca90xpdfnohks7gfyvt9j8', 'Mozilla/5.0 AppleWebKit/537.36 (KHTML, like Gecko; compatible; bingbot/2.0; +http://www.bing.com/bingbot.htm) Chrome/103.0.5060.134 Safari/537.36', 13, NULL),
(238, '2023-09-07 14:51:42.728000', '54.36.148.107', 'b2txce5nlvz6fg6d6dtgh5rdiq947bsu', 'Mozilla/5.0 (compatible; AhrefsBot/7.0; +http://ahrefs.com/robot/)', 13, NULL),
(239, '2023-09-07 15:04:32.505000', '54.36.148.118', 'qgfk651hca2s3txihav334oidqrwdrp4', 'Mozilla/5.0 (compatible; AhrefsBot/7.0; +http://ahrefs.com/robot/)', 17, NULL),
(240, '2023-09-07 15:15:42.611000', '54.36.148.95', 'yphz55y2x69ulk6l22rwvov0u0qd90jp', 'Mozilla/5.0 (compatible; AhrefsBot/7.0; +http://ahrefs.com/robot/)', 23, NULL),
(241, '2023-09-07 16:01:25.308000', '140.213.127.220', '2qok7dvr6yopeqlvx3cqdvika2yjkz0g', 'Mozilla/5.0 (Linux; Android 10; K) AppleWebKit/537.36 (KHTML, like Gecko) Chrome/111.0.0.0 Mobile Safari/537.36', 4, NULL),
(242, '2023-09-07 16:14:23.341000', '54.36.149.31', 'lsg3ilz0qw93tn66hzb5qbngn50865uj', 'Mozilla/5.0 (compatible; AhrefsBot/7.0; +http://ahrefs.com/robot/)', 16, NULL),
(243, '2023-09-07 16:52:12.337000', '85.208.96.204', '8gdtsql751qh4tv58940r1tzec4mrvq9', 'Mozilla/5.0 (compatible; SemrushBot/7~bl; +http://www.semrush.com/bot.html)', 15, NULL),
(244, '2023-09-07 16:53:38.762000', '85.208.96.209', 'zeo3mu61udrjgb2756tdonxm57753zsf', 'Mozilla/5.0 (compatible; SemrushBot/7~bl; +http://www.semrush.com/bot.html)', 22, NULL),
(245, '2023-09-07 17:05:06.879000', '54.36.148.239', 'gw0w80lxclfngpzwo6pp8gr9fynqgg1t', 'Mozilla/5.0 (compatible; AhrefsBot/7.0; +http://ahrefs.com/robot/)', 15, NULL),
(246, '2023-09-07 17:15:23.474000', '54.36.148.167', 'v38kwxau4jiclm75xskjqvhmnr6vdjhr', 'Mozilla/5.0 (compatible; AhrefsBot/7.0; +http://ahrefs.com/robot/)', 21, NULL),
(247, '2023-09-07 17:52:44.625000', '54.36.148.154', 'whv77lz6trkpwg0yin6nnukegy4fy3hn', 'Mozilla/5.0 (compatible; AhrefsBot/7.0; +http://ahrefs.com/robot/)', 14, NULL),
(248, '2023-09-07 17:57:28.052000', '85.208.96.198', '6phyymw167lg8t8ycpzmti0b9adk4r8g', 'Mozilla/5.0 (compatible; SemrushBot/7~bl; +http://www.semrush.com/bot.html)', 24, NULL),
(249, '2023-09-07 18:26:53.056000', '54.36.148.104', 'cx8bo73mc7e9g6sghu51wj3qf847ukhy', 'Mozilla/5.0 (compatible; AhrefsBot/7.0; +http://ahrefs.com/robot/)', 18, NULL),
(250, '2023-09-07 18:56:23.580000', '54.36.149.11', 'b3d34df6wm8mgcfv7ssc97ej3nofe0iw', 'Mozilla/5.0 (compatible; AhrefsBot/7.0; +http://ahrefs.com/robot/)', 22, NULL),
(251, '2023-09-07 19:11:49.122000', '54.36.148.123', 'in9dijhnpp1837ql6dfw6c0sie5hvy8r', 'Mozilla/5.0 (compatible; AhrefsBot/7.0; +http://ahrefs.com/robot/)', 20, NULL),
(252, '2023-09-07 19:47:42.329000', '54.36.149.55', 'wku44cgpditpdj9v21ez4jeemaej37bl', 'Mozilla/5.0 (compatible; AhrefsBot/7.0; +http://ahrefs.com/robot/)', 24, NULL),
(253, '2023-09-07 20:09:30.898000', '52.167.144.190', '87awtm16206ppnsvfohftwz2dnl813xt', 'Mozilla/5.0 AppleWebKit/537.36 (KHTML, like Gecko; compatible; bingbot/2.0; +http://www.bing.com/bingbot.htm) Chrome/103.0.5060.134 Safari/537.36', 23, NULL),
(254, '2023-09-07 20:28:47.330000', '54.36.148.152', '3ggcsmha30ixcp7cwz0hlgycu7bwryfa', 'Mozilla/5.0 (compatible; AhrefsBot/7.0; +http://ahrefs.com/robot/)', 33, NULL),
(255, '2023-09-07 20:54:10.528000', '54.36.148.168', 'amky6li6oocv3fm08vsbdwpncpulmras', 'Mozilla/5.0 (compatible; AhrefsBot/7.0; +http://ahrefs.com/robot/)', 19, NULL),
(256, '2023-09-07 22:02:10.701000', '54.36.148.243', 'k5ep3xq60s4upql2urd757hm46frbpbo', 'Mozilla/5.0 (compatible; AhrefsBot/7.0; +http://ahrefs.com/robot/)', 27, NULL),
(257, '2023-09-07 23:17:48.296000', '54.36.148.16', 'klemvnttgwtbmgqxc5fckhcjdgnh6ly5', 'Mozilla/5.0 (compatible; AhrefsBot/7.0; +http://ahrefs.com/robot/)', 26, NULL),
(258, '2023-09-07 23:37:04.769000', '185.191.171.7', 'dxhda1rnp4k7i23vdjqi55pfhiygkfgy', 'Mozilla/5.0 (compatible; SemrushBot/7~bl; +http://www.semrush.com/bot.html)', 18, NULL),
(259, '2023-09-08 00:03:59.602000', '54.36.148.61', 'mfyah888ojbsc96cj7rw4qtq1eq42zzo', 'Mozilla/5.0 (compatible; AhrefsBot/7.0; +http://ahrefs.com/robot/)', 31, NULL),
(260, '2023-09-08 00:54:30.067000', '185.191.171.14', '1b4c08own2fw7gicwuzhl3rd2myx2dlj', 'Mozilla/5.0 (compatible; SemrushBot/7~bl; +http://www.semrush.com/bot.html)', 14, NULL),
(261, '2023-09-08 01:10:00.932000', '54.36.148.34', 'tvi4bibp7meh1g44spsko9yddnmtg989', 'Mozilla/5.0 (compatible; AhrefsBot/7.0; +http://ahrefs.com/robot/)', 25, NULL),
(262, '2023-09-08 03:11:08.809000', '85.208.96.203', 'ijzzos44ln8flntetk7nkqlp6cx0775h', 'Mozilla/5.0 (compatible; SemrushBot/7~bl; +http://www.semrush.com/bot.html)', 21, NULL),
(263, '2023-09-08 03:16:25.209000', '85.208.96.210', 'gckfab32rmtyn8tgoet52au8zip2oeau', 'Mozilla/5.0 (compatible; SemrushBot/7~bl; +http://www.semrush.com/bot.html)', 19, NULL),
(264, '2023-09-08 03:49:12.634000', '85.208.96.198', 't2abb27w3nles5zaheeytlnksz1zgydb', 'Mozilla/5.0 (compatible; SemrushBot/7~bl; +http://www.semrush.com/bot.html)', 13, NULL),
(265, '2023-09-08 04:10:44.753000', '85.208.96.195', '45u41t2mxlgtf6ist07ses1yx9biqw5v', 'Mozilla/5.0 (compatible; SemrushBot/7~bl; +http://www.semrush.com/bot.html)', 33, NULL),
(266, '2023-09-08 06:52:44.419000', '85.208.96.207', '196jzz9rw1ovizsqr6ocbiuv8yr36ldu', 'Mozilla/5.0 (compatible; SemrushBot/7~bl; +http://www.semrush.com/bot.html)', 27, NULL),
(267, '2023-09-08 08:03:12.331000', '85.208.96.198', 'cynpl6s2am5648c2g4j7mkad1mx5sdjt', 'Mozilla/5.0 (compatible; SemrushBot/7~bl; +http://www.semrush.com/bot.html)', 25, NULL),
(268, '2023-09-08 09:43:05.711000', '110.136.219.178', 'ag2pabp107gubecimghfebg40fbzislz', 'Mozilla/5.0 (X11; Linux x86_64) AppleWebKit/537.36 (KHTML, like Gecko) Chrome/114.0.0.0 Safari/537.36 Edg/114.0.1823.67', 2, NULL),
(269, '2023-09-08 09:43:21.890000', '110.136.219.178', 'e6d3ipmrtdhr37gzwy09yepkdx6o06qk', 'Mozilla/5.0 (X11; Linux x86_64) AppleWebKit/537.36 (KHTML, like Gecko) Chrome/114.0.0.0 Safari/537.36 Edg/114.0.1823.67', 4, NULL),
(270, '2023-09-08 09:44:22.824000', '110.136.219.178', 'e6d3ipmrtdhr37gzwy09yepkdx6o06qk', 'Mozilla/5.0 (X11; Linux x86_64) AppleWebKit/537.36 (KHTML, like Gecko) Chrome/114.0.0.0 Safari/537.36 Edg/114.0.1823.67', 17, NULL),
(271, '2023-09-08 09:44:29.231000', '110.136.219.178', 'e6d3ipmrtdhr37gzwy09yepkdx6o06qk', 'Mozilla/5.0 (X11; Linux x86_64) AppleWebKit/537.36 (KHTML, like Gecko) Chrome/114.0.0.0 Safari/537.36 Edg/114.0.1823.67', 4, NULL),
(272, '2023-09-08 16:03:11.906000', '54.36.148.239', 'zxukbm29fdz98axm3bcf169n66ew9cii', 'Mozilla/5.0 (compatible; AhrefsBot/7.0; +http://ahrefs.com/robot/)', 34, NULL),
(273, '2023-09-09 21:45:19.684000', '114.119.135.201', 'kv491v507yxuk85hhifgpgam5i4rb82i', 'Mozilla/5.0 (Linux; Android 7.0;) AppleWebKit/537.36 (KHTML, like Gecko) Mobile Safari/537.36 (compatible; PetalBot;+https://webmaster.petalsearch.com/site/petalbot)', 13, NULL),
(274, '2023-09-10 13:28:17.154000', '112.215.220.1', 'abzaiu0fkdpecuasn6n9fb4w6o9kef3b', 'Mozilla/5.0 (X11; Linux x86_64) AppleWebKit/537.36 (KHTML, like Gecko) Chrome/114.0.0.0 Safari/537.36 Edg/114.0.1823.67', 1, 1),
(275, '2023-09-10 13:59:39.379000', '112.215.220.1', 'e6d3ipmrtdhr37gzwy09yepkdx6o06qk', 'Mozilla/5.0 (X11; Linux x86_64) AppleWebKit/537.36 (KHTML, like Gecko) Chrome/114.0.0.0 Safari/537.36 Edg/114.0.1823.67', 4, NULL),
(276, '2023-09-10 14:00:04.675000', '112.215.220.1', 'e6d3ipmrtdhr37gzwy09yepkdx6o06qk', 'Mozilla/5.0 (X11; Linux x86_64) AppleWebKit/537.36 (KHTML, like Gecko) Chrome/114.0.0.0 Safari/537.36 Edg/114.0.1823.67', 32, NULL),
(277, '2023-09-10 14:00:43.713000', '112.215.220.1', 'e6d3ipmrtdhr37gzwy09yepkdx6o06qk', 'Mozilla/5.0 (X11; Linux x86_64) AppleWebKit/537.36 (KHTML, like Gecko) Chrome/114.0.0.0 Safari/537.36 Edg/114.0.1823.67', 15, NULL),
(278, '2023-09-11 06:32:35.787000', '114.119.150.254', 'o09tbj6vxbcpui9qlq06ovs6f8tm04yc', 'Mozilla/5.0 (Linux; Android 7.0;) AppleWebKit/537.36 (KHTML, like Gecko) Mobile Safari/537.36 (compatible; PetalBot;+https://webmaster.petalsearch.com/site/petalbot)', 26, NULL),
(279, '2023-09-11 09:08:20.225000', '114.119.154.11', '8daoyj00e19apqi2ccgkhvspkcv6etlb', 'Mozilla/5.0 (Linux; Android 7.0;) AppleWebKit/537.36 (KHTML, like Gecko) Mobile Safari/537.36 (compatible; PetalBot;+https://webmaster.petalsearch.com/site/petalbot)', 14, NULL),
(280, '2023-09-11 11:50:00.266000', '110.136.216.96', 'ag2pabp107gubecimghfebg40fbzislz', 'Mozilla/5.0 (X11; Linux x86_64) AppleWebKit/537.36 (KHTML, like Gecko) Chrome/114.0.0.0 Safari/537.36 Edg/114.0.1823.67', 2, NULL),
(281, '2023-09-11 11:50:10.575000', '110.136.216.96', 'ag2pabp107gubecimghfebg40fbzislz', 'Mozilla/5.0 (X11; Linux x86_64) AppleWebKit/537.36 (KHTML, like Gecko) Chrome/114.0.0.0 Safari/537.36 Edg/114.0.1823.67', 35, NULL),
(282, '2023-09-11 11:51:31.140000', '110.136.216.96', 'ag2pabp107gubecimghfebg40fbzislz', 'Mozilla/5.0 (X11; Linux x86_64) AppleWebKit/537.36 (KHTML, like Gecko) Chrome/114.0.0.0 Safari/537.36 Edg/114.0.1823.67', 2, NULL),
(283, '2023-09-11 11:51:35.453000', '110.136.216.96', 'ag2pabp107gubecimghfebg40fbzislz', 'Mozilla/5.0 (X11; Linux x86_64) AppleWebKit/537.36 (KHTML, like Gecko) Chrome/114.0.0.0 Safari/537.36 Edg/114.0.1823.67', 35, NULL),
(284, '2023-09-11 11:53:06.835000', '110.136.216.96', 'ag2pabp107gubecimghfebg40fbzislz', 'Mozilla/5.0 (X11; Linux x86_64) AppleWebKit/537.36 (KHTML, like Gecko) Chrome/114.0.0.0 Safari/537.36 Edg/114.0.1823.67', 2, NULL),
(285, '2023-09-11 12:04:05.678000', '110.136.216.96', 'ag2pabp107gubecimghfebg40fbzislz', 'Mozilla/5.0 (X11; Linux x86_64) AppleWebKit/537.36 (KHTML, like Gecko) Chrome/114.0.0.0 Safari/537.36 Edg/114.0.1823.67', 2, NULL),
(286, '2023-09-11 12:19:23.804000', '110.136.216.96', 'ag2pabp107gubecimghfebg40fbzislz', 'Mozilla/5.0 (X11; Linux x86_64) AppleWebKit/537.36 (KHTML, like Gecko) Chrome/114.0.0.0 Safari/537.36 Edg/114.0.1823.67', 2, NULL),
(287, '2023-09-11 12:20:55.924000', '110.136.216.96', 'ag2pabp107gubecimghfebg40fbzislz', 'Mozilla/5.0 (X11; Linux x86_64) AppleWebKit/537.36 (KHTML, like Gecko) Chrome/114.0.0.0 Safari/537.36 Edg/114.0.1823.67', 5, NULL),
(288, '2023-09-11 12:21:09.860000', '110.136.216.96', 'ag2pabp107gubecimghfebg40fbzislz', 'Mozilla/5.0 (X11; Linux x86_64) AppleWebKit/537.36 (KHTML, like Gecko) Chrome/114.0.0.0 Safari/537.36 Edg/114.0.1823.67', 2, NULL),
(289, '2023-09-11 12:47:59.260000', '110.136.216.173', '1zsb50pvw4laz3fri4howp5y4nhbdhvi', 'Mozilla/5.0 (Linux; Android 10; K) AppleWebKit/537.36 (KHTML, like Gecko) Chrome/111.0.0.0 Mobile Safari/537.36', 2, NULL),
(290, '2023-09-11 13:44:05.654000', '110.136.216.96', 'ag2pabp107gubecimghfebg40fbzislz', 'Mozilla/5.0 (X11; Linux x86_64) AppleWebKit/537.36 (KHTML, like Gecko) Chrome/114.0.0.0 Safari/537.36 Edg/114.0.1823.67', 35, NULL),
(291, '2023-09-12 08:51:15.609000', '110.136.217.65', 'mmsomeofj4dmnbumqqayylydxtxra0mv', 'Mozilla/5.0 (X11; Linux x86_64) AppleWebKit/537.36 (KHTML, like Gecko) Chrome/114.0.0.0 Safari/537.36 Edg/114.0.1823.67', 1, 3),
(292, '2023-09-12 09:00:00.778000', '110.136.217.65', 'mmsomeofj4dmnbumqqayylydxtxra0mv', 'Mozilla/5.0 (X11; Linux x86_64) AppleWebKit/537.36 (KHTML, like Gecko) Chrome/114.0.0.0 Safari/537.36 Edg/114.0.1823.67', 1, 3),
(293, '2023-09-12 09:10:37.672000', '114.119.153.118', 'gffvg7l64pqyvivcn2mtckq9cevsfqsu', 'Mozilla/5.0 (Linux; Android 7.0;) AppleWebKit/537.36 (KHTML, like Gecko) Mobile Safari/537.36 (compatible; PetalBot;+https://webmaster.petalsearch.com/site/petalbot)', 18, NULL),
(294, '2023-09-12 09:33:06.992000', '103.108.157.234', 'mmsomeofj4dmnbumqqayylydxtxra0mv', 'Mozilla/5.0 (X11; Linux x86_64) AppleWebKit/537.36 (KHTML, like Gecko) Chrome/114.0.0.0 Safari/537.36 Edg/114.0.1823.67', 1, 3),
(295, '2023-09-12 09:36:39.524000', '103.108.157.234', 'e6d3ipmrtdhr37gzwy09yepkdx6o06qk', 'Mozilla/5.0 (X11; Linux x86_64) AppleWebKit/537.36 (KHTML, like Gecko) Chrome/114.0.0.0 Safari/537.36 Edg/114.0.1823.67', 4, NULL),
(296, '2023-09-12 09:36:47.533000', '103.108.157.234', 'ag2pabp107gubecimghfebg40fbzislz', 'Mozilla/5.0 (X11; Linux x86_64) AppleWebKit/537.36 (KHTML, like Gecko) Chrome/114.0.0.0 Safari/537.36 Edg/114.0.1823.67', 2, NULL),
(297, '2023-09-12 09:45:56.415000', '103.108.157.234', 'ag2pabp107gubecimghfebg40fbzislz', 'Mozilla/5.0 (X11; Linux x86_64) AppleWebKit/537.36 (KHTML, like Gecko) Chrome/114.0.0.0 Safari/537.36 Edg/114.0.1823.67', 2, NULL),
(298, '2023-09-12 09:46:16.229000', '103.108.157.234', 'mmsomeofj4dmnbumqqayylydxtxra0mv', 'Mozilla/5.0 (X11; Linux x86_64) AppleWebKit/537.36 (KHTML, like Gecko) Chrome/114.0.0.0 Safari/537.36 Edg/114.0.1823.67', 1, 3),
(299, '2023-09-12 09:46:32.112000', '103.108.157.234', 'mmsomeofj4dmnbumqqayylydxtxra0mv', 'Mozilla/5.0 (X11; Linux x86_64) AppleWebKit/537.36 (KHTML, like Gecko) Chrome/114.0.0.0 Safari/537.36 Edg/114.0.1823.67', 28, 3),
(300, '2023-09-12 09:50:49.597000', '103.108.157.234', 'mmsomeofj4dmnbumqqayylydxtxra0mv', 'Mozilla/5.0 (X11; Linux x86_64) AppleWebKit/537.36 (KHTML, like Gecko) Chrome/114.0.0.0 Safari/537.36 Edg/114.0.1823.67', 1, 3),
(301, '2023-09-12 09:56:10.721000', '103.108.157.234', 'mmsomeofj4dmnbumqqayylydxtxra0mv', 'Mozilla/5.0 (X11; Linux x86_64) AppleWebKit/537.36 (KHTML, like Gecko) Chrome/114.0.0.0 Safari/537.36 Edg/114.0.1823.67', 1, 3),
(302, '2023-09-12 09:56:53.642000', '103.108.157.234', 'ag2pabp107gubecimghfebg40fbzislz', 'Mozilla/5.0 (X11; Linux x86_64) AppleWebKit/537.36 (KHTML, like Gecko) Chrome/114.0.0.0 Safari/537.36 Edg/114.0.1823.67', 2, NULL),
(303, '2023-09-12 09:57:05.610000', '103.108.157.234', 'e6d3ipmrtdhr37gzwy09yepkdx6o06qk', 'Mozilla/5.0 (X11; Linux x86_64) AppleWebKit/537.36 (KHTML, like Gecko) Chrome/114.0.0.0 Safari/537.36 Edg/114.0.1823.67', 4, NULL),
(304, '2023-09-12 10:47:52.281000', '103.108.157.234', 'mmsomeofj4dmnbumqqayylydxtxra0mv', 'Mozilla/5.0 (X11; Linux x86_64) AppleWebKit/537.36 (KHTML, like Gecko) Chrome/114.0.0.0 Safari/537.36 Edg/114.0.1823.67', 1, 3),
(305, '2023-09-12 10:49:47.415000', '103.108.157.234', 'ag2pabp107gubecimghfebg40fbzislz', 'Mozilla/5.0 (X11; Linux x86_64) AppleWebKit/537.36 (KHTML, like Gecko) Chrome/114.0.0.0 Safari/537.36 Edg/114.0.1823.67', 2, NULL),
(306, '2023-09-12 10:52:38.183000', '103.108.157.234', 'e6d3ipmrtdhr37gzwy09yepkdx6o06qk', 'Mozilla/5.0 (X11; Linux x86_64) AppleWebKit/537.36 (KHTML, like Gecko) Chrome/114.0.0.0 Safari/537.36 Edg/114.0.1823.67', 4, NULL),
(307, '2023-09-12 10:54:19.061000', '103.108.157.234', 'ag2pabp107gubecimghfebg40fbzislz', 'Mozilla/5.0 (X11; Linux x86_64) AppleWebKit/537.36 (KHTML, like Gecko) Chrome/114.0.0.0 Safari/537.36 Edg/114.0.1823.67', 2, NULL),
(308, '2023-09-12 10:54:36.203000', '103.108.157.234', 'ag2pabp107gubecimghfebg40fbzislz', 'Mozilla/5.0 (X11; Linux x86_64) AppleWebKit/537.36 (KHTML, like Gecko) Chrome/114.0.0.0 Safari/537.36 Edg/114.0.1823.67', 5, NULL),
(309, '2023-09-12 10:57:25.015000', '103.108.157.234', 'g3gu82izei4eqwrew1x7murqcova5qoc', 'Mozilla/5.0 (X11; Linux x86_64) AppleWebKit/537.36 (KHTML, like Gecko) Chrome/114.0.0.0 Safari/537.36 Edg/114.0.1823.67', 1, 3),
(310, '2023-09-12 10:59:43.179000', '103.108.157.234', 'g3gu82izei4eqwrew1x7murqcova5qoc', 'Mozilla/5.0 (X11; Linux x86_64) AppleWebKit/537.36 (KHTML, like Gecko) Chrome/114.0.0.0 Safari/537.36 Edg/114.0.1823.67', 1, 3),
(311, '2023-09-12 11:01:56.315000', '103.108.157.234', 'g3gu82izei4eqwrew1x7murqcova5qoc', 'Mozilla/5.0 (X11; Linux x86_64) AppleWebKit/537.36 (KHTML, like Gecko) Chrome/114.0.0.0 Safari/537.36 Edg/114.0.1823.67', 1, 3),
(312, '2023-09-12 11:02:18.070000', '103.108.157.234', 'ag2pabp107gubecimghfebg40fbzislz', 'Mozilla/5.0 (X11; Linux x86_64) AppleWebKit/537.36 (KHTML, like Gecko) Chrome/114.0.0.0 Safari/537.36 Edg/114.0.1823.67', 2, NULL),
(313, '2023-09-12 11:02:22.821000', '103.108.157.234', 'ag2pabp107gubecimghfebg40fbzislz', 'Mozilla/5.0 (X11; Linux x86_64) AppleWebKit/537.36 (KHTML, like Gecko) Chrome/114.0.0.0 Safari/537.36 Edg/114.0.1823.67', 36, NULL),
(314, '2023-09-12 11:06:15.085000', '103.108.157.234', 'ag2pabp107gubecimghfebg40fbzislz', 'Mozilla/5.0 (X11; Linux x86_64) AppleWebKit/537.36 (KHTML, like Gecko) Chrome/114.0.0.0 Safari/537.36 Edg/114.0.1823.67', 2, NULL),
(315, '2023-09-12 11:06:57.461000', '103.108.157.234', 'g3gu82izei4eqwrew1x7murqcova5qoc', 'Mozilla/5.0 (X11; Linux x86_64) AppleWebKit/537.36 (KHTML, like Gecko) Chrome/114.0.0.0 Safari/537.36 Edg/114.0.1823.67', 1, 3),
(316, '2023-09-12 11:08:33.674000', '103.108.157.234', 'ag2pabp107gubecimghfebg40fbzislz', 'Mozilla/5.0 (X11; Linux x86_64) AppleWebKit/537.36 (KHTML, like Gecko) Chrome/114.0.0.0 Safari/537.36 Edg/114.0.1823.67', 2, NULL),
(317, '2023-09-12 11:09:19.514000', '103.108.157.234', 'ag2pabp107gubecimghfebg40fbzislz', 'Mozilla/5.0 (X11; Linux x86_64) AppleWebKit/537.36 (KHTML, like Gecko) Chrome/114.0.0.0 Safari/537.36 Edg/114.0.1823.67', 37, NULL),
(318, '2023-09-12 11:09:37.975000', '103.108.157.234', 'ag2pabp107gubecimghfebg40fbzislz', 'Mozilla/5.0 (X11; Linux x86_64) AppleWebKit/537.36 (KHTML, like Gecko) Chrome/114.0.0.0 Safari/537.36 Edg/114.0.1823.67', 2, NULL),
(319, '2023-09-12 11:13:48.517000', '103.108.157.234', 'ag2pabp107gubecimghfebg40fbzislz', 'Mozilla/5.0 (X11; Linux x86_64) AppleWebKit/537.36 (KHTML, like Gecko) Chrome/114.0.0.0 Safari/537.36 Edg/114.0.1823.67', 2, NULL),
(320, '2023-09-12 11:20:22.545000', '103.108.157.234', 'ag2pabp107gubecimghfebg40fbzislz', 'Mozilla/5.0 (X11; Linux x86_64) AppleWebKit/537.36 (KHTML, like Gecko) Chrome/114.0.0.0 Safari/537.36 Edg/114.0.1823.67', 2, NULL),
(321, '2023-09-12 11:21:22.594000', '103.108.157.234', 'ag2pabp107gubecimghfebg40fbzislz', 'Mozilla/5.0 (X11; Linux x86_64) AppleWebKit/537.36 (KHTML, like Gecko) Chrome/114.0.0.0 Safari/537.36 Edg/114.0.1823.67', 2, NULL),
(322, '2023-09-12 11:21:36.813000', '103.108.157.234', 'ag2pabp107gubecimghfebg40fbzislz', 'Mozilla/5.0 (X11; Linux x86_64) AppleWebKit/537.36 (KHTML, like Gecko) Chrome/114.0.0.0 Safari/537.36 Edg/114.0.1823.67', 38, NULL),
(323, '2023-09-12 11:36:28.861000', '103.108.157.234', 'ag2pabp107gubecimghfebg40fbzislz', 'Mozilla/5.0 (X11; Linux x86_64) AppleWebKit/537.36 (KHTML, like Gecko) Chrome/114.0.0.0 Safari/537.36 Edg/114.0.1823.67', 38, NULL),
(324, '2023-09-12 11:36:41.882000', '103.108.157.234', 'ag2pabp107gubecimghfebg40fbzislz', 'Mozilla/5.0 (X11; Linux x86_64) AppleWebKit/537.36 (KHTML, like Gecko) Chrome/114.0.0.0 Safari/537.36 Edg/114.0.1823.67', 2, NULL),
(325, '2023-09-12 11:37:02.122000', '103.108.157.234', '0zd148i6tfi03b27gyk9wba6g7ynt4dd', 'Mozilla/5.0 (X11; Linux x86_64) AppleWebKit/537.36 (KHTML, like Gecko) Chrome/114.0.0.0 Safari/537.36 Edg/114.0.1823.67', 1, 3),
(326, '2023-09-12 11:56:17.562000', '103.108.157.234', 'ag2pabp107gubecimghfebg40fbzislz', 'Mozilla/5.0 (X11; Linux x86_64) AppleWebKit/537.36 (KHTML, like Gecko) Chrome/114.0.0.0 Safari/537.36 Edg/114.0.1823.67', 2, NULL),
(327, '2023-09-12 11:56:36.229000', '103.108.157.234', 'ag2pabp107gubecimghfebg40fbzislz', 'Mozilla/5.0 (X11; Linux x86_64) AppleWebKit/537.36 (KHTML, like Gecko) Chrome/114.0.0.0 Safari/537.36 Edg/114.0.1823.67', 39, NULL),
(328, '2023-09-12 12:55:33.753000', '103.108.157.234', 'ag2pabp107gubecimghfebg40fbzislz', 'Mozilla/5.0 (X11; Linux x86_64) AppleWebKit/537.36 (KHTML, like Gecko) Chrome/114.0.0.0 Safari/537.36 Edg/114.0.1823.67', 2, NULL),
(329, '2023-09-12 13:10:09.126000', '103.108.157.234', 'ag2pabp107gubecimghfebg40fbzislz', 'Mozilla/5.0 (X11; Linux x86_64) AppleWebKit/537.36 (KHTML, like Gecko) Chrome/114.0.0.0 Safari/537.36 Edg/114.0.1823.67', 2, NULL),
(330, '2023-09-12 13:45:19.289000', '103.108.157.234', 'ag2pabp107gubecimghfebg40fbzislz', 'Mozilla/5.0 (X11; Linux x86_64) AppleWebKit/537.36 (KHTML, like Gecko) Chrome/114.0.0.0 Safari/537.36 Edg/114.0.1823.67', 2, NULL),
(331, '2023-09-12 13:46:40.595000', '103.108.157.234', 'ag2pabp107gubecimghfebg40fbzislz', 'Mozilla/5.0 (X11; Linux x86_64) AppleWebKit/537.36 (KHTML, like Gecko) Chrome/114.0.0.0 Safari/537.36 Edg/114.0.1823.67', 2, NULL),
(332, '2023-09-12 13:51:39.749000', '103.108.157.234', 'ag2pabp107gubecimghfebg40fbzislz', 'Mozilla/5.0 (X11; Linux x86_64) AppleWebKit/537.36 (KHTML, like Gecko) Chrome/114.0.0.0 Safari/537.36 Edg/114.0.1823.67', 2, NULL),
(333, '2023-09-12 13:57:19.741000', '103.108.157.234', 'ag2pabp107gubecimghfebg40fbzislz', 'Mozilla/5.0 (X11; Linux x86_64) AppleWebKit/537.36 (KHTML, like Gecko) Chrome/114.0.0.0 Safari/537.36 Edg/114.0.1823.67', 2, NULL),
(334, '2023-09-12 13:59:46.257000', '103.108.157.234', 'ag2pabp107gubecimghfebg40fbzislz', 'Mozilla/5.0 (X11; Linux x86_64) AppleWebKit/537.36 (KHTML, like Gecko) Chrome/114.0.0.0 Safari/537.36 Edg/114.0.1823.67', 2, NULL),
(335, '2023-09-12 14:07:10.817000', '103.108.157.234', 'ag2pabp107gubecimghfebg40fbzislz', 'Mozilla/5.0 (X11; Linux x86_64) AppleWebKit/537.36 (KHTML, like Gecko) Chrome/114.0.0.0 Safari/537.36 Edg/114.0.1823.67', 2, NULL),
(336, '2023-09-12 14:27:46.178000', '103.108.157.234', 'ag2pabp107gubecimghfebg40fbzislz', 'Mozilla/5.0 (X11; Linux x86_64) AppleWebKit/537.36 (KHTML, like Gecko) Chrome/114.0.0.0 Safari/537.36 Edg/114.0.1823.67', 2, NULL),
(337, '2023-09-12 14:34:56.027000', '103.108.157.234', 'ag2pabp107gubecimghfebg40fbzislz', 'Mozilla/5.0 (X11; Linux x86_64) AppleWebKit/537.36 (KHTML, like Gecko) Chrome/114.0.0.0 Safari/537.36 Edg/114.0.1823.67', 2, NULL),
(338, '2023-09-12 14:36:50.811000', '103.108.157.234', 'ag2pabp107gubecimghfebg40fbzislz', 'Mozilla/5.0 (X11; Linux x86_64) AppleWebKit/537.36 (KHTML, like Gecko) Chrome/114.0.0.0 Safari/537.36 Edg/114.0.1823.67', 2, NULL),
(339, '2023-09-12 14:38:58.129000', '103.108.157.234', 'ag2pabp107gubecimghfebg40fbzislz', 'Mozilla/5.0 (X11; Linux x86_64) AppleWebKit/537.36 (KHTML, like Gecko) Chrome/114.0.0.0 Safari/537.36 Edg/114.0.1823.67', 2, NULL),
(340, '2023-09-12 14:47:26.891000', '103.108.157.234', 'ag2pabp107gubecimghfebg40fbzislz', 'Mozilla/5.0 (X11; Linux x86_64) AppleWebKit/537.36 (KHTML, like Gecko) Chrome/114.0.0.0 Safari/537.36 Edg/114.0.1823.67', 2, NULL),
(341, '2023-09-12 14:50:42.373000', '103.108.157.234', 'ag2pabp107gubecimghfebg40fbzislz', 'Mozilla/5.0 (X11; Linux x86_64) AppleWebKit/537.36 (KHTML, like Gecko) Chrome/114.0.0.0 Safari/537.36 Edg/114.0.1823.67', 2, NULL),
(342, '2023-09-12 14:50:56.840000', '103.108.157.234', 'ag2pabp107gubecimghfebg40fbzislz', 'Mozilla/5.0 (X11; Linux x86_64) AppleWebKit/537.36 (KHTML, like Gecko) Chrome/114.0.0.0 Safari/537.36 Edg/114.0.1823.67', 40, NULL),
(343, '2023-09-12 14:51:20.244000', '103.108.157.234', 'e6d3ipmrtdhr37gzwy09yepkdx6o06qk', 'Mozilla/5.0 (X11; Linux x86_64) AppleWebKit/537.36 (KHTML, like Gecko) Chrome/114.0.0.0 Safari/537.36 Edg/114.0.1823.67', 4, NULL),
(344, '2023-09-12 14:51:40.702000', '103.108.157.234', 'e6d3ipmrtdhr37gzwy09yepkdx6o06qk', 'Mozilla/5.0 (X11; Linux x86_64) AppleWebKit/537.36 (KHTML, like Gecko) Chrome/114.0.0.0 Safari/537.36 Edg/114.0.1823.67', 17, NULL),
(345, '2023-09-12 14:51:53.159000', '103.108.157.234', '0zd148i6tfi03b27gyk9wba6g7ynt4dd', 'Mozilla/5.0 (X11; Linux x86_64) AppleWebKit/537.36 (KHTML, like Gecko) Chrome/114.0.0.0 Safari/537.36 Edg/114.0.1823.67', 1, 3),
(346, '2023-09-12 15:32:50.083000', '103.108.157.234', 'ag2pabp107gubecimghfebg40fbzislz', 'Mozilla/5.0 (X11; Linux x86_64) AppleWebKit/537.36 (KHTML, like Gecko) Chrome/114.0.0.0 Safari/537.36 Edg/114.0.1823.67', 2, NULL),
(347, '2023-09-12 15:55:44.822000', '103.108.157.234', 'ag2pabp107gubecimghfebg40fbzislz', 'Mozilla/5.0 (X11; Linux x86_64) AppleWebKit/537.36 (KHTML, like Gecko) Chrome/114.0.0.0 Safari/537.36 Edg/114.0.1823.67', 2, NULL),
(348, '2023-09-12 15:58:00.014000', '103.108.157.234', 'ag2pabp107gubecimghfebg40fbzislz', 'Mozilla/5.0 (X11; Linux x86_64) AppleWebKit/537.36 (KHTML, like Gecko) Chrome/114.0.0.0 Safari/537.36 Edg/114.0.1823.67', 2, NULL),
(349, '2023-09-12 15:58:16.975000', '103.108.157.234', '0zd148i6tfi03b27gyk9wba6g7ynt4dd', 'Mozilla/5.0 (X11; Linux x86_64) AppleWebKit/537.36 (KHTML, like Gecko) Chrome/114.0.0.0 Safari/537.36 Edg/114.0.1823.67', 1, 3),
(350, '2023-09-12 15:58:54.031000', '103.108.157.234', 'e6d3ipmrtdhr37gzwy09yepkdx6o06qk', 'Mozilla/5.0 (X11; Linux x86_64) AppleWebKit/537.36 (KHTML, like Gecko) Chrome/114.0.0.0 Safari/537.36 Edg/114.0.1823.67', 4, NULL),
(351, '2023-09-12 15:58:59.291000', '103.108.157.234', 'ag2pabp107gubecimghfebg40fbzislz', 'Mozilla/5.0 (X11; Linux x86_64) AppleWebKit/537.36 (KHTML, like Gecko) Chrome/114.0.0.0 Safari/537.36 Edg/114.0.1823.67', 39, NULL),
(352, '2023-09-12 15:59:19.872000', '103.108.157.234', 'e6d3ipmrtdhr37gzwy09yepkdx6o06qk', 'Mozilla/5.0 (X11; Linux x86_64) AppleWebKit/537.36 (KHTML, like Gecko) Chrome/114.0.0.0 Safari/537.36 Edg/114.0.1823.67', 19, NULL),
(353, '2023-09-12 16:23:17.842000', '114.119.145.237', 'q4xs6ywxph48vner3kdgse9n3pl6px8t', 'Mozilla/5.0 (Linux; Android 7.0;) AppleWebKit/537.36 (KHTML, like Gecko) Mobile Safari/537.36 (compatible; PetalBot;+https://webmaster.petalsearch.com/site/petalbot)', 31, NULL),
(354, '2023-09-12 18:55:10.764000', '140.213.150.143', 'e6d3ipmrtdhr37gzwy09yepkdx6o06qk', 'Mozilla/5.0 (X11; Linux x86_64) AppleWebKit/537.36 (KHTML, like Gecko) Chrome/114.0.0.0 Safari/537.36 Edg/114.0.1823.67', 4, NULL),
(355, '2023-09-12 18:55:49.069000', '140.213.150.143', 'e6d3ipmrtdhr37gzwy09yepkdx6o06qk', 'Mozilla/5.0 (X11; Linux x86_64) AppleWebKit/537.36 (KHTML, like Gecko) Chrome/114.0.0.0 Safari/537.36 Edg/114.0.1823.67', 27, NULL),
(356, '2023-09-12 18:57:55.380000', '140.213.150.143', 'ag2pabp107gubecimghfebg40fbzislz', 'Mozilla/5.0 (X11; Linux x86_64) AppleWebKit/537.36 (KHTML, like Gecko) Chrome/114.0.0.0 Safari/537.36 Edg/114.0.1823.67', 2, NULL),
(357, '2023-09-12 19:16:31.844000', '140.213.150.143', 'zgiwavp10c8j9emlu6trixkgpnepy5rw', 'Mozilla/5.0 (X11; Linux x86_64) AppleWebKit/537.36 (KHTML, like Gecko) Chrome/114.0.0.0 Safari/537.36 Edg/114.0.1823.67', 1, 1),
(358, '2023-09-12 19:24:36.850000', '140.213.150.143', 'zgiwavp10c8j9emlu6trixkgpnepy5rw', 'Mozilla/5.0 (X11; Linux x86_64) AppleWebKit/537.36 (KHTML, like Gecko) Chrome/114.0.0.0 Safari/537.36 Edg/114.0.1823.67', 1, 1),
(359, '2023-09-12 19:25:43.993000', '140.213.150.143', 'zgiwavp10c8j9emlu6trixkgpnepy5rw', 'Mozilla/5.0 (X11; Linux x86_64) AppleWebKit/537.36 (KHTML, like Gecko) Chrome/114.0.0.0 Safari/537.36 Edg/114.0.1823.67', 1, 1),
(360, '2023-09-12 19:41:49.213000', '140.213.150.143', 'zgiwavp10c8j9emlu6trixkgpnepy5rw', 'Mozilla/5.0 (X11; Linux x86_64) AppleWebKit/537.36 (KHTML, like Gecko) Chrome/114.0.0.0 Safari/537.36 Edg/114.0.1823.67', 1, 1),
(361, '2023-09-12 19:43:01.606000', '140.213.150.143', 'zgiwavp10c8j9emlu6trixkgpnepy5rw', 'Mozilla/5.0 (X11; Linux x86_64) AppleWebKit/537.36 (KHTML, like Gecko) Chrome/114.0.0.0 Safari/537.36 Edg/114.0.1823.67', 1, 1),
(362, '2023-09-12 19:44:54.029000', '140.213.150.143', 'zgiwavp10c8j9emlu6trixkgpnepy5rw', 'Mozilla/5.0 (X11; Linux x86_64) AppleWebKit/537.36 (KHTML, like Gecko) Chrome/114.0.0.0 Safari/537.36 Edg/114.0.1823.67', 1, 1),
(363, '2023-09-12 22:04:40.638000', '114.119.144.233', 'ky15sgdf1kug1qtrtwwdjlms0lb5xnd8', 'Mozilla/5.0 (Linux; Android 7.0;) AppleWebKit/537.36 (KHTML, like Gecko) Mobile Safari/537.36 (compatible; PetalBot;+https://webmaster.petalsearch.com/site/petalbot)', 27, NULL),
(364, '2023-09-13 08:27:26.546000', '110.136.216.35', 'd1xedk9wvy2xpqe77mfuj0ux031u3aes', 'Mozilla/5.0 (X11; Linux x86_64) AppleWebKit/537.36 (KHTML, like Gecko) Chrome/114.0.0.0 Safari/537.36 Edg/114.0.1823.67', 1, 7),
(365, '2023-09-13 11:05:00.670000', '110.136.219.137', 'e0ti2zi7qpo6253mnpot2920cuwgmh7p', 'Mozilla/5.0 (X11; Linux x86_64) AppleWebKit/537.36 (KHTML, like Gecko) Chrome/114.0.0.0 Safari/537.36 Edg/114.0.1823.67', 1, 1),
(366, '2023-09-13 11:19:52.553000', '114.119.159.26', '5c7j7hk1jlz44w9yts7ec2yrbiyqjjhb', 'Mozilla/5.0 (Linux; Android 7.0;) AppleWebKit/537.36 (KHTML, like Gecko) Mobile Safari/537.36 (compatible; PetalBot;+https://webmaster.petalsearch.com/site/petalbot)', 23, NULL),
(367, '2023-09-13 11:44:51.272000', '110.136.219.137', 'h5yin5750wdvb3bquord7yk0hi39q7yi', 'Mozilla/5.0 (X11; Linux x86_64) AppleWebKit/537.36 (KHTML, like Gecko) Chrome/114.0.0.0 Safari/537.36 Edg/114.0.1823.67', 1, 1),
(368, '2023-09-13 11:48:19.794000', '110.136.219.137', 'h5yin5750wdvb3bquord7yk0hi39q7yi', 'Mozilla/5.0 (X11; Linux x86_64) AppleWebKit/537.36 (KHTML, like Gecko) Chrome/114.0.0.0 Safari/537.36 Edg/114.0.1823.67', 1, 1),
(369, '2023-09-13 12:06:33.274000', '110.136.219.137', 'h5yin5750wdvb3bquord7yk0hi39q7yi', 'Mozilla/5.0 (X11; Linux x86_64) AppleWebKit/537.36 (KHTML, like Gecko) Chrome/114.0.0.0 Safari/537.36 Edg/114.0.1823.67', 1, 1),
(370, '2023-09-13 13:29:01.943000', '103.108.157.234', 'h5yin5750wdvb3bquord7yk0hi39q7yi', 'Mozilla/5.0 (X11; Linux x86_64) AppleWebKit/537.36 (KHTML, like Gecko) Chrome/114.0.0.0 Safari/537.36 Edg/114.0.1823.67', 1, 1),
(371, '2023-09-13 13:32:49.651000', '103.108.157.234', 'h5yin5750wdvb3bquord7yk0hi39q7yi', 'Mozilla/5.0 (X11; Linux x86_64) AppleWebKit/537.36 (KHTML, like Gecko) Chrome/114.0.0.0 Safari/537.36 Edg/114.0.1823.67', 1, 1),
(372, '2023-09-13 13:36:11.306000', '103.108.157.234', 'h5yin5750wdvb3bquord7yk0hi39q7yi', 'Mozilla/5.0 (X11; Linux x86_64) AppleWebKit/537.36 (KHTML, like Gecko) Chrome/114.0.0.0 Safari/537.36 Edg/114.0.1823.67', 41, 1),
(373, '2023-09-13 13:38:49.858000', '103.108.157.234', 'h5yin5750wdvb3bquord7yk0hi39q7yi', 'Mozilla/5.0 (X11; Linux x86_64) AppleWebKit/537.36 (KHTML, like Gecko) Chrome/114.0.0.0 Safari/537.36 Edg/114.0.1823.67', 1, 1),
(374, '2023-09-13 13:43:21.356000', '103.108.157.234', 'pp660j8d0tnsvi2zjfgrxxm1aved2q34', 'Mozilla/5.0 (X11; Linux x86_64) AppleWebKit/537.36 (KHTML, like Gecko) Chrome/114.0.0.0 Safari/537.36 Edg/114.0.1823.67', 1, 1),
(375, '2023-09-13 13:43:58.063000', '103.108.157.234', 'pp660j8d0tnsvi2zjfgrxxm1aved2q34', 'Mozilla/5.0 (X11; Linux x86_64) AppleWebKit/537.36 (KHTML, like Gecko) Chrome/114.0.0.0 Safari/537.36 Edg/114.0.1823.67', 41, 1),
(376, '2023-09-13 16:13:15.796000', '144.76.67.25', 'hlbk5emxip1exlm95arr3amiboe4ba4u', 'serpstatbot/2.1 (advanced backlink tracking bot; https://serpstatbot.com/; abuse@serpstatbot.com)', 31, NULL),
(377, '2023-09-13 16:13:22.839000', '144.76.67.25', '8754d64rnaiocpcchi17wt6dsp4qmc1l', 'serpstatbot/2.1 (advanced backlink tracking bot; https://serpstatbot.com/; abuse@serpstatbot.com)', 26, NULL),
(378, '2023-09-13 16:13:29.008000', '144.76.67.25', 'g9jg2ad1qfy4s4sbmk4sygjlv14yh9z0', 'serpstatbot/2.1 (advanced backlink tracking bot; https://serpstatbot.com/; abuse@serpstatbot.com)', 33, NULL),
(379, '2023-09-13 16:13:36.578000', '144.76.67.25', 'jjl7qx8fxiy44rbn5gb6kjry631n0s9a', 'serpstatbot/2.1 (advanced backlink tracking bot; https://serpstatbot.com/; abuse@serpstatbot.com)', 25, NULL),
(380, '2023-09-13 16:13:45.108000', '144.76.67.25', 'todjvidaphjj835kxfq9mjes7zuthdaq', 'serpstatbot/2.1 (advanced backlink tracking bot; https://serpstatbot.com/; abuse@serpstatbot.com)', 24, NULL),
(381, '2023-09-13 16:13:55.113000', '144.76.67.25', 'snhsjclgzz3ebf96tv7djssmfg1od39b', 'serpstatbot/2.1 (advanced backlink tracking bot; https://serpstatbot.com/; abuse@serpstatbot.com)', 27, NULL),
(382, '2023-09-13 16:14:04.402000', '144.76.67.25', '0ldi1tmzgv5vxrrm91yglbomurg1gikb', 'serpstatbot/2.1 (advanced backlink tracking bot; https://serpstatbot.com/; abuse@serpstatbot.com)', 20, NULL),
(383, '2023-09-13 16:14:13.818000', '144.76.67.25', 'v7j1ja4tq7atvo07yagrl0n1qq0popxi', 'serpstatbot/2.1 (advanced backlink tracking bot; https://serpstatbot.com/; abuse@serpstatbot.com)', 22, NULL),
(384, '2023-09-13 16:14:21.917000', '144.76.67.25', 'vclgt2fihtka61h3egc7d8alo7n783j8', 'serpstatbot/2.1 (advanced backlink tracking bot; https://serpstatbot.com/; abuse@serpstatbot.com)', 18, NULL),
(385, '2023-09-13 16:14:36.401000', '144.76.67.25', 'cmsbwsrsfm0ov8eku5oxau31mj0td5rj', 'serpstatbot/2.1 (advanced backlink tracking bot; https://serpstatbot.com/; abuse@serpstatbot.com)', 14, NULL),
(386, '2023-09-13 16:14:43.581000', '144.76.67.25', '11ph3v7ratmkzyw4aqrgcgt65lelmhe3', 'serpstatbot/2.1 (advanced backlink tracking bot; https://serpstatbot.com/; abuse@serpstatbot.com)', 19, NULL),
(387, '2023-09-13 16:14:50.793000', '144.76.67.25', 'w81ahbb55w9sq91o9bosjdco8rjmnbsh', 'serpstatbot/2.1 (advanced backlink tracking bot; https://serpstatbot.com/; abuse@serpstatbot.com)', 21, NULL),
(388, '2023-09-13 16:14:57.887000', '144.76.67.25', '6knk2o8oqw7sumsg2m1pqjwyvkxvgyea', 'serpstatbot/2.1 (advanced backlink tracking bot; https://serpstatbot.com/; abuse@serpstatbot.com)', 15, NULL),
(389, '2023-09-13 16:15:18.137000', '144.76.67.25', 'xn631540jewiwhg3iy7vkkswbi4agmfh', 'serpstatbot/2.1 (advanced backlink tracking bot; https://serpstatbot.com/; abuse@serpstatbot.com)', 16, NULL),
(390, '2023-09-13 16:15:28.888000', '144.76.67.25', 'et73w232h37dvo315sd6tihxzgh42zl6', 'serpstatbot/2.1 (advanced backlink tracking bot; https://serpstatbot.com/; abuse@serpstatbot.com)', 23, NULL),
(391, '2023-09-13 16:15:40.760000', '144.76.67.25', '5dovnp8o04w5hnmq6whjtcj6jpv13ea6', 'serpstatbot/2.1 (advanced backlink tracking bot; https://serpstatbot.com/; abuse@serpstatbot.com)', 17, NULL),
(392, '2023-09-13 16:15:52.856000', '144.76.67.25', '8z8j80mijh9m2x0erorj9s1ebnmn3llr', 'serpstatbot/2.1 (advanced backlink tracking bot; https://serpstatbot.com/; abuse@serpstatbot.com)', 13, NULL),
(393, '2023-09-13 16:16:04.561000', '144.76.67.25', '5phhcx7ko45f75p50wbqhgxhfhwhqvia', 'serpstatbot/2.1 (advanced backlink tracking bot; https://serpstatbot.com/; abuse@serpstatbot.com)', 32, NULL),
(394, '2023-09-13 17:18:46.187000', '144.76.67.25', '1d7sjnsaa2dnr0pet7bkefozfotetke2', 'serpstatbot/2.1 (advanced backlink tracking bot; https://serpstatbot.com/; abuse@serpstatbot.com)', 34, NULL),
(395, '2023-09-13 17:30:11.940000', '77.18.60.34', 'sch2bw4abkrfws76jqao5duuaifcsr5h', 'Mozilla/5.0 (iPhone; CPU iPhone OS 15_6 like Mac OS X) AppleWebKit/605.1.15 (KHTML, like Gecko) EdgiOS/116.0.1938.72 Version/15.0 Mobile/15E148 Safari/604.1', 23, NULL),
(396, '2023-09-13 17:31:11.049000', '77.18.60.34', 'sch2bw4abkrfws76jqao5duuaifcsr5h', 'Mozilla/5.0 (iPhone; CPU iPhone OS 15_6 like Mac OS X) AppleWebKit/605.1.15 (KHTML, like Gecko) EdgiOS/116.0.1938.72 Version/15.0 Mobile/15E148 Safari/604.1', 4, NULL),
(397, '2023-09-13 20:55:20.259000', '52.167.144.191', 'wsn53scnnkucqksi69g8hfwbrdpne07f', 'Mozilla/5.0 AppleWebKit/537.36 (KHTML, like Gecko; compatible; bingbot/2.0; +http://www.bing.com/bingbot.htm) Chrome/103.0.5060.134 Safari/537.36', 23, NULL),
(398, '2023-09-13 21:44:25.273000', '52.167.144.192', '25syo8wge20mgfnydp54guxirfs3i3ph', 'Mozilla/5.0 AppleWebKit/537.36 (KHTML, like Gecko; compatible; bingbot/2.0; +http://www.bing.com/bingbot.htm) Chrome/103.0.5060.134 Safari/537.36', 13, NULL),
(399, '2023-09-14 02:10:31.982000', '52.167.144.150', 'dskmngf838n27u0awurh1jta3x6f0smx', 'Mozilla/5.0 AppleWebKit/537.36 (KHTML, like Gecko; compatible; bingbot/2.0; +http://www.bing.com/bingbot.htm) Chrome/103.0.5060.134 Safari/537.36', 13, NULL),
(400, '2023-09-14 08:18:40.617000', '114.119.151.175', 'o6lk1gsqhh2ea8z7seydzlk5ghepskf0', 'Mozilla/5.0 (Linux; Android 7.0;) AppleWebKit/537.36 (KHTML, like Gecko) Mobile Safari/537.36 (compatible; PetalBot;+https://webmaster.petalsearch.com/site/petalbot)', 32, NULL),
(401, '2023-09-14 08:19:24.614000', '110.136.218.42', 'pp660j8d0tnsvi2zjfgrxxm1aved2q34', 'Mozilla/5.0 (X11; Linux x86_64) AppleWebKit/537.36 (KHTML, like Gecko) Chrome/114.0.0.0 Safari/537.36 Edg/114.0.1823.67', 1, 1),
(402, '2023-09-14 18:37:54.565000', '74.208.2.229', 'pyvuploy2iwji20oh0r7wrm6xj5q90zf', 'IonCrawl (https://www.ionos.de/terms-gtc/faq-crawler-en/)', 23, NULL),
(403, '2023-09-14 18:37:56.528000', '74.208.2.209', '5mcjlov9d5ssryrx6gqcm0kz1g4q8rrq', 'IonCrawl (https://www.ionos.de/terms-gtc/faq-crawler-en/)', 24, NULL),
(404, '2023-09-14 18:37:58.004000', '74.208.2.199', '6x2l8znucg48rqkrj90pmofd31s9jzxy', 'IonCrawl (https://www.ionos.de/terms-gtc/faq-crawler-en/)', 13, NULL),
(405, '2023-09-14 18:37:58.871000', '74.208.2.199', 'pdhiexjdnpkji0yy55w98tydgf2thzb1', 'IonCrawl (https://www.ionos.de/terms-gtc/faq-crawler-en/)', 14, NULL),
(406, '2023-09-14 19:59:21.535000', '114.119.136.199', '8it6gtwhpqjoemdqweb3af2otjots5gz', 'Mozilla/5.0 (Linux; Android 7.0;) AppleWebKit/537.36 (KHTML, like Gecko) Mobile Safari/537.36 (compatible; PetalBot;+https://webmaster.petalsearch.com/site/petalbot)', 34, NULL),
(407, '2023-09-14 21:27:05.915000', '140.213.127.93', '2qok7dvr6yopeqlvx3cqdvika2yjkz0g', 'Mozilla/5.0 (Linux; Android 10; K) AppleWebKit/537.36 (KHTML, like Gecko) Chrome/111.0.0.0 Mobile Safari/537.36', 4, NULL),
(408, '2023-09-14 21:34:39.870000', '149.56.150.235', 'jt0a3roypzhqcux0qusrqqzn1hfht7f6', 'Mozilla/5.0 (compatible; Dataprovider.com)', 23, NULL),
(409, '2023-09-14 21:34:40.837000', '149.56.150.235', 'jjmbet1lz0kiu06hlwukdorkrq2fgdtw', 'Mozilla/5.0 (compatible; Dataprovider.com)', 13, NULL),
(410, '2023-09-14 21:34:41.838000', '149.56.150.235', 'y7dea4bc2hwojpps84jut4wuvtx3pqft', 'Mozilla/5.0 (compatible; Dataprovider.com)', 32, NULL),
(411, '2023-09-14 21:34:42.838000', '149.56.150.235', 'qk0vm1r9pws2796gdec8zcoj1qareuj3', 'Mozilla/5.0 (compatible; Dataprovider.com)', 17, NULL),
(412, '2023-09-14 21:34:43.842000', '149.56.150.235', 'xfe80dvd8mv4pwygi60nhs8sgond6jkz', 'Mozilla/5.0 (compatible; Dataprovider.com)', 16, NULL),
(413, '2023-09-15 11:35:54.535000', '40.77.167.67', 'e1x3mhz5u7d1ses1cjmcua7hkc37guj3', 'Mozilla/5.0 AppleWebKit/537.36 (KHTML, like Gecko; compatible; bingbot/2.0; +http://www.bing.com/bingbot.htm) Chrome/103.0.5060.134 Safari/537.36', 33, NULL),
(414, '2023-09-15 13:46:53.164000', '110.136.216.239', 'x1aqvmgfisidwjy6sa7dxt7op8j5h3g0', 'Mozilla/5.0 (X11; Linux x86_64) AppleWebKit/537.36 (KHTML, like Gecko) Chrome/114.0.0.0 Safari/537.36 Edg/114.0.1823.67', 1, 1),
(415, '2023-09-15 15:56:08.944000', '110.136.216.239', 'x1aqvmgfisidwjy6sa7dxt7op8j5h3g0', 'Mozilla/5.0 (X11; Linux x86_64) AppleWebKit/537.36 (KHTML, like Gecko) Chrome/114.0.0.0 Safari/537.36 Edg/114.0.1823.67', 1, 1),
(416, '2023-09-15 17:30:15.701000', '114.4.221.231', 'mizdbn2397gr4ner0sxx3qo8gaqee9vv', 'Mozilla/5.0 (iPhone; CPU iPhone OS 15_4_1 like Mac OS X) AppleWebKit/605.1.15 (KHTML, like Gecko) Version/15.4 Mobile/15E148 Safari/604.1', 14, NULL),
(417, '2023-09-15 17:31:09.527000', '114.4.221.231', 'mizdbn2397gr4ner0sxx3qo8gaqee9vv', 'Mozilla/5.0 (iPhone; CPU iPhone OS 15_4_1 like Mac OS X) AppleWebKit/605.1.15 (KHTML, like Gecko) Version/15.4 Mobile/15E148 Safari/604.1', 15, NULL),
(418, '2023-09-15 20:46:11.627000', '114.10.19.22', 'bcvs2wabb7kn0e0omnckp4tkt47tmhig', 'Mozilla/5.0 (Linux; Android 10; K) AppleWebKit/537.36 (KHTML, like Gecko) Chrome/116.0.0.0 Mobile Safari/537.36', 32, NULL),
(419, '2023-09-15 23:26:14.208000', '40.77.167.121', 'tgka7uufda1uengafrmnqefrqq77re9q', 'Mozilla/5.0 AppleWebKit/537.36 (KHTML, like Gecko; compatible; bingbot/2.0; +http://www.bing.com/bingbot.htm) Chrome/103.0.5060.134 Safari/537.36', 32, NULL),
(420, '2023-09-16 03:56:48.270000', '52.167.144.211', 'ncdi6nd5xvmjwjem1ajydcqz28isptxd', 'Mozilla/5.0 AppleWebKit/537.36 (KHTML, like Gecko; compatible; bingbot/2.0; +http://www.bing.com/bingbot.htm) Chrome/103.0.5060.134 Safari/537.36', 31, NULL),
(421, '2023-09-16 11:19:36.488000', '140.213.127.119', 'x1aqvmgfisidwjy6sa7dxt7op8j5h3g0', 'Mozilla/5.0 (X11; Linux x86_64) AppleWebKit/537.36 (KHTML, like Gecko) Chrome/114.0.0.0 Safari/537.36 Edg/114.0.1823.67', 1, 1),
(422, '2023-09-16 12:07:55.627000', '140.213.127.119', 'x1aqvmgfisidwjy6sa7dxt7op8j5h3g0', 'Mozilla/5.0 (X11; Linux x86_64) AppleWebKit/537.36 (KHTML, like Gecko) Chrome/114.0.0.0 Safari/537.36 Edg/114.0.1823.67', 1, 1),
(423, '2023-09-16 12:32:21.809000', '140.213.127.119', 'x1aqvmgfisidwjy6sa7dxt7op8j5h3g0', 'Mozilla/5.0 (X11; Linux x86_64) AppleWebKit/537.36 (KHTML, like Gecko) Chrome/114.0.0.0 Safari/537.36 Edg/114.0.1823.67', 1, 1),
(424, '2023-09-16 13:14:57.309000', '140.213.127.119', 'k436195hk2emfgpyin8b70wdcqqznbvm', 'Mozilla/5.0 (X11; Linux x86_64) AppleWebKit/537.36 (KHTML, like Gecko) Chrome/114.0.0.0 Safari/537.36 Edg/114.0.1823.67', 13, NULL),
(425, '2023-09-16 13:15:10.096000', '140.213.127.119', 'k436195hk2emfgpyin8b70wdcqqznbvm', 'Mozilla/5.0 (X11; Linux x86_64) AppleWebKit/537.36 (KHTML, like Gecko) Chrome/114.0.0.0 Safari/537.36 Edg/114.0.1823.67', 21, NULL),
(426, '2023-09-16 13:15:22.601000', '140.213.127.119', 'k436195hk2emfgpyin8b70wdcqqznbvm', 'Mozilla/5.0 (X11; Linux x86_64) AppleWebKit/537.36 (KHTML, like Gecko) Chrome/114.0.0.0 Safari/537.36 Edg/114.0.1823.67', 4, NULL),
(427, '2023-09-16 13:15:53.337000', '140.213.127.119', 'x1aqvmgfisidwjy6sa7dxt7op8j5h3g0', 'Mozilla/5.0 (X11; Linux x86_64) AppleWebKit/537.36 (KHTML, like Gecko) Chrome/114.0.0.0 Safari/537.36 Edg/114.0.1823.67', 1, 1),
(428, '2023-09-16 13:22:49.252000', '140.213.127.119', 'x1aqvmgfisidwjy6sa7dxt7op8j5h3g0', 'Mozilla/5.0 (X11; Linux x86_64) AppleWebKit/537.36 (KHTML, like Gecko) Chrome/114.0.0.0 Safari/537.36 Edg/114.0.1823.67', 1, 1),
(429, '2023-09-16 13:29:52.651000', '140.213.127.119', 'x1aqvmgfisidwjy6sa7dxt7op8j5h3g0', 'Mozilla/5.0 (X11; Linux x86_64) AppleWebKit/537.36 (KHTML, like Gecko) Chrome/114.0.0.0 Safari/537.36 Edg/114.0.1823.67', 1, 1),
(430, '2023-09-16 13:29:59.546000', '140.213.127.119', 'x1aqvmgfisidwjy6sa7dxt7op8j5h3g0', 'Mozilla/5.0 (X11; Linux x86_64) AppleWebKit/537.36 (KHTML, like Gecko) Chrome/114.0.0.0 Safari/537.36 Edg/114.0.1823.67', 41, 1),
(431, '2023-09-16 13:32:27.311000', '140.213.127.119', 'x1aqvmgfisidwjy6sa7dxt7op8j5h3g0', 'Mozilla/5.0 (X11; Linux x86_64) AppleWebKit/537.36 (KHTML, like Gecko) Chrome/114.0.0.0 Safari/537.36 Edg/114.0.1823.67', 1, 1),
(432, '2023-09-16 13:38:37.311000', '140.213.127.119', 'x1aqvmgfisidwjy6sa7dxt7op8j5h3g0', 'Mozilla/5.0 (X11; Linux x86_64) AppleWebKit/537.36 (KHTML, like Gecko) Chrome/114.0.0.0 Safari/537.36 Edg/114.0.1823.67', 1, 1),
(433, '2023-09-16 13:39:39.499000', '140.213.127.119', 'x1aqvmgfisidwjy6sa7dxt7op8j5h3g0', 'Mozilla/5.0 (X11; Linux x86_64) AppleWebKit/537.36 (KHTML, like Gecko) Chrome/114.0.0.0 Safari/537.36 Edg/114.0.1823.67', 1, 1),
(434, '2023-09-16 13:40:13.494000', '140.213.127.119', 'x1aqvmgfisidwjy6sa7dxt7op8j5h3g0', 'Mozilla/5.0 (X11; Linux x86_64) AppleWebKit/537.36 (KHTML, like Gecko) Chrome/114.0.0.0 Safari/537.36 Edg/114.0.1823.67', 41, 1),
(435, '2023-09-16 13:40:54.058000', '140.213.127.119', 'x1aqvmgfisidwjy6sa7dxt7op8j5h3g0', 'Mozilla/5.0 (X11; Linux x86_64) AppleWebKit/537.36 (KHTML, like Gecko) Chrome/114.0.0.0 Safari/537.36 Edg/114.0.1823.67', 1, 1),
(436, '2023-09-16 13:41:05.916000', '140.213.127.119', 'x1aqvmgfisidwjy6sa7dxt7op8j5h3g0', 'Mozilla/5.0 (X11; Linux x86_64) AppleWebKit/537.36 (KHTML, like Gecko) Chrome/114.0.0.0 Safari/537.36 Edg/114.0.1823.67', 28, 1),
(437, '2023-09-16 13:42:03.124000', '140.213.127.119', 'x1aqvmgfisidwjy6sa7dxt7op8j5h3g0', 'Mozilla/5.0 (X11; Linux x86_64) AppleWebKit/537.36 (KHTML, like Gecko) Chrome/114.0.0.0 Safari/537.36 Edg/114.0.1823.67', 1, 1),
(438, '2023-09-16 13:42:19.367000', '140.213.127.119', 'x1aqvmgfisidwjy6sa7dxt7op8j5h3g0', 'Mozilla/5.0 (X11; Linux x86_64) AppleWebKit/537.36 (KHTML, like Gecko) Chrome/114.0.0.0 Safari/537.36 Edg/114.0.1823.67', 28, 1),
(439, '2023-09-16 13:42:31.945000', '140.213.127.119', 'x1aqvmgfisidwjy6sa7dxt7op8j5h3g0', 'Mozilla/5.0 (X11; Linux x86_64) AppleWebKit/537.36 (KHTML, like Gecko) Chrome/114.0.0.0 Safari/537.36 Edg/114.0.1823.67', 41, 1),
(440, '2023-09-16 13:43:14.694000', '140.213.127.119', 'x1aqvmgfisidwjy6sa7dxt7op8j5h3g0', 'Mozilla/5.0 (X11; Linux x86_64) AppleWebKit/537.36 (KHTML, like Gecko) Chrome/114.0.0.0 Safari/537.36 Edg/114.0.1823.67', 1, 1),
(441, '2023-09-16 13:46:02.316000', '140.213.127.119', 'x1aqvmgfisidwjy6sa7dxt7op8j5h3g0', 'Mozilla/5.0 (X11; Linux x86_64) AppleWebKit/537.36 (KHTML, like Gecko) Chrome/114.0.0.0 Safari/537.36 Edg/114.0.1823.67', 1, 1),
(442, '2023-09-16 13:50:56.012000', '140.213.127.119', 'x1aqvmgfisidwjy6sa7dxt7op8j5h3g0', 'Mozilla/5.0 (X11; Linux x86_64) AppleWebKit/537.36 (KHTML, like Gecko) Chrome/114.0.0.0 Safari/537.36 Edg/114.0.1823.67', 1, 1),
(443, '2023-09-16 13:57:07.606000', '140.213.127.119', 'x1aqvmgfisidwjy6sa7dxt7op8j5h3g0', 'Mozilla/5.0 (X11; Linux x86_64) AppleWebKit/537.36 (KHTML, like Gecko) Chrome/114.0.0.0 Safari/537.36 Edg/114.0.1823.67', 1, 1),
(444, '2023-09-16 13:57:30.430000', '140.213.127.119', 'x1aqvmgfisidwjy6sa7dxt7op8j5h3g0', 'Mozilla/5.0 (X11; Linux x86_64) AppleWebKit/537.36 (KHTML, like Gecko) Chrome/114.0.0.0 Safari/537.36 Edg/114.0.1823.67', 28, 1),
(445, '2023-09-16 13:57:37.318000', '140.213.127.119', 'x1aqvmgfisidwjy6sa7dxt7op8j5h3g0', 'Mozilla/5.0 (X11; Linux x86_64) AppleWebKit/537.36 (KHTML, like Gecko) Chrome/114.0.0.0 Safari/537.36 Edg/114.0.1823.67', 41, 1),
(446, '2023-09-16 14:04:13.311000', '140.213.127.119', 'x1aqvmgfisidwjy6sa7dxt7op8j5h3g0', 'Mozilla/5.0 (X11; Linux x86_64) AppleWebKit/537.36 (KHTML, like Gecko) Chrome/114.0.0.0 Safari/537.36 Edg/114.0.1823.67', 1, 1),
(447, '2023-09-16 14:04:21.065000', '140.213.127.119', 'x1aqvmgfisidwjy6sa7dxt7op8j5h3g0', 'Mozilla/5.0 (X11; Linux x86_64) AppleWebKit/537.36 (KHTML, like Gecko) Chrome/114.0.0.0 Safari/537.36 Edg/114.0.1823.67', 42, 1),
(448, '2023-09-16 14:05:46.351000', '140.213.127.119', 'x1aqvmgfisidwjy6sa7dxt7op8j5h3g0', 'Mozilla/5.0 (X11; Linux x86_64) AppleWebKit/537.36 (KHTML, like Gecko) Chrome/114.0.0.0 Safari/537.36 Edg/114.0.1823.67', 1, 1),
(449, '2023-09-16 14:07:12.363000', '140.213.127.119', 'x1aqvmgfisidwjy6sa7dxt7op8j5h3g0', 'Mozilla/5.0 (X11; Linux x86_64) AppleWebKit/537.36 (KHTML, like Gecko) Chrome/114.0.0.0 Safari/537.36 Edg/114.0.1823.67', 1, 1),
(450, '2023-09-16 14:07:42.115000', '140.213.127.119', 'x1aqvmgfisidwjy6sa7dxt7op8j5h3g0', 'Mozilla/5.0 (X11; Linux x86_64) AppleWebKit/537.36 (KHTML, like Gecko) Chrome/114.0.0.0 Safari/537.36 Edg/114.0.1823.67', 42, 1),
(451, '2023-09-16 14:08:33.915000', '140.213.127.119', 'x1aqvmgfisidwjy6sa7dxt7op8j5h3g0', 'Mozilla/5.0 (X11; Linux x86_64) AppleWebKit/537.36 (KHTML, like Gecko) Chrome/114.0.0.0 Safari/537.36 Edg/114.0.1823.67', 1, 1),
(452, '2023-09-16 14:08:39.824000', '140.213.127.119', 'x1aqvmgfisidwjy6sa7dxt7op8j5h3g0', 'Mozilla/5.0 (X11; Linux x86_64) AppleWebKit/537.36 (KHTML, like Gecko) Chrome/114.0.0.0 Safari/537.36 Edg/114.0.1823.67', 41, 1),
(453, '2023-09-16 17:58:17.267000', '114.119.135.126', '36ux0ld2zqlfclcwx4vrivy8t2sw9j3n', 'Mozilla/5.0 (Linux; Android 7.0;) AppleWebKit/537.36 (KHTML, like Gecko) Mobile Safari/537.36 (compatible; PetalBot;+https://webmaster.petalsearch.com/site/petalbot)', 20, NULL),
(454, '2023-09-16 18:19:09.276000', '114.119.151.165', 'wwenri4hssdu2fmcshkilugui7a8n2gg', 'Mozilla/5.0 (Linux; Android 7.0;) AppleWebKit/537.36 (KHTML, like Gecko) Mobile Safari/537.36 (compatible; PetalBot;+https://webmaster.petalsearch.com/site/petalbot)', 15, NULL),
(455, '2023-09-16 22:28:05.920000', '186.179.43.142', '2mcczjhv2j9td5kov2gacrdwdhyyqehq', 'Mozilla/5.0 (Macintosh; Intel Mac OS X 12_5) AppleWebKit/537.36 (KHTML, like Gecko) Chrome/114.0.0.0 Safari/537.36 OPR/89.0.4447.51', 23, NULL),
(456, '2023-09-16 22:28:09.342000', '186.179.43.142', '2mcczjhv2j9td5kov2gacrdwdhyyqehq', 'Mozilla/5.0 (Macintosh; Intel Mac OS X 12_5) AppleWebKit/537.36 (KHTML, like Gecko) Chrome/114.0.0.0 Safari/537.36 OPR/89.0.4447.51', 15, NULL),
(457, '2023-09-16 22:28:12.415000', '186.179.43.142', '2mcczjhv2j9td5kov2gacrdwdhyyqehq', 'Mozilla/5.0 (Macintosh; Intel Mac OS X 12_5) AppleWebKit/537.36 (KHTML, like Gecko) Chrome/114.0.0.0 Safari/537.36 OPR/89.0.4447.51', 13, NULL),
(458, '2023-09-16 22:28:15.922000', '186.179.43.142', '2mcczjhv2j9td5kov2gacrdwdhyyqehq', 'Mozilla/5.0 (Macintosh; Intel Mac OS X 12_5) AppleWebKit/537.36 (KHTML, like Gecko) Chrome/114.0.0.0 Safari/537.36 OPR/89.0.4447.51', 21, NULL),
(459, '2023-09-16 22:28:19.455000', '186.179.43.142', '2mcczjhv2j9td5kov2gacrdwdhyyqehq', 'Mozilla/5.0 (Macintosh; Intel Mac OS X 12_5) AppleWebKit/537.36 (KHTML, like Gecko) Chrome/114.0.0.0 Safari/537.36 OPR/89.0.4447.51', 32, NULL),
(460, '2023-09-16 22:28:23.233000', '186.179.43.142', '2mcczjhv2j9td5kov2gacrdwdhyyqehq', 'Mozilla/5.0 (Macintosh; Intel Mac OS X 12_5) AppleWebKit/537.36 (KHTML, like Gecko) Chrome/114.0.0.0 Safari/537.36 OPR/89.0.4447.51', 14, NULL);
INSERT INTO `hitcount_hit` (`id`, `created`, `ip`, `session`, `user_agent`, `hitcount_id`, `user_id`) VALUES
(461, '2023-09-16 22:28:26.109000', '186.179.43.142', '2mcczjhv2j9td5kov2gacrdwdhyyqehq', 'Mozilla/5.0 (Macintosh; Intel Mac OS X 12_5) AppleWebKit/537.36 (KHTML, like Gecko) Chrome/114.0.0.0 Safari/537.36 OPR/89.0.4447.51', 17, NULL),
(462, '2023-09-16 22:28:29.657000', '186.179.43.142', '2mcczjhv2j9td5kov2gacrdwdhyyqehq', 'Mozilla/5.0 (Macintosh; Intel Mac OS X 12_5) AppleWebKit/537.36 (KHTML, like Gecko) Chrome/114.0.0.0 Safari/537.36 OPR/89.0.4447.51', 19, NULL),
(463, '2023-09-16 22:28:32.447000', '186.179.43.142', '2mcczjhv2j9td5kov2gacrdwdhyyqehq', 'Mozilla/5.0 (Macintosh; Intel Mac OS X 12_5) AppleWebKit/537.36 (KHTML, like Gecko) Chrome/114.0.0.0 Safari/537.36 OPR/89.0.4447.51', 16, NULL),
(464, '2023-09-16 22:28:42.221000', '186.179.43.142', '2mcczjhv2j9td5kov2gacrdwdhyyqehq', 'Mozilla/5.0 (Macintosh; Intel Mac OS X 12_5) AppleWebKit/537.36 (KHTML, like Gecko) Chrome/114.0.0.0 Safari/537.36 OPR/89.0.4447.51', 18, NULL),
(465, '2023-09-16 22:28:45.064000', '186.179.43.142', '2mcczjhv2j9td5kov2gacrdwdhyyqehq', 'Mozilla/5.0 (Macintosh; Intel Mac OS X 12_5) AppleWebKit/537.36 (KHTML, like Gecko) Chrome/114.0.0.0 Safari/537.36 OPR/89.0.4447.51', 20, NULL),
(466, '2023-09-16 22:28:48.000000', '186.179.43.142', '2mcczjhv2j9td5kov2gacrdwdhyyqehq', 'Mozilla/5.0 (Macintosh; Intel Mac OS X 12_5) AppleWebKit/537.36 (KHTML, like Gecko) Chrome/114.0.0.0 Safari/537.36 OPR/89.0.4447.51', 24, NULL),
(467, '2023-09-16 22:28:51.692000', '186.179.43.142', '2mcczjhv2j9td5kov2gacrdwdhyyqehq', 'Mozilla/5.0 (Macintosh; Intel Mac OS X 12_5) AppleWebKit/537.36 (KHTML, like Gecko) Chrome/114.0.0.0 Safari/537.36 OPR/89.0.4447.51', 27, NULL),
(468, '2023-09-16 22:28:54.755000', '186.179.43.142', '2mcczjhv2j9td5kov2gacrdwdhyyqehq', 'Mozilla/5.0 (Macintosh; Intel Mac OS X 12_5) AppleWebKit/537.36 (KHTML, like Gecko) Chrome/114.0.0.0 Safari/537.36 OPR/89.0.4447.51', 22, NULL),
(469, '2023-09-16 22:28:57.592000', '186.179.43.142', '2mcczjhv2j9td5kov2gacrdwdhyyqehq', 'Mozilla/5.0 (Macintosh; Intel Mac OS X 12_5) AppleWebKit/537.36 (KHTML, like Gecko) Chrome/114.0.0.0 Safari/537.36 OPR/89.0.4447.51', 33, NULL),
(470, '2023-09-16 22:29:01.109000', '186.179.43.142', '2mcczjhv2j9td5kov2gacrdwdhyyqehq', 'Mozilla/5.0 (Macintosh; Intel Mac OS X 12_5) AppleWebKit/537.36 (KHTML, like Gecko) Chrome/114.0.0.0 Safari/537.36 OPR/89.0.4447.51', 26, NULL),
(471, '2023-09-16 22:29:03.821000', '186.179.43.142', '2mcczjhv2j9td5kov2gacrdwdhyyqehq', 'Mozilla/5.0 (Macintosh; Intel Mac OS X 12_5) AppleWebKit/537.36 (KHTML, like Gecko) Chrome/114.0.0.0 Safari/537.36 OPR/89.0.4447.51', 25, NULL),
(472, '2023-09-16 22:29:06.718000', '186.179.43.142', '2mcczjhv2j9td5kov2gacrdwdhyyqehq', 'Mozilla/5.0 (Macintosh; Intel Mac OS X 12_5) AppleWebKit/537.36 (KHTML, like Gecko) Chrome/114.0.0.0 Safari/537.36 OPR/89.0.4447.51', 31, NULL),
(473, '2023-09-17 01:11:22.549000', '40.77.167.76', 'iqmw7bgy059nfrncydmvhre6ppg8q4fq', 'Mozilla/5.0 AppleWebKit/537.36 (KHTML, like Gecko; compatible; bingbot/2.0; +http://www.bing.com/bingbot.htm) Chrome/103.0.5060.134 Safari/537.36', 18, NULL),
(474, '2023-09-17 06:32:00.882000', '112.215.219.175', 'x1aqvmgfisidwjy6sa7dxt7op8j5h3g0', 'Mozilla/5.0 (X11; Linux x86_64) AppleWebKit/537.36 (KHTML, like Gecko) Chrome/114.0.0.0 Safari/537.36 Edg/114.0.1823.67', 1, 1),
(475, '2023-09-17 06:32:38.150000', '112.215.219.175', 'x1aqvmgfisidwjy6sa7dxt7op8j5h3g0', 'Mozilla/5.0 (X11; Linux x86_64) AppleWebKit/537.36 (KHTML, like Gecko) Chrome/114.0.0.0 Safari/537.36 Edg/114.0.1823.67', 43, 1),
(476, '2023-09-17 06:36:53.908000', '114.119.131.105', 'w9eawgzze48n7lf2ntlkac3fg7pq3s8c', 'Mozilla/5.0 (Linux; Android 7.0;) AppleWebKit/537.36 (KHTML, like Gecko) Mobile Safari/537.36 (compatible; PetalBot;+https://webmaster.petalsearch.com/site/petalbot)', 13, NULL),
(477, '2023-09-17 08:31:30.246000', '52.167.144.25', 'vvljsyu4ndooph9tn9t96muzblnp78en', 'Mozilla/5.0 AppleWebKit/537.36 (KHTML, like Gecko; compatible; bingbot/2.0; +http://www.bing.com/bingbot.htm) Chrome/103.0.5060.134 Safari/537.36', 20, NULL),
(478, '2023-09-17 08:55:23.477000', '114.119.135.206', '8g99w0g0p2v6lc4tvizcvnbu7tsthqry', 'Mozilla/5.0 (Linux; Android 7.0;) AppleWebKit/537.36 (KHTML, like Gecko) Mobile Safari/537.36 (compatible; PetalBot;+https://webmaster.petalsearch.com/site/petalbot)', 21, NULL),
(479, '2023-09-17 11:13:53.881000', '114.119.133.204', 'k1dkbt6ctuozz8zlru4ayt6y3apvu3tp', 'Mozilla/5.0 (Linux; Android 7.0;) AppleWebKit/537.36 (KHTML, like Gecko) Mobile Safari/537.36 (compatible; PetalBot;+https://webmaster.petalsearch.com/site/petalbot)', 24, NULL),
(480, '2023-09-17 11:27:10.710000', '54.36.149.6', 'cbmwwzuyljiflolpwz36i634z1xh9wlo', 'Mozilla/5.0 (compatible; AhrefsBot/7.0; +http://ahrefs.com/robot/)', 32, NULL),
(481, '2023-09-17 13:41:26.309000', '54.36.149.100', 'zid99874rpj5t03rsn8cqk0jpr1yu6pi', 'Mozilla/5.0 (compatible; AhrefsBot/7.0; +http://ahrefs.com/robot/)', 17, NULL),
(482, '2023-09-17 15:14:20.195000', '112.215.219.226', 'pk65m7qtiw2zne39s95dati7skoh4wam', 'Mozilla/5.0 (X11; Linux x86_64) AppleWebKit/537.36 (KHTML, like Gecko) Chrome/114.0.0.0 Safari/537.36 Edg/114.0.1823.67', 42, NULL),
(483, '2023-09-17 15:14:28.353000', '112.215.219.226', 'pk65m7qtiw2zne39s95dati7skoh4wam', 'Mozilla/5.0 (X11; Linux x86_64) AppleWebKit/537.36 (KHTML, like Gecko) Chrome/114.0.0.0 Safari/537.36 Edg/114.0.1823.67', 1, NULL),
(484, '2023-09-17 15:14:48.579000', '112.215.219.226', 'pk65m7qtiw2zne39s95dati7skoh4wam', 'Mozilla/5.0 (X11; Linux x86_64) AppleWebKit/537.36 (KHTML, like Gecko) Chrome/114.0.0.0 Safari/537.36 Edg/114.0.1823.67', 29, NULL),
(485, '2023-09-17 16:08:36.322000', '54.36.149.79', '5og49xpe4hxapu3l4n4bvx0rqzsw55sa', 'Mozilla/5.0 (compatible; AhrefsBot/7.0; +http://ahrefs.com/robot/)', 14, NULL),
(486, '2023-09-17 17:34:57.965000', '54.36.149.16', 'cz9ue8jopg07hqdxxujelkaqh0zf15q7', 'Mozilla/5.0 (compatible; AhrefsBot/7.0; +http://ahrefs.com/robot/)', 18, NULL),
(487, '2023-09-17 18:43:44.954000', '54.36.148.120', 't9wnd2fbmdegbeu99rxnleec6e1as1wb', 'Mozilla/5.0 (compatible; AhrefsBot/7.0; +http://ahrefs.com/robot/)', 27, NULL),
(488, '2023-09-17 19:00:48.223000', '54.36.148.179', '7jvx67u0docmigrh82hhj83m76gay941', 'Mozilla/5.0 (compatible; AhrefsBot/7.0; +http://ahrefs.com/robot/)', 19, NULL),
(489, '2023-09-17 19:27:34.744000', '54.36.148.17', 'dz9w5lshfz9iqmd4nk45ceydhoh4rvyn', 'Mozilla/5.0 (compatible; AhrefsBot/7.0; +http://ahrefs.com/robot/)', 20, NULL),
(490, '2023-09-17 19:49:39.769000', '112.215.219.226', 'pk65m7qtiw2zne39s95dati7skoh4wam', 'Mozilla/5.0 (X11; Linux x86_64) AppleWebKit/537.36 (KHTML, like Gecko) Chrome/114.0.0.0 Safari/537.36 Edg/114.0.1823.67', 1, NULL),
(491, '2023-09-17 19:50:04.217000', '112.215.219.226', 'k436195hk2emfgpyin8b70wdcqqznbvm', 'Mozilla/5.0 (X11; Linux x86_64) AppleWebKit/537.36 (KHTML, like Gecko) Chrome/114.0.0.0 Safari/537.36 Edg/114.0.1823.67', 4, NULL),
(492, '2023-09-17 20:08:44.088000', '112.215.219.226', 'pk65m7qtiw2zne39s95dati7skoh4wam', 'Mozilla/5.0 (X11; Linux x86_64) AppleWebKit/537.36 (KHTML, like Gecko) Chrome/114.0.0.0 Safari/537.36 Edg/114.0.1823.67', 1, NULL),
(493, '2023-09-17 20:10:53.008000', '112.215.219.226', 'k436195hk2emfgpyin8b70wdcqqznbvm', 'Mozilla/5.0 (X11; Linux x86_64) AppleWebKit/537.36 (KHTML, like Gecko) Chrome/114.0.0.0 Safari/537.36 Edg/114.0.1823.67', 4, NULL),
(494, '2023-09-17 20:12:09.922000', '112.215.219.226', 'pk65m7qtiw2zne39s95dati7skoh4wam', 'Mozilla/5.0 (X11; Linux x86_64) AppleWebKit/537.36 (KHTML, like Gecko) Chrome/114.0.0.0 Safari/537.36 Edg/114.0.1823.67', 1, NULL),
(495, '2023-09-17 20:14:18.061000', '112.215.219.226', 'pk65m7qtiw2zne39s95dati7skoh4wam', 'Mozilla/5.0 (X11; Linux x86_64) AppleWebKit/537.36 (KHTML, like Gecko) Chrome/114.0.0.0 Safari/537.36 Edg/114.0.1823.67', 1, NULL),
(496, '2023-09-17 20:15:49.858000', '112.215.219.226', 'pk65m7qtiw2zne39s95dati7skoh4wam', 'Mozilla/5.0 (X11; Linux x86_64) AppleWebKit/537.36 (KHTML, like Gecko) Chrome/114.0.0.0 Safari/537.36 Edg/114.0.1823.67', 1, NULL),
(497, '2023-09-17 20:16:22.513000', '112.215.219.226', 'k436195hk2emfgpyin8b70wdcqqznbvm', 'Mozilla/5.0 (X11; Linux x86_64) AppleWebKit/537.36 (KHTML, like Gecko) Chrome/114.0.0.0 Safari/537.36 Edg/114.0.1823.67', 4, NULL),
(498, '2023-09-17 20:18:05.819000', '112.215.219.226', 'k436195hk2emfgpyin8b70wdcqqznbvm', 'Mozilla/5.0 (X11; Linux x86_64) AppleWebKit/537.36 (KHTML, like Gecko) Chrome/114.0.0.0 Safari/537.36 Edg/114.0.1823.67', 4, NULL),
(499, '2023-09-17 20:29:09.760000', '54.36.148.158', 'iju6hxnbnvkfr7tzbpc4yp94vdi4by92', 'Mozilla/5.0 (compatible; AhrefsBot/7.0; +http://ahrefs.com/robot/)', 26, NULL),
(500, '2023-09-17 21:05:27.799000', '112.215.219.226', 'k436195hk2emfgpyin8b70wdcqqznbvm', 'Mozilla/5.0 (X11; Linux x86_64) AppleWebKit/537.36 (KHTML, like Gecko) Chrome/114.0.0.0 Safari/537.36 Edg/114.0.1823.67', 4, NULL),
(501, '2023-09-17 21:11:33.744000', '112.215.219.226', 'k436195hk2emfgpyin8b70wdcqqznbvm', 'Mozilla/5.0 (X11; Linux x86_64) AppleWebKit/537.36 (KHTML, like Gecko) Chrome/114.0.0.0 Safari/537.36 Edg/114.0.1823.67', 4, NULL),
(502, '2023-09-17 21:15:56.648000', '112.215.219.226', 'k436195hk2emfgpyin8b70wdcqqznbvm', 'Mozilla/5.0 (X11; Linux x86_64) AppleWebKit/537.36 (KHTML, like Gecko) Chrome/114.0.0.0 Safari/537.36 Edg/114.0.1823.67', 4, NULL),
(503, '2023-09-17 21:17:31.232000', '112.215.219.226', '5q6ng43dzzhlwn0m1gvl7hs1xhr35rta', 'Mozilla/5.0 (X11; Linux x86_64) AppleWebKit/537.36 (KHTML, like Gecko) Chrome/114.0.0.0 Safari/537.36 Edg/114.0.1823.67', 28, 2),
(504, '2023-09-17 21:17:37.413000', '112.215.219.226', '5q6ng43dzzhlwn0m1gvl7hs1xhr35rta', 'Mozilla/5.0 (X11; Linux x86_64) AppleWebKit/537.36 (KHTML, like Gecko) Chrome/114.0.0.0 Safari/537.36 Edg/114.0.1823.67', 1, 2),
(505, '2023-09-17 21:19:12.729000', '112.215.219.226', '5q6ng43dzzhlwn0m1gvl7hs1xhr35rta', 'Mozilla/5.0 (X11; Linux x86_64) AppleWebKit/537.36 (KHTML, like Gecko) Chrome/114.0.0.0 Safari/537.36 Edg/114.0.1823.67', 1, 2),
(506, '2023-09-17 21:38:31.661000', '54.36.148.171', '9qiohxf5msb8b8i0ym58exxokqnl1gpv', 'Mozilla/5.0 (compatible; AhrefsBot/7.0; +http://ahrefs.com/robot/)', 16, NULL),
(507, '2023-09-17 21:42:33.627000', '112.215.219.226', '5q6ng43dzzhlwn0m1gvl7hs1xhr35rta', 'Mozilla/5.0 (X11; Linux x86_64) AppleWebKit/537.36 (KHTML, like Gecko) Chrome/114.0.0.0 Safari/537.36 Edg/114.0.1823.67', 1, 2),
(508, '2023-09-17 21:43:00.375000', '112.215.219.226', '5q6ng43dzzhlwn0m1gvl7hs1xhr35rta', 'Mozilla/5.0 (X11; Linux x86_64) AppleWebKit/537.36 (KHTML, like Gecko) Chrome/114.0.0.0 Safari/537.36 Edg/114.0.1823.67', 42, 2),
(509, '2023-09-17 21:53:22.675000', '112.215.219.226', '5q6ng43dzzhlwn0m1gvl7hs1xhr35rta', 'Mozilla/5.0 (X11; Linux x86_64) AppleWebKit/537.36 (KHTML, like Gecko) Chrome/114.0.0.0 Safari/537.36 Edg/114.0.1823.67', 1, 2),
(510, '2023-09-17 21:53:48.872000', '112.215.219.226', 'k436195hk2emfgpyin8b70wdcqqznbvm', 'Mozilla/5.0 (X11; Linux x86_64) AppleWebKit/537.36 (KHTML, like Gecko) Chrome/114.0.0.0 Safari/537.36 Edg/114.0.1823.67', 4, NULL),
(511, '2023-09-17 22:13:47.208000', '54.36.148.254', '78zwt8l7ga6y53xe9vywek16zuei768p', 'Mozilla/5.0 (compatible; AhrefsBot/7.0; +http://ahrefs.com/robot/)', 22, NULL),
(512, '2023-09-17 23:26:53.192000', '40.77.167.132', 'zcf8y04sqk79q7lbehrtonb2hff9zbhw', 'Mozilla/5.0 AppleWebKit/537.36 (KHTML, like Gecko; compatible; bingbot/2.0; +http://www.bing.com/bingbot.htm) Chrome/103.0.5060.134 Safari/537.36', 17, NULL),
(513, '2023-09-18 00:29:21.042000', '54.36.148.33', 'fac2ugzq2reank2tvye7vyldkj0x89ma', 'Mozilla/5.0 (compatible; AhrefsBot/7.0; +http://ahrefs.com/robot/)', 25, NULL),
(514, '2023-09-18 01:38:01.912000', '54.36.148.53', 'llowof04muy8admhx16ykb7hqwtvb394', 'Mozilla/5.0 (compatible; AhrefsBot/7.0; +http://ahrefs.com/robot/)', 31, NULL),
(515, '2023-09-18 03:01:39.029000', '54.36.148.143', 'bhq0b8mj842tv947b3oa95y1hpdd216y', 'Mozilla/5.0 (compatible; AhrefsBot/7.0; +http://ahrefs.com/robot/)', 15, NULL),
(516, '2023-09-18 03:23:31.114000', '52.167.144.162', '4n8vkby6jrwhca6fepvtdunlzmdkw6qz', 'Mozilla/5.0 AppleWebKit/537.36 (KHTML, like Gecko; compatible; bingbot/2.0; +http://www.bing.com/bingbot.htm) Chrome/103.0.5060.134 Safari/537.36', 19, NULL),
(517, '2023-09-18 04:27:04.747000', '54.36.148.57', 'seahc79qvv3z5kdbz26sfm9eynv6izif', 'Mozilla/5.0 (compatible; AhrefsBot/7.0; +http://ahrefs.com/robot/)', 33, NULL),
(518, '2023-09-18 05:58:42.018000', '54.36.148.230', 'te75fs7iavzj7ku03gg2fhkn98ix63o5', 'Mozilla/5.0 (compatible; AhrefsBot/7.0; +http://ahrefs.com/robot/)', 23, NULL),
(519, '2023-09-18 07:22:34.059000', '40.77.167.142', '817rygay7o1hgq7srd3725wkge1v2d1h', 'Mozilla/5.0 AppleWebKit/537.36 (KHTML, like Gecko; compatible; bingbot/2.0; +http://www.bing.com/bingbot.htm) Chrome/103.0.5060.134 Safari/537.36', 22, NULL),
(520, '2023-09-18 08:14:51.938000', '110.136.216.238', 'k436195hk2emfgpyin8b70wdcqqznbvm', 'Mozilla/5.0 (X11; Linux x86_64) AppleWebKit/537.36 (KHTML, like Gecko) Chrome/114.0.0.0 Safari/537.36 Edg/114.0.1823.67', 4, NULL),
(521, '2023-09-18 08:15:06.884000', '110.136.216.238', 'k436195hk2emfgpyin8b70wdcqqznbvm', 'Mozilla/5.0 (X11; Linux x86_64) AppleWebKit/537.36 (KHTML, like Gecko) Chrome/114.0.0.0 Safari/537.36 Edg/114.0.1823.67', 14, NULL),
(522, '2023-09-18 08:15:33.422000', '110.136.216.238', '5q6ng43dzzhlwn0m1gvl7hs1xhr35rta', 'Mozilla/5.0 (X11; Linux x86_64) AppleWebKit/537.36 (KHTML, like Gecko) Chrome/114.0.0.0 Safari/537.36 Edg/114.0.1823.67', 1, 2),
(523, '2023-09-18 08:15:44.695000', '110.136.216.238', '5q6ng43dzzhlwn0m1gvl7hs1xhr35rta', 'Mozilla/5.0 (X11; Linux x86_64) AppleWebKit/537.36 (KHTML, like Gecko) Chrome/114.0.0.0 Safari/537.36 Edg/114.0.1823.67', 41, 2),
(524, '2023-09-18 08:29:59.254000', '110.136.216.238', 'k436195hk2emfgpyin8b70wdcqqznbvm', 'Mozilla/5.0 (X11; Linux x86_64) AppleWebKit/537.36 (KHTML, like Gecko) Chrome/114.0.0.0 Safari/537.36 Edg/114.0.1823.67', 4, NULL),
(525, '2023-09-18 09:01:16.273000', '54.36.148.249', 'hkbwuzhczxxssv9srslvxkllmhqld41i', 'Mozilla/5.0 (compatible; AhrefsBot/7.0; +http://ahrefs.com/robot/)', 21, NULL),
(526, '2023-09-18 09:45:23.077000', '52.167.144.147', 'zt0kh8hfyjdmbicgwqz8haqke37iv8q6', 'Mozilla/5.0 AppleWebKit/537.36 (KHTML, like Gecko; compatible; bingbot/2.0; +http://www.bing.com/bingbot.htm) Chrome/103.0.5060.134 Safari/537.36', 24, NULL),
(527, '2023-09-18 12:25:35.420000', '114.119.152.119', '8lb47ubs1tx405z6hlsvwi552g54wg57', 'Mozilla/5.0 (Linux; Android 7.0;) AppleWebKit/537.36 (KHTML, like Gecko) Mobile Safari/537.36 (compatible; PetalBot;+https://webmaster.petalsearch.com/site/petalbot)', 33, NULL),
(528, '2023-09-18 12:28:08.849000', '114.119.146.29', 'kuyorxife0jca35u0rawhpwt7i46z1el', 'Mozilla/5.0 (Linux; Android 7.0;) AppleWebKit/537.36 (KHTML, like Gecko) Mobile Safari/537.36 (compatible; PetalBot;+https://webmaster.petalsearch.com/site/petalbot)', 27, NULL),
(529, '2023-09-18 12:41:23.802000', '114.119.138.130', 'ptefo4st5m5vigup6axpo2vpc3oej9w8', 'Mozilla/5.0 (Linux; Android 7.0;) AppleWebKit/537.36 (KHTML, like Gecko) Mobile Safari/537.36 (compatible; PetalBot;+https://webmaster.petalsearch.com/site/petalbot)', 14, NULL),
(530, '2023-09-18 12:47:53.525000', '114.119.137.103', '6i2kxmfu2hu9125g12najeojs9uq51g8', 'Mozilla/5.0 (Linux; Android 7.0;) AppleWebKit/537.36 (KHTML, like Gecko) Mobile Safari/537.36 (compatible; PetalBot;+https://webmaster.petalsearch.com/site/petalbot)', 19, NULL),
(531, '2023-09-18 13:48:17.267000', '114.119.139.226', 'j51groy6poqznom2htf9w0gc9dr0tlt6', 'Mozilla/5.0 (Linux; Android 7.0;) AppleWebKit/537.36 (KHTML, like Gecko) Mobile Safari/537.36 (compatible; PetalBot;+https://webmaster.petalsearch.com/site/petalbot)', 23, NULL),
(532, '2023-09-18 20:00:45.707000', '114.119.140.29', 'zumdkjge4vabim0rv4pwxa23t41txrbh', 'Mozilla/5.0 (Linux; Android 7.0;) AppleWebKit/537.36 (KHTML, like Gecko) Mobile Safari/537.36 (compatible; PetalBot;+https://webmaster.petalsearch.com/site/petalbot)', 25, NULL),
(533, '2023-09-18 20:56:28.001000', '114.119.158.143', 'cr3o7um09ilo3c6agd894439t81h2s1k', 'Mozilla/5.0 (Linux; Android 7.0;) AppleWebKit/537.36 (KHTML, like Gecko) Mobile Safari/537.36 (compatible; PetalBot;+https://webmaster.petalsearch.com/site/petalbot)', 31, NULL),
(534, '2023-09-18 21:48:14.827000', '125.21.161.2', 'qxs36mnzsw19vgyfdovbvuermp0ckejq', 'Mozilla/5.0 (Windows NT 10.0; Win64; x64) AppleWebKit/537.36 (KHTML, like Gecko) Chrome/116.0.0.0 Safari/537.36', 27, NULL),
(535, '2023-09-18 21:48:39.951000', '125.21.161.2', 'qxs36mnzsw19vgyfdovbvuermp0ckejq', 'Mozilla/5.0 (Windows NT 10.0; Win64; x64) AppleWebKit/537.36 (KHTML, like Gecko) Chrome/116.0.0.0 Safari/537.36', 4, NULL),
(536, '2023-09-19 06:08:59.595000', '114.119.146.223', '217gb1gydxcu6ycyqm9wf9jbhmub8rmv', 'Mozilla/5.0 (Linux; Android 7.0;) AppleWebKit/537.36 (KHTML, like Gecko) Mobile Safari/537.36 (compatible; PetalBot;+https://webmaster.petalsearch.com/site/petalbot)', 17, NULL),
(537, '2023-09-19 17:56:59.579000', '51.79.29.202', '0wfaepltyyv4tfyt0n1j3fdv3ewfk8ug', 'Mozilla/5.0 (compatible; SeekportBot; +https://bot.seekport.com)', 23, NULL),
(538, '2023-09-19 17:57:00.214000', '51.79.29.202', '82oea1m8l9xca56o2jnr439mytgq2ayl', 'Mozilla/5.0 (compatible; SeekportBot; +https://bot.seekport.com)', 13, NULL),
(539, '2023-09-19 17:57:00.743000', '51.79.29.202', 'o3f7qhdafkjv82mbufo3v1p29w100ito', 'Mozilla/5.0 (compatible; SeekportBot; +https://bot.seekport.com)', 32, NULL),
(540, '2023-09-19 17:57:01.182000', '51.79.29.202', '6kbdf4d01a59wamj3yl159bhidxi168d', 'Mozilla/5.0 (compatible; SeekportBot; +https://bot.seekport.com)', 17, NULL),
(541, '2023-09-19 17:57:01.578000', '51.79.29.202', '0q8uzfno7s7brfs7undyk4ox35utb274', 'Mozilla/5.0 (compatible; SeekportBot; +https://bot.seekport.com)', 16, NULL),
(542, '2023-09-19 17:57:02.370000', '51.79.29.202', 'otxr0qaqrvjljknmxvfjie8641vpofr0', 'Mozilla/5.0 (compatible; SeekportBot; +https://bot.seekport.com)', 20, NULL),
(543, '2023-09-19 17:57:02.923000', '51.79.29.202', 'wvxmx17jlaxntvh16npp7pds152qsx52', 'Mozilla/5.0 (compatible; SeekportBot; +https://bot.seekport.com)', 27, NULL),
(544, '2023-09-19 17:57:04.130000', '51.79.29.202', 'kcqnhrk5xubuqd22q7jxnqw4fyf9plvd', 'Mozilla/5.0 (compatible; SeekportBot; +https://bot.seekport.com)', 19, NULL),
(545, '2023-09-19 17:57:04.532000', '51.79.29.202', 'b5zwyc1y78mqvjlmxodjfvly5iqp0l7h', 'Mozilla/5.0 (compatible; SeekportBot; +https://bot.seekport.com)', 14, NULL),
(546, '2023-09-19 17:57:04.915000', '51.79.29.202', 'uf5grn563yawb1ie94440hufyudi4j6h', 'Mozilla/5.0 (compatible; SeekportBot; +https://bot.seekport.com)', 21, NULL),
(547, '2023-09-19 17:57:05.297000', '51.79.29.202', 'm2gbr6bys40o7gnf3lhkvewuwfx5efo7', 'Mozilla/5.0 (compatible; SeekportBot; +https://bot.seekport.com)', 15, NULL),
(548, '2023-09-19 17:57:09.547000', '51.79.29.202', 'x3usw97cmnv5mkzmolcj76to17vjcy7x', 'Mozilla/5.0 (compatible; SeekportBot; +https://bot.seekport.com)', 34, NULL),
(549, '2023-09-19 17:57:09.900000', '51.79.29.202', 'f4sgdl5wqu522obusbxnnfjbm4ga3f2o', 'Mozilla/5.0 (compatible; SeekportBot; +https://bot.seekport.com)', 18, NULL),
(550, '2023-09-19 17:57:10.265000', '51.79.29.202', 'sfr5jompys8ehan1n6w77b1ixkoyzmaa', 'Mozilla/5.0 (compatible; SeekportBot; +https://bot.seekport.com)', 24, NULL),
(551, '2023-09-19 17:57:10.626000', '51.79.29.202', 'wx4rfl4h9qotkqtbf6vjdtvkfg8erl35', 'Mozilla/5.0 (compatible; SeekportBot; +https://bot.seekport.com)', 22, NULL),
(552, '2023-09-19 17:57:10.983000', '51.79.29.202', '5c809pl241sotcaa00hhrx6v34fs8rzy', 'Mozilla/5.0 (compatible; SeekportBot; +https://bot.seekport.com)', 26, NULL),
(553, '2023-09-19 17:57:11.373000', '51.79.29.202', 'xgfpqetyc9av7rj4dyyojqxu8p2mlkbp', 'Mozilla/5.0 (compatible; SeekportBot; +https://bot.seekport.com)', 31, NULL),
(554, '2023-09-19 17:57:11.725000', '51.79.29.202', 'ddwkv8pbepxrfk3fioi2qdb0udygwjmt', 'Mozilla/5.0 (compatible; SeekportBot; +https://bot.seekport.com)', 25, NULL),
(555, '2023-09-19 17:57:12.125000', '51.79.29.202', 'hhdv1f9ntj4ypriqoi3zq2kehevfk5fo', 'Mozilla/5.0 (compatible; SeekportBot; +https://bot.seekport.com)', 33, NULL),
(556, '2023-09-20 00:37:48.809000', '40.77.167.142', 'iiyops1g4sanr26jfvqdw357nq34ifew', 'Mozilla/5.0 AppleWebKit/537.36 (KHTML, like Gecko; compatible; bingbot/2.0; +http://www.bing.com/bingbot.htm) Chrome/103.0.5060.134 Safari/537.36', 23, NULL),
(557, '2023-09-20 01:36:29.093000', '178.62.74.6', 'seuwfv0u8lxw4sbnb4ax9nj0ai1mykf5', 'Mozilla/5.0 (Windows NT 6.0) AppleWebKit/537.36 (KHTML, like Gecko) Chrome/34.0.1847.116 Safari/537.36', 23, NULL),
(558, '2023-09-20 01:36:32.768000', '178.62.74.6', 'oy689omhijpg1jl2hyos0houuz7ch9jz', 'Mozilla/5.0 (Windows NT 6.0) AppleWebKit/537.36 (KHTML, like Gecko) Chrome/34.0.1847.116 Safari/537.36', 14, NULL),
(559, '2023-09-20 01:36:36.659000', '178.62.74.6', '9e27zb95a1op1qw25tgt7h1xz3obd2yu', 'Mozilla/5.0 (Windows NT 6.0) AppleWebKit/537.36 (KHTML, like Gecko) Chrome/34.0.1847.116 Safari/537.36', 32, NULL),
(560, '2023-09-20 06:00:02.272000', '157.55.39.10', 'h3csw2ahiha5a68kbwgw22fkbhqfpmqq', 'Mozilla/5.0 AppleWebKit/537.36 (KHTML, like Gecko; compatible; bingbot/2.0; +http://www.bing.com/bingbot.htm) Chrome/103.0.5060.134 Safari/537.36', 21, NULL),
(561, '2023-09-20 06:56:59.577000', '185.191.171.7', 'nqgi15wp4jv76du0o3zo716acyoxt5va', 'Mozilla/5.0 (compatible; SemrushBot/7~bl; +http://www.semrush.com/bot.html)', 15, NULL),
(562, '2023-09-20 08:12:36.216000', '17.241.219.209', '1d4rrosv5j1biuq449ltzupgep61kwvg', 'Mozilla/5.0 (Macintosh; Intel Mac OS X 10_15_5) AppleWebKit/605.1.15 (KHTML, like Gecko) Version/13.1.1 Safari/605.1.15 (Applebot/0.1; +http://www.apple.com/go/applebot)', 19, NULL),
(563, '2023-09-20 08:16:18.997000', '216.244.66.238', 'd8cpw558mdgh971w658qzsregz68y5h8', 'Mozilla/5.0 (compatible; DotBot/1.2; +https://opensiteexplorer.org/dotbot; help@moz.com)', 19, NULL),
(564, '2023-09-20 09:44:13.525000', '17.241.227.209', 'fim0dx07nbg3de937pxq4zy02xnn2ynf', 'Mozilla/5.0 (Macintosh; Intel Mac OS X 10_15_5) AppleWebKit/605.1.15 (KHTML, like Gecko) Version/13.1.1 Safari/605.1.15 (Applebot/0.1; +http://www.apple.com/go/applebot)', 25, NULL),
(565, '2023-09-20 10:01:05.550000', '17.241.227.50', 'wn698skgcpkiygodgosz99c08e8aiyqj', 'Mozilla/5.0 (Macintosh; Intel Mac OS X 10_15_5) AppleWebKit/605.1.15 (KHTML, like Gecko) Version/13.1.1 Safari/605.1.15 (Applebot/0.1; +http://www.apple.com/go/applebot)', 33, NULL),
(566, '2023-09-20 10:19:27.119000', '185.191.171.19', 'b8rc7tuqoa0nzvzn1xf20xdngeqld3p3', 'Mozilla/5.0 (compatible; SemrushBot/7~bl; +http://www.semrush.com/bot.html)', 27, NULL),
(567, '2023-09-20 10:49:52.963000', '185.191.171.13', '384ycqhd0qlxofy88r667cyzzstodjm5', 'Mozilla/5.0 (compatible; SemrushBot/7~bl; +http://www.semrush.com/bot.html)', 20, NULL),
(568, '2023-09-20 11:11:47.482000', '85.208.96.194', 'k0eyleldwim05nvp9q3tn9q0atuccjk1', 'Mozilla/5.0 (compatible; SemrushBot/7~bl; +http://www.semrush.com/bot.html)', 32, NULL),
(569, '2023-09-20 11:32:34.928000', '85.208.96.201', 'ghr9pf3t18n7jnq2bd6n8gxxb4wdq2ow', 'Mozilla/5.0 (compatible; SemrushBot/7~bl; +http://www.semrush.com/bot.html)', 17, NULL),
(570, '2023-09-20 11:48:08.286000', '185.191.171.10', 'o40844pk813pwitpyhdlj1rlafzc1u1l', 'Mozilla/5.0 (compatible; SemrushBot/7~bl; +http://www.semrush.com/bot.html)', 24, NULL),
(571, '2023-09-20 12:15:27.418000', '157.55.39.60', 'rewxj22yrn4ggon81wi9ogaaps4emxhn', 'Mozilla/5.0 AppleWebKit/537.36 (KHTML, like Gecko; compatible; bingbot/2.0; +http://www.bing.com/bingbot.htm) Chrome/103.0.5060.134 Safari/537.36', 22, NULL),
(572, '2023-09-20 12:24:05.163000', '85.208.96.207', 'b14efklfffou2f7p3ulmgqs85b71wv9t', 'Mozilla/5.0 (compatible; SemrushBot/7~bl; +http://www.semrush.com/bot.html)', 16, NULL),
(573, '2023-09-20 12:31:28.237000', '85.208.96.199', 'ym4dzrtcx4rqpabyvfgafogdo6yqqapp', 'Mozilla/5.0 (compatible; SemrushBot/7~bl; +http://www.semrush.com/bot.html)', 26, NULL),
(574, '2023-09-20 13:03:02.013000', '103.108.157.234', 'k436195hk2emfgpyin8b70wdcqqznbvm', 'Mozilla/5.0 (X11; Linux x86_64) AppleWebKit/537.36 (KHTML, like Gecko) Chrome/114.0.0.0 Safari/537.36 Edg/114.0.1823.67', 4, NULL),
(575, '2023-09-20 14:05:36.697000', '17.241.75.14', 'a1jfys9mff1aertc06j4klgotr3s7sum', 'Mozilla/5.0 (Macintosh; Intel Mac OS X 10_15_5) AppleWebKit/605.1.15 (KHTML, like Gecko) Version/13.1.1 Safari/605.1.15 (Applebot/0.1; +http://www.apple.com/go/applebot)', 15, NULL),
(576, '2023-09-20 15:11:59.173000', '40.77.167.54', 'rgszcdajy9c09vsjds9ifuo9fp51hhad', 'Mozilla/5.0 AppleWebKit/537.36 (KHTML, like Gecko; compatible; bingbot/2.0; +http://www.bing.com/bingbot.htm) Chrome/103.0.5060.134 Safari/537.36', 24, NULL),
(577, '2023-09-20 15:16:15.412000', '103.108.157.234', 'k436195hk2emfgpyin8b70wdcqqznbvm', 'Mozilla/5.0 (X11; Linux x86_64) AppleWebKit/537.36 (KHTML, like Gecko) Chrome/114.0.0.0 Safari/537.36 Edg/114.0.1823.67', 4, NULL),
(578, '2023-09-20 15:45:09.681000', '185.191.171.6', '5ovbxr8z8v7ctri39vbhohincfdrr5hd', 'Mozilla/5.0 (compatible; SemrushBot/7~bl; +http://www.semrush.com/bot.html)', 19, NULL),
(579, '2023-09-20 16:06:46.415000', '17.241.75.160', '1o4pij2v3n6g8uyjg56o5iyd6ujw7r6d', 'Mozilla/5.0 (Macintosh; Intel Mac OS X 10_15_5) AppleWebKit/605.1.15 (KHTML, like Gecko) Version/13.1.1 Safari/605.1.15 (Applebot/0.1; +http://www.apple.com/go/applebot)', 32, NULL),
(580, '2023-09-20 16:07:53.874000', '114.119.131.97', 'r24iygiupjkt26urg7x539o1q0aunktu', 'Mozilla/5.0 (Linux; Android 7.0;) AppleWebKit/537.36 (KHTML, like Gecko) Mobile Safari/537.36 (compatible; PetalBot;+https://webmaster.petalsearch.com/site/petalbot)', 34, NULL),
(581, '2023-09-20 16:35:43.325000', '17.241.75.47', '0k2tk1wemtpzowvfzohtpvye9o859py7', 'Mozilla/5.0 (Macintosh; Intel Mac OS X 10_15_5) AppleWebKit/605.1.15 (KHTML, like Gecko) Version/13.1.1 Safari/605.1.15 (Applebot/0.1; +http://www.apple.com/go/applebot)', 22, NULL),
(582, '2023-09-20 16:36:32.534000', '185.191.171.13', 'a0eftzydutkiew7xdi51xgog52uax7ev', 'Mozilla/5.0 (compatible; SemrushBot/7~bl; +http://www.semrush.com/bot.html)', 18, NULL),
(583, '2023-09-20 18:16:27.799000', '17.241.227.91', 'q6a1pmx24edch67upzb2znfehw81dkxg', 'Mozilla/5.0 (Macintosh; Intel Mac OS X 10_15_5) AppleWebKit/605.1.15 (KHTML, like Gecko) Version/13.1.1 Safari/605.1.15 (Applebot/0.1; +http://www.apple.com/go/applebot)', 27, NULL),
(584, '2023-09-20 19:02:13.454000', '52.167.144.163', 'lm9n8pc8q6e25x7peyqa8i5p4pzvpjms', 'Mozilla/5.0 AppleWebKit/537.36 (KHTML, like Gecko; compatible; bingbot/2.0; +http://www.bing.com/bingbot.htm) Chrome/103.0.5060.134 Safari/537.36', 17, NULL),
(585, '2023-09-20 19:21:14.009000', '216.244.66.238', 'qgnbibjo9gpcascv0dbdgtlolm76l0dz', 'Mozilla/5.0 (compatible; DotBot/1.2; +https://opensiteexplorer.org/dotbot; help@moz.com)', 32, NULL),
(586, '2023-09-20 19:53:17.136000', '185.191.171.14', 'isdri738mbf86tamf2090a0usanoqy5o', 'Mozilla/5.0 (compatible; SemrushBot/7~bl; +http://www.semrush.com/bot.html)', 31, NULL),
(587, '2023-09-20 19:58:24.453000', '17.241.75.163', '8hn1qplkbn3bsupg3ky6vlw1q1ek7n5q', 'Mozilla/5.0 (Macintosh; Intel Mac OS X 10_15_5) AppleWebKit/605.1.15 (KHTML, like Gecko) Version/13.1.1 Safari/605.1.15 (Applebot/0.1; +http://www.apple.com/go/applebot)', 18, NULL),
(588, '2023-09-20 20:08:02.978000', '17.241.227.237', 'ld9b9q07v7po6xnhd7ju5fj06srkvjo7', 'Mozilla/5.0 (Macintosh; Intel Mac OS X 10_15_5) AppleWebKit/605.1.15 (KHTML, like Gecko) Version/13.1.1 Safari/605.1.15 (Applebot/0.1; +http://www.apple.com/go/applebot)', 14, NULL),
(589, '2023-09-20 20:18:32.290000', '85.208.96.196', '3qsbzsdn64f27a778lbfrdmie8yjfajn', 'Mozilla/5.0 (compatible; SemrushBot/7~bl; +http://www.semrush.com/bot.html)', 22, NULL),
(590, '2023-09-20 20:24:27.392000', '17.241.219.168', 'hm8b2bm1apk69uz8ffmgcg166r6tvxc2', 'Mozilla/5.0 (Macintosh; Intel Mac OS X 10_15_5) AppleWebKit/605.1.15 (KHTML, like Gecko) Version/13.1.1 Safari/605.1.15 (Applebot/0.1; +http://www.apple.com/go/applebot)', 21, NULL),
(591, '2023-09-20 21:12:16.147000', '17.241.219.25', 'fra731as87cls1csomyqxpwurcnmpeiz', 'Mozilla/5.0 (Macintosh; Intel Mac OS X 10_15_5) AppleWebKit/605.1.15 (KHTML, like Gecko) Version/13.1.1 Safari/605.1.15 (Applebot/0.1; +http://www.apple.com/go/applebot)', 17, NULL),
(592, '2023-09-20 21:19:16.329000', '185.191.171.2', 'ura7ox9d9krkt01jqueaourebgharw7g', 'Mozilla/5.0 (compatible; SemrushBot/7~bl; +http://www.semrush.com/bot.html)', 23, NULL),
(593, '2023-09-20 22:09:00.246000', '17.241.75.138', '3mpg2d4r8aqkewxyev0w6t337x8di3pm', 'Mozilla/5.0 (Macintosh; Intel Mac OS X 10_15_5) AppleWebKit/605.1.15 (KHTML, like Gecko) Version/13.1.1 Safari/605.1.15 (Applebot/0.1; +http://www.apple.com/go/applebot)', 26, NULL),
(594, '2023-09-20 22:11:32.159000', '207.46.13.154', 'fz96chkg1qze0gbqt1eu7qxakgxzu4t8', 'Mozilla/5.0 AppleWebKit/537.36 (KHTML, like Gecko; compatible; bingbot/2.0; +http://www.bing.com/bingbot.htm) Chrome/103.0.5060.134 Safari/537.36', 19, NULL),
(595, '2023-09-20 22:38:35.871000', '185.191.171.5', 'qga19tizdcxwq9ngubojeldwacgu74fe', 'Mozilla/5.0 (compatible; SemrushBot/7~bl; +http://www.semrush.com/bot.html)', 13, NULL),
(596, '2023-09-20 23:53:21.217000', '185.191.171.9', '2yki8z7i8wzkkn1vpll2p58wfh8kwi3a', 'Mozilla/5.0 (compatible; SemrushBot/7~bl; +http://www.semrush.com/bot.html)', 14, NULL),
(597, '2023-09-21 00:02:24.016000', '17.241.219.165', 'jya1qqqm4uxif5odms1sptgtzmrbvhq1', 'Mozilla/5.0 (Macintosh; Intel Mac OS X 10_15_5) AppleWebKit/605.1.15 (KHTML, like Gecko) Version/13.1.1 Safari/605.1.15 (Applebot/0.1; +http://www.apple.com/go/applebot)', 23, NULL),
(598, '2023-09-21 00:07:41.317000', '17.241.227.144', 'zzu080fekrs4ddfnzkr6utwdvg33kv26', 'Mozilla/5.0 (Macintosh; Intel Mac OS X 10_15_5) AppleWebKit/605.1.15 (KHTML, like Gecko) Version/13.1.1 Safari/605.1.15 (Applebot/0.1; +http://www.apple.com/go/applebot)', 16, NULL),
(599, '2023-09-21 00:47:32.037000', '85.208.96.202', '15vmkmypj0pykynhzotol0a8qevdtw9m', 'Mozilla/5.0 (compatible; SemrushBot/7~bl; +http://www.semrush.com/bot.html)', 33, NULL),
(600, '2023-09-21 00:53:10.121000', '17.241.227.124', 'boucfr2ae34hqfz4lgc5p1bae1eb61gq', 'Mozilla/5.0 (Macintosh; Intel Mac OS X 10_15_5) AppleWebKit/605.1.15 (KHTML, like Gecko) Version/13.1.1 Safari/605.1.15 (Applebot/0.1; +http://www.apple.com/go/applebot)', 13, NULL),
(601, '2023-09-21 01:01:32.581000', '17.241.219.237', 'x7nvxonx6hl1tbidqudiusa527z4wtcq', 'Mozilla/5.0 (Macintosh; Intel Mac OS X 10_15_5) AppleWebKit/605.1.15 (KHTML, like Gecko) Version/13.1.1 Safari/605.1.15 (Applebot/0.1; +http://www.apple.com/go/applebot)', 24, NULL),
(602, '2023-09-21 01:20:35.419000', '85.208.96.199', '54o20yhvx9o3f2luicn9znni1huskpio', 'Mozilla/5.0 (compatible; SemrushBot/7~bl; +http://www.semrush.com/bot.html)', 25, NULL),
(603, '2023-09-21 02:19:25.178000', '17.241.219.175', 'c73u8rqx9tw4w7ewzbjjpvedot2nxmzt', 'Mozilla/5.0 (Macintosh; Intel Mac OS X 10_15_5) AppleWebKit/605.1.15 (KHTML, like Gecko) Version/13.1.1 Safari/605.1.15 (Applebot/0.1; +http://www.apple.com/go/applebot)', 31, NULL),
(604, '2023-09-21 02:29:04.157000', '17.241.227.241', 'i3qtdfnz6a7qx0ie7u5h7u10krszujk2', 'Mozilla/5.0 (Macintosh; Intel Mac OS X 10_15_5) AppleWebKit/605.1.15 (KHTML, like Gecko) Version/13.1.1 Safari/605.1.15 (Applebot/0.1; +http://www.apple.com/go/applebot)', 20, NULL),
(605, '2023-09-21 02:34:14.662000', '216.244.66.238', 'j6lm89zrsc9qep01c9kqxnmcgvocgsys', 'Mozilla/5.0 (compatible; DotBot/1.2; +https://opensiteexplorer.org/dotbot; help@moz.com)', 16, NULL),
(606, '2023-09-21 02:45:20.751000', '85.208.96.209', 'kervlmwvve863nqcoh0q4qw1dwms2irw', 'Mozilla/5.0 (compatible; SemrushBot/7~bl; +http://www.semrush.com/bot.html)', 21, NULL),
(607, '2023-09-21 03:02:06.341000', '216.244.66.238', 'j6uk158zmqf95ioe11n46lsrbpda0lvj', 'Mozilla/5.0 (compatible; DotBot/1.2; +https://opensiteexplorer.org/dotbot; help@moz.com)', 16, NULL),
(608, '2023-09-21 03:30:44.768000', '216.244.66.238', 'c1n04au8osuibbcs054zd7voxzqdfmx8', 'Mozilla/5.0 (compatible; DotBot/1.2; +https://opensiteexplorer.org/dotbot; help@moz.com)', 16, NULL),
(609, '2023-09-21 03:55:31.700000', '216.244.66.238', 'ui5u11fu4j3v2ey38bul94ztiaj9xq1b', 'Mozilla/5.0 (compatible; DotBot/1.2; +https://opensiteexplorer.org/dotbot; help@moz.com)', 16, NULL),
(610, '2023-09-21 07:40:16.440000', '157.55.39.11', 'uw3a7l9rpun58uw84xutq173naqjeves', 'Mozilla/5.0 AppleWebKit/537.36 (KHTML, like Gecko; compatible; bingbot/2.0; +http://www.bing.com/bingbot.htm) Chrome/103.0.5060.134 Safari/537.36', 13, NULL),
(611, '2023-09-21 14:20:11.409000', '216.244.66.238', '9blif4muo03hkpuh1gqcmxu7f4rcvj71', 'Mozilla/5.0 (compatible; DotBot/1.2; +https://opensiteexplorer.org/dotbot; help@moz.com)', 22, NULL),
(612, '2023-09-21 18:41:54.433000', '40.77.167.65', 'xi5w8pjscv64sulwizphiw9cmrjy1bp8', 'Mozilla/5.0 AppleWebKit/537.36 (KHTML, like Gecko; compatible; bingbot/2.0; +http://www.bing.com/bingbot.htm) Chrome/103.0.5060.134 Safari/537.36', 23, NULL),
(613, '2023-09-21 20:59:54.291000', '157.55.39.54', 'obbluxawoyobwuvjadfegfddowqzxwc7', 'Mozilla/5.0 AppleWebKit/537.36 (KHTML, like Gecko; compatible; bingbot/2.0; +http://www.bing.com/bingbot.htm) Chrome/103.0.5060.134 Safari/537.36', 14, NULL),
(614, '2023-09-22 04:49:47.540000', '216.244.66.238', '6c47z38d8tsoc23g3qwfeytzdiqtxbm4', 'Mozilla/5.0 (compatible; DotBot/1.2; +https://opensiteexplorer.org/dotbot; help@moz.com)', 24, NULL),
(615, '2023-09-22 06:11:36.040000', '40.77.167.69', '0l40kh1oflu2unloonsb0wmnwrjks2f6', 'Mozilla/5.0 AppleWebKit/537.36 (KHTML, like Gecko; compatible; bingbot/2.0; +http://www.bing.com/bingbot.htm) Chrome/103.0.5060.134 Safari/537.36', 26, NULL),
(616, '2023-09-22 06:40:07.770000', '203.78.121.237', 'k436195hk2emfgpyin8b70wdcqqznbvm', 'Mozilla/5.0 (X11; Linux x86_64) AppleWebKit/537.36 (KHTML, like Gecko) Chrome/114.0.0.0 Safari/537.36 Edg/114.0.1823.67', 4, NULL),
(617, '2023-09-22 06:59:19.582000', '203.78.121.237', 'k436195hk2emfgpyin8b70wdcqqznbvm', 'Mozilla/5.0 (X11; Linux x86_64) AppleWebKit/537.36 (KHTML, like Gecko) Chrome/114.0.0.0 Safari/537.36 Edg/114.0.1823.67', 27, NULL),
(618, '2023-09-22 06:59:36.332000', '203.78.121.237', 'k436195hk2emfgpyin8b70wdcqqznbvm', 'Mozilla/5.0 (X11; Linux x86_64) AppleWebKit/537.36 (KHTML, like Gecko) Chrome/114.0.0.0 Safari/537.36 Edg/114.0.1823.67', 4, NULL),
(619, '2023-09-22 07:00:07.070000', '203.78.121.237', '5q6ng43dzzhlwn0m1gvl7hs1xhr35rta', 'Mozilla/5.0 (X11; Linux x86_64) AppleWebKit/537.36 (KHTML, like Gecko) Chrome/114.0.0.0 Safari/537.36 Edg/114.0.1823.67', 1, 2),
(620, '2023-09-22 15:10:17.711000', '112.215.219.172', '5q6ng43dzzhlwn0m1gvl7hs1xhr35rta', 'Mozilla/5.0 (X11; Linux x86_64) AppleWebKit/537.36 (KHTML, like Gecko) Chrome/114.0.0.0 Safari/537.36 Edg/114.0.1823.67', 1, 2),
(621, '2023-09-22 21:01:33.467000', '140.213.150.73', 'dl5q25yo8v7m77xkf3aodf37lpijqvxp', 'Mozilla/5.0 (X11; Linux x86_64) AppleWebKit/537.36 (KHTML, like Gecko) Chrome/114.0.0.0 Safari/537.36 Edg/114.0.1823.67', 1, 8),
(622, '2023-09-22 21:04:58.858000', '140.213.150.73', 'dl5q25yo8v7m77xkf3aodf37lpijqvxp', 'Mozilla/5.0 (X11; Linux x86_64) AppleWebKit/537.36 (KHTML, like Gecko) Chrome/114.0.0.0 Safari/537.36 Edg/114.0.1823.67', 1, 8),
(623, '2023-09-22 21:05:58.495000', '140.213.150.73', 'k436195hk2emfgpyin8b70wdcqqznbvm', 'Mozilla/5.0 (X11; Linux x86_64) AppleWebKit/537.36 (KHTML, like Gecko) Chrome/114.0.0.0 Safari/537.36 Edg/114.0.1823.67', 4, NULL),
(624, '2023-09-22 21:06:15.250000', '140.213.150.73', 'k436195hk2emfgpyin8b70wdcqqznbvm', 'Mozilla/5.0 (X11; Linux x86_64) AppleWebKit/537.36 (KHTML, like Gecko) Chrome/114.0.0.0 Safari/537.36 Edg/114.0.1823.67', 32, NULL),
(625, '2023-09-22 23:22:07.620000', '216.244.66.238', '0zpw756aj3ww8wyplyy7ws48cfdk1br1', 'Mozilla/5.0 (compatible; DotBot/1.2; +https://opensiteexplorer.org/dotbot; help@moz.com)', 21, NULL),
(626, '2023-09-23 04:13:07.823000', '140.213.150.73', 'gffva2o2ey8cb8w3rxc3s4bqg6bhqgr8', 'Mozilla/5.0 (X11; Linux x86_64) AppleWebKit/537.36 (KHTML, like Gecko) Chrome/114.0.0.0 Safari/537.36 Edg/114.0.1823.67', 1, 9),
(627, '2023-12-05 12:09:05.051000', '52.167.144.215', '56m7joy7wp4csvchvoj4pf8fhdsyb7xq', 'Mozilla/5.0 AppleWebKit/537.36 (KHTML, like Gecko; compatible; bingbot/2.0; +http://www.bing.com/bingbot.htm) Chrome/116.0.1938.76 Safari/537.36', 15, NULL),
(628, '2023-12-05 13:36:00.546000', '103.190.47.32', 'ssc9scl87f9sbi2lze9zut9grod8xxf4', 'Mozilla/5.0 (Linux; Android 13; V2157 Build/TP1A.220624.014; wv) AppleWebKit/537.36 (KHTML, like Gecko) Version/4.0 Chrome/119.0.6045.164 Mobile Safari/537.36 Instagram 309.1.0.41.113 Android (33/13; 440dpi; 1080x2226; vivo; V2157; 2127U; mt6833; en_US; 5', 13, NULL),
(629, '2023-12-05 13:36:25.513000', '103.190.47.32', 'ssc9scl87f9sbi2lze9zut9grod8xxf4', 'Mozilla/5.0 (Linux; Android 13; V2157 Build/TP1A.220624.014; wv) AppleWebKit/537.36 (KHTML, like Gecko) Version/4.0 Chrome/119.0.6045.164 Mobile Safari/537.36 Instagram 309.1.0.41.113 Android (33/13; 440dpi; 1080x2226; vivo; V2157; 2127U; mt6833; en_US; 5', 4, NULL),
(630, '2023-12-05 13:36:29.387000', '103.190.47.32', 'ssc9scl87f9sbi2lze9zut9grod8xxf4', 'Mozilla/5.0 (Linux; Android 13; V2157 Build/TP1A.220624.014; wv) AppleWebKit/537.36 (KHTML, like Gecko) Version/4.0 Chrome/119.0.6045.164 Mobile Safari/537.36 Instagram 309.1.0.41.113 Android (33/13; 440dpi; 1080x2226; vivo; V2157; 2127U; mt6833; en_US; 5', 23, NULL),
(631, '2023-12-05 20:26:55.105000', '52.167.144.229', 'bcy8awn0y6xrkhrxbu8xto747bnkv5n5', 'Mozilla/5.0 AppleWebKit/537.36 (KHTML, like Gecko; compatible; bingbot/2.0; +http://www.bing.com/bingbot.htm) Chrome/116.0.1938.76 Safari/537.36', 23, NULL),
(632, '2023-12-05 22:23:42.620000', '40.77.167.56', 'fe9vet4kru3ht4k2948i3k1s4j65j0pn', 'Mozilla/5.0 AppleWebKit/537.36 (KHTML, like Gecko; compatible; bingbot/2.0; +http://www.bing.com/bingbot.htm) Chrome/116.0.1938.76 Safari/537.36', 17, NULL),
(633, '2023-12-06 07:58:13.399000', '45.135.232.36', '0ycyn0wccurx4xm2blctla3wjbjdal7m', 'Mozilla/5.0 (Macintosh; Intel Mac OS X 11_1) AppleWebKit/537.36 (KHTML, like Gecko) Chrome/87.0.4280.88 Safari/537.36', 44, NULL),
(634, '2023-12-06 07:58:13.902000', '45.135.232.36', 'dtipjeo77f1ulf1vbbi521q0k2jbxwcg', 'Mozilla/5.0 (Macintosh; Intel Mac OS X 11_1) AppleWebKit/537.36 (KHTML, like Gecko) Chrome/87.0.4280.88 Safari/537.36', 45, NULL),
(635, '2023-12-06 07:58:14.289000', '45.135.232.36', '7kf0oqfmdw91j2xq5rinjelau43cxu0h', 'Mozilla/5.0 (Macintosh; Intel Mac OS X 11_1) AppleWebKit/537.36 (KHTML, like Gecko) Chrome/87.0.4280.88 Safari/537.36', 29, NULL),
(636, '2023-12-06 07:58:14.692000', '45.135.232.36', '9c16hizxqwmupaxmdvf9b1q879wu5vd5', 'Mozilla/5.0 (Macintosh; Intel Mac OS X 11_1) AppleWebKit/537.36 (KHTML, like Gecko) Chrome/87.0.4280.88 Safari/537.36', 46, NULL),
(637, '2023-12-06 07:58:15.198000', '45.135.232.36', 'z98djsdwlw1yk2lho9or5cvbvcfk6e1m', 'Mozilla/5.0 (Macintosh; Intel Mac OS X 11_1) AppleWebKit/537.36 (KHTML, like Gecko) Chrome/87.0.4280.88 Safari/537.36', 29, NULL),
(638, '2023-12-06 07:58:15.688000', '45.135.232.36', '213vk3c9usclnrngnvuckaef44ppuy2u', 'Mozilla/5.0 (Macintosh; Intel Mac OS X 11_1) AppleWebKit/537.36 (KHTML, like Gecko) Chrome/87.0.4280.88 Safari/537.36', 45, NULL),
(639, '2023-12-06 07:58:16.193000', '45.135.232.36', 'vwtx3k1yc0cgrjunf73bzbzigxgt2jh1', 'Mozilla/5.0 (Macintosh; Intel Mac OS X 11_1) AppleWebKit/537.36 (KHTML, like Gecko) Chrome/87.0.4280.88 Safari/537.36', 44, NULL),
(640, '2023-12-06 07:58:16.765000', '45.135.232.36', 'sefyy5cyi6fkgou3i1cuumeiyktn540m', 'Mozilla/5.0 (Macintosh; Intel Mac OS X 11_1) AppleWebKit/537.36 (KHTML, like Gecko) Chrome/87.0.4280.88 Safari/537.36', 30, NULL),
(641, '2023-12-06 07:58:17.459000', '45.135.232.36', 'rydchc5c7ptt1ohkbfyv4i2l82oacjqq', 'Mozilla/5.0 (Macintosh; Intel Mac OS X 11_1) AppleWebKit/537.36 (KHTML, like Gecko) Chrome/87.0.4280.88 Safari/537.36', 47, NULL),
(642, '2023-12-06 07:58:18.062000', '45.135.232.36', 'y3wepxcoe3ynvjzb1utatw6k74ka5wx5', 'Mozilla/5.0 (Macintosh; Intel Mac OS X 11_1) AppleWebKit/537.36 (KHTML, like Gecko) Chrome/87.0.4280.88 Safari/537.36', 46, NULL),
(643, '2023-12-06 07:58:19.372000', '45.135.232.36', 'wfzw1203xg5aju3cq164k3kzzw2vy964', 'Mozilla/5.0 (Macintosh; Intel Mac OS X 11_1) AppleWebKit/537.36 (KHTML, like Gecko) Chrome/87.0.4280.88 Safari/537.36', 30, NULL),
(644, '2023-12-06 07:58:21.868000', '45.135.232.36', 'k4zd5stchpqe3uxcy4tvw93u9jr1x2v6', 'Mozilla/5.0 (Macintosh; Intel Mac OS X 11_1) AppleWebKit/537.36 (KHTML, like Gecko) Chrome/87.0.4280.88 Safari/537.36', 47, NULL),
(645, '2023-12-06 07:58:24.282000', '45.135.232.36', '4aqstkuavgdpgh2s5imeqa1xk40lig5l', 'Mozilla/5.0 (Macintosh; Intel Mac OS X 11_1) AppleWebKit/537.36 (KHTML, like Gecko) Chrome/87.0.4280.88 Safari/537.36', 43, NULL),
(646, '2023-12-06 07:58:24.974000', '45.135.232.36', '6eeqosxa6yr7hpxevjbgqf5ix7zz55hj', 'Mozilla/5.0 (Macintosh; Intel Mac OS X 11_1) AppleWebKit/537.36 (KHTML, like Gecko) Chrome/87.0.4280.88 Safari/537.36', 43, NULL),
(647, '2023-12-06 07:58:25.576000', '45.135.232.36', 'ylqy56b7y9r0gyjguxzn27hroorj2p7o', 'Mozilla/5.0 (Macintosh; Intel Mac OS X 11_1) AppleWebKit/537.36 (KHTML, like Gecko) Chrome/87.0.4280.88 Safari/537.36', 28, NULL),
(648, '2023-12-06 07:58:26.276000', '45.135.232.36', 'ob7x75oeiaqgwkl5z333e4uy57w4aj19', 'Mozilla/5.0 (Macintosh; Intel Mac OS X 11_1) AppleWebKit/537.36 (KHTML, like Gecko) Chrome/87.0.4280.88 Safari/537.36', 28, NULL),
(649, '2023-12-06 08:10:57.483000', '52.167.144.221', 'iqaish4envmdejp90952kmte99b19cn0', 'Mozilla/5.0 AppleWebKit/537.36 (KHTML, like Gecko; compatible; bingbot/2.0; +http://www.bing.com/bingbot.htm) Chrome/116.0.1938.76 Safari/537.36', 13, NULL),
(650, '2023-12-06 09:55:18.515000', '207.46.13.128', 'j49po9jlasgdjxdcxwdlqpt7jntm5xfl', 'Mozilla/5.0 AppleWebKit/537.36 (KHTML, like Gecko; compatible; bingbot/2.0; +http://www.bing.com/bingbot.htm) Chrome/116.0.1938.76 Safari/537.36', 20, NULL),
(651, '2023-12-06 15:17:26.190000', '103.108.157.218', '8n1jb3rkq5a46af6xyvw9p8p1bp2g683', 'Mozilla/5.0 (X11; Linux x86_64) AppleWebKit/537.36 (KHTML, like Gecko) Chrome/114.0.0.0 Safari/537.36 Edg/114.0.1823.67', 1, 1),
(652, '2023-12-07 03:38:57.939000', '47.128.38.131', 'c2skvcvj4shsyxrfocdemsagmmznwo2e', 'Mozilla/5.0 (compatible; Bytespider; spider-feedback@bytedance.com) AppleWebKit/537.36 (KHTML, like Gecko) Chrome/70.0.0.0 Safari/537.36', 31, NULL),
(653, '2023-12-07 06:20:29.988000', '66.249.66.12', 'qaizm5nqub2esfsw69v77s6shm6x8x90', 'Mozilla/5.0 (Linux; Android 6.0.1; Nexus 5X Build/MMB29P) AppleWebKit/537.36 (KHTML, like Gecko) Chrome/119.0.6045.199 Mobile Safari/537.36 (compatible; Googlebot/2.1; +http://www.google.com/bot.html)', 45, NULL),
(654, '2023-12-07 07:07:16.539000', '62.244.23.106', 'swnnv31f6th1mimc0p4wa36tdpjz616f', 'Mozilla/5.0 (Windows NT 6.4; WOW64) AppleWebKit/537.36 (KHTML, like Gecko) Chrome/41.0.2225.0 Safari/537.36', 15, NULL),
(655, '2023-12-07 07:07:17.438000', '62.244.23.106', 's03q8uaby2gdmot7e70d6u8fotq03taz', 'Mozilla/5.0 (Macintosh; Intel Mac OS X 10_14_5) AppleWebKit/537.36 (KHTML, like Gecko) Chrome/75.0.3770.100 Safari/537.36', 32, NULL),
(656, '2023-12-07 07:07:18.920000', '62.244.23.106', '743d4bv6e6dcnocie3v1zwvx18iavpjn', 'Mozilla/5.0 (iPhone; CPU iPhone OS 12_0 like Mac OS X) AppleWebKit/605.1.15 (KHTML, like Gecko) Version/12.0 Mobile/15E148 Safari/604.1', 23, NULL),
(657, '2023-12-07 07:07:19.534000', '62.244.23.106', 'tk8xpfcqyle8vq7x55rca8i1mc4r7ul6', 'Mozilla/5.0 (Windows NT 6.2; WOW64) AppleWebKit/537.36 (KHTML, like Gecko) Chrome/27.0.1500.55 Safari/537.36', 21, NULL),
(658, '2023-12-07 07:07:20.541000', '62.244.23.106', '6hvpoy4pauawhumqfzcuqfgvgrntze7s', 'Mozilla/5.0 (Windows NT 5.1) AppleWebKit/537.36 (KHTML, like Gecko) Chrome/27.0.1453.93 Safari/537.36', 20, NULL),
(659, '2023-12-07 08:01:01.868000', '114.119.135.159', 'zq3b79sf65o7o0uy9lw8hd0wux8hhvp1', 'Mozilla/5.0 (Linux; Android 7.0;) AppleWebKit/537.36 (KHTML, like Gecko) Mobile Safari/537.36 (compatible; PetalBot;+https://webmaster.petalsearch.com/site/petalbot)', 15, NULL),
(660, '2023-12-07 10:07:45.748000', '52.167.144.168', '5v2r9ctk8bw7jlt6y3uso5w6k13ih2kt', 'Mozilla/5.0 AppleWebKit/537.36 (KHTML, like Gecko; compatible; bingbot/2.0; +http://www.bing.com/bingbot.htm) Chrome/116.0.1938.76 Safari/537.36', 23, NULL),
(661, '2023-12-07 11:23:42.578000', '114.119.134.220', 'ee7hvt0nakk8id5yxeg2sql27scosu5z', 'Mozilla/5.0 (Linux; Android 7.0;) AppleWebKit/537.36 (KHTML, like Gecko) Mobile Safari/537.36 (compatible; PetalBot;+https://webmaster.petalsearch.com/site/petalbot)', 32, NULL),
(662, '2023-12-07 15:49:12.057000', '24.144.80.122', 'k00vjj2we5c6rjcrv0whqhas21iadv5k', 'Mozilla/5.0 (Macintosh; Intel Mac OS X 10_15_7) AppleWebKit/537.36 (KHTML, like Gecko) Chrome/116.0.0.0 Safari/537.36', 23, NULL),
(663, '2023-12-07 15:49:12.646000', '143.110.225.75', 'vlid20usfpncwvcbsufc0yqimxwedn0o', 'Mozilla/5.0 (Macintosh; Intel Mac OS X 10_15_7) AppleWebKit/537.36 (KHTML, like Gecko) Chrome/116.0.0.0 Safari/537.36', 13, NULL),
(664, '2023-12-07 15:49:14.542000', '24.144.80.122', '2hcck3zgin0jahlnm3kpz5ec8dfbxlzs', 'Mozilla/5.0 (Windows NT 10.0; Win64; x64) AppleWebKit/537.36 (KHTML, like Gecko) Chrome/116.0.0.0 Safari/537.36', 16, NULL),
(665, '2023-12-07 15:49:14.949000', '143.110.225.75', 'll152bhc2c5yohm8mg8x0x2ipve62ke5', 'Mozilla/5.0 (Windows NT 10.0; Win64; x64) AppleWebKit/537.36 (KHTML, like Gecko) Chrome/117.0.0.0 Safari/537.36', 17, NULL),
(666, '2023-12-07 15:49:16.542000', '24.144.80.122', 'c3y1jo9xwtl8obast5atz35v4vgbooya', 'Mozilla/5.0 (Windows NT 10.0; Win64; x64) AppleWebKit/537.36 (KHTML, like Gecko) Chrome/117.0.0.0 Safari/537.36', 27, NULL),
(667, '2023-12-07 15:49:16.783000', '143.110.225.75', 'uf5g8svfg9k6l1h2scfbfu0gp8h3wgjg', 'Mozilla/5.0 (Windows NT 10.0; Win64; x64) AppleWebKit/537.36 (KHTML, like Gecko) Chrome/117.0.0.0 Safari/537.36', 32, NULL),
(668, '2023-12-07 15:49:18.597000', '24.144.80.122', '1u0gwkbkhjrxkxwx3jvb9zex6ob9vpva', 'Mozilla/5.0 (Macintosh; Intel Mac OS X 10.15; rv:109.0) Gecko/20100101 Firefox/117.0', 20, NULL),
(669, '2023-12-07 15:49:51.130000', '143.110.225.75', '7rlbzrlgmm4gmijvm2dwgp2gewlp9cnl', 'Mozilla/5.0 (Windows NT 10.0; Win64; x64) AppleWebKit/537.36 (KHTML, like Gecko) Chrome/117.0.0.0 Safari/537.36', 21, NULL),
(670, '2023-12-07 15:49:53.120000', '143.110.225.75', '055btve2l8yr18pqmzg5eb5w1qx5he01', 'Mozilla/5.0 (Windows NT 10.0; Win64; x64) AppleWebKit/537.36 (KHTML, like Gecko) Chrome/117.0.0.0 Safari/537.36', 15, NULL),
(671, '2023-12-07 15:57:10.727000', '143.110.225.75', 'n6sobpq7ctfqrqc6ers7lyd43x67c4qc', 'Mozilla/5.0 (Windows NT 10.0; Win64; x64) AppleWebKit/537.36 (KHTML, like Gecko) Chrome/116.0.0.0 Safari/537.36', 19, NULL),
(672, '2023-12-07 15:57:14.003000', '143.110.225.75', '1fe3cklyzl2kg40jyhruu3c7ul715m71', 'Mozilla/5.0 (Windows NT 10.0; Win64; x64) AppleWebKit/537.36 (KHTML, like Gecko) Chrome/116.0.0.0 Safari/537.36', 14, NULL),
(673, '2023-12-07 15:57:51.028000', '143.198.72.242', 'ub1iymvra51xtd9vx4l17bbz3l3cpcn2', 'Mozilla/5.0 (X11; Linux x86_64) AppleWebKit/537.36 (KHTML, like Gecko) Chrome/112.0.0.0 Safari/537.36', 23, NULL),
(674, '2023-12-07 16:00:00.548000', '143.198.72.242', 'ub1iymvra51xtd9vx4l17bbz3l3cpcn2', 'Mozilla/5.0 (Macintosh; Intel Mac OS X 10_15_7) AppleWebKit/605.1.15 (KHTML, like Gecko) Version/16.5.1 Safari/605.1.15', 32, NULL),
(675, '2023-12-07 16:01:10.702000', '143.110.225.75', 'qzwj9e9uehgv7z7g70zyeoog897k5yku', 'Mozilla/5.0 (Windows NT 10.0; Win64; x64) AppleWebKit/537.36 (KHTML, like Gecko) Chrome/114.0.0.0 Safari/537.36', 27, NULL),
(676, '2023-12-07 16:01:14.127000', '24.144.80.122', 'xtljhqmrn09cezllvn0yfmjd18r53ixk', 'Mozilla/5.0 (Linux; Android 10; K) AppleWebKit/537.36 (KHTML, like Gecko) Chrome/114.0.0.0 Mobile Safari/537.36', 16, NULL),
(677, '2023-12-07 16:02:49.603000', '143.198.72.242', 'cq01hd07dy3pzs6bf0ropdrekxoaovwu', 'Mozilla/5.0 (Macintosh; Intel Mac OS X 10_15_7) AppleWebKit/537.36 (KHTML, like Gecko) Chrome/114.0.0.0 Safari/537.36', 15, NULL),
(678, '2023-12-07 16:03:21.627000', '143.110.225.75', 'lzl6t0rowtcdi1pl6ces3tbn7m8e85nz', 'Mozilla/5.0 (Windows NT 10.0; Win64; x64) AppleWebKit/537.36 (KHTML, like Gecko) Chrome/114.0.0.0 Safari/537.36', 17, NULL),
(679, '2023-12-07 16:04:20.117000', '24.144.80.122', 'lcec8a2b4x5wlvj0fyxt40qmv8ens5wj', 'Mozilla/5.0 (Macintosh; Intel Mac OS X 10_15_7) AppleWebKit/537.36 (KHTML, like Gecko) Chrome/114.0.0.0 Safari/537.36', 20, NULL),
(680, '2023-12-07 16:05:20.507000', '143.110.225.75', 'yfz026lukb2dwximjj8sl7jite9rpsow', 'Mozilla/5.0 (X11; Linux x86_64) AppleWebKit/537.36 (KHTML, like Gecko) Chrome/114.0.0.0 Safari/537.36', 21, NULL),
(681, '2023-12-07 16:08:41.179000', '143.110.225.75', 'lzl6t0rowtcdi1pl6ces3tbn7m8e85nz', 'Mozilla/5.0 (Macintosh; Intel Mac OS X 10_15_7) AppleWebKit/605.1.15 (KHTML, like Gecko) Version/16.5.1 Safari/605.1.15', 19, NULL),
(682, '2023-12-07 16:14:11.498000', '143.198.72.242', 'mklbdlyszgrdxkgvwss1t84g3v0dnzhe', 'Mozilla/5.0 (Windows NT 10.0; Win64; x64) AppleWebKit/537.36 (KHTML, like Gecko) Chrome/114.0.0.0 Safari/537.36', 14, NULL),
(683, '2023-12-07 16:45:30.620000', '147.182.238.22', 'zhu5lt3p7pay1ax0tvpwcdwwia2illip', 'Mozilla/5.0 (Windows NT 10.0; Win64; x64) AppleWebKit/537.36 (KHTML, like Gecko) Chrome/114.0.0.0 Safari/537.36', 13, NULL),
(684, '2023-12-07 18:44:18.966000', '114.119.154.65', 'zkw80b3ulcnxlwxtfk362gl9y141h0ad', 'Mozilla/5.0 (Linux; Android 7.0;) AppleWebKit/537.36 (KHTML, like Gecko) Mobile Safari/537.36 (compatible; PetalBot;+https://webmaster.petalsearch.com/site/petalbot)', 13, NULL),
(685, '2023-12-07 19:56:22.324000', '66.249.71.140', '9wgudcnbk7u048w0l2evsjqhpf1p4ffy', 'Mozilla/5.0 (Linux; Android 6.0.1; Nexus 5X Build/MMB29P) AppleWebKit/537.36 (KHTML, like Gecko) Chrome/119.0.6045.199 Mobile Safari/537.36 (compatible; Googlebot/2.1; +http://www.google.com/bot.html)', 45, NULL),
(686, '2023-12-07 21:10:19.356000', '54.90.84.194', 'i5suh9dvqv6b2lg7ncqyzuj8nf0echqo', 'Mozilla/5.0 (Windows NT 6.1; WOW64; rv:50.0) Gecko/20100101 Firefox/50.0', 28, NULL),
(687, '2023-12-07 23:23:35.457000', '40.77.167.46', '1iwtru5nx1odxj4vzvq84is9cayggx7h', 'Mozilla/5.0 AppleWebKit/537.36 (KHTML, like Gecko; compatible; bingbot/2.0; +http://www.bing.com/bingbot.htm) Chrome/116.0.1938.76 Safari/537.36', 13, NULL);
INSERT INTO `hitcount_hit` (`id`, `created`, `ip`, `session`, `user_agent`, `hitcount_id`, `user_id`) VALUES
(688, '2023-12-07 23:29:11.415000', '114.119.140.4', '72ly6wiphwv56akzynkid9jtj01etxmt', 'Mozilla/5.0 (Linux; Android 7.0;) AppleWebKit/537.36 (KHTML, like Gecko) Mobile Safari/537.36 (compatible; PetalBot;+https://webmaster.petalsearch.com/site/petalbot)', 16, NULL),
(689, '2023-12-08 03:58:47.180000', '114.119.131.120', 'bnxylv3gd5ubqgfh8rw2v3i9nbalk1qg', 'Mozilla/5.0 (Linux; Android 7.0;) AppleWebKit/537.36 (KHTML, like Gecko) Mobile Safari/537.36 (compatible; PetalBot;+https://webmaster.petalsearch.com/site/petalbot)', 23, NULL),
(690, '2023-12-08 12:55:00.833000', '52.167.144.197', 'b2ct3ghehr26h9hgs06k4x1ly59kdhj5', 'Mozilla/5.0 AppleWebKit/537.36 (KHTML, like Gecko; compatible; bingbot/2.0; +http://www.bing.com/bingbot.htm) Chrome/116.0.1938.76 Safari/537.36', 23, NULL),
(691, '2023-12-08 19:18:33.106000', '66.249.68.34', 'x66k56dxkzlx1fl2h4ncuh918zao3z2b', 'Mozilla/5.0 (Linux; Android 6.0.1; Nexus 5X Build/MMB29P) AppleWebKit/537.36 (KHTML, like Gecko) Chrome/120.0.6099.62 Mobile Safari/537.36 (compatible; Googlebot/2.1; +http://www.google.com/bot.html)', 46, NULL),
(692, '2023-12-09 02:48:10.075000', '207.46.13.126', 'uczkcstykxej5ut8eoo7uhvjsyqjg3b7', 'Mozilla/5.0 AppleWebKit/537.36 (KHTML, like Gecko; compatible; bingbot/2.0; +http://www.bing.com/bingbot.htm) Chrome/116.0.1938.76 Safari/537.36', 23, NULL),
(693, '2023-12-09 12:23:02.153000', '40.77.167.60', '86apd5k2rdnwqipx8lnwisln0pjzzbmm', 'Mozilla/5.0 AppleWebKit/537.36 (KHTML, like Gecko; compatible; bingbot/2.0; +http://www.bing.com/bingbot.htm) Chrome/116.0.1938.76 Safari/537.36', 15, NULL),
(694, '2023-12-09 13:09:06.124000', '114.119.146.244', 'fkedvw5wnwxghn89s020fbhez5oz7j54', 'Mozilla/5.0 (Linux; Android 7.0;) AppleWebKit/537.36 (KHTML, like Gecko) Mobile Safari/537.36 (compatible; PetalBot;+https://webmaster.petalsearch.com/site/petalbot)', 17, NULL),
(695, '2023-12-09 18:15:27.375000', '114.119.158.126', '37xstz7twubi3x6i1he40klk3mj7j0fg', 'Mozilla/5.0 (Linux; Android 7.0;) AppleWebKit/537.36 (KHTML, like Gecko) Mobile Safari/537.36 (compatible; PetalBot;+https://webmaster.petalsearch.com/site/petalbot)', 24, NULL),
(696, '2023-12-09 22:49:01.706000', '144.217.135.131', 'u313d7yn0irgofbntmjhbak3p3t2pjt8', 'Mozilla/5.0 (compatible; Dataprovider.com)', 39, NULL),
(697, '2023-12-09 22:49:02.719000', '144.217.135.131', 'u313d7yn0irgofbntmjhbak3p3t2pjt8', 'Mozilla/5.0 (compatible; Dataprovider.com)', 5, NULL),
(698, '2023-12-09 22:49:05.272000', '144.217.135.131', 'u313d7yn0irgofbntmjhbak3p3t2pjt8', 'Mozilla/5.0 (compatible; Dataprovider.com)', 38, NULL),
(699, '2023-12-09 22:49:06.288000', '144.217.135.131', 'u313d7yn0irgofbntmjhbak3p3t2pjt8', 'Mozilla/5.0 (compatible; Dataprovider.com)', 36, NULL),
(700, '2023-12-09 22:49:07.278000', '144.217.135.131', 'u313d7yn0irgofbntmjhbak3p3t2pjt8', 'Mozilla/5.0 (compatible; Dataprovider.com)', 40, NULL),
(701, '2023-12-09 22:49:08.279000', '144.217.135.131', 'u313d7yn0irgofbntmjhbak3p3t2pjt8', 'Mozilla/5.0 (compatible; Dataprovider.com)', 48, NULL),
(702, '2023-12-09 22:49:09.288000', '144.217.135.131', 'u313d7yn0irgofbntmjhbak3p3t2pjt8', 'Mozilla/5.0 (compatible; Dataprovider.com)', 37, NULL),
(703, '2023-12-09 22:49:10.769000', '144.217.135.131', 'u313d7yn0irgofbntmjhbak3p3t2pjt8', 'Mozilla/5.0 (Linux; Android 10; SM-G981B) AppleWebKit/537.36 (KHTML, like Gecko) Chrome/80.0.3987.162 Mobile Safari/537.36', 2, NULL),
(704, '2023-12-10 13:37:16.943000', '3.137.155.114', 'jd7yfpf6rvw1ulhvg7gdprtzg5mr0245', 'Mozilla/5.0 (Macintosh; U; Intel Mac OS X 10_6_6; es-es) AppleWebKit/533.20.25 (KHTML, like Gecko) Version/5.0.4 Safari/533.20.27', 15, NULL),
(705, '2023-12-10 13:37:21.099000', '3.137.155.114', 'pcr4hpeps65jbqa0dq5tc5gehogixmtv', 'Mozilla/5.0 (Windows; U; Windows NT 6.1; tr-TR) AppleWebKit/533.20.25 (KHTML, like Gecko) Version/5.0.4 Safari/533.20.27', 19, NULL),
(706, '2023-12-10 13:37:21.631000', '3.137.155.114', 'yi7u49s4um17zutjiw0xkqorikluo956', 'Mozilla/5.0 (Windows NT 6.2; rv:22.0) Gecko/20130405 Firefox/22.0', 19, NULL),
(707, '2023-12-10 16:58:11.717000', '207.46.13.126', 'thopzofvboquulzsfkg9rpzkl3iqd388', 'Mozilla/5.0 AppleWebKit/537.36 (KHTML, like Gecko; compatible; bingbot/2.0; +http://www.bing.com/bingbot.htm) Chrome/116.0.1938.76 Safari/537.36', 15, NULL),
(708, '2023-12-10 22:18:40.796000', '114.119.136.146', 'jm3hrozi6b8h04aaak1s8u6pzp3regfm', 'Mozilla/5.0 (Linux; Android 7.0;) AppleWebKit/537.36 (KHTML, like Gecko) Mobile Safari/537.36 (compatible; PetalBot;+https://webmaster.petalsearch.com/site/petalbot)', 31, NULL),
(709, '2023-12-10 22:41:07.345000', '40.77.167.2', 'sgywaueartzr4h0knydcc8i2634gn5cm', 'Mozilla/5.0 AppleWebKit/537.36 (KHTML, like Gecko; compatible; bingbot/2.0; +http://www.bing.com/bingbot.htm) Chrome/116.0.1938.76 Safari/537.36', 13, NULL),
(710, '2023-12-11 02:35:31.436000', '52.167.144.25', 'mtwkof9h8l2i8gv33sexvefscvt1zyx2', 'Mozilla/5.0 AppleWebKit/537.36 (KHTML, like Gecko; compatible; bingbot/2.0; +http://www.bing.com/bingbot.htm) Chrome/116.0.1938.76 Safari/537.36', 23, NULL),
(711, '2023-12-11 19:18:25.574000', '178.164.76.79', 'n5cnr5jmmpxb3aee9pvhmb5gmr6rg011', 'Mozilla/5.0 (iPhone; CPU iPhone OS 17_1_2 like Mac OS X) AppleWebKit/605.1.15 (KHTML, like Gecko) Version/17.1.2 Mobile/15E148 Safari/604.1', 13, NULL),
(712, '2023-12-11 19:19:08.975000', '178.164.76.79', 'n5cnr5jmmpxb3aee9pvhmb5gmr6rg011', 'Mozilla/5.0 (iPhone; CPU iPhone OS 17_1_2 like Mac OS X) AppleWebKit/605.1.15 (KHTML, like Gecko) Version/17.1.2 Mobile/15E148 Safari/604.1', 4, NULL),
(713, '2023-12-11 19:41:05.905000', '114.119.137.67', 'kajrkzz9ryo91ml9n7mej4o00lq5nrx5', 'Mozilla/5.0 (Linux; Android 7.0;) AppleWebKit/537.36 (KHTML, like Gecko) Mobile Safari/537.36 (compatible; PetalBot;+https://webmaster.petalsearch.com/site/petalbot)', 25, NULL),
(714, '2023-12-12 07:21:23.086000', '185.191.171.17', 'dv7nn6qzn49wl9g2f9f40iap5ohntxhe', 'Mozilla/5.0 (compatible; SemrushBot/7~bl; +http://www.semrush.com/bot.html)', 18, NULL),
(715, '2023-12-12 07:35:16.416000', '185.191.171.6', 'cx48ytb99p5lhivl3a1s96owc8w1jk5b', 'Mozilla/5.0 (compatible; SemrushBot/7~bl; +http://www.semrush.com/bot.html)', 13, NULL),
(716, '2023-12-12 08:25:36.370000', '47.128.28.50', '4t9m33uee2iac565416wxwpmqq1rvwyu', 'Mozilla/5.0 (compatible; Bytespider; spider-feedback@bytedance.com) AppleWebKit/537.36 (KHTML, like Gecko) Chrome/70.0.0.0 Safari/537.36', 16, NULL),
(717, '2023-12-12 08:50:47.009000', '103.108.157.238', '8n1jb3rkq5a46af6xyvw9p8p1bp2g683', 'Mozilla/5.0 (X11; Linux x86_64) AppleWebKit/537.36 (KHTML, like Gecko) Chrome/114.0.0.0 Safari/537.36 Edg/114.0.1823.67', 1, 1),
(718, '2023-12-12 10:11:34.723000', '114.119.131.105', 'p3a4tk28w5792acbkmr3oxhoviut4h8q', 'Mozilla/5.0 (Linux; Android 7.0;) AppleWebKit/537.36 (KHTML, like Gecko) Mobile Safari/537.36 (compatible; PetalBot;+https://webmaster.petalsearch.com/site/petalbot)', 20, NULL),
(719, '2023-12-12 10:13:14.461000', '114.119.143.177', 'z0snqi7ckxgfyhq4u8e9mrygtcuxurfi', 'Mozilla/5.0 (Linux; Android 7.0;) AppleWebKit/537.36 (KHTML, like Gecko) Mobile Safari/537.36 (compatible; PetalBot;+https://webmaster.petalsearch.com/site/petalbot)', 22, NULL),
(720, '2023-12-12 10:28:16.508000', '185.191.171.10', 'g66hg34blwltto7x7n6abh08dkcvevnr', 'Mozilla/5.0 (compatible; SemrushBot/7~bl; +http://www.semrush.com/bot.html)', 26, NULL),
(721, '2023-12-12 11:05:07.843000', '85.208.96.204', 'iw148tuz1v2dzcgb9p7pz6mbfs0l63tr', 'Mozilla/5.0 (compatible; SemrushBot/7~bl; +http://www.semrush.com/bot.html)', 22, NULL),
(722, '2023-12-12 14:09:34.107000', '114.119.135.98', 'h3lhr8iwatvresp0a3052ei6u8x7w3xi', 'Mozilla/5.0 (Linux; Android 7.0;) AppleWebKit/537.36 (KHTML, like Gecko) Mobile Safari/537.36 (compatible; PetalBot;+https://webmaster.petalsearch.com/site/petalbot)', 19, NULL),
(723, '2023-12-12 14:18:03.908000', '85.208.96.199', '6909qi1mj15ok1zprikrrugzab16ngdy', 'Mozilla/5.0 (compatible; SemrushBot/7~bl; +http://www.semrush.com/bot.html)', 23, NULL),
(724, '2023-12-12 15:28:48.654000', '185.191.171.4', 't0z9jpxrc3hol8wbwxvxds0cjb5ve51y', 'Mozilla/5.0 (compatible; SemrushBot/7~bl; +http://www.semrush.com/bot.html)', 21, NULL),
(725, '2023-12-12 16:38:13.859000', '85.208.96.206', 'zuw0rktg7uyglfpn0xzj8z6iwd6tcflj', 'Mozilla/5.0 (compatible; SemrushBot/7~bl; +http://www.semrush.com/bot.html)', 24, NULL),
(726, '2023-12-12 17:08:29.282000', '85.208.96.202', '9fh4h3u221umt3dpgv5iinxtlp2rp8mz', 'Mozilla/5.0 (compatible; SemrushBot/7~bl; +http://www.semrush.com/bot.html)', 33, NULL),
(727, '2023-12-12 18:43:24.767000', '85.208.96.193', 'evfvuudiioatkewm6ybjio6zqtw7sswr', 'Mozilla/5.0 (compatible; SemrushBot/7~bl; +http://www.semrush.com/bot.html)', 25, NULL),
(728, '2023-12-12 19:56:26.083000', '114.119.137.146', '9cxoml347mr8s77rfcey4fthjfxy91rh', 'Mozilla/5.0 (Linux; Android 7.0;) AppleWebKit/537.36 (KHTML, like Gecko) Mobile Safari/537.36 (compatible; PetalBot;+https://webmaster.petalsearch.com/site/petalbot)', 14, NULL),
(729, '2023-12-12 21:10:54.103000', '85.208.96.212', '1hca23u8b8fludjljxew0ctbzea2kz5p', 'Mozilla/5.0 (compatible; SemrushBot/7~bl; +http://www.semrush.com/bot.html)', 14, NULL),
(730, '2023-12-12 22:31:16.720000', '85.208.96.209', 'pcyih6j1hkzty1c7p4qm3kt9nbshabxp', 'Mozilla/5.0 (compatible; SemrushBot/7~bl; +http://www.semrush.com/bot.html)', 31, NULL),
(731, '2023-12-12 22:56:47.880000', '52.167.144.203', 'j0jb1o46uektj5acxoyj0chwoh12wzld', 'Mozilla/5.0 AppleWebKit/537.36 (KHTML, like Gecko; compatible; bingbot/2.0; +http://www.bing.com/bingbot.htm) Chrome/116.0.1938.76 Safari/537.36', 21, NULL),
(732, '2023-12-13 00:45:53.416000', '114.119.150.95', 'z7ei9hdftxcjrmlppzkna2ewvysjtjfe', 'Mozilla/5.0 (Linux; Android 7.0;) AppleWebKit/537.36 (KHTML, like Gecko) Mobile Safari/537.36 (compatible; PetalBot;+https://webmaster.petalsearch.com/site/petalbot)', 32, NULL),
(733, '2023-12-13 03:10:28.526000', '40.77.167.38', 'h017b43ptfu1006p3hwy0az9hu6p9bub', 'Mozilla/5.0 AppleWebKit/537.36 (KHTML, like Gecko; compatible; bingbot/2.0; +http://www.bing.com/bingbot.htm) Chrome/116.0.1938.76 Safari/537.36', 23, NULL),
(734, '2023-12-13 11:12:25.691000', '114.119.134.230', 'ymsw3pafia1rmog8dqas5g49nq3fzhg8', 'Mozilla/5.0 (Linux; Android 7.0;) AppleWebKit/537.36 (KHTML, like Gecko) Mobile Safari/537.36 (compatible; PetalBot;+https://webmaster.petalsearch.com/site/petalbot)', 21, NULL),
(735, '2023-12-13 16:55:19.384000', '114.119.159.33', 'kr04p941q57azmxc1znu2uq12986l9ig', 'Mozilla/5.0 (Linux; Android 7.0;) AppleWebKit/537.36 (KHTML, like Gecko) Mobile Safari/537.36 (compatible; PetalBot;+https://webmaster.petalsearch.com/site/petalbot)', 27, NULL),
(736, '2023-12-13 17:53:16.391000', '49.49.239.188', 'p2so70gf366fe9xovr8xyif2xri9p0hz', 'Mozilla/5.0 (Windows NT 10.0; Win64; x64) AppleWebKit/537.36 (KHTML, like Gecko) Chrome/119.0.0.0 Safari/537.36', 19, NULL),
(737, '2023-12-14 14:46:19.548000', '40.77.167.17', 'rxzapp2e9udcttdzq2pczhw6tq19e6fv', 'Mozilla/5.0 AppleWebKit/537.36 (KHTML, like Gecko; compatible; bingbot/2.0; +http://www.bing.com/bingbot.htm) Chrome/116.0.1938.76 Safari/537.36', 32, NULL),
(738, '2023-12-14 20:24:41.090000', '154.21.223.156', '6clk7o4ck3yb58kfr4fa4rc3ntnkgfp5', 'Mozilla/5.0 (Macintosh; Intel Mac OS X 12_5) AppleWebKit/537.36 (KHTML, like Gecko) Chrome/114.0.0.0 YaBrowser/22.7.0 Yowser/2.5 Safari/537.36', 23, NULL),
(739, '2023-12-14 20:24:44.850000', '154.21.223.156', '6clk7o4ck3yb58kfr4fa4rc3ntnkgfp5', 'Mozilla/5.0 (Macintosh; Intel Mac OS X 12_5) AppleWebKit/537.36 (KHTML, like Gecko) Chrome/114.0.0.0 YaBrowser/22.7.0 Yowser/2.5 Safari/537.36', 15, NULL),
(740, '2023-12-14 20:24:48.725000', '154.21.223.156', '6clk7o4ck3yb58kfr4fa4rc3ntnkgfp5', 'Mozilla/5.0 (Macintosh; Intel Mac OS X 12_5) AppleWebKit/537.36 (KHTML, like Gecko) Chrome/114.0.0.0 YaBrowser/22.7.0 Yowser/2.5 Safari/537.36', 13, NULL),
(741, '2023-12-14 20:24:52.276000', '154.21.223.156', '6clk7o4ck3yb58kfr4fa4rc3ntnkgfp5', 'Mozilla/5.0 (Macintosh; Intel Mac OS X 12_5) AppleWebKit/537.36 (KHTML, like Gecko) Chrome/114.0.0.0 YaBrowser/22.7.0 Yowser/2.5 Safari/537.36', 21, NULL),
(742, '2023-12-14 20:24:55.612000', '154.21.223.156', '6clk7o4ck3yb58kfr4fa4rc3ntnkgfp5', 'Mozilla/5.0 (Macintosh; Intel Mac OS X 12_5) AppleWebKit/537.36 (KHTML, like Gecko) Chrome/114.0.0.0 YaBrowser/22.7.0 Yowser/2.5 Safari/537.36', 32, NULL),
(743, '2023-12-14 20:24:58.860000', '154.21.223.156', '6clk7o4ck3yb58kfr4fa4rc3ntnkgfp5', 'Mozilla/5.0 (Macintosh; Intel Mac OS X 12_5) AppleWebKit/537.36 (KHTML, like Gecko) Chrome/114.0.0.0 YaBrowser/22.7.0 Yowser/2.5 Safari/537.36', 14, NULL),
(744, '2023-12-14 20:25:02.066000', '154.21.223.156', '6clk7o4ck3yb58kfr4fa4rc3ntnkgfp5', 'Mozilla/5.0 (Macintosh; Intel Mac OS X 12_5) AppleWebKit/537.36 (KHTML, like Gecko) Chrome/114.0.0.0 YaBrowser/22.7.0 Yowser/2.5 Safari/537.36', 17, NULL),
(745, '2023-12-14 20:25:05.183000', '154.21.223.156', '6clk7o4ck3yb58kfr4fa4rc3ntnkgfp5', 'Mozilla/5.0 (Macintosh; Intel Mac OS X 12_5) AppleWebKit/537.36 (KHTML, like Gecko) Chrome/114.0.0.0 YaBrowser/22.7.0 Yowser/2.5 Safari/537.36', 19, NULL),
(746, '2023-12-14 20:25:08.459000', '154.21.223.156', '6clk7o4ck3yb58kfr4fa4rc3ntnkgfp5', 'Mozilla/5.0 (Macintosh; Intel Mac OS X 12_5) AppleWebKit/537.36 (KHTML, like Gecko) Chrome/114.0.0.0 YaBrowser/22.7.0 Yowser/2.5 Safari/537.36', 16, NULL),
(747, '2023-12-14 20:25:17.886000', '154.21.223.156', '6clk7o4ck3yb58kfr4fa4rc3ntnkgfp5', 'Mozilla/5.0 (Macintosh; Intel Mac OS X 12_5) AppleWebKit/537.36 (KHTML, like Gecko) Chrome/114.0.0.0 YaBrowser/22.7.0 Yowser/2.5 Safari/537.36', 27, NULL),
(748, '2023-12-14 20:25:21.110000', '154.21.223.156', '6clk7o4ck3yb58kfr4fa4rc3ntnkgfp5', 'Mozilla/5.0 (Macintosh; Intel Mac OS X 12_5) AppleWebKit/537.36 (KHTML, like Gecko) Chrome/114.0.0.0 YaBrowser/22.7.0 Yowser/2.5 Safari/537.36', 20, NULL),
(749, '2023-12-14 20:36:54.078000', '114.119.135.169', 'iyvxbpu7hfzyzhu8de5rfaobwadwsjp1', 'Mozilla/5.0 (Linux; Android 7.0;) AppleWebKit/537.36 (KHTML, like Gecko) Mobile Safari/537.36 (compatible; PetalBot;+https://webmaster.petalsearch.com/site/petalbot)', 17, NULL),
(750, '2023-12-15 14:49:39.844000', '20.15.133.170', 'mh3bdo2029t9ia1j497gq104ibf65mdf', 'Mozilla/5.0 AppleWebKit/537.36 (KHTML, like Gecko; compatible; bingbot/2.0; +http://www.bing.com/bingbot.htm) Chrome/116.0.1938.76 Safari/537.36', 27, NULL),
(751, '2023-12-15 15:50:22.592000', '114.119.134.208', 'gja5hfycw0r2dkyxzk72uipkxoi5pgvk', 'Mozilla/5.0 (Linux; Android 7.0;) AppleWebKit/537.36 (KHTML, like Gecko) Mobile Safari/537.36 (compatible; PetalBot;+https://webmaster.petalsearch.com/site/petalbot)', 26, NULL),
(752, '2023-12-15 16:14:36.033000', '149.56.160.215', 'yratagya07se0mdrjamyup5kvz18scwg', 'Mozilla/5.0 (compatible; Dataprovider.com)', 23, NULL),
(753, '2023-12-15 16:14:37.013000', '149.56.160.215', 'yratagya07se0mdrjamyup5kvz18scwg', 'Mozilla/5.0 (compatible; Dataprovider.com)', 13, NULL),
(754, '2023-12-15 16:14:38.047000', '149.56.160.215', 'yratagya07se0mdrjamyup5kvz18scwg', 'Mozilla/5.0 (compatible; Dataprovider.com)', 32, NULL),
(755, '2023-12-15 16:14:39.016000', '149.56.160.215', 'yratagya07se0mdrjamyup5kvz18scwg', 'Mozilla/5.0 (compatible; Dataprovider.com)', 17, NULL),
(756, '2023-12-15 16:14:41.283000', '149.56.160.215', 'yratagya07se0mdrjamyup5kvz18scwg', 'Mozilla/5.0 (compatible; Dataprovider.com)', 16, NULL),
(757, '2023-12-15 16:14:43.452000', '149.56.160.215', 'yratagya07se0mdrjamyup5kvz18scwg', 'Mozilla/5.0 (Linux; Android 10; SM-G981B) AppleWebKit/537.36 (KHTML, like Gecko) Chrome/80.0.3987.162 Mobile Safari/537.36', 4, NULL),
(758, '2023-12-15 23:43:31.239000', '40.77.167.126', '69n8whjomr86zlfe666yl99l8s2w9mnu', 'Mozilla/5.0 AppleWebKit/537.36 (KHTML, like Gecko; compatible; bingbot/2.0; +http://www.bing.com/bingbot.htm) Chrome/116.0.1938.76 Safari/537.36', 13, NULL),
(759, '2023-12-16 06:20:33.930000', '114.119.155.42', 'pumvx3t9pfznd9i99oerb8ju17hv3b5y', 'Mozilla/5.0 (Linux; Android 7.0;) AppleWebKit/537.36 (KHTML, like Gecko) Mobile Safari/537.36 (compatible; PetalBot;+https://webmaster.petalsearch.com/site/petalbot)', 16, NULL),
(760, '2023-12-16 10:11:29.267000', '64.140.128.240', 'w9kiqs3mpp9y3hm37map30posxtnwtcp', 'Mozilla/5.0 (Macintosh; Intel Mac OS X 10_13_6) AppleWebKit/537.36 (KHTML like Gecko) Chrome/100.0.4896.127 Safari/537.36', 23, NULL),
(761, '2023-12-16 10:11:29.721000', '64.140.128.194', 'ss6qo4xo7q7tcbwv584ujk31gp422s9g', 'Mozilla/5.0 (Windows NT 10.0; Win64; x64) AppleWebKit/537.36 (KHTML like Gecko) Chrome/98.0.4758.102 Safari/537.36', 13, NULL),
(762, '2023-12-16 10:11:30.055000', '67.22.62.243', 'r1a11gq4v0ucdhc8uek40tharagwdaxn', 'Mozilla/5.0 (Macintosh; Intel Mac OS X 10_15_7) AppleWebKit/537.36 (KHTML like Gecko) Chrome/100.0.4896.75 Safari/537.36', 32, NULL),
(763, '2023-12-16 10:11:30.499000', '168.151.56.106', 'ic6o3rvpblgbf3eu1kw7mquyghfp5apf', 'Mozilla/5.0 (Windows NT 6.1; Win64; x64) AppleWebKit/537.36 (KHTML like Gecko) Chrome/100.0.4896.127 Safari/537.36', 16, NULL),
(764, '2023-12-16 10:11:30.608000', '64.140.130.8', 'e5mstwpnie1bc1j56fmi01pu2x16es5y', 'Mozilla/5.0 (Windows NT 10.0; Win64; x64) AppleWebKit/537.36 (KHTML like Gecko) Chrome/100.0.4896.88 Safari/537.36', 17, NULL),
(765, '2023-12-16 18:06:54.302000', '101.128.98.218', 'u2721sut9vqzter987xelgjeq2lhgpal', 'Mozilla/5.0 (Windows NT 10.0) AppleWebKit/537.36 (KHTML, like Gecko) Chrome/114.0.0.0 Safari/537.36', 23, NULL),
(766, '2023-12-16 18:06:54.713000', '101.128.98.218', 'u2721sut9vqzter987xelgjeq2lhgpal', 'Mozilla/5.0 (Windows NT 10.0) AppleWebKit/537.36 (KHTML, like Gecko) Chrome/114.0.0.0 Safari/537.36', 15, NULL),
(767, '2023-12-16 18:06:55.112000', '101.128.98.218', 'u2721sut9vqzter987xelgjeq2lhgpal', 'Mozilla/5.0 (Windows NT 10.0) AppleWebKit/537.36 (KHTML, like Gecko) Chrome/114.0.0.0 Safari/537.36', 13, NULL),
(768, '2023-12-16 18:06:55.520000', '101.128.98.218', 'u2721sut9vqzter987xelgjeq2lhgpal', 'Mozilla/5.0 (Windows NT 10.0) AppleWebKit/537.36 (KHTML, like Gecko) Chrome/114.0.0.0 Safari/537.36', 21, NULL),
(769, '2023-12-16 18:06:55.912000', '101.128.98.218', 'u2721sut9vqzter987xelgjeq2lhgpal', 'Mozilla/5.0 (Windows NT 10.0) AppleWebKit/537.36 (KHTML, like Gecko) Chrome/114.0.0.0 Safari/537.36', 32, NULL),
(770, '2023-12-16 18:06:56.312000', '101.128.98.218', 'u2721sut9vqzter987xelgjeq2lhgpal', 'Mozilla/5.0 (Windows NT 10.0) AppleWebKit/537.36 (KHTML, like Gecko) Chrome/114.0.0.0 Safari/537.36', 14, NULL),
(771, '2023-12-16 18:06:56.803000', '101.128.98.218', 'u2721sut9vqzter987xelgjeq2lhgpal', 'Mozilla/5.0 (Windows NT 10.0) AppleWebKit/537.36 (KHTML, like Gecko) Chrome/114.0.0.0 Safari/537.36', 17, NULL),
(772, '2023-12-16 18:06:57.199000', '101.128.98.218', 'u2721sut9vqzter987xelgjeq2lhgpal', 'Mozilla/5.0 (Windows NT 10.0) AppleWebKit/537.36 (KHTML, like Gecko) Chrome/114.0.0.0 Safari/537.36', 19, NULL),
(773, '2023-12-16 18:06:57.586000', '101.128.98.218', 'u2721sut9vqzter987xelgjeq2lhgpal', 'Mozilla/5.0 (Windows NT 10.0) AppleWebKit/537.36 (KHTML, like Gecko) Chrome/114.0.0.0 Safari/537.36', 16, NULL),
(774, '2023-12-16 18:06:58.830000', '101.128.98.218', 'u2721sut9vqzter987xelgjeq2lhgpal', 'Mozilla/5.0 (Windows NT 10.0) AppleWebKit/537.36 (KHTML, like Gecko) Chrome/114.0.0.0 Safari/537.36', 27, NULL),
(775, '2023-12-16 18:06:59.220000', '101.128.98.218', 'u2721sut9vqzter987xelgjeq2lhgpal', 'Mozilla/5.0 (Windows NT 10.0) AppleWebKit/537.36 (KHTML, like Gecko) Chrome/114.0.0.0 Safari/537.36', 20, NULL),
(776, '2023-12-16 21:47:18.843000', '23.106.20.136', 'ps9cpcrveos5tatuy1g0q6rpha723bmu', 'Mozilla/5.0 (Windows NT 10.0) AppleWebKit/537.36 (KHTML, like Gecko) Chrome/114.0.0.0 Safari/537.36', 23, NULL),
(777, '2023-12-16 21:47:21.393000', '23.106.20.136', 'ps9cpcrveos5tatuy1g0q6rpha723bmu', 'Mozilla/5.0 (Windows NT 10.0) AppleWebKit/537.36 (KHTML, like Gecko) Chrome/114.0.0.0 Safari/537.36', 15, NULL),
(778, '2023-12-16 21:47:23.267000', '23.106.20.136', 'ps9cpcrveos5tatuy1g0q6rpha723bmu', 'Mozilla/5.0 (Windows NT 10.0) AppleWebKit/537.36 (KHTML, like Gecko) Chrome/114.0.0.0 Safari/537.36', 13, NULL),
(779, '2023-12-16 21:47:25.324000', '23.106.20.136', 'ps9cpcrveos5tatuy1g0q6rpha723bmu', 'Mozilla/5.0 (Windows NT 10.0) AppleWebKit/537.36 (KHTML, like Gecko) Chrome/114.0.0.0 Safari/537.36', 21, NULL),
(780, '2023-12-16 21:47:27.494000', '23.106.20.136', 'ps9cpcrveos5tatuy1g0q6rpha723bmu', 'Mozilla/5.0 (Windows NT 10.0) AppleWebKit/537.36 (KHTML, like Gecko) Chrome/114.0.0.0 Safari/537.36', 32, NULL),
(781, '2023-12-16 21:47:29.429000', '23.106.20.136', 'ps9cpcrveos5tatuy1g0q6rpha723bmu', 'Mozilla/5.0 (Windows NT 10.0) AppleWebKit/537.36 (KHTML, like Gecko) Chrome/114.0.0.0 Safari/537.36', 14, NULL),
(782, '2023-12-16 21:47:31.662000', '23.106.20.136', 'ps9cpcrveos5tatuy1g0q6rpha723bmu', 'Mozilla/5.0 (Windows NT 10.0) AppleWebKit/537.36 (KHTML, like Gecko) Chrome/114.0.0.0 Safari/537.36', 17, NULL),
(783, '2023-12-16 21:47:33.344000', '23.106.20.136', 'ps9cpcrveos5tatuy1g0q6rpha723bmu', 'Mozilla/5.0 (Windows NT 10.0) AppleWebKit/537.36 (KHTML, like Gecko) Chrome/114.0.0.0 Safari/537.36', 19, NULL),
(784, '2023-12-16 21:47:35.190000', '23.106.20.136', 'ps9cpcrveos5tatuy1g0q6rpha723bmu', 'Mozilla/5.0 (Windows NT 10.0) AppleWebKit/537.36 (KHTML, like Gecko) Chrome/114.0.0.0 Safari/537.36', 16, NULL),
(785, '2023-12-16 21:47:41.758000', '23.106.20.136', 'ps9cpcrveos5tatuy1g0q6rpha723bmu', 'Mozilla/5.0 (Windows NT 10.0) AppleWebKit/537.36 (KHTML, like Gecko) Chrome/114.0.0.0 Safari/537.36', 27, NULL),
(786, '2023-12-16 21:47:45.877000', '23.106.20.136', 'ps9cpcrveos5tatuy1g0q6rpha723bmu', 'Mozilla/5.0 (Windows NT 10.0) AppleWebKit/537.36 (KHTML, like Gecko) Chrome/114.0.0.0 Safari/537.36', 20, NULL),
(787, '2023-12-16 22:09:16.182000', '52.167.144.203', 'oj1qzl4geqikiqtuqqqu84kjfaq7bwgb', 'Mozilla/5.0 AppleWebKit/537.36 (KHTML, like Gecko; compatible; bingbot/2.0; +http://www.bing.com/bingbot.htm) Chrome/116.0.1938.76 Safari/537.36', 24, NULL),
(788, '2023-12-17 04:13:49.728000', '85.208.96.205', 'ml76ghqfgy1gs337n2skkqu0j8zfi57k', 'Mozilla/5.0 (compatible; SemrushBot/7~bl; +http://www.semrush.com/bot.html)', 17, NULL),
(789, '2023-12-17 04:56:58.654000', '185.191.171.2', 'gfmika35z2aoufy8l85dm8nowux2uq2c', 'Mozilla/5.0 (compatible; SemrushBot/7~bl; +http://www.semrush.com/bot.html)', 16, NULL),
(790, '2023-12-17 05:51:43.552000', '85.208.96.207', 'ahbtjvb1fzfty3oyghge745x1ww1wysl', 'Mozilla/5.0 (compatible; SemrushBot/7~bl; +http://www.semrush.com/bot.html)', 32, NULL),
(791, '2023-12-17 09:25:45.175000', '23.106.27.237', '2bweuivno2p3ouutgwabgkkv161oa8ja', 'Mozilla/5.0 (Windows NT 10.0; Win64; x64) AppleWebKit/537.36 (KHTML, like Gecko) Chrome/114.0.0.0 Safari/537.36', 23, NULL),
(792, '2023-12-17 09:25:51.916000', '23.106.27.237', '2bweuivno2p3ouutgwabgkkv161oa8ja', 'Mozilla/5.0 (Windows NT 10.0; Win64; x64) AppleWebKit/537.36 (KHTML, like Gecko) Chrome/114.0.0.0 Safari/537.36', 15, NULL),
(793, '2023-12-17 09:25:59.125000', '23.106.27.237', '2bweuivno2p3ouutgwabgkkv161oa8ja', 'Mozilla/5.0 (Windows NT 10.0; Win64; x64) AppleWebKit/537.36 (KHTML, like Gecko) Chrome/114.0.0.0 Safari/537.36', 13, NULL),
(794, '2023-12-17 09:26:05.844000', '23.106.27.237', '2bweuivno2p3ouutgwabgkkv161oa8ja', 'Mozilla/5.0 (Windows NT 10.0; Win64; x64) AppleWebKit/537.36 (KHTML, like Gecko) Chrome/114.0.0.0 Safari/537.36', 21, NULL),
(795, '2023-12-17 09:26:12.511000', '23.106.27.237', '2bweuivno2p3ouutgwabgkkv161oa8ja', 'Mozilla/5.0 (Windows NT 10.0; Win64; x64) AppleWebKit/537.36 (KHTML, like Gecko) Chrome/114.0.0.0 Safari/537.36', 32, NULL),
(796, '2023-12-17 09:26:19.074000', '23.106.27.237', '2bweuivno2p3ouutgwabgkkv161oa8ja', 'Mozilla/5.0 (Windows NT 10.0; Win64; x64) AppleWebKit/537.36 (KHTML, like Gecko) Chrome/114.0.0.0 Safari/537.36', 14, NULL),
(797, '2023-12-17 09:26:25.669000', '23.106.27.237', '2bweuivno2p3ouutgwabgkkv161oa8ja', 'Mozilla/5.0 (Windows NT 10.0; Win64; x64) AppleWebKit/537.36 (KHTML, like Gecko) Chrome/114.0.0.0 Safari/537.36', 17, NULL),
(798, '2023-12-17 09:26:32.229000', '23.106.27.237', '2bweuivno2p3ouutgwabgkkv161oa8ja', 'Mozilla/5.0 (Windows NT 10.0; Win64; x64) AppleWebKit/537.36 (KHTML, like Gecko) Chrome/114.0.0.0 Safari/537.36', 19, NULL),
(799, '2023-12-17 09:26:39.770000', '23.106.27.237', '2bweuivno2p3ouutgwabgkkv161oa8ja', 'Mozilla/5.0 (Windows NT 10.0; Win64; x64) AppleWebKit/537.36 (KHTML, like Gecko) Chrome/114.0.0.0 Safari/537.36', 16, NULL),
(800, '2023-12-17 09:26:58.790000', '23.106.27.237', '2bweuivno2p3ouutgwabgkkv161oa8ja', 'Mozilla/5.0 (Windows NT 10.0; Win64; x64) AppleWebKit/537.36 (KHTML, like Gecko) Chrome/114.0.0.0 Safari/537.36', 27, NULL),
(801, '2023-12-17 09:27:05.397000', '23.106.27.237', '2bweuivno2p3ouutgwabgkkv161oa8ja', 'Mozilla/5.0 (Windows NT 10.0; Win64; x64) AppleWebKit/537.36 (KHTML, like Gecko) Chrome/114.0.0.0 Safari/537.36', 20, NULL),
(802, '2023-12-17 15:57:25.930000', '85.208.96.202', '36qmugzoyuw47p1xk98wttjq61vh1y2l', 'Mozilla/5.0 (compatible; SemrushBot/7~bl; +http://www.semrush.com/bot.html)', 20, NULL),
(803, '2023-12-17 16:39:43.823000', '114.119.146.88', 'xorgb2fy0npgzyi9yykec5olwo39y0fc', 'Mozilla/5.0 (Linux; Android 7.0;) AppleWebKit/537.36 (KHTML, like Gecko) Mobile Safari/537.36 (compatible; PetalBot;+https://webmaster.petalsearch.com/site/petalbot)', 19, NULL),
(804, '2023-12-17 22:31:48.557000', '185.191.171.18', '7s0531niwns67n3t4zxlst9okhdzomwt', 'Mozilla/5.0 (compatible; SemrushBot/7~bl; +http://www.semrush.com/bot.html)', 27, NULL),
(805, '2023-12-18 00:34:35.941000', '52.167.144.201', 'ztwvowkwatrrwz7oysbldmo4dlt8tm35', 'Mozilla/5.0 AppleWebKit/537.36 (KHTML, like Gecko; compatible; bingbot/2.0; +http://www.bing.com/bingbot.htm) Chrome/116.0.1938.76 Safari/537.36', 16, NULL),
(806, '2023-12-18 01:23:44.738000', '40.77.167.152', 'l2qay112hn42vu8c66rly4zk4n5q2ktz', 'Mozilla/5.0 AppleWebKit/537.36 (KHTML, like Gecko; compatible; bingbot/2.0; +http://www.bing.com/bingbot.htm) Chrome/116.0.1938.76 Safari/537.36', 13, NULL),
(807, '2023-12-18 03:04:00.391000', '85.208.96.193', 'uut9rvf0leyzrqdrsq399firvgxuohwe', 'Mozilla/5.0 (compatible; SemrushBot/7~bl; +http://www.semrush.com/bot.html)', 19, NULL),
(808, '2023-12-18 09:55:48.495000', '114.119.151.5', 'pj5rw7qu0g544t427ce1xsgoq0fhqmq7', 'Mozilla/5.0 (Linux; Android 7.0;) AppleWebKit/537.36 (KHTML, like Gecko) Mobile Safari/537.36 (compatible; PetalBot;+https://webmaster.petalsearch.com/site/petalbot)', 22, NULL),
(809, '2023-12-18 13:32:51.197000', '114.119.152.60', '5nwv56sndvydbf1mhk6ozc3euzsq5wzr', 'Mozilla/5.0 (Linux; Android 7.0;) AppleWebKit/537.36 (KHTML, like Gecko) Mobile Safari/537.36 (compatible; PetalBot;+https://webmaster.petalsearch.com/site/petalbot)', 31, NULL),
(810, '2023-12-18 22:20:50.937000', '40.77.167.16', '7ocju4d1rvjnsbfecf4kk0r4rpbgvnvz', 'Mozilla/5.0 AppleWebKit/537.36 (KHTML, like Gecko; compatible; bingbot/2.0; +http://www.bing.com/bingbot.htm) Chrome/116.0.1938.76 Safari/537.36', 15, NULL),
(811, '2023-12-18 22:20:51.550000', '114.119.141.103', '6u1v91k824f977mnxye5kp2aj3kfkecb', 'Mozilla/5.0 (Linux; Android 7.0;) AppleWebKit/537.36 (KHTML, like Gecko) Mobile Safari/537.36 (compatible; PetalBot;+https://webmaster.petalsearch.com/site/petalbot)', 34, NULL),
(812, '2023-12-18 23:55:58.460000', '207.246.103.10', 'rb4vu6iip42cylj1zj2znpprrl6sslka', 'Mozilla/5.0 (compatible; SeekportBot; +https://bot.seekport.com)', 23, NULL),
(813, '2023-12-18 23:55:59.659000', '207.246.103.10', 'yfg7th88weqvekebmkocvueis49cu8wx', 'Mozilla/5.0 (compatible; SeekportBot; +https://bot.seekport.com)', 13, NULL),
(814, '2023-12-18 23:56:00.397000', '207.246.103.10', 'prg8ihliijzxz657qv3ej0bfafsqn605', 'Mozilla/5.0 (compatible; SeekportBot; +https://bot.seekport.com)', 32, NULL),
(815, '2023-12-18 23:56:01.171000', '207.246.103.10', 'u1p9po5tdaoxbodu8fz72cxaf3482vf7', 'Mozilla/5.0 (compatible; SeekportBot; +https://bot.seekport.com)', 17, NULL),
(816, '2023-12-18 23:56:01.654000', '207.246.103.10', 'j4jiv4dblioty5vkplhlprs83jp18tfb', 'Mozilla/5.0 (compatible; SeekportBot; +https://bot.seekport.com)', 16, NULL),
(817, '2023-12-18 23:56:02.926000', '207.246.103.10', 'okglymzyi9u08grrkzq2l87nawxc4ofe', 'Mozilla/5.0 (compatible; SeekportBot; +https://bot.seekport.com)', 20, NULL),
(818, '2023-12-18 23:56:03.417000', '207.246.103.10', 'zhbwjg0qfj3lq7v4o06amvrfirl4qw74', 'Mozilla/5.0 (compatible; SeekportBot; +https://bot.seekport.com)', 27, NULL),
(819, '2023-12-18 23:56:04.354000', '207.246.103.10', 'ml2a3k0hicih5pflqfmyz88f79dnzzul', 'Mozilla/5.0 (compatible; SeekportBot; +https://bot.seekport.com)', 19, NULL),
(820, '2023-12-18 23:56:04.801000', '207.246.103.10', 'jqtwbkf44nm8tb6u28thhngfic3fyt0n', 'Mozilla/5.0 (compatible; SeekportBot; +https://bot.seekport.com)', 14, NULL),
(821, '2023-12-18 23:56:05.215000', '207.246.103.10', 'dzrpr6ygcb41iwfbqhjtcibrstw9dnje', 'Mozilla/5.0 (compatible; SeekportBot; +https://bot.seekport.com)', 21, NULL),
(822, '2023-12-18 23:56:05.728000', '207.246.103.10', '04hzi3szhowpym5qaj0uakxs78gcgffd', 'Mozilla/5.0 (compatible; SeekportBot; +https://bot.seekport.com)', 15, NULL),
(823, '2023-12-18 23:56:10.688000', '207.246.103.10', 'hwuxyryhc8z1y84l4ns9lg0b2rdz59ob', 'Mozilla/5.0 (compatible; SeekportBot; +https://bot.seekport.com)', 34, NULL),
(824, '2023-12-18 23:56:11.165000', '207.246.103.10', 'o9bnkg9y00nwszu7jehsq96scs1xpwtw', 'Mozilla/5.0 (compatible; SeekportBot; +https://bot.seekport.com)', 18, NULL),
(825, '2023-12-18 23:56:11.601000', '207.246.103.10', 'eab89r056wvodjqgvfgx76yd0td9ex9r', 'Mozilla/5.0 (compatible; SeekportBot; +https://bot.seekport.com)', 24, NULL),
(826, '2023-12-18 23:56:12.081000', '207.246.103.10', '1qu8zc1newi6icijizhxn346zeb55lkp', 'Mozilla/5.0 (compatible; SeekportBot; +https://bot.seekport.com)', 22, NULL),
(827, '2023-12-18 23:56:12.555000', '207.246.103.10', 't8jzxcqj0tfbvh3vqulhqsv28cygcehk', 'Mozilla/5.0 (compatible; SeekportBot; +https://bot.seekport.com)', 26, NULL),
(828, '2023-12-18 23:56:12.984000', '207.246.103.10', 'f4y6npndm4cn50391zkfl4f78nd7lx0w', 'Mozilla/5.0 (compatible; SeekportBot; +https://bot.seekport.com)', 31, NULL),
(829, '2023-12-18 23:56:13.487000', '207.246.103.10', '04u5yxxniy0bmlp1vhejy5xxgwbt9m0y', 'Mozilla/5.0 (compatible; SeekportBot; +https://bot.seekport.com)', 25, NULL),
(830, '2023-12-18 23:56:13.931000', '207.246.103.10', 'c0xqp99iwsneb6ibnwy7v00bt68915cv', 'Mozilla/5.0 (compatible; SeekportBot; +https://bot.seekport.com)', 33, NULL),
(831, '2023-12-19 00:01:45.177000', '114.119.152.47', '07c6mxykqdbty0rj0jhs7qmpkboq1mro', 'Mozilla/5.0 (Linux; Android 7.0;) AppleWebKit/537.36 (KHTML, like Gecko) Mobile Safari/537.36 (compatible; PetalBot;+https://webmaster.petalsearch.com/site/petalbot)', 25, NULL),
(832, '2023-12-19 00:30:41.681000', '114.119.146.18', '290s8ssdwgf0d0smkn282x0311pwedml', 'Mozilla/5.0 (Linux; Android 7.0;) AppleWebKit/537.36 (KHTML, like Gecko) Mobile Safari/537.36 (compatible; PetalBot;+https://webmaster.petalsearch.com/site/petalbot)', 15, NULL),
(833, '2023-12-19 02:51:06.040000', '40.77.167.143', '08i15cv50t0xnnvf9lf5n7xd7xcpiq41', 'Mozilla/5.0 AppleWebKit/537.36 (KHTML, like Gecko; compatible; bingbot/2.0; +http://www.bing.com/bingbot.htm) Chrome/116.0.1938.76 Safari/537.36', 27, NULL),
(834, '2023-12-19 05:06:20.588000', '40.77.167.36', 'dhjvp8wht21swt1n6li0gcfujngy4s1h', 'Mozilla/5.0 AppleWebKit/537.36 (KHTML, like Gecko; compatible; bingbot/2.0; +http://www.bing.com/bingbot.htm) Chrome/116.0.1938.76 Safari/537.36', 31, NULL),
(835, '2023-12-19 06:02:23.811000', '47.128.114.19', 'nybu0gg6nywqj7zmo1j2gmk9jehk26k1', 'Mozilla/5.0 (compatible; Bytespider; spider-feedback@bytedance.com) AppleWebKit/537.36 (KHTML, like Gecko) Chrome/70.0.0.0 Safari/537.36', 14, NULL),
(836, '2023-12-19 12:40:50.204000', '104.167.221.130', 'e61w3jyz8xufqogfdc6fjvnu769zvvna', 'Mozilla/5.0 (Windows NT 10.0; Win64; x64) AppleWebKit/537.36 (KHTML, like Gecko) Chrome/62.0.3191.0 Safari/537.36', 13, NULL),
(837, '2023-12-19 12:40:52.826000', '104.167.221.130', 'u42g4b8nrdbjdexf2i0fs1w40teulr88', 'Mozilla/5.0 (Linux; Android 7.0; LGL84VL Build/NRD90U) AppleWebKit/537.36 (KHTML, like Gecko) Chrome/59.0.3071.125 Mobile Safari/537.36', 15, NULL),
(838, '2023-12-19 12:41:03.466000', '104.167.221.130', '456vu2m9owqf3mq5ai7z5662skfwzgsr', 'Mozilla/5.0 (Linux; Android 7.1.1; XT1710-02 Build/NDS26.74-36) AppleWebKit/537.36 (KHTML, like Gecko) Chrome/59.0.3071.125 Mobile Safari/537.36', 32, NULL),
(839, '2023-12-19 12:42:11.898000', '66.36.234.130', 'w3v6bkqf04lob2053ifbrtcmu8l1g9fk', 'Mozilla/5.0 (Linux; Android 4.4.2; LG-V410 Build/KOT49I.V41010d) AppleWebKit/537.36 (KHTML, like Gecko) Chrome/30.0.1599.103 Safari/537.36', 20, NULL),
(840, '2023-12-19 12:43:48.586000', '74.84.150.86', '02ou6qey7eaeao9zut80f1n8fi7yazb9', 'Mozilla/5.0 (Linux; Android 4.1.2; SHV-E250S Build/JZO54K) AppleWebKit/537.36 (KHTML, like Gecko) Chrome/30.0.1599.82 Mobile Safari/537.36', 16, NULL),
(841, '2023-12-19 12:44:55.678000', '66.36.234.130', '4w0quirxs73aoxxyew52vozn1ms46a3s', 'Mozilla/5.0 (Linux; Android 4.4.2; SAMSUNG-SM-T537A Build/KOT49H) AppleWebKit/537.36 (KHTML like Gecko) Chrome/35.0.1916.141 Safari/537.36', 17, NULL),
(842, '2023-12-19 12:44:57.959000', '104.167.221.130', 'hdn3bvds8ek320c2p0uoqojlrofx7byf', 'Mozilla/5.0 (Linux; Android 7.0; LGL84VL Build/NRD90U) AppleWebKit/537.36 (KHTML, like Gecko) Chrome/59.0.3071.125 Mobile Safari/537.36', 21, NULL),
(843, '2023-12-19 12:45:09.059000', '74.84.150.86', 'xh9lxw82i47a9y9xcpzxqwjp4nsgzlcu', 'Mozilla/5.0 (Linux; Android 4.4.4; XT1032 Build/KXB21.14-L1.61) AppleWebKit/537.36 (KHTML, like Gecko) Chrome/45.0.2454.94 Mobile Safari/537.36', 23, NULL),
(844, '2023-12-19 12:45:11.206000', '104.167.221.130', '3hz5y8s1viten8xaimhb97bearcs0smm', 'Mozilla/5.0 (Linux; Android 6.0.1; SM-G900H Build/MMB29K) AppleWebKit/537.36 (KHTML, like Gecko) Chrome/52.0.2743.98 Mobile Safari/537.36', 19, NULL),
(845, '2023-12-19 12:45:13.740000', '74.84.150.86', 'h35wxy44qdkhy6qi7kd0yipbf2ev6ui9', 'Mozilla/5.0 (Windows NT 6.2) AppleWebKit/536.6 (KHTML, like Gecko) Chrome/20.0.1090.0 Safari/536.6', 14, NULL),
(846, '2023-12-19 12:45:31.425000', '104.167.221.130', 'csfrjixd91xxrp87ejfwlzv55felehr2', 'Mozilla/5.0 (Windows NT 10.0; WOW64) AppleWebKit/537.36 (KHTML, like Gecko) Chrome/51.0.2704.103 Safari/537.36', 27, NULL),
(847, '2023-12-19 22:15:04.967000', '114.119.148.14', 'gxqik0iroufrni2g670nv74hxxp4s14a', 'Mozilla/5.0 (Linux; Android 7.0;) AppleWebKit/537.36 (KHTML, like Gecko) Mobile Safari/537.36 (compatible; PetalBot;+https://webmaster.petalsearch.com/site/petalbot)', 13, NULL),
(848, '2023-12-20 07:55:44.750000', '114.119.146.220', 'b2aad0cmu3frnmqcezegb7keu6ox96g5', 'Mozilla/5.0 (Linux; Android 7.0;) AppleWebKit/537.36 (KHTML, like Gecko) Mobile Safari/537.36 (compatible; PetalBot;+https://webmaster.petalsearch.com/site/petalbot)', 14, NULL),
(849, '2023-12-20 11:56:42.895000', '103.108.157.238', '8n1jb3rkq5a46af6xyvw9p8p1bp2g683', 'Mozilla/5.0 (X11; Linux x86_64) AppleWebKit/537.36 (KHTML, like Gecko) Chrome/114.0.0.0 Safari/537.36 Edg/114.0.1823.67', 1, 1),
(850, '2023-12-20 13:07:00.834000', '114.119.142.85', '0ehqlwajekfurhxbx2cos0qbi95gezuv', 'Mozilla/5.0 (Linux; Android 7.0;) AppleWebKit/537.36 (KHTML, like Gecko) Mobile Safari/537.36 (compatible; PetalBot;+https://webmaster.petalsearch.com/site/petalbot)', 21, NULL),
(851, '2023-12-20 16:43:24.474000', '34.173.177.29', 'tm0tjdrcjikk7gtu5ju6opfko4p1rnuz', 'Mozilla/5.0 (Macintosh; Intel Mac OS X 10_10_5) AppleWebKit/537.36 (KHTML, like Gecko) Chrome/51.0.2704.106 Safari/537.36', 23, NULL),
(852, '2023-12-20 16:43:26.434000', '34.173.177.29', 'tm0tjdrcjikk7gtu5ju6opfko4p1rnuz', 'Mozilla/5.0 (Macintosh; Intel Mac OS X 10_10_5) AppleWebKit/537.36 (KHTML, like Gecko) Chrome/51.0.2704.106 Safari/537.36', 13, NULL),
(853, '2023-12-20 16:43:28.479000', '34.173.177.29', 'tm0tjdrcjikk7gtu5ju6opfko4p1rnuz', 'Mozilla/5.0 (Macintosh; Intel Mac OS X 10_10_5) AppleWebKit/537.36 (KHTML, like Gecko) Chrome/51.0.2704.106 Safari/537.36', 32, NULL),
(854, '2023-12-20 16:43:30.895000', '34.173.177.29', 'tm0tjdrcjikk7gtu5ju6opfko4p1rnuz', 'Mozilla/5.0 (Macintosh; Intel Mac OS X 10_10_5) AppleWebKit/537.36 (KHTML, like Gecko) Chrome/51.0.2704.106 Safari/537.36', 17, NULL),
(855, '2023-12-20 16:43:33.550000', '34.173.177.29', 'tm0tjdrcjikk7gtu5ju6opfko4p1rnuz', 'Mozilla/5.0 (Macintosh; Intel Mac OS X 10_10_5) AppleWebKit/537.36 (KHTML, like Gecko) Chrome/51.0.2704.106 Safari/537.36', 16, NULL),
(856, '2023-12-20 18:42:44.735000', '114.119.128.40', 'z0ksso7r7db2f5p6fmftvax27az83gcp', 'Mozilla/5.0 (Linux; Android 7.0;) AppleWebKit/537.36 (KHTML, like Gecko) Mobile Safari/537.36 (compatible; PetalBot;+https://webmaster.petalsearch.com/site/petalbot)', 18, NULL),
(857, '2023-12-20 23:03:07.672000', '52.167.144.185', 'k9s37vg6tad1vysylxztf0oe1225qdzq', 'Mozilla/5.0 AppleWebKit/537.36 (KHTML, like Gecko; compatible; bingbot/2.0; +http://www.bing.com/bingbot.htm) Chrome/116.0.1938.76 Safari/537.36', 33, NULL),
(858, '2023-12-20 23:13:28.556000', '51.222.253.3', 'jdc7em8a3bc0av7t7i75vidbm1tncqw0', 'Mozilla/5.0 (compatible; AhrefsBot/7.0; +http://ahrefs.com/robot/)', 27, NULL),
(859, '2023-12-21 04:07:38.492000', '114.119.137.180', 'ci4ekefkpv4x3wqm3d99rkt07tfvuwwf', 'Mozilla/5.0 (Linux; Android 7.0;) AppleWebKit/537.36 (KHTML, like Gecko) Mobile Safari/537.36 (compatible; PetalBot;+https://webmaster.petalsearch.com/site/petalbot)', 24, NULL),
(860, '2023-12-21 22:26:58.556000', '114.119.132.159', 'y7qz45ppvjxku4j5ruahgkmijah6w3l8', 'Mozilla/5.0 (Linux; Android 7.0;) AppleWebKit/537.36 (KHTML, like Gecko) Mobile Safari/537.36 (compatible; PetalBot;+https://webmaster.petalsearch.com/site/petalbot)', 26, NULL),
(861, '2023-12-22 00:57:38.311000', '51.222.253.12', 's6qk63udv332ocyo94b3cf5w59zoh18v', 'Mozilla/5.0 (compatible; AhrefsBot/7.0; +http://ahrefs.com/robot/)', 26, NULL),
(862, '2023-12-22 06:35:03.005000', '47.128.57.183', 'fwsx1ot0nk0uavnn7mst5puvif7pvn0g', 'Mozilla/5.0 (compatible; Bytespider; spider-feedback@bytedance.com) AppleWebKit/537.36 (KHTML, like Gecko) Chrome/70.0.0.0 Safari/537.36', 23, NULL),
(863, '2023-12-22 08:54:54.542000', '51.222.253.2', 'g2u0b2fd5kvpsdahwkhnzy6nstnucah5', 'Mozilla/5.0 (compatible; AhrefsBot/7.0; +http://ahrefs.com/robot/)', 33, NULL),
(864, '2023-12-22 09:37:32.882000', '85.208.96.199', 'f078zt21lo4vvnn00i8mnsnppban0xto', 'Mozilla/5.0 (compatible; SemrushBot/7~bl; +http://www.semrush.com/bot.html)', 31, NULL),
(865, '2023-12-22 10:01:20.218000', '185.191.171.16', '2dnf8mb975jg00lvk41gb4p4yeumdnwg', 'Mozilla/5.0 (compatible; SemrushBot/7~bl; +http://www.semrush.com/bot.html)', 17, NULL),
(866, '2023-12-22 10:55:32.575000', '216.244.66.238', 'zdcsh8wzq09jdroa0oo6bpgzmoumnx8q', 'Mozilla/5.0 (compatible; DotBot/1.2; +https://opensiteexplorer.org/dotbot; help@moz.com)', 22, NULL),
(867, '2023-12-22 11:39:01.317000', '85.208.96.196', 'glz4nf49az8e85n4937leu12hokmcx0m', 'Mozilla/5.0 (compatible; SemrushBot/7~bl; +http://www.semrush.com/bot.html)', 23, NULL),
(868, '2023-12-22 12:19:54.052000', '85.208.96.209', 'li0gj1mnh3gkeg9ggjxkjk5y25lobk3u', 'Mozilla/5.0 (compatible; SemrushBot/7~bl; +http://www.semrush.com/bot.html)', 15, NULL),
(869, '2023-12-22 13:37:24.595000', '51.222.253.16', 'q70f5v2dpsxi0f0h8k8qceujuvri99ov', 'Mozilla/5.0 (compatible; AhrefsBot/7.0; +http://ahrefs.com/robot/)', 18, NULL),
(870, '2023-12-22 13:41:42.389000', '85.208.96.196', '8ud5x7ecy4cvbfaqnbo02a07kaqorrut', 'Mozilla/5.0 (compatible; SemrushBot/7~bl; +http://www.semrush.com/bot.html)', 25, NULL),
(871, '2023-12-22 14:55:31.291000', '185.191.171.11', 'ywnr182ofja5wky08vmd0bnycbea4oik', 'Mozilla/5.0 (compatible; SemrushBot/7~bl; +http://www.semrush.com/bot.html)', 26, NULL),
(872, '2023-12-22 15:50:59.477000', '51.222.253.4', 'bzoo1zq8xrqlstq0ev70wndmaei8s2dl', 'Mozilla/5.0 (compatible; AhrefsBot/7.0; +http://ahrefs.com/robot/)', 25, NULL),
(873, '2023-12-22 16:06:09.868000', '85.208.96.203', 'lco9187yljze57r8oerzmvxoh963a6rd', 'Mozilla/5.0 (compatible; SemrushBot/7~bl; +http://www.semrush.com/bot.html)', 13, NULL),
(874, '2023-12-22 16:54:56.955000', '51.222.253.7', 'so2mldqvbrmbd7nkbfzlohx3jdgl62f8', 'Mozilla/5.0 (compatible; AhrefsBot/7.0; +http://ahrefs.com/robot/)', 22, NULL),
(875, '2023-12-22 17:54:34.383000', '51.222.253.4', 'fiztbri1uej6bozolqy7rjnbc8jvnzto', 'Mozilla/5.0 (compatible; AhrefsBot/7.0; +http://ahrefs.com/robot/)', 31, NULL),
(876, '2023-12-22 20:13:23.619000', '185.191.171.2', '48j88ugsmpk7eu66tvzyxk9z5z1und9d', 'Mozilla/5.0 (compatible; SemrushBot/7~bl; +http://www.semrush.com/bot.html)', 20, NULL),
(877, '2023-12-22 23:59:52.502000', '85.208.96.199', 'jkeolhbprua0cq86x9z2gbahztknv90s', 'Mozilla/5.0 (compatible; SemrushBot/7~bl; +http://www.semrush.com/bot.html)', 21, NULL),
(878, '2023-12-23 00:35:16.496000', '85.208.96.206', 'lv7939i7vi3crx7i5i3zbxvx7o9ab7s3', 'Mozilla/5.0 (compatible; SemrushBot/7~bl; +http://www.semrush.com/bot.html)', 18, NULL),
(879, '2023-12-23 00:49:09.342000', '185.191.171.12', '5p9wnco9yee5rv3exr3oxeir1y7hu27c', 'Mozilla/5.0 (compatible; SemrushBot/7~bl; +http://www.semrush.com/bot.html)', 24, NULL),
(880, '2023-12-23 01:18:23.897000', '85.208.96.205', 'ftztdb6aavwzbjrfjczibdxbhlsc5851', 'Mozilla/5.0 (compatible; SemrushBot/7~bl; +http://www.semrush.com/bot.html)', 16, NULL),
(881, '2023-12-23 02:19:20.260000', '216.244.66.238', 'avqk9xr6qhda0xujbkgbi7dmvwg9hw0u', 'Mozilla/5.0 (compatible; DotBot/1.2; +https://opensiteexplorer.org/dotbot; help@moz.com)', 24, NULL),
(882, '2023-12-23 02:49:15.178000', '185.191.171.5', 'hsxmdgjlq65rnure8wbwrtrj2pxr2wjd', 'Mozilla/5.0 (compatible; SemrushBot/7~bl; +http://www.semrush.com/bot.html)', 22, NULL),
(883, '2023-12-23 03:04:14.141000', '185.191.171.5', '2brgek518bvaig3zckka27m0vznu8ncr', 'Mozilla/5.0 (compatible; SemrushBot/7~bl; +http://www.semrush.com/bot.html)', 14, NULL),
(884, '2023-12-23 05:40:58.970000', '185.191.171.11', 'eo36hy0i2kcw2mivmuy9ouxz9yxhzyb4', 'Mozilla/5.0 (compatible; SemrushBot/7~bl; +http://www.semrush.com/bot.html)', 19, NULL),
(885, '2023-12-23 06:28:47.530000', '85.208.96.203', '9keeaedseqa510w9z5arpy1jootg6h4j', 'Mozilla/5.0 (compatible; SemrushBot/7~bl; +http://www.semrush.com/bot.html)', 33, NULL),
(886, '2023-12-23 06:59:32.323000', '85.208.96.210', 'pvlnl5x2x0x7ufmut26dhdr6hp1ridpl', 'Mozilla/5.0 (compatible; SemrushBot/7~bl; +http://www.semrush.com/bot.html)', 27, NULL),
(887, '2023-12-23 10:21:14.849000', '185.191.171.9', 'oxx9kbhlm72da67mgkqmjsywhvdkweyn', 'Mozilla/5.0 (compatible; SemrushBot/7~bl; +http://www.semrush.com/bot.html)', 34, NULL),
(888, '2023-12-23 11:41:26.549000', '107.158.200.115', 'b3rj7zjnz4exe1i9hvz9809x5kmput00', 'Mozilla/5.0 (Windows NT 10.0; Win64; x64; rv:114.0) Gecko/20100101 Firefox/114.0', 49, NULL),
(889, '2023-12-23 11:41:33.134000', '107.158.200.115', 'b3rj7zjnz4exe1i9hvz9809x5kmput00', 'Mozilla/5.0 (Windows NT 10.0; Win64; x64; rv:114.0) Gecko/20100101 Firefox/114.0', 50, NULL),
(890, '2023-12-23 11:41:36.263000', '107.158.200.115', 'b3rj7zjnz4exe1i9hvz9809x5kmput00', 'Mozilla/5.0 (Windows NT 10.0; Win64; x64; rv:114.0) Gecko/20100101 Firefox/114.0', 23, NULL),
(891, '2023-12-23 11:41:42.565000', '107.158.200.115', 'b3rj7zjnz4exe1i9hvz9809x5kmput00', 'Mozilla/5.0 (Windows NT 10.0; Win64; x64; rv:114.0) Gecko/20100101 Firefox/114.0', 13, NULL),
(892, '2023-12-23 11:41:48.966000', '107.158.200.115', 'b3rj7zjnz4exe1i9hvz9809x5kmput00', 'Mozilla/5.0 (Windows NT 10.0; Win64; x64; rv:114.0) Gecko/20100101 Firefox/114.0', 32, NULL),
(893, '2023-12-23 11:41:52.129000', '107.158.200.115', 'b3rj7zjnz4exe1i9hvz9809x5kmput00', 'Mozilla/5.0 (Windows NT 10.0; Win64; x64; rv:114.0) Gecko/20100101 Firefox/114.0', 15, NULL),
(894, '2023-12-23 11:41:55.346000', '107.158.200.115', 'b3rj7zjnz4exe1i9hvz9809x5kmput00', 'Mozilla/5.0 (Windows NT 10.0; Win64; x64; rv:114.0) Gecko/20100101 Firefox/114.0', 17, NULL),
(895, '2023-12-23 11:41:58.569000', '107.158.200.115', 'b3rj7zjnz4exe1i9hvz9809x5kmput00', 'Mozilla/5.0 (Windows NT 10.0; Win64; x64; rv:114.0) Gecko/20100101 Firefox/114.0', 21, NULL),
(896, '2023-12-23 11:42:01.741000', '107.158.200.115', 'b3rj7zjnz4exe1i9hvz9809x5kmput00', 'Mozilla/5.0 (Windows NT 10.0; Win64; x64; rv:114.0) Gecko/20100101 Firefox/114.0', 16, NULL),
(897, '2023-12-23 11:42:05.044000', '107.158.200.115', 'b3rj7zjnz4exe1i9hvz9809x5kmput00', 'Mozilla/5.0 (Windows NT 10.0; Win64; x64; rv:114.0) Gecko/20100101 Firefox/114.0', 14, NULL),
(898, '2023-12-23 11:42:11.589000', '107.158.200.115', 'b3rj7zjnz4exe1i9hvz9809x5kmput00', 'Mozilla/5.0 (Windows NT 10.0; Win64; x64; rv:114.0) Gecko/20100101 Firefox/114.0', 19, NULL),
(899, '2023-12-23 11:42:14.717000', '107.158.200.115', 'b3rj7zjnz4exe1i9hvz9809x5kmput00', 'Mozilla/5.0 (Windows NT 10.0; Win64; x64; rv:114.0) Gecko/20100101 Firefox/114.0', 20, NULL),
(900, '2023-12-23 11:42:21.325000', '107.158.200.115', 'b3rj7zjnz4exe1i9hvz9809x5kmput00', 'Mozilla/5.0 (Windows NT 10.0; Win64; x64; rv:114.0) Gecko/20100101 Firefox/114.0', 27, NULL),
(901, '2023-12-23 11:42:24.931000', '38.153.116.30', 'b3rj7zjnz4exe1i9hvz9809x5kmput00', 'Mozilla/5.0 (Windows NT 10.0; Win64; x64; rv:114.0) Gecko/20100101 Firefox/114.0', 4, NULL),
(902, '2023-12-23 11:42:35.052000', '107.158.200.115', 'b3rj7zjnz4exe1i9hvz9809x5kmput00', 'Mozilla/5.0 (Windows NT 10.0; Win64; x64; rv:114.0) Gecko/20100101 Firefox/114.0', 49, NULL),
(903, '2023-12-23 11:42:41.652000', '107.158.200.115', 'b3rj7zjnz4exe1i9hvz9809x5kmput00', 'Mozilla/5.0 (Windows NT 10.0; Win64; x64; rv:114.0) Gecko/20100101 Firefox/114.0', 50, NULL),
(904, '2023-12-23 11:42:44.825000', '107.158.200.115', 'b3rj7zjnz4exe1i9hvz9809x5kmput00', 'Mozilla/5.0 (Windows NT 10.0; Win64; x64; rv:114.0) Gecko/20100101 Firefox/114.0', 23, NULL),
(905, '2023-12-23 11:42:51.218000', '107.158.200.115', 'b3rj7zjnz4exe1i9hvz9809x5kmput00', 'Mozilla/5.0 (Windows NT 10.0; Win64; x64; rv:114.0) Gecko/20100101 Firefox/114.0', 13, NULL),
(906, '2023-12-23 11:42:57.584000', '107.158.200.115', 'b3rj7zjnz4exe1i9hvz9809x5kmput00', 'Mozilla/5.0 (Windows NT 10.0; Win64; x64; rv:114.0) Gecko/20100101 Firefox/114.0', 32, NULL),
(907, '2023-12-23 11:43:00.849000', '107.158.200.115', 'b3rj7zjnz4exe1i9hvz9809x5kmput00', 'Mozilla/5.0 (Windows NT 10.0; Win64; x64; rv:114.0) Gecko/20100101 Firefox/114.0', 15, NULL),
(908, '2023-12-23 11:43:04.016000', '107.158.200.115', 'b3rj7zjnz4exe1i9hvz9809x5kmput00', 'Mozilla/5.0 (Windows NT 10.0; Win64; x64; rv:114.0) Gecko/20100101 Firefox/114.0', 17, NULL),
(909, '2023-12-23 11:43:07.257000', '107.158.200.115', 'b3rj7zjnz4exe1i9hvz9809x5kmput00', 'Mozilla/5.0 (Windows NT 10.0; Win64; x64; rv:114.0) Gecko/20100101 Firefox/114.0', 21, NULL),
(910, '2023-12-23 11:43:10.414000', '107.158.200.115', 'b3rj7zjnz4exe1i9hvz9809x5kmput00', 'Mozilla/5.0 (Windows NT 10.0; Win64; x64; rv:114.0) Gecko/20100101 Firefox/114.0', 16, NULL),
(911, '2023-12-23 11:43:13.605000', '107.158.200.115', 'b3rj7zjnz4exe1i9hvz9809x5kmput00', 'Mozilla/5.0 (Windows NT 10.0; Win64; x64; rv:114.0) Gecko/20100101 Firefox/114.0', 14, NULL),
(912, '2023-12-23 11:43:20.114000', '107.158.200.115', 'b3rj7zjnz4exe1i9hvz9809x5kmput00', 'Mozilla/5.0 (Windows NT 10.0; Win64; x64; rv:114.0) Gecko/20100101 Firefox/114.0', 19, NULL),
(913, '2023-12-23 11:43:23.392000', '107.158.200.115', 'b3rj7zjnz4exe1i9hvz9809x5kmput00', 'Mozilla/5.0 (Windows NT 10.0; Win64; x64; rv:114.0) Gecko/20100101 Firefox/114.0', 20, NULL),
(914, '2023-12-23 11:43:29.749000', '107.158.200.115', 'b3rj7zjnz4exe1i9hvz9809x5kmput00', 'Mozilla/5.0 (Windows NT 10.0; Win64; x64; rv:114.0) Gecko/20100101 Firefox/114.0', 27, NULL),
(915, '2023-12-23 18:27:22.001000', '216.244.66.238', 'fc7qu4tb6qyfxeaki0hlfgkhgzvdzvqx', 'Mozilla/5.0 (compatible; DotBot/1.2; +https://opensiteexplorer.org/dotbot; help@moz.com)', 31, NULL),
(916, '2023-12-23 21:01:05.776000', '216.244.66.238', '7pe1mn0c02gmoj84jbi55c832novynou', 'Mozilla/5.0 (compatible; DotBot/1.2; +https://opensiteexplorer.org/dotbot; help@moz.com)', 21, NULL),
(917, '2023-12-24 03:19:33.022000', '154.21.223.232', 'lwm8e7cj58qy68frykr854ruu7jlpa85', 'Mozilla/5.0 (Windows NT 10.0; Win64; x64; rv:114.0) Gecko/20100101 Firefox/114.0', 49, NULL),
(918, '2023-12-24 03:19:40.565000', '154.21.223.232', 'lwm8e7cj58qy68frykr854ruu7jlpa85', 'Mozilla/5.0 (Windows NT 10.0; Win64; x64; rv:114.0) Gecko/20100101 Firefox/114.0', 50, NULL),
(919, '2023-12-24 03:19:44.198000', '154.21.223.232', 'lwm8e7cj58qy68frykr854ruu7jlpa85', 'Mozilla/5.0 (Windows NT 10.0; Win64; x64; rv:114.0) Gecko/20100101 Firefox/114.0', 23, NULL),
(920, '2023-12-24 03:19:52.019000', '154.21.223.232', 'lwm8e7cj58qy68frykr854ruu7jlpa85', 'Mozilla/5.0 (Windows NT 10.0; Win64; x64; rv:114.0) Gecko/20100101 Firefox/114.0', 13, NULL),
(921, '2023-12-24 03:19:58.822000', '154.21.223.232', 'lwm8e7cj58qy68frykr854ruu7jlpa85', 'Mozilla/5.0 (Windows NT 10.0; Win64; x64; rv:114.0) Gecko/20100101 Firefox/114.0', 32, NULL),
(922, '2023-12-24 03:20:02.306000', '154.21.223.232', 'lwm8e7cj58qy68frykr854ruu7jlpa85', 'Mozilla/5.0 (Windows NT 10.0; Win64; x64; rv:114.0) Gecko/20100101 Firefox/114.0', 15, NULL),
(923, '2023-12-24 03:20:05.604000', '154.21.223.232', 'lwm8e7cj58qy68frykr854ruu7jlpa85', 'Mozilla/5.0 (Windows NT 10.0; Win64; x64; rv:114.0) Gecko/20100101 Firefox/114.0', 17, NULL),
(924, '2023-12-24 03:20:08.838000', '154.21.223.232', 'lwm8e7cj58qy68frykr854ruu7jlpa85', 'Mozilla/5.0 (Windows NT 10.0; Win64; x64; rv:114.0) Gecko/20100101 Firefox/114.0', 21, NULL),
(925, '2023-12-24 03:20:12.243000', '154.21.223.232', 'lwm8e7cj58qy68frykr854ruu7jlpa85', 'Mozilla/5.0 (Windows NT 10.0; Win64; x64; rv:114.0) Gecko/20100101 Firefox/114.0', 16, NULL),
(926, '2023-12-24 03:20:16.745000', '154.21.223.232', 'lwm8e7cj58qy68frykr854ruu7jlpa85', 'Mozilla/5.0 (Windows NT 10.0; Win64; x64; rv:114.0) Gecko/20100101 Firefox/114.0', 14, NULL),
(927, '2023-12-24 03:20:24.281000', '154.21.223.232', 'lwm8e7cj58qy68frykr854ruu7jlpa85', 'Mozilla/5.0 (Windows NT 10.0; Win64; x64; rv:114.0) Gecko/20100101 Firefox/114.0', 19, NULL),
(928, '2023-12-24 03:20:27.856000', '154.21.223.232', 'lwm8e7cj58qy68frykr854ruu7jlpa85', 'Mozilla/5.0 (Windows NT 10.0; Win64; x64; rv:114.0) Gecko/20100101 Firefox/114.0', 20, NULL),
(929, '2023-12-24 03:20:35.447000', '154.21.223.232', 'lwm8e7cj58qy68frykr854ruu7jlpa85', 'Mozilla/5.0 (Windows NT 10.0; Win64; x64; rv:114.0) Gecko/20100101 Firefox/114.0', 27, NULL);
INSERT INTO `hitcount_hit` (`id`, `created`, `ip`, `session`, `user_agent`, `hitcount_id`, `user_id`) VALUES
(930, '2023-12-24 03:20:38.011000', '38.154.99.168', 'lwm8e7cj58qy68frykr854ruu7jlpa85', 'Mozilla/5.0 (Windows NT 10.0; Win64; x64; rv:114.0) Gecko/20100101 Firefox/114.0', 4, NULL),
(931, '2023-12-24 03:20:48.238000', '154.21.223.232', 'lwm8e7cj58qy68frykr854ruu7jlpa85', 'Mozilla/5.0 (Windows NT 10.0; Win64; x64; rv:114.0) Gecko/20100101 Firefox/114.0', 49, NULL),
(932, '2023-12-24 03:20:55.555000', '154.21.223.232', 'lwm8e7cj58qy68frykr854ruu7jlpa85', 'Mozilla/5.0 (Windows NT 10.0; Win64; x64; rv:114.0) Gecko/20100101 Firefox/114.0', 50, NULL),
(933, '2023-12-24 03:20:58.875000', '154.21.223.232', 'lwm8e7cj58qy68frykr854ruu7jlpa85', 'Mozilla/5.0 (Windows NT 10.0; Win64; x64; rv:114.0) Gecko/20100101 Firefox/114.0', 23, NULL),
(934, '2023-12-24 03:21:05.280000', '154.21.223.232', 'lwm8e7cj58qy68frykr854ruu7jlpa85', 'Mozilla/5.0 (Windows NT 10.0; Win64; x64; rv:114.0) Gecko/20100101 Firefox/114.0', 13, NULL),
(935, '2023-12-24 03:21:11.384000', '154.21.223.232', 'lwm8e7cj58qy68frykr854ruu7jlpa85', 'Mozilla/5.0 (Windows NT 10.0; Win64; x64; rv:114.0) Gecko/20100101 Firefox/114.0', 32, NULL),
(936, '2023-12-24 03:21:14.732000', '154.21.223.232', 'lwm8e7cj58qy68frykr854ruu7jlpa85', 'Mozilla/5.0 (Windows NT 10.0; Win64; x64; rv:114.0) Gecko/20100101 Firefox/114.0', 15, NULL),
(937, '2023-12-24 03:21:17.835000', '154.21.223.232', 'lwm8e7cj58qy68frykr854ruu7jlpa85', 'Mozilla/5.0 (Windows NT 10.0; Win64; x64; rv:114.0) Gecko/20100101 Firefox/114.0', 17, NULL),
(938, '2023-12-24 03:21:20.895000', '154.21.223.232', 'lwm8e7cj58qy68frykr854ruu7jlpa85', 'Mozilla/5.0 (Windows NT 10.0; Win64; x64; rv:114.0) Gecko/20100101 Firefox/114.0', 21, NULL),
(939, '2023-12-24 03:21:24.010000', '154.21.223.232', 'lwm8e7cj58qy68frykr854ruu7jlpa85', 'Mozilla/5.0 (Windows NT 10.0; Win64; x64; rv:114.0) Gecko/20100101 Firefox/114.0', 16, NULL),
(940, '2023-12-24 03:21:27.529000', '154.21.223.232', 'lwm8e7cj58qy68frykr854ruu7jlpa85', 'Mozilla/5.0 (Windows NT 10.0; Win64; x64; rv:114.0) Gecko/20100101 Firefox/114.0', 14, NULL),
(941, '2023-12-24 03:21:34.055000', '154.21.223.232', 'lwm8e7cj58qy68frykr854ruu7jlpa85', 'Mozilla/5.0 (Windows NT 10.0; Win64; x64; rv:114.0) Gecko/20100101 Firefox/114.0', 19, NULL),
(942, '2023-12-24 03:21:37.240000', '154.21.223.232', 'lwm8e7cj58qy68frykr854ruu7jlpa85', 'Mozilla/5.0 (Windows NT 10.0; Win64; x64; rv:114.0) Gecko/20100101 Firefox/114.0', 20, NULL),
(943, '2023-12-24 03:21:43.979000', '154.21.223.232', 'lwm8e7cj58qy68frykr854ruu7jlpa85', 'Mozilla/5.0 (Windows NT 10.0; Win64; x64; rv:114.0) Gecko/20100101 Firefox/114.0', 27, NULL),
(944, '2023-12-24 07:14:23.880000', '46.102.159.27', '98a5pwf7u69ees96sw07masi6swqlzqz', 'Mozilla/5.0 (Windows NT 10.0; Win64; x64; rv:114.0) Gecko/20100101 Firefox/114.0', 49, NULL),
(945, '2023-12-24 07:14:29.901000', '46.102.159.27', '98a5pwf7u69ees96sw07masi6swqlzqz', 'Mozilla/5.0 (Windows NT 10.0; Win64; x64; rv:114.0) Gecko/20100101 Firefox/114.0', 50, NULL),
(946, '2023-12-24 07:14:34.442000', '46.102.159.27', '98a5pwf7u69ees96sw07masi6swqlzqz', 'Mozilla/5.0 (Windows NT 10.0; Win64; x64; rv:114.0) Gecko/20100101 Firefox/114.0', 23, NULL),
(947, '2023-12-24 07:14:49.395000', '46.102.159.27', '98a5pwf7u69ees96sw07masi6swqlzqz', 'Mozilla/5.0 (Windows NT 10.0; Win64; x64; rv:114.0) Gecko/20100101 Firefox/114.0', 13, NULL),
(948, '2023-12-24 07:14:55.465000', '46.102.159.27', '98a5pwf7u69ees96sw07masi6swqlzqz', 'Mozilla/5.0 (Windows NT 10.0; Win64; x64; rv:114.0) Gecko/20100101 Firefox/114.0', 32, NULL),
(949, '2023-12-24 07:14:56.991000', '46.102.159.27', '98a5pwf7u69ees96sw07masi6swqlzqz', 'Mozilla/5.0 (Windows NT 10.0; Win64; x64; rv:114.0) Gecko/20100101 Firefox/114.0', 15, NULL),
(950, '2023-12-24 07:15:01.583000', '46.102.159.27', '98a5pwf7u69ees96sw07masi6swqlzqz', 'Mozilla/5.0 (Windows NT 10.0; Win64; x64; rv:114.0) Gecko/20100101 Firefox/114.0', 17, NULL),
(951, '2023-12-24 07:15:03.227000', '46.102.159.27', '98a5pwf7u69ees96sw07masi6swqlzqz', 'Mozilla/5.0 (Windows NT 10.0; Win64; x64; rv:114.0) Gecko/20100101 Firefox/114.0', 21, NULL),
(952, '2023-12-24 07:15:04.600000', '46.102.159.27', '98a5pwf7u69ees96sw07masi6swqlzqz', 'Mozilla/5.0 (Windows NT 10.0; Win64; x64; rv:114.0) Gecko/20100101 Firefox/114.0', 16, NULL),
(953, '2023-12-24 07:15:09.175000', '46.102.159.27', '98a5pwf7u69ees96sw07masi6swqlzqz', 'Mozilla/5.0 (Windows NT 10.0; Win64; x64; rv:114.0) Gecko/20100101 Firefox/114.0', 14, NULL),
(954, '2023-12-24 07:15:21.355000', '46.102.159.27', '98a5pwf7u69ees96sw07masi6swqlzqz', 'Mozilla/5.0 (Windows NT 10.0; Win64; x64; rv:114.0) Gecko/20100101 Firefox/114.0', 19, NULL),
(955, '2023-12-24 07:15:25.895000', '46.102.159.27', '98a5pwf7u69ees96sw07masi6swqlzqz', 'Mozilla/5.0 (Windows NT 10.0; Win64; x64; rv:114.0) Gecko/20100101 Firefox/114.0', 20, NULL),
(956, '2023-12-24 07:15:28.867000', '46.102.159.27', '98a5pwf7u69ees96sw07masi6swqlzqz', 'Mozilla/5.0 (Windows NT 10.0; Win64; x64; rv:114.0) Gecko/20100101 Firefox/114.0', 27, NULL),
(957, '2023-12-24 07:15:30.956000', '188.65.17.178', '98a5pwf7u69ees96sw07masi6swqlzqz', 'Mozilla/5.0 (Windows NT 10.0; Win64; x64; rv:114.0) Gecko/20100101 Firefox/114.0', 4, NULL),
(958, '2023-12-24 07:15:36.217000', '46.102.159.27', '98a5pwf7u69ees96sw07masi6swqlzqz', 'Mozilla/5.0 (Windows NT 10.0; Win64; x64; rv:114.0) Gecko/20100101 Firefox/114.0', 49, NULL),
(959, '2023-12-24 07:15:43.167000', '46.102.159.27', '98a5pwf7u69ees96sw07masi6swqlzqz', 'Mozilla/5.0 (Windows NT 10.0; Win64; x64; rv:114.0) Gecko/20100101 Firefox/114.0', 50, NULL),
(960, '2023-12-24 07:15:44.693000', '46.102.159.27', '98a5pwf7u69ees96sw07masi6swqlzqz', 'Mozilla/5.0 (Windows NT 10.0; Win64; x64; rv:114.0) Gecko/20100101 Firefox/114.0', 23, NULL),
(961, '2023-12-24 07:15:51.378000', '46.102.159.27', '98a5pwf7u69ees96sw07masi6swqlzqz', 'Mozilla/5.0 (Windows NT 10.0; Win64; x64; rv:114.0) Gecko/20100101 Firefox/114.0', 13, NULL),
(962, '2023-12-24 07:15:57.243000', '46.102.159.27', '98a5pwf7u69ees96sw07masi6swqlzqz', 'Mozilla/5.0 (Windows NT 10.0; Win64; x64; rv:114.0) Gecko/20100101 Firefox/114.0', 32, NULL),
(963, '2023-12-24 07:16:04.779000', '46.102.159.27', '98a5pwf7u69ees96sw07masi6swqlzqz', 'Mozilla/5.0 (Windows NT 10.0; Win64; x64; rv:114.0) Gecko/20100101 Firefox/114.0', 15, NULL),
(964, '2023-12-24 07:16:18.326000', '46.102.159.27', '98a5pwf7u69ees96sw07masi6swqlzqz', 'Mozilla/5.0 (Windows NT 10.0; Win64; x64; rv:114.0) Gecko/20100101 Firefox/114.0', 17, NULL),
(965, '2023-12-24 07:16:22.863000', '46.102.159.27', '98a5pwf7u69ees96sw07masi6swqlzqz', 'Mozilla/5.0 (Windows NT 10.0; Win64; x64; rv:114.0) Gecko/20100101 Firefox/114.0', 21, NULL),
(966, '2023-12-24 07:16:30.286000', '46.102.159.27', '98a5pwf7u69ees96sw07masi6swqlzqz', 'Mozilla/5.0 (Windows NT 10.0; Win64; x64; rv:114.0) Gecko/20100101 Firefox/114.0', 16, NULL),
(967, '2023-12-24 07:16:31.793000', '46.102.159.27', '98a5pwf7u69ees96sw07masi6swqlzqz', 'Mozilla/5.0 (Windows NT 10.0; Win64; x64; rv:114.0) Gecko/20100101 Firefox/114.0', 14, NULL),
(968, '2023-12-24 07:16:37.812000', '46.102.159.27', '98a5pwf7u69ees96sw07masi6swqlzqz', 'Mozilla/5.0 (Windows NT 10.0; Win64; x64; rv:114.0) Gecko/20100101 Firefox/114.0', 19, NULL),
(969, '2023-12-24 07:16:39.336000', '46.102.159.27', '98a5pwf7u69ees96sw07masi6swqlzqz', 'Mozilla/5.0 (Windows NT 10.0; Win64; x64; rv:114.0) Gecko/20100101 Firefox/114.0', 20, NULL),
(970, '2023-12-24 07:16:45.373000', '46.102.159.27', '98a5pwf7u69ees96sw07masi6swqlzqz', 'Mozilla/5.0 (Windows NT 10.0; Win64; x64; rv:114.0) Gecko/20100101 Firefox/114.0', 27, NULL),
(971, '2023-12-24 09:33:51.392000', '216.244.66.238', '8uj7yoi9n5rbx3yay8nsv9j367b32wg9', 'Mozilla/5.0 (compatible; DotBot/1.2; +https://opensiteexplorer.org/dotbot; help@moz.com)', 49, NULL),
(972, '2023-12-24 10:06:18.470000', '216.244.66.238', 'vda8l4qqzjqqjyixxv991f7xg7deri8u', 'Mozilla/5.0 (compatible; DotBot/1.2; +https://opensiteexplorer.org/dotbot; help@moz.com)', 49, NULL),
(973, '2023-12-24 10:40:24.845000', '216.244.66.238', '89534wp89fzgnqgze8j8fkxfq2az1uqg', 'Mozilla/5.0 (compatible; DotBot/1.2; +https://opensiteexplorer.org/dotbot; help@moz.com)', 49, NULL),
(974, '2023-12-24 11:14:24.925000', '216.244.66.238', '73j44ofhqas1v9vh5p672rhh7q5owosh', 'Mozilla/5.0 (compatible; DotBot/1.2; +https://opensiteexplorer.org/dotbot; help@moz.com)', 49, NULL),
(975, '2023-12-24 17:51:38.423000', '114.119.129.25', '1n8g6e007uriykhcww21zy9lpjma2ujv', 'Mozilla/5.0 (Linux; Android 7.0;) AppleWebKit/537.36 (KHTML, like Gecko) Mobile Safari/537.36 (compatible; PetalBot;+https://webmaster.petalsearch.com/site/petalbot)', 25, NULL),
(976, '2023-12-25 06:04:00.381000', '40.77.167.255', 'w0uk9rmu6d06sxsxo5xrxwj8oieupt99', 'Mozilla/5.0 AppleWebKit/537.36 (KHTML, like Gecko; compatible; bingbot/2.0; +http://www.bing.com/bingbot.htm) Chrome/116.0.1938.76 Safari/537.36', 14, NULL),
(977, '2023-12-25 09:03:21.451000', '216.244.66.238', '29zlaapoythuuvvak8ealuajslec89pp', 'Mozilla/5.0 (compatible; DotBot/1.2; +https://opensiteexplorer.org/dotbot; help@moz.com)', 19, NULL),
(978, '2023-12-25 09:38:23.905000', '216.244.66.238', '3u1w4ykpl3uztr18ijtgz9a62ihdckbm', 'Mozilla/5.0 (compatible; DotBot/1.2; +https://opensiteexplorer.org/dotbot; help@moz.com)', 19, NULL),
(979, '2023-12-25 16:00:55.604000', '216.244.66.238', 'o85hym5rktyu4tom4jy64ebpqi8zcibb', 'Mozilla/5.0 (compatible; DotBot/1.2; +https://opensiteexplorer.org/dotbot; help@moz.com)', 14, NULL),
(980, '2023-12-25 21:24:20.768000', '216.244.66.238', 't983pbtin7sxo7atdo8weut6ly3zzo3l', 'Mozilla/5.0 (compatible; DotBot/1.2; +https://opensiteexplorer.org/dotbot; help@moz.com)', 32, NULL),
(981, '2023-12-25 21:32:44.779000', '52.167.144.137', 'ieox5a4cvdpar4nhngxzkxjeikkoqqm0', 'Mozilla/5.0 AppleWebKit/537.36 (KHTML, like Gecko; compatible; bingbot/2.0; +http://www.bing.com/bingbot.htm) Chrome/116.0.1938.76 Safari/537.36', 34, NULL),
(982, '2023-12-25 21:59:16.495000', '216.244.66.238', '3jfr3tz1d43a20ge60lqjwyjj8zrrkfh', 'Mozilla/5.0 (compatible; DotBot/1.2; +https://opensiteexplorer.org/dotbot; help@moz.com)', 32, NULL),
(983, '2023-12-26 01:57:35.436000', '216.244.66.238', '1efigbq56s39c1cyfx0kz6pvd8i7dslb', 'Mozilla/5.0 (compatible; DotBot/1.2; +https://opensiteexplorer.org/dotbot; help@moz.com)', 26, NULL),
(984, '2023-12-26 13:06:20.744000', '114.119.155.180', '1c3cft4be6l1i243i3y7ab5dbxiflnko', 'Mozilla/5.0 (Linux; Android 7.0;) AppleWebKit/537.36 (KHTML, like Gecko) Mobile Safari/537.36 (compatible; PetalBot;+https://webmaster.petalsearch.com/site/petalbot)', 34, NULL),
(985, '2023-12-27 00:57:50.364000', '51.222.253.13', '0hv7fo33uiu3hmgvibr3gpnc0eualb7l', 'Mozilla/5.0 (compatible; AhrefsBot/7.0; +http://ahrefs.com/robot/)', 24, NULL),
(986, '2023-12-27 03:21:22.340000', '114.119.137.249', 'x04qpjis3odcqdvca2nzdh20glp8l7fc', 'Mozilla/5.0 (Linux; Android 7.0;) AppleWebKit/537.36 (KHTML, like Gecko) Mobile Safari/537.36 (compatible; PetalBot;+https://webmaster.petalsearch.com/site/petalbot)', 31, NULL),
(987, '2023-12-27 03:49:50.151000', '51.222.253.3', 'g8xev3unvumyksi9j5jll8renx6etd8k', 'Mozilla/5.0 (compatible; AhrefsBot/7.0; +http://ahrefs.com/robot/)', 34, NULL),
(988, '2023-12-27 04:15:30.850000', '216.244.66.238', 'vqi78z32u89voqg60hf6kuc8su9ezl1i', 'Mozilla/5.0 (compatible; DotBot/1.2; +https://opensiteexplorer.org/dotbot; help@moz.com)', 17, NULL),
(989, '2023-12-27 08:10:22.315000', '47.128.118.33', 'w7d6ocqkd3dku6wce7ugroo2czvzwwaq', 'Mozilla/5.0 (compatible; Bytespider; spider-feedback@bytedance.com) AppleWebKit/537.36 (KHTML, like Gecko) Chrome/70.0.0.0 Safari/537.36', 20, NULL),
(990, '2023-12-28 03:06:01.979000', '47.128.18.245', 'meinrq619f55oqp4iyydl6ecag3ntn25', 'Mozilla/5.0 (compatible; Bytespider; spider-feedback@bytedance.com) AppleWebKit/537.36 (KHTML, like Gecko) Chrome/70.0.0.0 Safari/537.36', 31, NULL),
(991, '2023-12-28 09:19:00.326000', '47.128.112.150', '1wwgxla82rxioaehlfd06vxalwn53y76', 'Mozilla/5.0 (compatible; Bytespider; spider-feedback@bytedance.com) AppleWebKit/537.36 (KHTML, like Gecko) Chrome/70.0.0.0 Safari/537.36', 33, NULL),
(992, '2023-12-28 16:10:21.359000', '216.244.66.238', '3j2ko2u0ddhyqtrvit51wvpd80cx8rk8', 'Mozilla/5.0 (compatible; DotBot/1.2; +https://opensiteexplorer.org/dotbot; help@moz.com)', 49, NULL),
(993, '2023-12-29 03:12:27.660000', '216.244.66.238', '944w5ur4qtqj0h7qug3geu1z3ciig0ux', 'Mozilla/5.0 (compatible; DotBot/1.2; +https://opensiteexplorer.org/dotbot; help@moz.com)', 18, NULL),
(994, '2023-12-29 07:27:18.812000', '116.203.111.20', '411aezve7u8rlwvoy1js47d5l068whn1', 'Mozilla/5.0 (Macintosh; Intel Mac OS X 10_15_7) AppleWebKit/537.36 (KHTML, like Gecko) Chrome/108.0.0.0 Safari/537.36', 23, NULL),
(995, '2023-12-29 09:41:44.537000', '216.244.66.238', 'tepq95v0vob6b1jkgfs3ru8zqk4np2nt', 'Mozilla/5.0 (compatible; DotBot/1.2; +https://opensiteexplorer.org/dotbot; help@moz.com)', 33, NULL),
(996, '2023-12-29 11:33:39.571000', '104.199.15.16', 'bmqgvg048u82rjcxniyv7obrrdw1yupy', 'Mozilla/5.0 (Macintosh; Intel Mac OS X 10.11; rv:52.0) Gecko/20100101 Firefox/52.0', 50, NULL),
(997, '2023-12-29 11:33:39.959000', '104.199.15.16', 'tkyqbdafuqlvnvhfwaudaj611n3jljd5', 'Mozilla/5.0 (Macintosh; Intel Mac OS X 10.11; rv:52.0) Gecko/20100101 Firefox/52.0', 49, NULL),
(998, '2023-12-29 11:33:40.481000', '104.199.15.16', 'tkyqbdafuqlvnvhfwaudaj611n3jljd5', 'Mozilla/5.0 (Macintosh; Intel Mac OS X 10.11; rv:52.0) Gecko/20100101 Firefox/52.0', 32, NULL),
(999, '2023-12-29 11:33:42.204000', '104.199.15.16', 'tkyqbdafuqlvnvhfwaudaj611n3jljd5', 'Mozilla/5.0 (Macintosh; Intel Mac OS X 10.11; rv:52.0) Gecko/20100101 Firefox/52.0', 13, NULL),
(1000, '2023-12-29 11:33:42.530000', '104.199.15.16', 'tkyqbdafuqlvnvhfwaudaj611n3jljd5', 'Mozilla/5.0 (Macintosh; Intel Mac OS X 10.11; rv:52.0) Gecko/20100101 Firefox/52.0', 17, NULL),
(1001, '2023-12-29 11:33:43.032000', '104.199.15.16', 'tkyqbdafuqlvnvhfwaudaj611n3jljd5', 'Mozilla/5.0 (Macintosh; Intel Mac OS X 10.11; rv:52.0) Gecko/20100101 Firefox/52.0', 23, NULL),
(1002, '2023-12-29 11:33:44.482000', '104.199.15.16', 'tkyqbdafuqlvnvhfwaudaj611n3jljd5', 'Mozilla/5.0 (Macintosh; Intel Mac OS X 10.11; rv:52.0) Gecko/20100101 Firefox/52.0', 16, NULL),
(1003, '2023-12-29 11:33:46.574000', '104.199.15.16', 'tkyqbdafuqlvnvhfwaudaj611n3jljd5', 'Mozilla/5.0 (Macintosh; Intel Mac OS X 10.11; rv:52.0) Gecko/20100101 Firefox/52.0', 15, NULL),
(1004, '2023-12-29 11:33:46.978000', '104.199.15.16', 'tkyqbdafuqlvnvhfwaudaj611n3jljd5', 'Mozilla/5.0 (Macintosh; Intel Mac OS X 10.11; rv:52.0) Gecko/20100101 Firefox/52.0', 21, NULL),
(1005, '2023-12-29 11:33:47.302000', '104.199.15.16', 'tkyqbdafuqlvnvhfwaudaj611n3jljd5', 'Mozilla/5.0 (Macintosh; Intel Mac OS X 10.11; rv:52.0) Gecko/20100101 Firefox/52.0', 19, NULL),
(1006, '2023-12-29 11:33:47.568000', '104.199.15.16', 'tkyqbdafuqlvnvhfwaudaj611n3jljd5', 'Mozilla/5.0 (Macintosh; Intel Mac OS X 10.11; rv:52.0) Gecko/20100101 Firefox/52.0', 14, NULL),
(1007, '2023-12-29 11:33:49.472000', '104.199.15.16', 'tkyqbdafuqlvnvhfwaudaj611n3jljd5', 'Mozilla/5.0 (Macintosh; Intel Mac OS X 10.11; rv:52.0) Gecko/20100101 Firefox/52.0', 20, NULL),
(1008, '2023-12-29 11:33:50.747000', '104.199.15.16', 'tkyqbdafuqlvnvhfwaudaj611n3jljd5', 'Mozilla/5.0 (Macintosh; Intel Mac OS X 10.11; rv:52.0) Gecko/20100101 Firefox/52.0', 27, NULL),
(1009, '2023-12-29 11:33:55.953000', '104.199.15.16', 'tkyqbdafuqlvnvhfwaudaj611n3jljd5', 'Mozilla/5.0 (Macintosh; Intel Mac OS X 10.11; rv:52.0) Gecko/20100101 Firefox/52.0', 50, NULL),
(1010, '2023-12-29 11:34:16.457000', '104.199.15.16', 'tkyqbdafuqlvnvhfwaudaj611n3jljd5', 'Mozilla/5.0 (Macintosh; Intel Mac OS X 10.11; rv:52.0) Gecko/20100101 Firefox/52.0', 22, NULL),
(1011, '2023-12-29 11:34:16.580000', '104.199.15.16', 'tkyqbdafuqlvnvhfwaudaj611n3jljd5', 'Mozilla/5.0 (Macintosh; Intel Mac OS X 10.11; rv:52.0) Gecko/20100101 Firefox/52.0', 18, NULL),
(1012, '2023-12-29 11:34:16.828000', '104.199.15.16', 'tkyqbdafuqlvnvhfwaudaj611n3jljd5', 'Mozilla/5.0 (Macintosh; Intel Mac OS X 10.11; rv:52.0) Gecko/20100101 Firefox/52.0', 34, NULL),
(1013, '2023-12-29 11:34:17.073000', '104.199.15.16', 'tkyqbdafuqlvnvhfwaudaj611n3jljd5', 'Mozilla/5.0 (Macintosh; Intel Mac OS X 10.11; rv:52.0) Gecko/20100101 Firefox/52.0', 24, NULL),
(1014, '2023-12-29 11:34:17.390000', '104.199.15.16', 'tkyqbdafuqlvnvhfwaudaj611n3jljd5', 'Mozilla/5.0 (Macintosh; Intel Mac OS X 10.11; rv:52.0) Gecko/20100101 Firefox/52.0', 25, NULL),
(1015, '2023-12-29 11:34:17.601000', '104.199.15.16', 'tkyqbdafuqlvnvhfwaudaj611n3jljd5', 'Mozilla/5.0 (Macintosh; Intel Mac OS X 10.11; rv:52.0) Gecko/20100101 Firefox/52.0', 33, NULL),
(1016, '2023-12-29 11:34:17.977000', '104.199.15.16', 'tkyqbdafuqlvnvhfwaudaj611n3jljd5', 'Mozilla/5.0 (Macintosh; Intel Mac OS X 10.11; rv:52.0) Gecko/20100101 Firefox/52.0', 26, NULL),
(1017, '2023-12-29 11:34:18.380000', '104.199.15.16', 'tkyqbdafuqlvnvhfwaudaj611n3jljd5', 'Mozilla/5.0 (Macintosh; Intel Mac OS X 10.11; rv:52.0) Gecko/20100101 Firefox/52.0', 31, NULL),
(1018, '2023-12-29 11:34:27.329000', '104.199.15.16', 'tkyqbdafuqlvnvhfwaudaj611n3jljd5', 'Mozilla/5.0 (Macintosh; Intel Mac OS X 10.11; rv:52.0) Gecko/20100101 Firefox/52.0', 4, NULL),
(1019, '2023-12-29 14:25:40.357000', '116.203.111.20', '5rwbbqw1eq3bufpinjx6mhhr8bijw64n', 'Mozilla/5.0 (Macintosh; Intel Mac OS X 10_15_7) AppleWebKit/537.36 (KHTML, like Gecko) Chrome/108.0.0.0 Safari/537.36', 13, NULL),
(1020, '2023-12-29 20:46:54.574000', '116.203.111.20', 'l6mauipix1pxzthjbk3psb8rx78wwhkg', 'Mozilla/5.0 (Macintosh; Intel Mac OS X 10_15_7) AppleWebKit/537.36 (KHTML, like Gecko) Chrome/108.0.0.0 Safari/537.36', 32, NULL),
(1021, '2023-12-30 02:51:19.381000', '116.203.111.20', 'oci8spi6vxln1id4iojzaem8brgap7nq', 'Mozilla/5.0 (Macintosh; Intel Mac OS X 10_15_7) AppleWebKit/537.36 (KHTML, like Gecko) Chrome/108.0.0.0 Safari/537.36', 17, NULL),
(1022, '2023-12-30 05:05:47.144000', '104.28.31.33', 'v1xo18lu85tw5q2dh8aku1ri6jiuezs0', 'Mozilla/5.0 (iPhone; CPU iPhone OS 17_1_2 like Mac OS X) AppleWebKit/605.1.15 (KHTML, like Gecko) Version/17.1.2 Mobile/15E148 Safari/604.1', 21, NULL),
(1023, '2023-12-30 05:05:54.266000', '104.28.31.33', 'v1xo18lu85tw5q2dh8aku1ri6jiuezs0', 'Mozilla/5.0 (iPhone; CPU iPhone OS 17_1_2 like Mac OS X) AppleWebKit/605.1.15 (KHTML, like Gecko) Version/17.1.2 Mobile/15E148 Safari/604.1', 4, NULL),
(1024, '2023-12-30 05:07:42.276000', '104.28.31.33', 'v1xo18lu85tw5q2dh8aku1ri6jiuezs0', 'Mozilla/5.0 (iPhone; CPU iPhone OS 17_1_2 like Mac OS X) AppleWebKit/605.1.15 (KHTML, like Gecko) Version/17.1.2 Mobile/15E148 Safari/604.1', 15, NULL),
(1025, '2023-12-30 09:39:14.846000', '116.203.111.20', 'q36tplhbsa0r3ko10aic0qyxvbuypvg0', 'Mozilla/5.0 (Macintosh; Intel Mac OS X 10_15_7) AppleWebKit/537.36 (KHTML, like Gecko) Chrome/108.0.0.0 Safari/537.36', 16, NULL),
(1026, '2023-12-30 20:16:11.090000', '116.203.111.20', 'g8qxfnivvh54yqn4ve099ijidsh8iayn', 'Mozilla/5.0 (Macintosh; Intel Mac OS X 10_15_7) AppleWebKit/537.36 (KHTML, like Gecko) Chrome/108.0.0.0 Safari/537.36', 20, NULL),
(1027, '2023-12-30 22:23:18.901000', '40.77.167.44', 'at2zk7v6dk926u0e3x5etfxf122lpyr9', 'Mozilla/5.0 AppleWebKit/537.36 (KHTML, like Gecko; compatible; bingbot/2.0; +http://www.bing.com/bingbot.htm) Chrome/116.0.1938.76 Safari/537.36', 21, NULL),
(1028, '2023-12-31 01:15:55.414000', '116.203.111.20', 'g8qxfnivvh54yqn4ve099ijidsh8iayn', 'Mozilla/5.0 (Macintosh; Intel Mac OS X 10_15_7) AppleWebKit/537.36 (KHTML, like Gecko) Chrome/108.0.0.0 Safari/537.36', 27, NULL),
(1029, '2023-12-31 04:21:23.615000', '52.167.144.234', 'isih5dhindxgbgdm9qocm3s1e9pspunp', 'Mozilla/5.0 AppleWebKit/537.36 (KHTML, like Gecko; compatible; bingbot/2.0; +http://www.bing.com/bingbot.htm) Chrome/116.0.1938.76 Safari/537.36', 26, NULL),
(1030, '2023-12-31 12:04:43.718000', '116.203.111.20', 'ex8ytl878w0qhcdwwyuwaswo8wo8u9g3', 'Mozilla/5.0 (Macintosh; Intel Mac OS X 10_15_7) AppleWebKit/537.36 (KHTML, like Gecko) Chrome/108.0.0.0 Safari/537.36', 14, NULL),
(1031, '2023-12-31 13:49:56.920000', '216.244.66.238', '2fbkbrk0wgezr5uy3e263ofvv9lq3uap', 'Mozilla/5.0 (compatible; DotBot/1.2; +https://opensiteexplorer.org/dotbot; help@moz.com)', 34, NULL),
(1032, '2023-12-31 16:36:09.118000', '116.203.111.20', '7xq8djwru7yuowanuumba4p5hsh02lsm', 'Mozilla/5.0 (Macintosh; Intel Mac OS X 10_15_7) AppleWebKit/537.36 (KHTML, like Gecko) Chrome/108.0.0.0 Safari/537.36', 21, NULL),
(1033, '2023-12-31 16:50:23.972000', '20.15.133.170', 'dufmsfx5zqcwfhcj4qo1o15lcmz7pwm5', 'Mozilla/5.0 AppleWebKit/537.36 (KHTML, like Gecko; compatible; bingbot/2.0; +http://www.bing.com/bingbot.htm) Chrome/116.0.1938.76 Safari/537.36', 27, NULL),
(1034, '2023-12-31 20:58:09.766000', '116.203.111.20', '33bqoweo91zrre0ybuzhskvizmx5t4mr', 'Mozilla/5.0 (Macintosh; Intel Mac OS X 10_15_7) AppleWebKit/537.36 (KHTML, like Gecko) Chrome/108.0.0.0 Safari/537.36', 15, NULL),
(1035, '2023-12-31 22:40:47.694000', '40.77.167.52', 'nlvvrteqi4kknjnzee3kgq5fe5a06203', 'Mozilla/5.0 AppleWebKit/537.36 (KHTML, like Gecko; compatible; bingbot/2.0; +http://www.bing.com/bingbot.htm) Chrome/116.0.1938.76 Safari/537.36', 17, NULL),
(1036, '2024-01-01 02:55:18.443000', '216.244.66.238', 'mswi96a8dby51f4fnvpskdxubu6udahm', 'Mozilla/5.0 (compatible; DotBot/1.2; +https://opensiteexplorer.org/dotbot; help@moz.com)', 13, NULL),
(1037, '2024-01-01 05:31:50.926000', '116.203.111.20', '1komfmuv2xb32ttmsq8ombhcxdzec2u6', 'Mozilla/5.0 (Macintosh; Intel Mac OS X 10_15_7) AppleWebKit/537.36 (KHTML, like Gecko) Chrome/108.0.0.0 Safari/537.36', 50, NULL),
(1038, '2024-01-01 08:09:59.082000', '136.243.220.213', '25yzjk6inplzgz77qvaziroim6zjaj8i', 'Mozilla/5.0 (compatible; DataForSeoBot/1.0; +https://dataforseo.com/dataforseo-bot)', 14, NULL),
(1039, '2024-01-01 08:10:02.420000', '136.243.220.213', '25yzjk6inplzgz77qvaziroim6zjaj8i', 'Mozilla/5.0 (compatible; DataForSeoBot/1.0; +https://dataforseo.com/dataforseo-bot)', 27, NULL),
(1040, '2024-01-01 08:10:10.706000', '136.243.220.213', '25yzjk6inplzgz77qvaziroim6zjaj8i', 'Mozilla/5.0 (compatible; DataForSeoBot/1.0; +https://dataforseo.com/dataforseo-bot)', 20, NULL),
(1041, '2024-01-01 08:10:14.647000', '136.243.220.213', '25yzjk6inplzgz77qvaziroim6zjaj8i', 'Mozilla/5.0 (compatible; DataForSeoBot/1.0; +https://dataforseo.com/dataforseo-bot)', 49, NULL),
(1042, '2024-01-01 08:10:18.781000', '136.243.220.213', '25yzjk6inplzgz77qvaziroim6zjaj8i', 'Mozilla/5.0 (compatible; DataForSeoBot/1.0; +https://dataforseo.com/dataforseo-bot)', 19, NULL),
(1043, '2024-01-01 08:10:22.461000', '136.243.220.213', '25yzjk6inplzgz77qvaziroim6zjaj8i', 'Mozilla/5.0 (compatible; DataForSeoBot/1.0; +https://dataforseo.com/dataforseo-bot)', 16, NULL),
(1044, '2024-01-01 08:10:26.878000', '136.243.220.213', '25yzjk6inplzgz77qvaziroim6zjaj8i', 'Mozilla/5.0 (compatible; DataForSeoBot/1.0; +https://dataforseo.com/dataforseo-bot)', 50, NULL),
(1045, '2024-01-01 08:10:30.304000', '136.243.220.213', '25yzjk6inplzgz77qvaziroim6zjaj8i', 'Mozilla/5.0 (compatible; DataForSeoBot/1.0; +https://dataforseo.com/dataforseo-bot)', 21, NULL),
(1046, '2024-01-01 08:10:34.538000', '136.243.220.213', '25yzjk6inplzgz77qvaziroim6zjaj8i', 'Mozilla/5.0 (compatible; DataForSeoBot/1.0; +https://dataforseo.com/dataforseo-bot)', 32, NULL),
(1047, '2024-01-01 08:10:38.933000', '136.243.220.213', '25yzjk6inplzgz77qvaziroim6zjaj8i', 'Mozilla/5.0 (compatible; DataForSeoBot/1.0; +https://dataforseo.com/dataforseo-bot)', 17, NULL),
(1048, '2024-01-01 08:10:42.734000', '136.243.220.213', '25yzjk6inplzgz77qvaziroim6zjaj8i', 'Mozilla/5.0 (compatible; DataForSeoBot/1.0; +https://dataforseo.com/dataforseo-bot)', 13, NULL),
(1049, '2024-01-01 08:10:50.898000', '136.243.220.213', '25yzjk6inplzgz77qvaziroim6zjaj8i', 'Mozilla/5.0 (compatible; DataForSeoBot/1.0; +https://dataforseo.com/dataforseo-bot)', 23, NULL),
(1050, '2024-01-01 08:10:54.285000', '136.243.220.213', '25yzjk6inplzgz77qvaziroim6zjaj8i', 'Mozilla/5.0 (compatible; DataForSeoBot/1.0; +https://dataforseo.com/dataforseo-bot)', 15, NULL),
(1051, '2024-01-01 08:26:12.421000', '136.243.220.213', '25yzjk6inplzgz77qvaziroim6zjaj8i', 'Mozilla/5.0 (compatible; DataForSeoBot/1.0; +https://dataforseo.com/dataforseo-bot)', 34, NULL),
(1052, '2024-01-01 08:26:16.291000', '136.243.220.213', '25yzjk6inplzgz77qvaziroim6zjaj8i', 'Mozilla/5.0 (compatible; DataForSeoBot/1.0; +https://dataforseo.com/dataforseo-bot)', 26, NULL),
(1053, '2024-01-01 08:26:19.402000', '136.243.220.213', '25yzjk6inplzgz77qvaziroim6zjaj8i', 'Mozilla/5.0 (compatible; DataForSeoBot/1.0; +https://dataforseo.com/dataforseo-bot)', 33, NULL),
(1054, '2024-01-01 08:26:24.575000', '136.243.220.213', '25yzjk6inplzgz77qvaziroim6zjaj8i', 'Mozilla/5.0 (compatible; DataForSeoBot/1.0; +https://dataforseo.com/dataforseo-bot)', 22, NULL),
(1055, '2024-01-01 08:26:28.645000', '136.243.220.213', '25yzjk6inplzgz77qvaziroim6zjaj8i', 'Mozilla/5.0 (compatible; DataForSeoBot/1.0; +https://dataforseo.com/dataforseo-bot)', 31, NULL),
(1056, '2024-01-01 08:26:32.697000', '136.243.220.213', '25yzjk6inplzgz77qvaziroim6zjaj8i', 'Mozilla/5.0 (compatible; DataForSeoBot/1.0; +https://dataforseo.com/dataforseo-bot)', 24, NULL),
(1057, '2024-01-01 08:26:36.882000', '136.243.220.213', '25yzjk6inplzgz77qvaziroim6zjaj8i', 'Mozilla/5.0 (compatible; DataForSeoBot/1.0; +https://dataforseo.com/dataforseo-bot)', 18, NULL),
(1058, '2024-01-01 08:26:40.431000', '136.243.220.213', '25yzjk6inplzgz77qvaziroim6zjaj8i', 'Mozilla/5.0 (compatible; DataForSeoBot/1.0; +https://dataforseo.com/dataforseo-bot)', 25, NULL),
(1059, '2024-01-01 09:54:15.087000', '116.203.111.20', '93oc5ctj47ihraccglgmcnwfpodv6s2r', 'Mozilla/5.0 (Macintosh; Intel Mac OS X 10_15_7) AppleWebKit/537.36 (KHTML, like Gecko) Chrome/108.0.0.0 Safari/537.36', 49, NULL),
(1060, '2024-01-01 13:54:52.493000', '116.203.111.20', '0gvbsj0frz33g4bjryscr1b4mcv6omgy', 'Mozilla/5.0 (Macintosh; Intel Mac OS X 10_15_7) AppleWebKit/537.36 (KHTML, like Gecko) Chrome/108.0.0.0 Safari/537.36', 34, NULL),
(1061, '2024-01-01 21:29:53.740000', '66.249.71.168', 'jewt8c6mjzh5bomk9w86d4zln89xa2yn', 'Mozilla/5.0 (Linux; Android 6.0.1; Nexus 5X Build/MMB29P) AppleWebKit/537.36 (KHTML, like Gecko) Chrome/120.0.6099.71 Mobile Safari/537.36 (compatible; Googlebot/2.1; +http://www.google.com/bot.html)', 36, NULL),
(1062, '2024-01-01 22:54:57.886000', '40.77.167.76', '5x9674uap2fazuzzcv0k91z8wtaqihcr', 'Mozilla/5.0 AppleWebKit/537.36 (KHTML, like Gecko; compatible; bingbot/2.0; +http://www.bing.com/bingbot.htm) Chrome/116.0.1938.76 Safari/537.36', 20, NULL),
(1063, '2024-01-02 01:10:32.330000', '47.128.31.14', 'iqsr2do8x2trhki7zyh1iz93jko0e5lc', 'Mozilla/5.0 (compatible; Bytespider; spider-feedback@bytedance.com) AppleWebKit/537.36 (KHTML, like Gecko) Chrome/70.0.0.0 Safari/537.36', 34, NULL),
(1064, '2024-01-02 09:30:38.512000', '66.249.71.168', 'hq8idpsj33jdqtsd9f1i9j30zv9olkl3', 'Mozilla/5.0 (Linux; Android 6.0.1; Nexus 5X Build/MMB29P) AppleWebKit/537.36 (KHTML, like Gecko) Chrome/120.0.6099.71 Mobile Safari/537.36 (compatible; Googlebot/2.1; +http://www.google.com/bot.html)', 39, NULL),
(1065, '2024-01-03 11:41:16.361000', '202.80.218.209', '3wq0rcfxqg7ks2tltl0ni9bx7nv3r27r', 'Mozilla/5.0 (Linux; Android 13; SM-A725F Build/TP1A.220624.014; wv) AppleWebKit/537.36 (KHTML, like Gecko) Version/4.0 Chrome/120.0.6099.144 Mobile Safari/537.36 Instagram 312.1.0.34.111 Android (33/13; 450dpi; 1080x2179; samsung; SM-A725F; a72q; qcom; in', 23, NULL),
(1066, '2024-01-03 11:43:16.928000', '202.80.218.209', '3wq0rcfxqg7ks2tltl0ni9bx7nv3r27r', 'Mozilla/5.0 (Linux; Android 13; SM-A725F Build/TP1A.220624.014; wv) AppleWebKit/537.36 (KHTML, like Gecko) Version/4.0 Chrome/120.0.6099.144 Mobile Safari/537.36 Instagram 312.1.0.34.111 Android (33/13; 450dpi; 1080x2179; samsung; SM-A725F; a72q; qcom; in', 23, NULL),
(1067, '2024-01-03 11:43:18.963000', '202.80.218.209', '3wq0rcfxqg7ks2tltl0ni9bx7nv3r27r', 'Mozilla/5.0 (Linux; Android 13; SM-A725F Build/TP1A.220624.014; wv) AppleWebKit/537.36 (KHTML, like Gecko) Version/4.0 Chrome/120.0.6099.144 Mobile Safari/537.36 Instagram 312.1.0.34.111 Android (33/13; 450dpi; 1080x2179; samsung; SM-A725F; a72q; qcom; in', 4, NULL),
(1068, '2024-01-03 17:00:31.625000', '52.167.144.171', '4xfjzi2dr0j3r4ztw8fsijitst8liuek', 'Mozilla/5.0 AppleWebKit/537.36 (KHTML, like Gecko; compatible; bingbot/2.0; +http://www.bing.com/bingbot.htm) Chrome/116.0.1938.76 Safari/537.36', 50, NULL),
(1069, '2024-01-03 20:06:23.842000', '40.77.167.26', 'bpy4x8x9hnxftew7xsc8pcyno4f9lrqj', 'Mozilla/5.0 AppleWebKit/537.36 (KHTML, like Gecko; compatible; bingbot/2.0; +http://www.bing.com/bingbot.htm) Chrome/116.0.1938.76 Safari/537.36', 49, NULL),
(1070, '2024-01-04 11:55:51.025000', '40.77.167.255', 'nobcu37php8sfrmhwzicn1xartih2v87', 'Mozilla/5.0 AppleWebKit/537.36 (KHTML, like Gecko; compatible; bingbot/2.0; +http://www.bing.com/bingbot.htm) Chrome/116.0.1938.76 Safari/537.36', 50, NULL),
(1071, '2024-01-04 12:22:56.972000', '52.167.144.214', 'rjxx04lky3uxvr8k1gewogjjo0ngndio', 'Mozilla/5.0 AppleWebKit/537.36 (KHTML, like Gecko; compatible; bingbot/2.0; +http://www.bing.com/bingbot.htm) Chrome/116.0.1938.76 Safari/537.36', 49, NULL),
(1072, '2024-01-04 14:13:50.491000', '114.122.182.100', 'qndl4r2v1t3jj82fdb8h43qqkyk539te', 'Mozilla/5.0 (Linux; Android 10; K) AppleWebKit/537.36 (KHTML, like Gecko) Chrome/120.0.0.0 Mobile Safari/537.36', 13, NULL),
(1073, '2024-01-04 14:14:35.127000', '114.122.182.100', 'qndl4r2v1t3jj82fdb8h43qqkyk539te', 'Mozilla/5.0 (Linux; Android 10; K) AppleWebKit/537.36 (KHTML, like Gecko) Chrome/120.0.0.0 Mobile Safari/537.36', 32, NULL),
(1074, '2024-01-04 14:15:13.830000', '114.122.182.100', 'qndl4r2v1t3jj82fdb8h43qqkyk539te', 'Mozilla/5.0 (Linux; Android 10; K) AppleWebKit/537.36 (KHTML, like Gecko) Chrome/120.0.0.0 Mobile Safari/537.36', 17, NULL),
(1075, '2024-01-04 14:16:45.720000', '114.122.182.100', 'qndl4r2v1t3jj82fdb8h43qqkyk539te', 'Mozilla/5.0 (Linux; Android 10; K) AppleWebKit/537.36 (KHTML, like Gecko) Chrome/120.0.0.0 Mobile Safari/537.36', 23, NULL),
(1076, '2024-01-04 14:17:03.248000', '114.122.182.100', 'qndl4r2v1t3jj82fdb8h43qqkyk539te', 'Mozilla/5.0 (Linux; Android 10; K) AppleWebKit/537.36 (KHTML, like Gecko) Chrome/120.0.0.0 Mobile Safari/537.36', 4, NULL),
(1077, '2024-01-04 14:18:23.719000', '114.122.182.100', 'qndl4r2v1t3jj82fdb8h43qqkyk539te', 'Mozilla/5.0 (Linux; Android 10; K) AppleWebKit/537.36 (KHTML, like Gecko) Chrome/120.0.0.0 Mobile Safari/537.36', 4, NULL),
(1078, '2024-01-04 16:12:45.796000', '66.249.72.1', '185plez7ps51r8jgj8ydkleonh2o6wxo', 'Mozilla/5.0 (Linux; Android 6.0.1; Nexus 5X Build/MMB29P) AppleWebKit/537.36 (KHTML, like Gecko) Chrome/120.0.6099.129 Mobile Safari/537.36 (compatible; Googlebot/2.1; +http://www.google.com/bot.html)', 39, NULL),
(1079, '2024-01-05 04:36:59.460000', '52.167.144.167', 'p9zvutntkbvll27l2oxt3mggta72q4ij', 'Mozilla/5.0 AppleWebKit/537.36 (KHTML, like Gecko; compatible; bingbot/2.0; +http://www.bing.com/bingbot.htm) Chrome/116.0.1938.76 Safari/537.36', 49, NULL),
(1080, '2024-01-05 11:25:13.910000', '114.119.157.146', 'nqgg54uc49d7nqs2mor8rjrc41crpll0', 'Mozilla/5.0 (Linux; Android 7.0;) AppleWebKit/537.36 (KHTML, like Gecko) Mobile Safari/537.36 (compatible; PetalBot;+https://webmaster.petalsearch.com/site/petalbot)', 18, NULL),
(1081, '2024-01-05 14:40:24.300000', '103.108.157.238', 'ryi1z3pnve7t9p653y290c1xx28wqbn5', 'Mozilla/5.0 (Windows NT 10.0; Win64; x64) AppleWebKit/537.36 (KHTML, like Gecko) Chrome/109.0.0.0 Safari/537.36', 38, NULL),
(1082, '2024-01-05 14:40:38.203000', '103.108.157.238', 'ryi1z3pnve7t9p653y290c1xx28wqbn5', 'Mozilla/5.0 (Windows NT 10.0; Win64; x64) AppleWebKit/537.36 (KHTML, like Gecko) Chrome/109.0.0.0 Safari/537.36', 2, NULL),
(1083, '2024-01-05 14:45:05.042000', '103.108.157.238', 'ryi1z3pnve7t9p653y290c1xx28wqbn5', 'Mozilla/5.0 (Windows NT 10.0; Win64; x64) AppleWebKit/537.36 (KHTML, like Gecko) Chrome/109.0.0.0 Safari/537.36', 2, NULL),
(1084, '2024-01-05 14:48:22.685000', '154.21.223.156', '5dcqz1m0xqawvjmsix86cphjot8xi7i2', 'Mozilla/5.0 (X11; Ubuntu; Linux x86_64; rv:114.0) Gecko/20100101 Firefox/114.0', 49, NULL),
(1085, '2024-01-05 14:48:44.311000', '154.21.223.156', '5dcqz1m0xqawvjmsix86cphjot8xi7i2', 'Mozilla/5.0 (X11; Ubuntu; Linux x86_64; rv:114.0) Gecko/20100101 Firefox/114.0', 50, NULL),
(1086, '2024-01-05 14:48:47.488000', '154.21.223.156', '5dcqz1m0xqawvjmsix86cphjot8xi7i2', 'Mozilla/5.0 (X11; Ubuntu; Linux x86_64; rv:114.0) Gecko/20100101 Firefox/114.0', 23, NULL),
(1087, '2024-01-05 14:48:55.105000', '154.21.223.156', '5dcqz1m0xqawvjmsix86cphjot8xi7i2', 'Mozilla/5.0 (X11; Ubuntu; Linux x86_64; rv:114.0) Gecko/20100101 Firefox/114.0', 13, NULL),
(1088, '2024-01-05 14:49:02.412000', '154.21.223.156', '5dcqz1m0xqawvjmsix86cphjot8xi7i2', 'Mozilla/5.0 (X11; Ubuntu; Linux x86_64; rv:114.0) Gecko/20100101 Firefox/114.0', 32, NULL),
(1089, '2024-01-05 14:49:05.962000', '154.21.223.156', '5dcqz1m0xqawvjmsix86cphjot8xi7i2', 'Mozilla/5.0 (X11; Ubuntu; Linux x86_64; rv:114.0) Gecko/20100101 Firefox/114.0', 15, NULL),
(1090, '2024-01-05 14:49:09.013000', '154.21.223.156', '5dcqz1m0xqawvjmsix86cphjot8xi7i2', 'Mozilla/5.0 (X11; Ubuntu; Linux x86_64; rv:114.0) Gecko/20100101 Firefox/114.0', 17, NULL),
(1091, '2024-01-05 14:49:12.344000', '154.21.223.156', '5dcqz1m0xqawvjmsix86cphjot8xi7i2', 'Mozilla/5.0 (X11; Ubuntu; Linux x86_64; rv:114.0) Gecko/20100101 Firefox/114.0', 21, NULL),
(1092, '2024-01-05 14:49:15.725000', '154.21.223.156', '5dcqz1m0xqawvjmsix86cphjot8xi7i2', 'Mozilla/5.0 (X11; Ubuntu; Linux x86_64; rv:114.0) Gecko/20100101 Firefox/114.0', 16, NULL),
(1093, '2024-01-05 14:49:18.833000', '154.21.223.156', '5dcqz1m0xqawvjmsix86cphjot8xi7i2', 'Mozilla/5.0 (X11; Ubuntu; Linux x86_64; rv:114.0) Gecko/20100101 Firefox/114.0', 14, NULL),
(1094, '2024-01-05 14:49:25.520000', '154.21.223.156', '5dcqz1m0xqawvjmsix86cphjot8xi7i2', 'Mozilla/5.0 (X11; Ubuntu; Linux x86_64; rv:114.0) Gecko/20100101 Firefox/114.0', 19, NULL),
(1095, '2024-01-05 14:49:28.799000', '154.21.223.156', '5dcqz1m0xqawvjmsix86cphjot8xi7i2', 'Mozilla/5.0 (X11; Ubuntu; Linux x86_64; rv:114.0) Gecko/20100101 Firefox/114.0', 20, NULL),
(1096, '2024-01-05 14:49:36.521000', '154.21.223.156', '5dcqz1m0xqawvjmsix86cphjot8xi7i2', 'Mozilla/5.0 (X11; Ubuntu; Linux x86_64; rv:114.0) Gecko/20100101 Firefox/114.0', 27, NULL),
(1097, '2024-01-05 14:49:38.313000', '46.102.159.43', '5dcqz1m0xqawvjmsix86cphjot8xi7i2', 'Mozilla/5.0 (X11; Ubuntu; Linux x86_64; rv:114.0) Gecko/20100101 Firefox/114.0', 4, NULL),
(1098, '2024-01-05 14:49:48.243000', '154.21.223.156', '5dcqz1m0xqawvjmsix86cphjot8xi7i2', 'Mozilla/5.0 (X11; Ubuntu; Linux x86_64; rv:114.0) Gecko/20100101 Firefox/114.0', 49, NULL),
(1099, '2024-01-05 14:49:54.838000', '154.21.223.156', '5dcqz1m0xqawvjmsix86cphjot8xi7i2', 'Mozilla/5.0 (X11; Ubuntu; Linux x86_64; rv:114.0) Gecko/20100101 Firefox/114.0', 50, NULL),
(1100, '2024-01-05 14:49:58.228000', '154.21.223.156', '5dcqz1m0xqawvjmsix86cphjot8xi7i2', 'Mozilla/5.0 (X11; Ubuntu; Linux x86_64; rv:114.0) Gecko/20100101 Firefox/114.0', 23, NULL),
(1101, '2024-01-05 14:50:04.853000', '154.21.223.156', '5dcqz1m0xqawvjmsix86cphjot8xi7i2', 'Mozilla/5.0 (X11; Ubuntu; Linux x86_64; rv:114.0) Gecko/20100101 Firefox/114.0', 13, NULL),
(1102, '2024-01-05 14:50:11.885000', '154.21.223.156', '5dcqz1m0xqawvjmsix86cphjot8xi7i2', 'Mozilla/5.0 (X11; Ubuntu; Linux x86_64; rv:114.0) Gecko/20100101 Firefox/114.0', 32, NULL),
(1103, '2024-01-05 14:50:15.181000', '154.21.223.156', '5dcqz1m0xqawvjmsix86cphjot8xi7i2', 'Mozilla/5.0 (X11; Ubuntu; Linux x86_64; rv:114.0) Gecko/20100101 Firefox/114.0', 15, NULL),
(1104, '2024-01-05 14:50:17.633000', '103.108.157.238', 'ryi1z3pnve7t9p653y290c1xx28wqbn5', 'Mozilla/5.0 (Windows NT 10.0; Win64; x64) AppleWebKit/537.36 (KHTML, like Gecko) Chrome/109.0.0.0 Safari/537.36', 2, NULL),
(1105, '2024-01-05 14:50:18.885000', '154.21.223.156', '5dcqz1m0xqawvjmsix86cphjot8xi7i2', 'Mozilla/5.0 (X11; Ubuntu; Linux x86_64; rv:114.0) Gecko/20100101 Firefox/114.0', 17, NULL),
(1106, '2024-01-05 14:50:22.729000', '154.21.223.156', '5dcqz1m0xqawvjmsix86cphjot8xi7i2', 'Mozilla/5.0 (X11; Ubuntu; Linux x86_64; rv:114.0) Gecko/20100101 Firefox/114.0', 21, NULL),
(1107, '2024-01-05 14:50:25.895000', '154.21.223.156', '5dcqz1m0xqawvjmsix86cphjot8xi7i2', 'Mozilla/5.0 (X11; Ubuntu; Linux x86_64; rv:114.0) Gecko/20100101 Firefox/114.0', 16, NULL),
(1108, '2024-01-05 14:50:29.504000', '154.21.223.156', '5dcqz1m0xqawvjmsix86cphjot8xi7i2', 'Mozilla/5.0 (X11; Ubuntu; Linux x86_64; rv:114.0) Gecko/20100101 Firefox/114.0', 14, NULL),
(1109, '2024-01-05 14:50:36.595000', '154.21.223.156', '5dcqz1m0xqawvjmsix86cphjot8xi7i2', 'Mozilla/5.0 (X11; Ubuntu; Linux x86_64; rv:114.0) Gecko/20100101 Firefox/114.0', 19, NULL),
(1110, '2024-01-05 14:50:40.146000', '154.21.223.156', '5dcqz1m0xqawvjmsix86cphjot8xi7i2', 'Mozilla/5.0 (X11; Ubuntu; Linux x86_64; rv:114.0) Gecko/20100101 Firefox/114.0', 20, NULL),
(1111, '2024-01-05 14:50:46.960000', '154.21.223.156', '5dcqz1m0xqawvjmsix86cphjot8xi7i2', 'Mozilla/5.0 (X11; Ubuntu; Linux x86_64; rv:114.0) Gecko/20100101 Firefox/114.0', 27, NULL),
(1112, '2024-01-05 15:01:13.442000', '52.167.144.225', 'cl2kfl9wmzwjzj6gt0etqbu0qv0ewvux', 'Mozilla/5.0 AppleWebKit/537.36 (KHTML, like Gecko; compatible; bingbot/2.0; +http://www.bing.com/bingbot.htm) Chrome/116.0.1938.76 Safari/537.36', 50, NULL),
(1113, '2024-01-05 17:21:47.980000', '89.151.249.166', 'bcg32645ymec8mvx5wtcepkvskf4qyus', 'Mozilla/5.0 (Windows NT 10.0; Win64; x64) AppleWebKit/537.36 (KHTML, like Gecko) Chrome/120.0.0.0 Safari/537.36', 31, NULL),
(1114, '2024-01-05 22:02:08.350000', '52.167.144.190', 'qav4am53qh67wv7jfvxwgkzfodvyzmbq', 'Mozilla/5.0 AppleWebKit/537.36 (KHTML, like Gecko; compatible; bingbot/2.0; +http://www.bing.com/bingbot.htm) Chrome/116.0.1938.76 Safari/537.36', 18, NULL),
(1115, '2024-01-06 01:06:05.079000', '94.246.54.61', '8rirv3cemfk25kb72jg3jurriq7qyccv', 'Mozilla/5.0 (iPhone; CPU iPhone OS 17_1 like Mac OS X) AppleWebKit/605.1.15 (KHTML, like Gecko) GSA/297.0.594082364 Mobile/15E148 Safari/604.1', 23, NULL),
(1116, '2024-01-06 01:15:55.036000', '40.77.167.255', '0a9ot1va9cb4fplxdb4eq8o630qz8vtr', 'Mozilla/5.0 AppleWebKit/537.36 (KHTML, like Gecko; compatible; bingbot/2.0; +http://www.bing.com/bingbot.htm) Chrome/116.0.1938.76 Safari/537.36', 49, NULL),
(1117, '2024-01-06 03:46:51.656000', '54.90.84.194', 's0te7hpzkqhnfch3pstie7rzfs3yhsug', 'Mozilla/5.0 (Windows NT 6.1; WOW64; rv:50.0) Gecko/20100101 Firefox/50.0', 28, NULL),
(1118, '2024-01-06 11:29:43.264000', '114.119.159.92', 'pf28o8x78ns8v6q8rni02cwci2fe4skr', 'Mozilla/5.0 (Linux; Android 7.0;) AppleWebKit/537.36 (KHTML, like Gecko) Mobile Safari/537.36 (compatible; PetalBot;+https://webmaster.petalsearch.com/site/petalbot)', 22, NULL),
(1119, '2024-01-07 08:49:10.843000', '47.128.47.24', '6d9tel6d5awytp4dle66l6lc880jan72', 'Mozilla/5.0 (compatible; Bytespider; spider-feedback@bytedance.com) AppleWebKit/537.36 (KHTML, like Gecko) Chrome/70.0.0.0 Safari/537.36', 15, NULL),
(1120, '2024-01-07 15:14:59.463000', '51.15.133.140', 'wwe9wnpjpw8yvxh75z67hduniqey8kjn', 'Mozilla/5.0 (Macintosh; Intel Mac OS X 10_15_7) AppleWebKit/537.36 (KHTML, like Gecko) Chrome/117.0.0.0 Safari/537.36', 13, NULL),
(1121, '2024-01-07 15:15:01.834000', '51.15.133.140', 'dat8ug2v81r4qkpsj32im0zpz3s7qmm6', 'Mozilla/5.0 (X11; Linux x86_64) AppleWebKit/537.36 (KHTML, like Gecko) Chrome/111.0.0.0 Safari/537.36', 17, NULL),
(1122, '2024-01-07 15:15:03.915000', '51.15.133.140', '6bia1zp249f0sk4wl09ki88tc0231ktw', 'Mozilla/5.0 (Linux; Android 10; K) AppleWebKit/537.36 (KHTML, like Gecko) Chrome/117.0.0.0 Mobile Safari/537.36', 32, NULL),
(1123, '2024-01-07 15:15:05.458000', '51.15.133.140', 'q4iizckr6qflxsiahap934cdo3l0n632', 'Mozilla/5.0 (X11; Linux x86_64) AppleWebKit/537.36 (KHTML, like Gecko) Chrome/115.0.0.0 Safari/537.36', 23, NULL),
(1124, '2024-01-07 15:15:07.228000', '51.15.133.140', 'dwi2ext58tmkowiazi4u8jejt64gt3vw', 'Mozilla/5.0 (Windows NT 10.0; Win64; x64) AppleWebKit/537.36 (KHTML, like Gecko) Chrome/114.0.0.0 Safari/537.36', 16, NULL),
(1125, '2024-01-07 15:15:09.167000', '51.15.133.140', 'kfezi3wjai6pprsf88qx4xgzzqxnk7t8', 'Mozilla/5.0 (Windows NT 10.0; Win64; x64) AppleWebKit/537.36 (KHTML, like Gecko) Chrome/117.0.0.0 Safari/537.36', 27, NULL),
(1126, '2024-01-07 15:15:10.826000', '51.15.133.140', 'cz3o2xzahx1vr4v4iohy9wppvth5xb7n', 'Mozilla/5.0 (Windows NT 10.0; Win64; x64) AppleWebKit/537.36 (KHTML, like Gecko) Chrome/116.0.0.0 Safari/537.36', 20, NULL),
(1127, '2024-01-07 15:15:12.727000', '51.15.133.140', 'hp14drv5e4jtuk89utjg3n08jfg4k1hg', 'Mozilla/5.0 (Windows NT 10.0; Win64; x64) AppleWebKit/537.36 (KHTML, like Gecko) Chrome/115.0.0.0 Safari/537.36', 19, NULL),
(1128, '2024-01-07 15:15:14.363000', '51.15.133.140', 'fbgwz5bgei0h0xw9yxty9ncnbgc95tu8', 'Mozilla/5.0 (Macintosh; Intel Mac OS X 10_15_7) AppleWebKit/537.36 (KHTML, like Gecko) Chrome/116.0.0.0 Safari/537.36', 50, NULL),
(1129, '2024-01-07 15:15:16.360000', '51.15.133.140', '4q0muxexg5vfb17y7r82ntv0ufzxr2wi', 'Mozilla/5.0 (X11; Linux x86_64) AppleWebKit/537.36 (KHTML, like Gecko) Chrome/115.0.0.0 Safari/537.36', 14, NULL),
(1130, '2024-01-07 15:15:18.058000', '51.15.133.140', '36izldxdjsy76w70shbvwxnellj8xfvh', 'Mozilla/5.0 (Macintosh; Intel Mac OS X 10_15_7) AppleWebKit/537.36 (KHTML, like Gecko) Chrome/117.0.0.0 Safari/537.36', 21, NULL),
(1131, '2024-01-07 15:15:19.679000', '51.15.133.140', '3sisag9li1g8a8nslezzowykgsgxqqvx', 'Mozilla/5.0 (Windows NT 10.0; Win64; x64) AppleWebKit/537.36 (KHTML, like Gecko) Chrome/117.0.0.0 Safari/537.36', 15, NULL),
(1132, '2024-01-07 15:15:21.641000', '51.15.133.140', 'le1evuasvmxb3dd13fj1wr2zshtdhu6n', 'Mozilla/5.0 (Windows NT 10.0; Win64; x64) AppleWebKit/537.36 (KHTML, like Gecko) Chrome/117.0.0.0 Safari/537.36', 49, NULL),
(1133, '2024-01-07 15:26:24.744000', '163.172.153.21', 'fannf8fhhtfnz6pfsqvoo45xxzrhysqb', 'Mozilla/5.0 (Windows NT 10.0; Win64; x64) AppleWebKit/537.36 (KHTML, like Gecko) Chrome/114.0.0.0 Safari/537.36', 23, NULL),
(1134, '2024-01-07 15:28:12.718000', '163.172.150.209', 'mp4iffstm6uwy66tfh9rchrgohgumwc4', 'Mozilla/5.0 (Linux; Android 10; K) AppleWebKit/537.36 (KHTML, like Gecko) Chrome/114.0.0.0 Mobile Safari/537.36', 49, NULL),
(1135, '2024-01-07 15:34:27.419000', '163.172.128.209', 'ekwcq9xvoimk8tjkgjv1u87f0p5ydnvi', 'Mozilla/5.0 (Windows NT 10.0; Win64; x64) AppleWebKit/537.36 (KHTML, like Gecko) Chrome/114.0.0.0 Safari/537.36', 20, NULL),
(1136, '2024-01-07 15:35:33.874000', '51.15.247.31', 'dlyjgg2y5bd2igeg8pwmytdp538uqb5w', 'Mozilla/5.0 (Macintosh; Intel Mac OS X 10_15_7) AppleWebKit/537.36 (KHTML, like Gecko) Chrome/114.0.0.0 Safari/537.36', 14, NULL),
(1137, '2024-01-07 15:35:59.678000', '163.172.185.99', 'mz1prouag0uvsyyyjdtmwqqxyjpvv4l3', 'Mozilla/5.0 (Macintosh; Intel Mac OS X 10_15_7) AppleWebKit/537.36 (KHTML, like Gecko) Chrome/114.0.0.0 Safari/537.36', 50, NULL),
(1138, '2024-01-07 15:36:14.808000', '51.158.66.129', '5nl1dq8n9xj3ufkcfx223ore0kzhnv4s', 'Mozilla/5.0 (iPhone; CPU iPhone OS 15_7_5 like Mac OS X) AppleWebKit/605.1.15 (KHTML, like Gecko) Version/15.6.4 Mobile/15E148 Safari/604.1', 13, NULL),
(1139, '2024-01-07 15:39:49.983000', '51.15.133.140', '9kbsx51rsxrvcksqjah3ve14g6spegpv', 'Mozilla/5.0 (Macintosh; Intel Mac OS X 10_15_7) AppleWebKit/537.36 (KHTML, like Gecko) Chrome/114.0.0.0 Safari/537.36', 15, NULL),
(1140, '2024-01-07 15:49:07.946000', '51.15.225.190', '8znhc9epqyutbb6svnayobdk9nkifhdc', 'Mozilla/5.0 (Windows NT 10.0; Win64; x64) AppleWebKit/537.36 (KHTML, like Gecko) Chrome/114.0.0.0 Safari/537.36', 21, NULL),
(1141, '2024-01-07 15:52:24.010000', '51.158.114.41', 'j618f7mz91y4epbz9u02ntpfa6wp7vnc', 'Mozilla/5.0 (iPad; CPU OS 10_0_2 like Mac OS X) AppleWebKit/602.1.50 (KHTML, like Gecko) Version/10.0 Mobile/14A456 Safari/602.1', 16, NULL),
(1142, '2024-01-07 15:52:29.295000', '51.158.126.132', 'pikxyyftts09yirfmcais8prrvjaac6y', 'Mozilla/5.0 (Windows NT 10.0; Win64; x64) AppleWebKit/537.36 (KHTML, like Gecko) Chrome/114.0.0.0 Safari/537.36 Edg/114.0.1823.67', 32, NULL),
(1143, '2024-01-07 15:52:41.050000', '51.158.120.40', 'y5oi980n1rwarzylwesncmf9iflij9n3', 'Mozilla/5.0 (X11; Linux x86_64) AppleWebKit/537.36 (KHTML, like Gecko) Chrome/114.0.0.0 Safari/537.36', 19, NULL),
(1144, '2024-01-07 16:20:58.933000', '51.158.104.0', '1ml6uymnt2m87wxbms4xrvjb7ydgonzn', 'Mozilla/5.0 (Windows NT 10.0; Win64; x64) AppleWebKit/537.36 (KHTML, like Gecko) Chrome/114.0.0.0 Safari/537.36 Edg/114.0.1823.58', 27, NULL),
(1145, '2024-01-07 16:23:14.170000', '51.158.104.0', '1ml6uymnt2m87wxbms4xrvjb7ydgonzn', 'Mozilla/5.0 (Windows NT 10.0; Win64; x64) AppleWebKit/537.36 (KHTML, like Gecko) Chrome/114.0.0.0 Safari/537.36', 27, NULL),
(1146, '2024-01-08 09:44:05.022000', '51.158.121.225', '8fr2p4h8x5qql5boaa92ef4aql7pxg1c', 'Mozilla/5.0 (Macintosh; Intel Mac OS X 10_15_7) AppleWebKit/605.1.15 (KHTML, like Gecko) Version/16.5.1 Safari/605.1.15', 17, NULL),
(1147, '2024-01-08 23:10:11.964000', '52.167.144.180', '3d1yyxslqmnr5ekj76mwyl9euy9g5tw1', 'Mozilla/5.0 AppleWebKit/537.36 (KHTML, like Gecko; compatible; bingbot/2.0; +http://www.bing.com/bingbot.htm) Chrome/116.0.1938.76 Safari/537.36', 33, NULL),
(1148, '2024-01-09 18:58:31.155000', '52.167.144.194', 'vs3q9yun901jcgpdsfeymfzzwexephde', 'Mozilla/5.0 AppleWebKit/537.36 (KHTML, like Gecko; compatible; bingbot/2.0; +http://www.bing.com/bingbot.htm) Chrome/116.0.1938.76 Safari/537.36', 13, NULL),
(1149, '2024-01-10 01:17:32.224000', '52.167.144.191', '1isc8c5lssam4fgv0pfvjhwhw3wtmdlv', 'Mozilla/5.0 AppleWebKit/537.36 (KHTML, like Gecko; compatible; bingbot/2.0; +http://www.bing.com/bingbot.htm) Chrome/116.0.1938.76 Safari/537.36', 50, NULL),
(1150, '2024-01-10 01:21:47.438000', '52.167.144.219', 'iooxl6zxnik12e5vyxca9g2jhgdi7wnq', 'Mozilla/5.0 AppleWebKit/537.36 (KHTML, like Gecko; compatible; bingbot/2.0; +http://www.bing.com/bingbot.htm) Chrome/116.0.1938.76 Safari/537.36', 22, NULL),
(1151, '2024-01-10 06:57:45.076000', '149.56.150.86', '9j1rhn5nxo96bfwokx7zyd0yiytwsjb3', 'Mozilla/5.0 (compatible; Dataprovider.com)', 39, NULL),
(1152, '2024-01-10 06:57:46.083000', '149.56.150.86', '9j1rhn5nxo96bfwokx7zyd0yiytwsjb3', 'Mozilla/5.0 (compatible; Dataprovider.com)', 5, NULL),
(1153, '2024-01-10 06:57:48.666000', '149.56.150.86', '9j1rhn5nxo96bfwokx7zyd0yiytwsjb3', 'Mozilla/5.0 (compatible; Dataprovider.com)', 38, NULL),
(1154, '2024-01-10 06:57:49.802000', '149.56.150.86', '9j1rhn5nxo96bfwokx7zyd0yiytwsjb3', 'Mozilla/5.0 (compatible; Dataprovider.com)', 36, NULL),
(1155, '2024-01-10 06:57:50.765000', '149.56.150.86', '9j1rhn5nxo96bfwokx7zyd0yiytwsjb3', 'Mozilla/5.0 (compatible; Dataprovider.com)', 40, NULL),
(1156, '2024-01-10 06:57:51.841000', '149.56.150.86', '9j1rhn5nxo96bfwokx7zyd0yiytwsjb3', 'Mozilla/5.0 (compatible; Dataprovider.com)', 48, NULL),
(1157, '2024-01-10 06:57:52.745000', '149.56.150.86', '9j1rhn5nxo96bfwokx7zyd0yiytwsjb3', 'Mozilla/5.0 (compatible; Dataprovider.com)', 37, NULL),
(1158, '2024-01-10 06:57:54.621000', '149.56.150.86', '9j1rhn5nxo96bfwokx7zyd0yiytwsjb3', 'Mozilla/5.0 (Linux; Android 10; SM-G981B) AppleWebKit/537.36 (KHTML, like Gecko) Chrome/80.0.3987.162 Mobile Safari/537.36', 2, NULL),
(1159, '2024-01-10 12:20:25.523000', '110.136.216.125', 'ryi1z3pnve7t9p653y290c1xx28wqbn5', 'Mozilla/5.0 (Windows NT 10.0; Win64; x64) AppleWebKit/537.36 (KHTML, like Gecko) Chrome/109.0.0.0 Safari/537.36', 2, NULL),
(1160, '2024-01-10 12:20:39.531000', '110.136.216.125', '7wo2faehfe7h8xspfp0mve4hrp6gnmhd', 'Mozilla/5.0 (Windows NT 10.0; Win64; x64) AppleWebKit/537.36 (KHTML, like Gecko) Chrome/109.0.0.0 Safari/537.36', 1, 3),
(1161, '2024-01-10 19:27:36.741000', '216.244.66.238', 'mblx54kua688m2kcw3sfevedncocee7e', 'Mozilla/5.0 (compatible; DotBot/1.2; +https://opensiteexplorer.org/dotbot; help@moz.com)', 15, NULL),
(1162, '2024-01-10 19:57:10.357000', '216.244.66.238', 'amccbeqtgfme1v7aiyjn0le9mu92dqp8', 'Mozilla/5.0 (compatible; DotBot/1.2; +https://opensiteexplorer.org/dotbot; help@moz.com)', 15, NULL),
(1163, '2024-01-10 20:25:31.498000', '216.244.66.238', 'zg73zyq40sr350s22p54x4fh6qbze4y9', 'Mozilla/5.0 (compatible; DotBot/1.2; +https://opensiteexplorer.org/dotbot; help@moz.com)', 15, NULL),
(1164, '2024-01-10 20:56:04.368000', '216.244.66.238', 'ebiij2r2rtyrqhnm7ifbyvkcpps9mkqb', 'Mozilla/5.0 (compatible; DotBot/1.2; +https://opensiteexplorer.org/dotbot; help@moz.com)', 15, NULL),
(1165, '2024-01-10 22:43:16.226000', '157.55.39.200', 'du5g13zzz558x741fetosg69ghc2ar5z', 'Mozilla/5.0 AppleWebKit/537.36 (KHTML, like Gecko; compatible; bingbot/2.0; +http://www.bing.com/bingbot.htm) Chrome/116.0.1938.76 Safari/537.36', 19, NULL),
(1166, '2024-01-10 23:55:03.912000', '52.167.144.217', 'lmuj6g9x434j5j3tvv4h661wop8taido', 'Mozilla/5.0 AppleWebKit/537.36 (KHTML, like Gecko; compatible; bingbot/2.0; +http://www.bing.com/bingbot.htm) Chrome/116.0.1938.76 Safari/537.36', 15, NULL),
(1167, '2024-01-11 10:33:50.232000', '40.77.167.26', 'ee7u69lzr514h3kbdz0ylhh1f58q8x1p', 'Mozilla/5.0 AppleWebKit/537.36 (KHTML, like Gecko; compatible; bingbot/2.0; +http://www.bing.com/bingbot.htm) Chrome/116.0.1938.76 Safari/537.36', 33, NULL),
(1168, '2024-01-11 10:54:49.454000', '52.167.144.171', 'nxn9t85xeelvkupxorp03qaum8pljzkt', 'Mozilla/5.0 AppleWebKit/537.36 (KHTML, like Gecko; compatible; bingbot/2.0; +http://www.bing.com/bingbot.htm) Chrome/116.0.1938.76 Safari/537.36', 49, NULL),
(1169, '2024-01-11 12:06:18.224000', '185.191.171.7', 'n4bh19ieqqbag3nd06hfwaogtlkfdpe6', 'Mozilla/5.0 (compatible; SemrushBot/7~bl; +http://www.semrush.com/bot.html)', 49, NULL),
(1170, '2024-01-11 12:11:21.280000', '85.208.96.198', 'tuwh0hiifzp9fysl4ay8893zgm3pvoqg', 'Mozilla/5.0 (compatible; SemrushBot/7~bl; +http://www.semrush.com/bot.html)', 50, NULL),
(1171, '2024-01-11 12:47:45.316000', '35.88.69.182', 'doo1soe80uh4qkjs3e0n3ubhawvzm8mj', 'Mozilla/5.0 (Windows NT 10.0; Win64; x64) AppleWebKit/537.36 (KHTML, like Gecko) Chrome/74.0.3729.157 Safari/537.36', 16, NULL),
(1172, '2024-01-11 12:52:55.856000', '35.88.69.182', 'dal3q5mlchsrngs86i6yzugqqlfxavxw', 'Mozilla/5.0 (Windows NT 10.0; Win64; x64) AppleWebKit/537.36 (KHTML, like Gecko) Chrome/96.0.4664.110 Safari/537.36', 21, NULL),
(1173, '2024-01-11 12:54:05.293000', '35.88.69.182', '19jyhdsh2vpfdh5lwd3ze8uhjcjr2xwj', 'Mozilla/5.0 (Windows NT 10.0; Win64; x64) AppleWebKit/537.36 (KHTML, like Gecko) Chrome/74.0.3729.157 Safari/537.36', 49, NULL);
INSERT INTO `hitcount_hit` (`id`, `created`, `ip`, `session`, `user_agent`, `hitcount_id`, `user_id`) VALUES
(1174, '2024-01-11 12:58:13.152000', '35.88.69.182', 'in5284q6q2h73sv5b60rceiqnd5topkr', 'Mozilla/5.0 (Windows NT 10.0; Win64; x64) AppleWebKit/537.36 (KHTML, like Gecko) Chrome/74.0.3729.169 Safari/537.36', 23, NULL),
(1175, '2024-01-11 12:58:50.904000', '35.88.69.182', '2ol0nkxjbnw2p2gr1lrf79acs8brgtnz', 'Mozilla/5.0 (Windows NT 10.0; Win64; x64) AppleWebKit/537.36 (KHTML, like Gecko) Chrome/74.0.3729.157 Safari/537.36', 13, NULL),
(1176, '2024-01-11 12:59:19.039000', '35.88.69.182', 'zimypr6qejzzr54fwo0763ooxeirs2zx', 'Mozilla/5.0 (Windows NT 10.0; Win64; x64) AppleWebKit/537.36 (KHTML, like Gecko) Chrome/97.0.4692.71 Safari/537.36', 19, NULL),
(1177, '2024-01-11 12:59:38.075000', '35.88.69.182', 'kpkjxtqcqxnklwm5w9y9lx7dczgmra2t', 'Mozilla/5.0 (Windows NT 10.0; Win64; x64) AppleWebKit/537.36 (KHTML, like Gecko) Chrome/96.0.4664.110 Safari/537.36', 15, NULL),
(1178, '2024-01-11 13:00:10.414000', '35.88.69.182', '4i15kou75cl81h8p2xvnna530wxy2mbn', 'Mozilla/5.0 (Windows NT 10.0; Win64; x64) AppleWebKit/537.36 (KHTML, like Gecko) Chrome/97.0.4692.71 Safari/537.36', 32, NULL),
(1179, '2024-01-11 13:00:26.528000', '35.88.69.182', 'q1evmheur04w7yrdcmomueqav0s6418w', 'Mozilla/5.0 (Windows NT 10.0; Win64; x64) AppleWebKit/537.36 (KHTML, like Gecko) Chrome/74.0.3729.157 Safari/537.36', 17, NULL),
(1180, '2024-01-11 13:00:36.674000', '35.88.69.182', 'fexmf6q1gf3jekx7peal1uhriv8iljb7', 'Mozilla/5.0 (Windows NT 10.0; Win64; x64) AppleWebKit/537.36 (KHTML, like Gecko) Chrome/97.0.4692.71 Safari/537.36', 14, NULL),
(1181, '2024-01-11 13:01:57.423000', '35.88.69.182', '25rw0pja2rz5uzegfqcnhrunztvfibrs', 'Mozilla/5.0 (Windows NT 10.0; Win64; x64) AppleWebKit/537.36 (KHTML, like Gecko) Chrome/74.0.3729.169 Safari/537.36', 22, NULL),
(1182, '2024-01-11 13:02:10.264000', '35.88.69.182', 'd77v667vruoz58ds8pjga0a2np1197hb', 'Mozilla/5.0 (Windows NT 10.0; Win64; x64) AppleWebKit/537.36 (KHTML, like Gecko) Chrome/74.0.3729.169 Safari/537.36', 50, NULL),
(1183, '2024-01-11 13:02:40.013000', '35.88.69.182', 'dz0q1ow2nnzh6g1m50d4ykd6krmex96h', 'Mozilla/5.0 (Windows NT 10.0; Win64; x64) AppleWebKit/537.36 (KHTML, like Gecko) Chrome/74.0.3729.157 Safari/537.36', 25, NULL),
(1184, '2024-01-11 13:02:53.264000', '35.88.69.182', 'sg4p64l2k9110s8ooicae16lto97vy89', 'Mozilla/5.0 (Windows NT 10.0; Win64; x64) AppleWebKit/537.36 (KHTML, like Gecko) Chrome/74.0.3729.157 Safari/537.36', 18, NULL),
(1185, '2024-01-11 13:03:20.788000', '35.88.69.182', 'ph37r712z7nqn45xpuwbhrklchpart01', 'Mozilla/5.0 (Windows NT 10.0; Win64; x64) AppleWebKit/537.36 (KHTML, like Gecko) Chrome/97.0.4692.71 Safari/537.36', 31, NULL),
(1186, '2024-01-11 13:03:31.643000', '35.88.69.182', 'smdnpkmi8fnzx6ai9jh52ii8a5903ra5', 'Mozilla/5.0 (Windows NT 10.0; Win64; x64) AppleWebKit/537.36 (KHTML, like Gecko) Chrome/96.0.4664.110 Safari/537.36', 24, NULL),
(1187, '2024-01-11 13:03:50.938000', '35.88.69.182', 'i4u3bdudi0daoietpv32u1mw4jrn2hy7', 'Mozilla/5.0 (Windows NT 10.0; Win64; x64) AppleWebKit/537.36 (KHTML, like Gecko) Chrome/74.0.3729.169 Safari/537.36', 26, NULL),
(1188, '2024-01-11 13:04:26.840000', '35.88.69.182', '4kt4te34ozu7d1ha9hcjv1yr4seuzr1q', 'Mozilla/5.0 (Windows NT 10.0; Win64; x64) AppleWebKit/537.36 (KHTML, like Gecko) Chrome/74.0.3729.157 Safari/537.36', 20, NULL),
(1189, '2024-01-11 13:04:41.211000', '35.88.69.182', 'xxoxqnuolk25s9lg9em84mfxbuermq5r', 'Mozilla/5.0 (Windows NT 10.0; Win64; x64) AppleWebKit/537.36 (KHTML, like Gecko) Chrome/96.0.4664.110 Safari/537.36', 27, NULL),
(1190, '2024-01-11 13:05:05.953000', '35.88.69.182', '43v7n6bkpa8404q9jz640ojwqdq4xxds', 'Mozilla/5.0 (Windows NT 10.0; Win64; x64) AppleWebKit/537.36 (KHTML, like Gecko) Chrome/96.0.4664.110 Safari/537.36', 34, NULL),
(1191, '2024-01-11 13:05:17.071000', '35.88.69.182', 'pfp81xfklsq1x17lxd4x4127a7ypm2cz', 'Mozilla/5.0 (Windows NT 10.0; Win64; x64) AppleWebKit/537.36 (KHTML, like Gecko) Chrome/74.0.3729.157 Safari/537.36', 33, NULL),
(1192, '2024-01-11 15:03:02.858000', '110.136.217.29', '6ximyjmfahi8hjujqerv0rbumfz0p25q', 'Mozilla/5.0 (X11; Linux x86_64) AppleWebKit/537.36 (KHTML, like Gecko) Chrome/120.0.0.0 Safari/537.36 Edg/120.0.0.0', 51, NULL),
(1193, '2024-01-11 15:03:08.348000', '110.136.217.29', '6ximyjmfahi8hjujqerv0rbumfz0p25q', 'Mozilla/5.0 (X11; Linux x86_64) AppleWebKit/537.36 (KHTML, like Gecko) Chrome/120.0.0.0 Safari/537.36 Edg/120.0.0.0', 2, NULL),
(1194, '2024-01-11 15:06:53.133000', '110.136.217.29', '6ximyjmfahi8hjujqerv0rbumfz0p25q', 'Mozilla/5.0 (X11; Linux x86_64) AppleWebKit/537.36 (KHTML, like Gecko) Chrome/120.0.0.0 Safari/537.36 Edg/120.0.0.0', 2, NULL),
(1195, '2024-01-11 15:07:53.744000', '110.136.217.29', '6ximyjmfahi8hjujqerv0rbumfz0p25q', 'Mozilla/5.0 (X11; Linux x86_64) AppleWebKit/537.36 (KHTML, like Gecko) Chrome/120.0.0.0 Safari/537.36 Edg/120.0.0.0', 2, NULL),
(1196, '2024-01-11 15:09:43.130000', '110.136.217.29', '6ximyjmfahi8hjujqerv0rbumfz0p25q', 'Mozilla/5.0 (X11; Linux x86_64) AppleWebKit/537.36 (KHTML, like Gecko) Chrome/120.0.0.0 Safari/537.36 Edg/120.0.0.0', 2, NULL),
(1197, '2024-01-11 15:11:41.994000', '110.136.217.29', '6ximyjmfahi8hjujqerv0rbumfz0p25q', 'Mozilla/5.0 (X11; Linux x86_64) AppleWebKit/537.36 (KHTML, like Gecko) Chrome/120.0.0.0 Safari/537.36 Edg/120.0.0.0', 2, NULL),
(1198, '2024-01-11 15:14:14.786000', '110.136.217.29', '6ximyjmfahi8hjujqerv0rbumfz0p25q', 'Mozilla/5.0 (X11; Linux x86_64) AppleWebKit/537.36 (KHTML, like Gecko) Chrome/120.0.0.0 Safari/537.36 Edg/120.0.0.0', 2, NULL),
(1199, '2024-01-11 15:35:13.876000', '110.136.217.29', '6ximyjmfahi8hjujqerv0rbumfz0p25q', 'Mozilla/5.0 (X11; Linux x86_64) AppleWebKit/537.36 (KHTML, like Gecko) Chrome/120.0.0.0 Safari/537.36 Edg/120.0.0.0', 2, NULL),
(1200, '2024-01-11 15:35:15.670000', '110.136.217.29', '6ximyjmfahi8hjujqerv0rbumfz0p25q', 'Mozilla/5.0 (X11; Linux x86_64) AppleWebKit/537.36 (KHTML, like Gecko) Chrome/120.0.0.0 Safari/537.36 Edg/120.0.0.0', 38, NULL),
(1201, '2024-01-11 22:37:28.092000', '40.77.167.64', 'fq4emfg5nkkd4dywph34tg1frhf3l5p0', 'Mozilla/5.0 AppleWebKit/537.36 (KHTML, like Gecko; compatible; bingbot/2.0; +http://www.bing.com/bingbot.htm) Chrome/116.0.1938.76 Safari/537.36', 23, NULL),
(1202, '2024-01-12 00:30:51.672000', '52.167.144.176', 'yzre8jydnyutu7mhm4oupyl8swij1pip', 'Mozilla/5.0 AppleWebKit/537.36 (KHTML, like Gecko; compatible; bingbot/2.0; +http://www.bing.com/bingbot.htm) Chrome/116.0.1938.76 Safari/537.36', 13, NULL),
(1203, '2024-01-12 07:02:50.184000', '110.136.219.66', 'erdj1hvpksfaus7l94de165yd6k02leo', 'Mozilla/5.0 (iPhone; CPU iPhone OS 16_3_1 like Mac OS X) AppleWebKit/605.1.15 (KHTML, like Gecko) Version/16.3 Mobile/15E148 Safari/604.1', 13, NULL),
(1204, '2024-01-12 08:48:31.250000', '114.79.21.230', 'erdj1hvpksfaus7l94de165yd6k02leo', 'Mozilla/5.0 (iPhone; CPU iPhone OS 16_3_1 like Mac OS X) AppleWebKit/605.1.15 (KHTML, like Gecko) Version/16.3 Mobile/15E148 Safari/604.1', 13, NULL),
(1205, '2024-01-12 08:48:59.528000', '114.79.21.230', 'erdj1hvpksfaus7l94de165yd6k02leo', 'Mozilla/5.0 (iPhone; CPU iPhone OS 16_3_1 like Mac OS X) AppleWebKit/605.1.15 (KHTML, like Gecko) Version/16.3 Mobile/15E148 Safari/604.1', 4, NULL),
(1206, '2024-01-12 09:26:50.691000', '125.166.216.238', 'vngyeyds4eyhjwyitabu0nphi8wiraa4', 'Mozilla/5.0 (Windows NT 10.0; Win64; x64) AppleWebKit/537.36 (KHTML, like Gecko) Chrome/120.0.0.0 Safari/537.36', 13, NULL),
(1207, '2024-01-12 15:51:49.132000', '40.77.167.79', '5fnyny9uubvi5tohpo91i1v9k2jxah0e', 'Mozilla/5.0 AppleWebKit/537.36 (KHTML, like Gecko; compatible; bingbot/2.0; +http://www.bing.com/bingbot.htm) Chrome/116.0.1938.76 Safari/537.36', 49, NULL),
(1208, '2024-01-12 16:59:54.082000', '64.140.136.98', 'ohevx2ajzl2r42blg9t7ms2vw4bvgv4x', 'Mozilla/5.0 (Macintosh; Intel Mac OS X 10_15_7) AppleWebKit/537.36 (KHTML like Gecko) Chrome/100.0.4896.88 Safari/537.36', 23, NULL),
(1209, '2024-01-12 16:59:54.781000', '168.151.38.72', '0yncvcm5x7hhtmyxx776irh6t97et037', 'Mozilla/5.0 (Macintosh; Intel Mac OS X 10_15_7) AppleWebKit/537.36 (KHTML like Gecko) Chrome/99.0.4844.84 Safari/537.36', 17, NULL),
(1210, '2024-01-12 16:59:55.088000', '207.90.21.6', 'lnuul1wlt9ydmxlz50ar8noaqckyvfwc', 'Mozilla/5.0 (Windows NT 10.0; Win64; x64) AppleWebKit/537.36 (KHTML like Gecko) Chrome/99.0.4844.84 Safari/537.36', 13, NULL),
(1211, '2024-01-12 16:59:55.384000', '160.19.92.193', 'i43umwn5tj0rjiap7l6bvu925rbwlx8s', 'Mozilla/5.0 (Windows NT 10.0; WOW64) AppleWebKit/537.36 (KHTML like Gecko) Chrome/100.0.4896.127 Safari/537.36', 32, NULL),
(1212, '2024-01-12 16:59:56.170000', '64.140.135.217', 'nu0u1t19r9uwd027gq1hgt8srmi88278', 'Mozilla/5.0 (Windows; U; Windows NT 10.0; en-US; Valve Steam Client/default/1647446817; ) AppleWebKit/537.36 (KHTML like Gecko) Chrome/84.0.4147.105 Safari/537.36', 16, NULL),
(1213, '2024-01-13 04:11:46.389000', '110.136.219.66', 'erdj1hvpksfaus7l94de165yd6k02leo', 'Mozilla/5.0 (iPhone; CPU iPhone OS 16_3_1 like Mac OS X) AppleWebKit/605.1.15 (KHTML, like Gecko) Version/16.3 Mobile/15E148 Safari/604.1', 4, NULL),
(1214, '2024-01-13 10:42:10.869000', '157.55.39.62', 'ids5vtw0xo111lrwx5a78lu4tgyk5xak', 'Mozilla/5.0 AppleWebKit/537.36 (KHTML, like Gecko; compatible; bingbot/2.0; +http://www.bing.com/bingbot.htm) Chrome/116.0.1938.76 Safari/537.36', 32, NULL),
(1215, '2024-01-13 11:26:49.078000', '125.166.216.238', 'vngyeyds4eyhjwyitabu0nphi8wiraa4', 'Mozilla/5.0 (Windows NT 10.0; Win64; x64) AppleWebKit/537.36 (KHTML, like Gecko) Chrome/120.0.0.0 Safari/537.36', 4, NULL),
(1216, '2024-01-13 11:47:42.766000', '125.166.216.238', 'vngyeyds4eyhjwyitabu0nphi8wiraa4', 'Mozilla/5.0 (Windows NT 10.0; Win64; x64) AppleWebKit/537.36 (KHTML, like Gecko) Chrome/120.0.0.0 Safari/537.36', 4, NULL),
(1217, '2024-01-13 12:16:55.741000', '125.166.216.238', 'vngyeyds4eyhjwyitabu0nphi8wiraa4', 'Mozilla/5.0 (Windows NT 10.0; Win64; x64) AppleWebKit/537.36 (KHTML, like Gecko) Chrome/120.0.0.0 Safari/537.36', 4, NULL),
(1218, '2024-01-13 12:32:08.088000', '125.166.216.238', 'vngyeyds4eyhjwyitabu0nphi8wiraa4', 'Mozilla/5.0 (Windows NT 10.0; Win64; x64) AppleWebKit/537.36 (KHTML, like Gecko) Chrome/120.0.0.0 Safari/537.36', 4, NULL),
(1219, '2024-01-13 12:34:21.483000', '125.166.216.238', 'vngyeyds4eyhjwyitabu0nphi8wiraa4', 'Mozilla/5.0 (Windows NT 10.0; Win64; x64) AppleWebKit/537.36 (KHTML, like Gecko) Chrome/120.0.0.0 Safari/537.36', 4, NULL),
(1220, '2024-01-13 12:39:29.654000', '125.166.216.238', 'vngyeyds4eyhjwyitabu0nphi8wiraa4', 'Mozilla/5.0 (Windows NT 10.0; Win64; x64) AppleWebKit/537.36 (KHTML, like Gecko) Chrome/120.0.0.0 Safari/537.36', 17, NULL),
(1221, '2024-01-13 12:40:09.344000', '125.166.216.238', 'vngyeyds4eyhjwyitabu0nphi8wiraa4', 'Mozilla/5.0 (Windows NT 10.0; Win64; x64) AppleWebKit/537.36 (KHTML, like Gecko) Chrome/120.0.0.0 Safari/537.36', 23, NULL),
(1222, '2024-01-13 12:46:44.184000', '125.166.216.238', 'vngyeyds4eyhjwyitabu0nphi8wiraa4', 'Mozilla/5.0 (Windows NT 10.0; Win64; x64) AppleWebKit/537.36 (KHTML, like Gecko) Chrome/120.0.0.0 Safari/537.36', 13, NULL),
(1223, '2024-01-13 13:04:36.137000', '114.5.111.91', 'erdj1hvpksfaus7l94de165yd6k02leo', 'Mozilla/5.0 (iPhone; CPU iPhone OS 16_3_1 like Mac OS X) AppleWebKit/605.1.15 (KHTML, like Gecko) Version/16.3 Mobile/15E148 Safari/604.1', 4, NULL),
(1224, '2024-01-13 13:37:24.296000', '125.166.216.238', 'vngyeyds4eyhjwyitabu0nphi8wiraa4', 'Mozilla/5.0 (Windows NT 10.0; Win64; x64) AppleWebKit/537.36 (KHTML, like Gecko) Chrome/120.0.0.0 Safari/537.36', 4, NULL),
(1225, '2024-01-13 13:37:37.539000', '125.166.216.238', 'vngyeyds4eyhjwyitabu0nphi8wiraa4', 'Mozilla/5.0 (Windows NT 10.0; Win64; x64) AppleWebKit/537.36 (KHTML, like Gecko) Chrome/120.0.0.0 Safari/537.36', 16, NULL),
(1226, '2024-01-13 13:38:02.792000', '125.166.216.238', 'vngyeyds4eyhjwyitabu0nphi8wiraa4', 'Mozilla/5.0 (Windows NT 10.0; Win64; x64) AppleWebKit/537.36 (KHTML, like Gecko) Chrome/120.0.0.0 Safari/537.36', 17, NULL),
(1227, '2024-01-13 13:38:42.308000', '125.166.216.238', 'vngyeyds4eyhjwyitabu0nphi8wiraa4', 'Mozilla/5.0 (Windows NT 10.0; Win64; x64) AppleWebKit/537.36 (KHTML, like Gecko) Chrome/120.0.0.0 Safari/537.36', 4, NULL),
(1228, '2024-01-13 21:32:11.527000', '52.167.144.161', 'bjjwn0bfy43006vxtxkgz3uzlkn0ydqm', 'Mozilla/5.0 AppleWebKit/537.36 (KHTML, like Gecko; compatible; bingbot/2.0; +http://www.bing.com/bingbot.htm) Chrome/116.0.1938.76 Safari/537.36', 49, NULL),
(1229, '2024-01-14 00:04:15.084000', '110.136.219.66', 'erdj1hvpksfaus7l94de165yd6k02leo', 'Mozilla/5.0 (iPhone; CPU iPhone OS 16_3_1 like Mac OS X) AppleWebKit/605.1.15 (KHTML, like Gecko) Version/16.3 Mobile/15E148 Safari/604.1', 4, NULL),
(1230, '2024-01-14 06:09:57.532000', '54.36.148.63', 'dvjjl7c8juc6b2hvao4z9a0anrfzga4x', 'Mozilla/5.0 (compatible; AhrefsBot/7.0; +http://ahrefs.com/robot/)', 23, NULL),
(1231, '2024-01-14 06:33:28.176000', '110.136.219.66', 'erdj1hvpksfaus7l94de165yd6k02leo', 'Mozilla/5.0 (iPhone; CPU iPhone OS 16_3_1 like Mac OS X) AppleWebKit/605.1.15 (KHTML, like Gecko) Version/16.3 Mobile/15E148 Safari/604.1', 4, NULL),
(1232, '2024-01-14 08:04:47.999000', '54.36.148.20', 'qu9g64mru4e00ozznu346gr0ytvkp01o', 'Mozilla/5.0 (compatible; AhrefsBot/7.0; +http://ahrefs.com/robot/)', 18, NULL),
(1233, '2024-01-14 09:39:17.078000', '13.208.35.186', 'be7k1bd4ni414vtpuohjs0ffkjhosnh5', 'Mozilla/5.0 (Macintosh; Intel Mac OS X 10_10; rv:52.0) Gecko/20100101 Firefox/52.0', 20, NULL),
(1234, '2024-01-14 09:39:18.072000', '13.208.35.186', 'ojb1q3fqtjeyl6vlgt9mzu5ajwlfji9z', 'Mozilla/5.0 (Windows NT 10.0; rv:54.0) Gecko/20100101 Firefox/54.0', 23, NULL),
(1235, '2024-01-14 09:39:18.571000', '13.208.35.186', '5ttjbh0qr03x2ewo1eds66l6v5oqfhjz', 'Mozilla/5.0 (Macintosh; Intel Mac OS X 10_10) AppleWebKit/537.36 (KHTML, like Gecko) Chrome/37.0.2062.124 Safari/537.36', 13, NULL),
(1236, '2024-01-14 09:39:19.060000', '13.208.35.186', 'u1gicz5vseo68hgtgvet0f3det8qa7p7', 'Mozilla/5.0 (Windows NT 5.1; rv:58.0) Gecko/20100101 Firefox/58.0', 17, NULL),
(1237, '2024-01-14 09:39:19.959000', '13.208.35.186', 'zk088bfqpi041n6r4s00lphjgp1zomz7', 'Mozilla/5.0 (Windows NT 10.0; rv:57.0) Gecko/20100101 Firefox/57.0', 16, NULL),
(1238, '2024-01-14 09:39:20.495000', '13.208.35.186', 'xss90z291bsmg9e1jlrgwv62s5db83wp', 'Opera/9.80 (Windows NT 10.0; U; en) Presto/2.7.62 Version/11.00', 32, NULL),
(1239, '2024-01-14 09:39:21.171000', '13.208.35.186', 'i9kmfxxxyeypy042ea06r1usg5gj2vrm', 'Opera/9.80 (Windows NT 10.0; U; en) Presto/2.2.15 Version/10.10', 14, NULL),
(1240, '2024-01-14 09:39:22.007000', '13.208.35.186', '3pxsd2wnwt0tvpgobtpcxlgwm931j5s4', 'Mozilla/5.0 (Macintosh; Intel Mac OS X 10_10; rv:61.0) Gecko/20100101 Firefox/61.0', 27, NULL),
(1241, '2024-01-14 09:39:22.567000', '13.208.35.186', 'iijek5kdwy8wo5y271lea5b5b18n3j8s', 'Mozilla/5.0 (Macintosh; Intel Mac OS X 10_10) AppleWebKit/537.36 (KHTML, like Gecko) Chrome/55.0.2883.87 Safari/537.36', 21, NULL),
(1242, '2024-01-14 09:39:23.060000', '13.208.35.186', '05vqkv4la1w635cpmstgdq3jz9q1phq6', 'Mozilla/5.0 (Windows NT 6.1; Win64; x64; rv:48.0) Gecko/20100101 Firefox/48.0', 19, NULL),
(1243, '2024-01-14 09:39:23.597000', '13.208.35.186', 'zlg0d8mozanx2ab82nwc84umcfb4pgqg', 'Opera/9.80 (Windows NT 6.1; Win64; x64; U; en) Presto/2.2.15 Version/10.00', 15, NULL),
(1244, '2024-01-14 09:39:24.281000', '13.208.35.186', 'zn4hk8k1qfurevjttrell0szikm6twpp', 'Mozilla/5.0 (Windows NT 5.1; rv:59.0) Gecko/20100101 Firefox/59.0', 50, NULL),
(1245, '2024-01-14 09:39:25.500000', '13.208.35.186', '3mw2dyzb4afsffadoz4178n2hsbleuwr', 'Mozilla/5.0 (Windows NT 6.1; Win64; x64) AppleWebKit/537.36 (KHTML, like Gecko) Chrome/56.0.2924.87 Safari/537.36', 49, NULL),
(1246, '2024-01-14 09:39:27.064000', '13.208.35.186', 'yxphh8iptucl7ozt692jzsub9wx5tnw1', 'Mozilla/5.0 (Windows NT 5.1; rv:53.0) Gecko/20100101 Firefox/53.0', 18, NULL),
(1247, '2024-01-14 09:39:27.086000', '13.208.35.186', 'n5rsxxy3p2skkk1nj170pphc01jc84e4', 'Mozilla/5.0 (Macintosh; Intel Mac OS X 10_10; rv:35.0) Gecko/20100101 Firefox/35.0', 22, NULL),
(1248, '2024-01-14 09:39:27.564000', '13.208.35.186', '60ucs3ncdw1cguepnf1cqqmly1w716jo', 'Opera/9.80 (X11; Linux x86_64; U; en) Presto/2.5.24 Version/10.54', 34, NULL),
(1249, '2024-01-14 09:39:27.664000', '13.208.35.186', 'vr07cxxgfag4wgqirdffnl5csdk81p14', 'Opera/9.80 (Windows NT 10.0; U; en) Presto/2.2.15 Version/10.00', 26, NULL),
(1250, '2024-01-14 09:39:27.874000', '13.208.35.186', 'wqxvted9jqiwaqes4e6xqhy632ipi2j5', 'Mozilla/5.0 (Windows NT 10.0; rv:53.0) Gecko/20100101 Firefox/53.0', 25, NULL),
(1251, '2024-01-14 09:39:28.193000', '13.208.35.186', '0q4ulw6ahtypwvx5ystv78uu06cbzee0', 'Opera/9.80 (Windows NT 5.1; U; en) Presto/2.2.15 Version/10.00', 24, NULL),
(1252, '2024-01-14 09:39:28.208000', '13.208.35.186', 'qnwegsaxucvixy91faoerzjb1ipqdbip', 'Opera/9.80 (Windows NT 6.1; WOW64; U; en) Presto/2.9.168 Version/11.50', 31, NULL),
(1253, '2024-01-14 09:39:28.460000', '13.208.35.186', 't0dnemzl5x762tz45rq35btonmiojh46', 'Mozilla/5.0 (Macintosh; Intel Mac OS X 10_10; rv:40.0) Gecko/20100101 Firefox/40.0', 33, NULL),
(1254, '2024-01-14 09:59:01.756000', '54.36.149.27', '7lbnhw8oe66c64ojey5ofmk9oizv5mll', 'Mozilla/5.0 (compatible; AhrefsBot/7.0; +http://ahrefs.com/robot/)', 25, NULL),
(1255, '2024-01-14 11:17:11.197000', '52.167.144.200', 'zka139mydrajvllmm4u0oej5567pwmis', 'Mozilla/5.0 AppleWebKit/537.36 (KHTML, like Gecko; compatible; bingbot/2.0; +http://www.bing.com/bingbot.htm) Chrome/116.0.1938.76 Safari/537.36', 13, NULL),
(1256, '2024-01-14 12:26:00.265000', '54.36.149.26', 'zzuo4kjgp5s22yojmh0ks99f3d4wlr9y', 'Mozilla/5.0 (compatible; AhrefsBot/7.0; +http://ahrefs.com/robot/)', 22, NULL),
(1257, '2024-01-14 14:39:06.028000', '54.36.149.67', 'qrgif43hwsth07j1wtn508j01lczro8s', 'Mozilla/5.0 (compatible; AhrefsBot/7.0; +http://ahrefs.com/robot/)', 31, NULL),
(1258, '2024-01-15 01:25:54.104000', '207.46.13.6', 'cjxho3ou6egeyfukcp8ygdcngqkyrdwx', 'Mozilla/5.0 AppleWebKit/537.36 (KHTML, like Gecko; compatible; bingbot/2.0; +http://www.bing.com/bingbot.htm) Chrome/116.0.1938.76 Safari/537.36', 19, NULL),
(1259, '2024-01-15 02:16:54.948000', '40.77.167.3', 'h02o89hydxu4mzokep8k4xw1pgzd4q5o', 'Mozilla/5.0 AppleWebKit/537.36 (KHTML, like Gecko; compatible; bingbot/2.0; +http://www.bing.com/bingbot.htm) Chrome/116.0.1938.76 Safari/537.36', 49, NULL),
(1260, '2024-01-15 05:23:59.277000', '216.244.66.238', 'ktq6lkljfcpxed2564bgzgm52bnawe03', 'Mozilla/5.0 (compatible; DotBot/1.2; +https://opensiteexplorer.org/dotbot; help@moz.com)', 15, NULL),
(1261, '2024-01-15 05:55:03.063000', '216.244.66.238', '51fz0rkbd2rjv66y7fnvdceq1hodpgwy', 'Mozilla/5.0 (compatible; DotBot/1.2; +https://opensiteexplorer.org/dotbot; help@moz.com)', 15, NULL),
(1262, '2024-01-15 06:02:53.288000', '40.77.167.143', 'fm76zqh3q3wgyttbvdyv7iyxyfalry3c', 'Mozilla/5.0 AppleWebKit/537.36 (KHTML, like Gecko; compatible; bingbot/2.0; +http://www.bing.com/bingbot.htm) Chrome/116.0.1938.76 Safari/537.36', 14, NULL),
(1263, '2024-01-15 06:26:54.017000', '216.244.66.238', 'vnir7nfiso3h9187mzpz6uwcdneo3qv0', 'Mozilla/5.0 (compatible; DotBot/1.2; +https://opensiteexplorer.org/dotbot; help@moz.com)', 15, NULL),
(1264, '2024-01-15 07:02:03.120000', '216.244.66.238', '9y0hoosp46u3xgr2jwq6apr3nfbdtv99', 'Mozilla/5.0 (compatible; DotBot/1.2; +https://opensiteexplorer.org/dotbot; help@moz.com)', 15, NULL),
(1265, '2024-01-15 13:12:26.479000', '51.222.253.20', 'ese3gjp5juvd4jngwj2gfnux8xe99x2v', 'Mozilla/5.0 (compatible; AhrefsBot/7.0; +http://ahrefs.com/robot/)', 17, NULL),
(1266, '2024-01-15 16:19:12.920000', '149.56.160.134', 'oz5c0k0me4ztywl6ucnaw5g7gu89mj01', 'Mozilla/5.0 (compatible; Dataprovider.com)', 23, NULL),
(1267, '2024-01-15 16:19:13.862000', '149.56.160.134', 'oz5c0k0me4ztywl6ucnaw5g7gu89mj01', 'Mozilla/5.0 (compatible; Dataprovider.com)', 13, NULL),
(1268, '2024-01-15 16:19:14.888000', '149.56.160.134', 'oz5c0k0me4ztywl6ucnaw5g7gu89mj01', 'Mozilla/5.0 (compatible; Dataprovider.com)', 32, NULL),
(1269, '2024-01-15 16:19:15.921000', '149.56.160.134', 'oz5c0k0me4ztywl6ucnaw5g7gu89mj01', 'Mozilla/5.0 (compatible; Dataprovider.com)', 17, NULL),
(1270, '2024-01-15 16:19:16.843000', '149.56.160.134', 'oz5c0k0me4ztywl6ucnaw5g7gu89mj01', 'Mozilla/5.0 (compatible; Dataprovider.com)', 16, NULL),
(1271, '2024-01-15 16:19:19.415000', '149.56.160.134', 'oz5c0k0me4ztywl6ucnaw5g7gu89mj01', 'Mozilla/5.0 (Linux; Android 10; SM-G981B) AppleWebKit/537.36 (KHTML, like Gecko) Chrome/80.0.3987.162 Mobile Safari/537.36', 4, NULL),
(1272, '2024-01-15 18:50:44.839000', '207.46.13.130', 'hzptkwnx5gswhsnkd1b11a526b3ul2u0', 'Mozilla/5.0 AppleWebKit/537.36 (KHTML, like Gecko; compatible; bingbot/2.0; +http://www.bing.com/bingbot.htm) Chrome/116.0.1938.76 Safari/537.36', 32, NULL),
(1273, '2024-01-15 19:18:53.041000', '125.166.216.238', 'vngyeyds4eyhjwyitabu0nphi8wiraa4', 'Mozilla/5.0 (Windows NT 10.0; Win64; x64) AppleWebKit/537.36 (KHTML, like Gecko) Chrome/120.0.0.0 Safari/537.36', 4, NULL),
(1274, '2024-01-15 19:20:32.565000', '125.166.216.238', 'vngyeyds4eyhjwyitabu0nphi8wiraa4', 'Mozilla/5.0 (Windows NT 10.0; Win64; x64) AppleWebKit/537.36 (KHTML, like Gecko) Chrome/120.0.0.0 Safari/537.36', 17, NULL),
(1275, '2024-01-15 19:22:32.162000', '125.166.216.238', 'vngyeyds4eyhjwyitabu0nphi8wiraa4', 'Mozilla/5.0 (Windows NT 10.0; Win64; x64) AppleWebKit/537.36 (KHTML, like Gecko) Chrome/120.0.0.0 Safari/537.36', 4, NULL),
(1276, '2024-01-15 20:56:36.707000', '40.77.167.38', 'kex5p8osy866ivypk01eegh742u2apzn', 'Mozilla/5.0 AppleWebKit/537.36 (KHTML, like Gecko; compatible; bingbot/2.0; +http://www.bing.com/bingbot.htm) Chrome/116.0.1938.76 Safari/537.36', 16, NULL),
(1277, '2024-01-16 04:23:31.456000', '207.46.13.17', 'xokyfgtkmu3y153b7hsrvydp4akb0h7h', 'Mozilla/5.0 AppleWebKit/537.36 (KHTML, like Gecko; compatible; bingbot/2.0; +http://www.bing.com/bingbot.htm) Chrome/116.0.1938.76 Safari/537.36', 19, NULL),
(1278, '2024-01-16 06:45:33.960000', '85.208.96.194', 'hmpjhvy65xetp7jdjvn0ufdii0vc87rr', 'Mozilla/5.0 (compatible; SemrushBot/7~bl; +http://www.semrush.com/bot.html)', 32, NULL),
(1279, '2024-01-16 08:22:26.165000', '52.167.144.188', '95yjh5zgve7wq5y1zxdbof53rcee8vz5', 'Mozilla/5.0 AppleWebKit/537.36 (KHTML, like Gecko; compatible; bingbot/2.0; +http://www.bing.com/bingbot.htm) Chrome/116.0.1938.76 Safari/537.36', 49, NULL),
(1280, '2024-01-16 15:17:21.936000', '40.77.167.8', '1ifn829htu8bma8juig8xpoyroub4z0c', 'Mozilla/5.0 AppleWebKit/537.36 (KHTML, like Gecko; compatible; bingbot/2.0; +http://www.bing.com/bingbot.htm) Chrome/116.0.1938.76 Safari/537.36', 14, NULL),
(1281, '2024-01-16 22:08:46.028000', '207.46.13.126', 'fx4br91zdnmr0ta9x3wi2i3zo0jgqi7z', 'Mozilla/5.0 AppleWebKit/537.36 (KHTML, like Gecko; compatible; bingbot/2.0; +http://www.bing.com/bingbot.htm) Chrome/116.0.1938.76 Safari/537.36', 13, NULL),
(1282, '2024-01-17 01:35:30.889000', '207.46.13.78', '4b11ijleb0bdq17by85u30i036entqcz', 'Mozilla/5.0 AppleWebKit/537.36 (KHTML, like Gecko; compatible; bingbot/2.0; +http://www.bing.com/bingbot.htm) Chrome/116.0.1938.76 Safari/537.36', 19, NULL),
(1283, '2024-01-17 07:04:33.722000', '40.77.167.25', 'qrd3veo188dh1jrbbv0wmqnhr721f3zz', 'Mozilla/5.0 AppleWebKit/537.36 (KHTML, like Gecko; compatible; bingbot/2.0; +http://www.bing.com/bingbot.htm) Chrome/116.0.1938.76 Safari/537.36', 14, NULL),
(1284, '2024-01-17 07:05:05.381000', '54.36.149.79', '5ljd6o6o491lek43qza9nibrgqocnm8j', 'Mozilla/5.0 (compatible; AhrefsBot/7.0; +http://ahrefs.com/robot/)', 14, NULL),
(1285, '2024-01-17 12:36:17.175000', '52.167.144.218', '3zwshie01ip9hnq3g827mb741ctb2j4r', 'Mozilla/5.0 AppleWebKit/537.36 (KHTML, like Gecko; compatible; bingbot/2.0; +http://www.bing.com/bingbot.htm) Chrome/116.0.1938.76 Safari/537.36', 49, NULL),
(1286, '2024-01-17 16:50:47.957000', '20.15.133.185', '9pzajacpa9oitpbt6rsictadhyrlwkav', 'Mozilla/5.0 AppleWebKit/537.36 (KHTML, like Gecko; compatible; bingbot/2.0; +http://www.bing.com/bingbot.htm) Chrome/116.0.1938.76 Safari/537.36', 27, NULL),
(1287, '2024-01-17 19:13:00.378000', '51.222.253.2', '7hamim8ngru31k4f35oc99ibewnk1p5r', 'Mozilla/5.0 (compatible; AhrefsBot/7.0; +http://ahrefs.com/robot/)', 24, NULL),
(1288, '2024-01-17 20:32:52.186000', '40.77.167.64', '9u28ch90455txcdg875ayrau7ihtyqo9', 'Mozilla/5.0 AppleWebKit/537.36 (KHTML, like Gecko; compatible; bingbot/2.0; +http://www.bing.com/bingbot.htm) Chrome/116.0.1938.76 Safari/537.36', 49, NULL),
(1289, '2024-01-17 21:15:43.669000', '52.167.144.136', 'nul461hln25i2j30lso3f0th21w3jv74', 'Mozilla/5.0 AppleWebKit/537.36 (KHTML, like Gecko; compatible; bingbot/2.0; +http://www.bing.com/bingbot.htm) Chrome/116.0.1938.76 Safari/537.36', 14, NULL),
(1290, '2024-01-17 22:06:51.200000', '157.55.39.49', '0wq7kwamc181gl54dxo2afaj1srtbfdy', 'Mozilla/5.0 AppleWebKit/537.36 (KHTML, like Gecko; compatible; bingbot/2.0; +http://www.bing.com/bingbot.htm) Chrome/116.0.1938.76 Safari/537.36', 19, NULL),
(1291, '2024-01-17 23:56:31.074000', '51.222.253.2', 'm7n2csx3yx8m8zu9h70hl9cayurmt6iu', 'Mozilla/5.0 (compatible; AhrefsBot/7.0; +http://ahrefs.com/robot/)', 49, NULL),
(1292, '2024-01-18 02:08:36.014000', '52.167.144.22', 'lnjkkc0z6o7c3x59xdb810t9e0uucfis', 'Mozilla/5.0 AppleWebKit/537.36 (KHTML, like Gecko; compatible; bingbot/2.0; +http://www.bing.com/bingbot.htm) Chrome/116.0.1938.76 Safari/537.36', 31, NULL),
(1293, '2024-01-18 07:29:23.242000', '52.167.144.184', 'n9pdxv6ualis531gp3c3fe7btfin2k8q', 'Mozilla/5.0 AppleWebKit/537.36 (KHTML, like Gecko; compatible; bingbot/2.0; +http://www.bing.com/bingbot.htm) Chrome/116.0.1938.76 Safari/537.36', 14, NULL),
(1294, '2024-01-18 08:03:33.940000', '110.136.219.30', 'wfkvzj6cq16jbidgunnmuerxudwhi8m3', 'Mozilla/5.0 (Linux; Android 11; SM-A507FN Build/RP1A.200720.012; wv) AppleWebKit/537.36 (KHTML, like Gecko) Version/4.0 Chrome/120.0.6099.210 Mobile Safari/537.36 Instagram 313.0.0.26.328 Android (30/11; 420dpi; 1080x2131; samsung; SM-A507FN; a50s; exynos', 23, NULL),
(1295, '2024-01-18 08:03:43.763000', '110.136.219.30', 'wfkvzj6cq16jbidgunnmuerxudwhi8m3', 'Mozilla/5.0 (Linux; Android 11; SM-A507FN Build/RP1A.200720.012; wv) AppleWebKit/537.36 (KHTML, like Gecko) Version/4.0 Chrome/120.0.6099.210 Mobile Safari/537.36 Instagram 313.0.0.26.328 Android (30/11; 420dpi; 1080x2131; samsung; SM-A507FN; a50s; exynos', 4, NULL),
(1296, '2024-01-18 12:56:50.485000', '51.222.253.11', '9jv13pltzoov8zr51g1ftsqu3f87c41i', 'Mozilla/5.0 (compatible; AhrefsBot/7.0; +http://ahrefs.com/robot/)', 34, NULL),
(1297, '2024-01-18 19:12:49.827000', '52.167.144.176', 'bw33hdh030w8x45r1qrevyrnrubiix0p', 'Mozilla/5.0 AppleWebKit/537.36 (KHTML, like Gecko; compatible; bingbot/2.0; +http://www.bing.com/bingbot.htm) Chrome/116.0.1938.76 Safari/537.36', 49, NULL),
(1298, '2024-01-18 21:11:42.185000', '180.249.176.174', 'vngyeyds4eyhjwyitabu0nphi8wiraa4', 'Mozilla/5.0 (Windows NT 10.0; Win64; x64) AppleWebKit/537.36 (KHTML, like Gecko) Chrome/120.0.0.0 Safari/537.36', 4, NULL),
(1299, '2024-01-19 05:52:29.133000', '140.213.127.254', '6ximyjmfahi8hjujqerv0rbumfz0p25q', 'Mozilla/5.0 (X11; Linux x86_64) AppleWebKit/537.36 (KHTML, like Gecko) Chrome/120.0.0.0 Safari/537.36 Edg/120.0.0.0', 2, NULL),
(1300, '2024-01-19 05:53:06.442000', '140.213.127.254', 'n6sfmbv1lh2jcr2w8miup7sad048qebz', 'Mozilla/5.0 (X11; Linux x86_64) AppleWebKit/537.36 (KHTML, like Gecko) Chrome/120.0.0.0 Safari/537.36 Edg/120.0.0.0', 1, 3),
(1301, '2024-01-19 07:45:59.373000', '54.36.148.218', '1nqwo87y9e3bd832zfwsymdvauxgv8xe', 'Mozilla/5.0 (compatible; AhrefsBot/7.0; +http://ahrefs.com/robot/)', 50, NULL),
(1302, '2024-01-19 08:44:21.887000', '40.77.167.247', 's4qxdk6aahfxmcjbuokntl6hfivgg9vd', 'Mozilla/5.0 AppleWebKit/537.36 (KHTML, like Gecko; compatible; bingbot/2.0; +http://www.bing.com/bingbot.htm) Chrome/116.0.1938.76 Safari/537.36', 13, NULL),
(1303, '2024-01-19 13:36:47.120000', '216.244.66.238', '84lwpynv421vwaep1700vgw8gr0awm7e', 'Mozilla/5.0 (compatible; DotBot/1.2; +https://opensiteexplorer.org/dotbot; help@moz.com)', 15, NULL),
(1304, '2024-01-19 14:11:42.189000', '216.244.66.238', 'l38fv6k5ers8789dxvo5tq0nq1v4q0n8', 'Mozilla/5.0 (compatible; DotBot/1.2; +https://opensiteexplorer.org/dotbot; help@moz.com)', 15, NULL),
(1305, '2024-01-19 14:44:19.610000', '216.244.66.238', 'glxv9s32pl5n2lht37jggdlq6eovzo6u', 'Mozilla/5.0 (compatible; DotBot/1.2; +https://opensiteexplorer.org/dotbot; help@moz.com)', 15, NULL),
(1306, '2024-01-19 15:21:16.244000', '216.244.66.238', 'm3gkw3oqqqkmafwrex9u1k7zl5w3ih25', 'Mozilla/5.0 (compatible; DotBot/1.2; +https://opensiteexplorer.org/dotbot; help@moz.com)', 15, NULL),
(1307, '2024-01-19 16:26:34.783000', '114.119.151.126', 'uk11gvuu54i1arnnlid9jdielzb2c6np', 'Mozilla/5.0 (Linux; Android 7.0;) AppleWebKit/537.36 (KHTML, like Gecko) Mobile Safari/537.36 (compatible; PetalBot;+https://webmaster.petalsearch.com/site/petalbot)', 14, NULL),
(1308, '2024-01-19 17:14:18.734000', '207.46.13.155', 'xcu3mt18mr14w7xajgehmjn0s76ds46d', 'Mozilla/5.0 AppleWebKit/537.36 (KHTML, like Gecko; compatible; bingbot/2.0; +http://www.bing.com/bingbot.htm) Chrome/116.0.1938.76 Safari/537.36', 14, NULL),
(1309, '2024-01-19 19:08:32.348000', '114.119.159.234', 'mtdl34n4u5qllp7bnybtvr3g5yp2pdwa', 'Mozilla/5.0 (Linux; Android 7.0;) AppleWebKit/537.36 (KHTML, like Gecko) Mobile Safari/537.36 (compatible; PetalBot;+https://webmaster.petalsearch.com/site/petalbot)', 32, NULL),
(1310, '2024-01-19 19:32:53.510000', '114.119.134.148', 'g2g7kbgc3kv216k9wk81tndthag39moh', 'Mozilla/5.0 (Linux; Android 7.0;) AppleWebKit/537.36 (KHTML, like Gecko) Mobile Safari/537.36 (compatible; PetalBot;+https://webmaster.petalsearch.com/site/petalbot)', 27, NULL),
(1311, '2024-01-19 23:10:39.362000', '157.55.39.11', 'p7z4tzipb44tn6oscp4wruw9599e1vxn', 'Mozilla/5.0 AppleWebKit/537.36 (KHTML, like Gecko; compatible; bingbot/2.0; +http://www.bing.com/bingbot.htm) Chrome/116.0.1938.76 Safari/537.36', 49, NULL),
(1312, '2024-01-20 01:13:53.519000', '114.119.131.199', '7ug2an32hsmodgyt3pmkp0jzcf1ba6w9', 'Mozilla/5.0 (Linux; Android 7.0;) AppleWebKit/537.36 (KHTML, like Gecko) Mobile Safari/537.36 (compatible; PetalBot;+https://webmaster.petalsearch.com/site/petalbot)', 15, NULL),
(1313, '2024-01-20 01:15:37.389000', '114.119.131.189', '6nueg47amcsexdqosdwy8ogb454xvlnm', 'Mozilla/5.0 (Linux; Android 7.0;) AppleWebKit/537.36 (KHTML, like Gecko) Mobile Safari/537.36 (compatible; PetalBot;+https://webmaster.petalsearch.com/site/petalbot)', 50, NULL),
(1314, '2024-01-20 01:55:28.141000', '157.55.39.202', 'pwtj8obrem1q0xbjwaw2vpzlemd1jjfu', 'Mozilla/5.0 AppleWebKit/537.36 (KHTML, like Gecko; compatible; bingbot/2.0; +http://www.bing.com/bingbot.htm) Chrome/116.0.1938.76 Safari/537.36', 26, NULL),
(1315, '2024-01-20 15:11:21.399000', '52.167.144.170', '3qiudec5m1o7r1pxvkor8ifh8k6fdnvm', 'Mozilla/5.0 AppleWebKit/537.36 (KHTML, like Gecko; compatible; bingbot/2.0; +http://www.bing.com/bingbot.htm) Chrome/116.0.1938.76 Safari/537.36', 27, NULL),
(1316, '2024-01-20 17:07:27.958000', '120.188.76.28', 'erdj1hvpksfaus7l94de165yd6k02leo', 'Mozilla/5.0 (iPhone; CPU iPhone OS 16_3_1 like Mac OS X) AppleWebKit/605.1.15 (KHTML, like Gecko) Version/16.3 Mobile/15E148 Safari/604.1', 4, NULL),
(1317, '2024-01-20 17:13:30.093000', '52.167.144.180', 'yexpnhp0qxem4irpr9fz6i5gkdzszzwi', 'Mozilla/5.0 AppleWebKit/537.36 (KHTML, like Gecko; compatible; bingbot/2.0; +http://www.bing.com/bingbot.htm) Chrome/116.0.1938.76 Safari/537.36', 14, NULL),
(1318, '2024-01-20 22:38:39.571000', '185.191.171.1', 'li0549q6kwqcqpnw5nr2pug2djf877zh', 'Mozilla/5.0 (compatible; SemrushBot/7~bl; +http://www.semrush.com/bot.html)', 18, NULL),
(1319, '2024-01-20 23:14:56.275000', '40.77.167.36', 'gwrmpns0a5d8dx5yvl88hcx5fbufjjta', 'Mozilla/5.0 AppleWebKit/537.36 (KHTML, like Gecko; compatible; bingbot/2.0; +http://www.bing.com/bingbot.htm) Chrome/116.0.1938.76 Safari/537.36', 17, NULL),
(1320, '2024-01-20 23:31:58.717000', '85.208.96.202', 'xmz20jl61n4ic20n9awh85sppiuyykhe', 'Mozilla/5.0 (compatible; SemrushBot/7~bl; +http://www.semrush.com/bot.html)', 20, NULL),
(1321, '2024-01-21 00:30:55.780000', '85.208.96.202', '5pk7cvby6w6bvua0d46i0n908rlucuqp', 'Mozilla/5.0 (compatible; SemrushBot/7~bl; +http://www.semrush.com/bot.html)', 23, NULL),
(1322, '2024-01-21 00:49:25.177000', '52.167.144.22', 'g4z6ibuve8vsypak1k2l4soemsrbtmdb', 'Mozilla/5.0 AppleWebKit/537.36 (KHTML, like Gecko; compatible; bingbot/2.0; +http://www.bing.com/bingbot.htm) Chrome/116.0.1938.76 Safari/537.36', 14, NULL),
(1323, '2024-01-21 01:09:20.505000', '185.191.171.4', 'npwiprv1vff83ct7463tl5io68rhu0bl', 'Mozilla/5.0 (compatible; SemrushBot/7~bl; +http://www.semrush.com/bot.html)', 16, NULL),
(1324, '2024-01-21 01:34:15.567000', '185.191.171.15', '6md6qacmd6llj3grltw1lcnyhmz1f6zt', 'Mozilla/5.0 (compatible; SemrushBot/7~bl; +http://www.semrush.com/bot.html)', 34, NULL),
(1325, '2024-01-21 02:06:18.841000', '185.191.171.8', 'm1ku5omfe0q87enxgtnv99n70pk8wsqb', 'Mozilla/5.0 (compatible; SemrushBot/7~bl; +http://www.semrush.com/bot.html)', 14, NULL),
(1326, '2024-01-21 02:53:24.165000', '85.208.96.194', '58b4kyhfnqg0kvu82o26yua3esr2m2wx', 'Mozilla/5.0 (compatible; SemrushBot/7~bl; +http://www.semrush.com/bot.html)', 21, NULL),
(1327, '2024-01-21 03:47:59.355000', '185.191.171.8', '2m009ugxrth9123uuo1b8l84uw5n0od9', 'Mozilla/5.0 (compatible; SemrushBot/7~bl; +http://www.semrush.com/bot.html)', 26, NULL),
(1328, '2024-01-21 03:52:10.049000', '185.191.171.3', '78zr019r55q8zvsd9g1gk6qjg5pif32h', 'Mozilla/5.0 (compatible; SemrushBot/7~bl; +http://www.semrush.com/bot.html)', 33, NULL),
(1329, '2024-01-21 04:59:03.268000', '185.191.171.5', 'uvzx3lx7gy8cj4f7ap1u9sopukwkeowo', 'Mozilla/5.0 (compatible; SemrushBot/7~bl; +http://www.semrush.com/bot.html)', 27, NULL),
(1330, '2024-01-21 06:23:05.502000', '207.46.13.168', 'hgh54qzranx3d7o6bqcktunxr5pu46bo', 'Mozilla/5.0 AppleWebKit/537.36 (KHTML, like Gecko; compatible; bingbot/2.0; +http://www.bing.com/bingbot.htm) Chrome/116.0.1938.76 Safari/537.36', 49, NULL),
(1331, '2024-01-21 07:57:55.823000', '185.191.171.15', 'gdssdkhkzzohksf7i4gkw2mrn6t9r6zr', 'Mozilla/5.0 (compatible; SemrushBot/7~bl; +http://www.semrush.com/bot.html)', 19, NULL),
(1332, '2024-01-21 08:11:35.752000', '185.191.171.7', 's081ilavxkd80bpxg3a83zwvmjru85gd', 'Mozilla/5.0 (compatible; SemrushBot/7~bl; +http://www.semrush.com/bot.html)', 31, NULL),
(1333, '2024-01-21 10:37:28.671000', '185.191.171.16', 'aa3idzqexzg2hpxwd9d6o2f4h5hu4l4k', 'Mozilla/5.0 (compatible; SemrushBot/7~bl; +http://www.semrush.com/bot.html)', 15, NULL),
(1334, '2024-01-21 10:47:50.831000', '85.208.96.203', 'bmxc67kdbiqsiwrzjsowec82o1ce8kbz', 'Mozilla/5.0 (compatible; SemrushBot/7~bl; +http://www.semrush.com/bot.html)', 24, NULL),
(1335, '2024-01-21 11:28:43.852000', '85.208.96.195', 'nj7dcbd83itt3c212tgy1yn4318ldcrj', 'Mozilla/5.0 (compatible; SemrushBot/7~bl; +http://www.semrush.com/bot.html)', 13, NULL),
(1336, '2024-01-21 16:10:19.794000', '85.208.96.194', 'ijpvtnulwma6ducdwf75mfciyyiqc8i0', 'Mozilla/5.0 (compatible; SemrushBot/7~bl; +http://www.semrush.com/bot.html)', 17, NULL),
(1337, '2024-01-21 16:32:10.242000', '185.191.171.12', 'r2uvr9sukvkqv0ewt3ui8m9rj44a0gwz', 'Mozilla/5.0 (compatible; SemrushBot/7~bl; +http://www.semrush.com/bot.html)', 25, NULL),
(1338, '2024-01-21 21:29:09.303000', '185.191.171.15', '3anyr46o86zxrna1uw6vhvr7d8gb2f26', 'Mozilla/5.0 (compatible; SemrushBot/7~bl; +http://www.semrush.com/bot.html)', 22, NULL),
(1339, '2024-01-21 22:51:11.946000', '207.46.13.168', 'tvmf028sam91x3m7sojw59p1geghf72s', 'Mozilla/5.0 AppleWebKit/537.36 (KHTML, like Gecko; compatible; bingbot/2.0; +http://www.bing.com/bingbot.htm) Chrome/116.0.1938.76 Safari/537.36', 21, NULL),
(1340, '2024-01-22 00:40:05.290000', '47.128.42.90', 'icox5az9s5s4w2ll3ctc4kekuujd2m59', 'Mozilla/5.0 (compatible; Bytespider; spider-feedback@bytedance.com) AppleWebKit/537.36 (KHTML, like Gecko) Chrome/70.0.0.0 Safari/537.36', 15, NULL),
(1341, '2024-01-22 09:13:44.879000', '52.167.144.191', '1iyc5eda527g4nw0y0mlzo0w1pewwt0s', 'Mozilla/5.0 AppleWebKit/537.36 (KHTML, like Gecko; compatible; bingbot/2.0; +http://www.bing.com/bingbot.htm) Chrome/116.0.1938.76 Safari/537.36', 14, NULL),
(1342, '2024-01-22 11:39:34.479000', '47.128.111.17', '45fv2a6gecssltzuv0kafje436pqotb9', 'Mozilla/5.0 (Linux; Android 5.0) AppleWebKit/537.36 (KHTML, like Gecko) Mobile Safari/537.36 (compatible; Bytespider; spider-feedback@bytedance.com)', 19, NULL),
(1343, '2024-01-22 23:42:51.640000', '47.128.52.193', 'jhz7bh6euz7d3pfc40ggb78vz2v8isbm', 'Mozilla/5.0 (Linux; Android 5.0) AppleWebKit/537.36 (KHTML, like Gecko) Mobile Safari/537.36 (compatible; Bytespider; spider-feedback@bytedance.com)', 14, NULL),
(1344, '2024-01-23 01:21:27.999000', '52.167.144.171', 'c5vpvrexxa52636ma1ilogvicpp9dyny', 'Mozilla/5.0 AppleWebKit/537.36 (KHTML, like Gecko; compatible; bingbot/2.0; +http://www.bing.com/bingbot.htm) Chrome/116.0.1938.76 Safari/537.36', 24, NULL),
(1345, '2024-01-23 04:14:10.480000', '47.128.62.47', 'nfp482qrdri1sw8otu4g7amngj9lc809', 'Mozilla/5.0 (compatible; Bytespider; spider-feedback@bytedance.com) AppleWebKit/537.36 (KHTML, like Gecko) Chrome/70.0.0.0 Safari/537.36', 27, NULL),
(1346, '2024-01-23 14:40:03.102000', '52.167.144.145', 'bkx5994sdpq8q50njriy8l01yaf4xp3b', 'Mozilla/5.0 AppleWebKit/537.36 (KHTML, like Gecko; compatible; bingbot/2.0; +http://www.bing.com/bingbot.htm) Chrome/116.0.1938.76 Safari/537.36', 14, NULL),
(1347, '2024-01-24 07:46:24.904000', '40.77.167.78', 'xetgbnyo4xkor0595wrr2fw5xz2sdlwm', 'Mozilla/5.0 AppleWebKit/537.36 (KHTML, like Gecko; compatible; bingbot/2.0; +http://www.bing.com/bingbot.htm) Chrome/116.0.1938.76 Safari/537.36', 27, NULL),
(1348, '2024-01-24 07:52:59.025000', '47.128.45.9', 'tyzege6tojvn2hdoeo4x4pect520ktux', 'Mozilla/5.0 (compatible; Bytespider; spider-feedback@bytedance.com) AppleWebKit/537.36 (KHTML, like Gecko) Chrome/70.0.0.0 Safari/537.36', 24, NULL),
(1349, '2024-01-24 09:12:55.846000', '216.244.66.238', 'zjmc4vb02mscgsnrijyovioaoe40uc69', 'Mozilla/5.0 (compatible; DotBot/1.2; +https://opensiteexplorer.org/dotbot; help@moz.com)', 19, NULL),
(1350, '2024-01-24 14:35:23.934000', '216.244.66.238', 'bgeehgdarcivvzy5sfsa8qpeyzfw5162', 'Mozilla/5.0 (compatible; DotBot/1.2; +https://opensiteexplorer.org/dotbot; help@moz.com)', 20, NULL),
(1351, '2024-01-24 15:42:59.110000', '52.167.144.194', 'yqoscx1ewmtvfq036xwwj5xf9vh9hkkv', 'Mozilla/5.0 AppleWebKit/537.36 (KHTML, like Gecko; compatible; bingbot/2.0; +http://www.bing.com/bingbot.htm) Chrome/116.0.1938.76 Safari/537.36', 49, NULL),
(1352, '2024-01-24 23:04:18.615000', '52.167.144.188', 's9q47gtfrogyfg9ogaq2si1mfdnod6b8', 'Mozilla/5.0 AppleWebKit/537.36 (KHTML, like Gecko; compatible; bingbot/2.0; +http://www.bing.com/bingbot.htm) Chrome/116.0.1938.76 Safari/537.36', 34, NULL),
(1353, '2024-01-25 02:32:44.398000', '52.167.144.224', 'wy3clzf68fz8x19u5z0fmdw76yrkarqd', 'Mozilla/5.0 AppleWebKit/537.36 (KHTML, like Gecko; compatible; bingbot/2.0; +http://www.bing.com/bingbot.htm) Chrome/116.0.1938.76 Safari/537.36', 18, NULL),
(1354, '2024-01-25 04:28:49.910000', '47.128.97.153', 'hx3j338drjg8jxj0szt7jbfdcch63cxl', 'Mozilla/5.0 (compatible; Bytespider; spider-feedback@bytedance.com) AppleWebKit/537.36 (KHTML, like Gecko) Chrome/70.0.0.0 Safari/537.36', 25, NULL),
(1355, '2024-01-25 07:44:02.798000', '54.36.148.82', 'tt19sf2hstxnft98bivfjsyu355sr24v', 'Mozilla/5.0 (compatible; AhrefsBot/7.0; +http://ahrefs.com/robot/)', 23, NULL),
(1356, '2024-01-25 08:54:50.444000', '103.108.157.238', 'xnstw91j4mufef5c7l92luz3x1x601o2', 'Mozilla/5.0 (X11; Linux x86_64) AppleWebKit/537.36 (KHTML, like Gecko) Chrome/120.0.0.0 Safari/537.36 Edg/120.0.0.0', 1, 1),
(1357, '2024-01-25 09:11:50.637000', '103.108.157.238', '6ximyjmfahi8hjujqerv0rbumfz0p25q', 'Mozilla/5.0 (X11; Linux x86_64) AppleWebKit/537.36 (KHTML, like Gecko) Chrome/120.0.0.0 Safari/537.36 Edg/120.0.0.0', 2, NULL),
(1358, '2024-01-25 09:34:49.366000', '103.108.157.238', '6ximyjmfahi8hjujqerv0rbumfz0p25q', 'Mozilla/5.0 (X11; Linux x86_64) AppleWebKit/537.36 (KHTML, like Gecko) Chrome/120.0.0.0 Safari/537.36 Edg/120.0.0.0', 2, NULL),
(1359, '2024-01-25 12:02:05.057000', '110.136.216.230', 'q00qp04nm1cjq2io3re2vvwspr64wjby', 'Mozilla/5.0 (X11; Linux x86_64) AppleWebKit/537.36 (KHTML, like Gecko) Chrome/120.0.0.0 Safari/537.36 Edg/120.0.0.0', 1, 1),
(1360, '2024-01-25 12:16:30.355000', '216.244.66.238', '3ft5127tfbnmz6p57cqrqynk2oelehv9', 'Mozilla/5.0 (compatible; DotBot/1.2; +https://opensiteexplorer.org/dotbot; help@moz.com)', 50, NULL),
(1361, '2024-01-25 12:23:36.113000', '216.244.66.238', 'wsx4kwc4vdxn7caj7fzekkwy93x8u15n', 'Mozilla/5.0 (compatible; DotBot/1.2; +https://opensiteexplorer.org/dotbot; help@moz.com)', 50, NULL),
(1362, '2024-01-25 12:32:06.959000', '216.244.66.238', 'tz6or0mjhgtmszse8wmp08kjhxgudz61', 'Mozilla/5.0 (compatible; DotBot/1.2; +https://opensiteexplorer.org/dotbot; help@moz.com)', 50, NULL),
(1363, '2024-01-25 12:40:11.464000', '216.244.66.238', 'iuf97a94hbmaop6b3vizxvpq1jfoahbc', 'Mozilla/5.0 (compatible; DotBot/1.2; +https://opensiteexplorer.org/dotbot; help@moz.com)', 50, NULL),
(1364, '2024-01-25 13:25:54.616000', '40.77.167.30', '75y80i6llq73133cmjsoj5mwpxb5ge7j', 'Mozilla/5.0 AppleWebKit/537.36 (KHTML, like Gecko; compatible; bingbot/2.0; +http://www.bing.com/bingbot.htm) Chrome/116.0.1938.76 Safari/537.36', 27, NULL),
(1365, '2024-01-25 21:20:04.565000', '54.36.149.46', '6nangj1a71xsipjub2vzg389i445m4lt', 'Mozilla/5.0 (compatible; AhrefsBot/7.0; +http://ahrefs.com/robot/)', 20, NULL),
(1366, '2024-01-26 08:39:19.808000', '103.108.157.238', 'uf5c8k5281bgit3doo8o4f7zaau6s7ji', 'Mozilla/5.0 (X11; Linux x86_64) AppleWebKit/537.36 (KHTML, like Gecko) Chrome/120.0.0.0 Safari/537.36 Edg/120.0.0.0', 52, NULL),
(1367, '2024-01-26 08:39:56.040000', '103.108.157.238', 'uf5c8k5281bgit3doo8o4f7zaau6s7ji', 'Mozilla/5.0 (X11; Linux x86_64) AppleWebKit/537.36 (KHTML, like Gecko) Chrome/120.0.0.0 Safari/537.36 Edg/120.0.0.0', 2, NULL),
(1368, '2024-01-26 08:40:39.746000', '103.108.157.238', 'uf5c8k5281bgit3doo8o4f7zaau6s7ji', 'Mozilla/5.0 (X11; Linux x86_64) AppleWebKit/537.36 (KHTML, like Gecko) Chrome/120.0.0.0 Safari/537.36 Edg/120.0.0.0', 51, NULL),
(1369, '2024-01-26 11:09:22.339000', '103.108.157.238', 'uf5c8k5281bgit3doo8o4f7zaau6s7ji', 'Mozilla/5.0 (X11; Linux x86_64) AppleWebKit/537.36 (KHTML, like Gecko) Chrome/120.0.0.0 Safari/537.36 Edg/120.0.0.0', 2, NULL),
(1370, '2024-01-26 11:30:07.184000', '103.108.157.238', 'uf5c8k5281bgit3doo8o4f7zaau6s7ji', 'Mozilla/5.0 (X11; Linux x86_64) AppleWebKit/537.36 (KHTML, like Gecko) Chrome/120.0.0.0 Safari/537.36 Edg/120.0.0.0', 2, NULL),
(1371, '2024-01-26 14:42:57.171000', '52.167.144.205', 'b3ni0bfrzzhqp3a79358olccyzuwoark', 'Mozilla/5.0 AppleWebKit/537.36 (KHTML, like Gecko; compatible; bingbot/2.0; +http://www.bing.com/bingbot.htm) Chrome/116.0.1938.76 Safari/537.36', 14, NULL),
(1372, '2024-01-26 15:31:45.030000', '85.208.96.196', 'm7nplo4j1w4dkq61051hlct3nwgrizza', 'Mozilla/5.0 (compatible; SemrushBot/7~bl; +http://www.semrush.com/bot.html)', 49, NULL),
(1373, '2024-01-27 02:54:29.293000', '52.167.144.25', '12hgt29thlwvt81m23gy4m8fqteviimx', 'Mozilla/5.0 AppleWebKit/537.36 (KHTML, like Gecko; compatible; bingbot/2.0; +http://www.bing.com/bingbot.htm) Chrome/116.0.1938.76 Safari/537.36', 27, NULL),
(1374, '2024-01-27 04:54:51.130000', '40.77.167.20', '0csa3x9dn66krz61fvayf3ctsom6i1qt', 'Mozilla/5.0 AppleWebKit/537.36 (KHTML, like Gecko; compatible; bingbot/2.0; +http://www.bing.com/bingbot.htm) Chrome/116.0.1938.76 Safari/537.36', 27, NULL),
(1375, '2024-01-27 08:11:17.862000', '103.190.47.83', 'd2qt8nuiixmzr75dsijsixo8rbdxpgj3', 'Mozilla/5.0 (X11; Linux x86_64) AppleWebKit/537.36 (KHTML, like Gecko) Chrome/121.0.0.0 Safari/537.36 Edg/121.0.0.0', 17, NULL),
(1376, '2024-01-27 08:11:31.217000', '103.190.47.83', 'd2qt8nuiixmzr75dsijsixo8rbdxpgj3', 'Mozilla/5.0 (X11; Linux x86_64) AppleWebKit/537.36 (KHTML, like Gecko) Chrome/121.0.0.0 Safari/537.36 Edg/121.0.0.0', 4, NULL),
(1377, '2024-01-27 08:29:09.703000', '52.167.144.235', '1ho3kg4cb84gayds370ngo6d64htn8cp', 'Mozilla/5.0 AppleWebKit/537.36 (KHTML, like Gecko; compatible; bingbot/2.0; +http://www.bing.com/bingbot.htm) Chrome/116.0.1938.76 Safari/537.36', 49, NULL),
(1378, '2024-01-27 22:34:05.052000', '112.215.220.50', 'd2qt8nuiixmzr75dsijsixo8rbdxpgj3', 'Mozilla/5.0 (X11; Linux x86_64) AppleWebKit/537.36 (KHTML, like Gecko) Chrome/121.0.0.0 Safari/537.36 Edg/121.0.0.0', 4, NULL),
(1379, '2024-01-27 22:36:23.826000', '112.215.220.50', '2i59hlpdnkbnwgbw6c6duhj5banslftx', 'Mozilla/5.0 (X11; Linux x86_64) AppleWebKit/537.36 (KHTML, like Gecko) Chrome/121.0.0.0 Safari/537.36 Edg/121.0.0.0', 1, 1),
(1380, '2024-01-27 23:33:50.546000', '112.215.220.50', '2i59hlpdnkbnwgbw6c6duhj5banslftx', 'Mozilla/5.0 (X11; Linux x86_64) AppleWebKit/537.36 (KHTML, like Gecko) Chrome/121.0.0.0 Safari/537.36 Edg/121.0.0.0', 1, 1),
(1381, '2024-01-28 00:39:34.234000', '47.128.19.67', 'xk3bq77cbotfacmlloeqk90bj0sclcb0', 'Mozilla/5.0 (compatible; Bytespider; spider-feedback@bytedance.com) AppleWebKit/537.36 (KHTML, like Gecko) Chrome/70.0.0.0 Safari/537.36', 49, NULL),
(1382, '2024-01-28 03:01:00.895000', '216.244.66.238', 'vefnlqn9zrj2x75j5vxwgpoklm4gvwsg', 'Mozilla/5.0 (compatible; DotBot/1.2; +https://opensiteexplorer.org/dotbot; help@moz.com)', 23, NULL),
(1383, '2024-01-28 03:01:34.644000', '216.244.66.238', '82exdj6ycscntz8d5v3cb2f8izgh50dy', 'Mozilla/5.0 (compatible; DotBot/1.2; +https://opensiteexplorer.org/dotbot; help@moz.com)', 25, NULL),
(1384, '2024-01-28 03:30:41.659000', '216.244.66.238', 'tav2s9e5s8cgd7wfeelr3gxj1sxtbx8t', 'Mozilla/5.0 (compatible; DotBot/1.2; +https://opensiteexplorer.org/dotbot; help@moz.com)', 23, NULL),
(1385, '2024-01-28 03:31:11.753000', '216.244.66.238', 'bdzm12ospvg78j620hfo2vofzp3or83e', 'Mozilla/5.0 (compatible; DotBot/1.2; +https://opensiteexplorer.org/dotbot; help@moz.com)', 25, NULL),
(1386, '2024-01-28 03:48:48.759000', '51.161.80.5', '29ukswbmrzsjgdrxb7ysunmuaz37yqad', 'Mozilla/5.0 (compatible; SeekportBot; +https://bot.seekport.com)', 23, NULL),
(1387, '2024-01-28 03:48:50.456000', '51.161.80.5', 'ax092zlfsxpr5u4cphv2bw1jms2yws6m', 'Mozilla/5.0 (compatible; SeekportBot; +https://bot.seekport.com)', 13, NULL),
(1388, '2024-01-28 03:48:51.517000', '51.161.80.5', 'njnqljww5i42vcubbm9664pgv39zcn6y', 'Mozilla/5.0 (compatible; SeekportBot; +https://bot.seekport.com)', 32, NULL),
(1389, '2024-01-28 03:48:52.423000', '51.161.80.5', 'wetcevs0ioqheegxcqjwhrp9la38ahjx', 'Mozilla/5.0 (compatible; SeekportBot; +https://bot.seekport.com)', 17, NULL),
(1390, '2024-01-28 03:48:53.090000', '51.161.80.5', 'q0ev093huau2l12v2wtp245wif9j5kfr', 'Mozilla/5.0 (compatible; SeekportBot; +https://bot.seekport.com)', 16, NULL),
(1391, '2024-01-28 03:48:54.517000', '51.161.80.5', '4edd6i8g3rn1i4dth4l0z7lx9ccuz05t', 'Mozilla/5.0 (compatible; SeekportBot; +https://bot.seekport.com)', 20, NULL),
(1392, '2024-01-28 03:48:55.451000', '51.161.80.5', 'fpzli5ox3n7k1c9ql5vekux5597dte27', 'Mozilla/5.0 (compatible; SeekportBot; +https://bot.seekport.com)', 27, NULL),
(1393, '2024-01-28 03:48:57.024000', '51.161.80.5', 'tna1bqhw6bhby6926l19f6k6y9lypd8c', 'Mozilla/5.0 (compatible; SeekportBot; +https://bot.seekport.com)', 19, NULL),
(1394, '2024-01-28 03:48:57.754000', '51.161.80.5', 'fdf1buwvqeshmjl3c4zk1xj689jioqma', 'Mozilla/5.0 (compatible; SeekportBot; +https://bot.seekport.com)', 14, NULL),
(1395, '2024-01-28 03:48:58.352000', '51.161.80.5', 'g86ni7jeh3bnwi2efvsjzfhv76qvnx15', 'Mozilla/5.0 (compatible; SeekportBot; +https://bot.seekport.com)', 21, NULL),
(1396, '2024-01-28 03:48:58.913000', '51.161.80.5', 'sq3xjulj9q02d5ov8r94nysxczfstb51', 'Mozilla/5.0 (compatible; SeekportBot; +https://bot.seekport.com)', 15, NULL),
(1397, '2024-01-28 03:49:00.067000', '51.161.80.5', 'fmq1ius5hajtdnvoez2qhrozscgreurw', 'Mozilla/5.0 (compatible; SeekportBot; +https://bot.seekport.com)', 50, NULL),
(1398, '2024-01-28 03:49:00.914000', '51.161.80.5', '11omg1k8upmqjdiyt02g04ojtkbaq5vx', 'Mozilla/5.0 (compatible; SeekportBot; +https://bot.seekport.com)', 49, NULL),
(1399, '2024-01-28 03:49:07.061000', '51.161.80.5', 'mbll4zq8i1ecu1lxcjqjtcy0woldfzrp', 'Mozilla/5.0 (compatible; SeekportBot; +https://bot.seekport.com)', 34, NULL),
(1400, '2024-01-28 03:49:07.812000', '51.161.80.5', 'wa023kqfz5l87e5zo0nppodx13l4vqc5', 'Mozilla/5.0 (compatible; SeekportBot; +https://bot.seekport.com)', 18, NULL),
(1401, '2024-01-28 03:49:08.591000', '51.161.80.5', 'fvz7rzhor6d28r2xzpl3gn7rgeq4wymm', 'Mozilla/5.0 (compatible; SeekportBot; +https://bot.seekport.com)', 24, NULL),
(1402, '2024-01-28 03:49:09.228000', '51.161.80.5', 'cf0d1kya4frl8nmrw84fl4s5jgo6f3yv', 'Mozilla/5.0 (compatible; SeekportBot; +https://bot.seekport.com)', 22, NULL),
(1403, '2024-01-28 03:49:10.070000', '51.161.80.5', 'gfr72mgvjvri3g2nq5jpl8kcme9a8k9s', 'Mozilla/5.0 (compatible; SeekportBot; +https://bot.seekport.com)', 26, NULL),
(1404, '2024-01-28 03:49:10.836000', '51.161.80.5', '1a0p2mvh7dz3pluqachtfe4lw3w77leg', 'Mozilla/5.0 (compatible; SeekportBot; +https://bot.seekport.com)', 31, NULL),
(1405, '2024-01-28 03:49:11.433000', '51.161.80.5', '04bi6v7j5iinxh9zrxm7ljh1usd8scyz', 'Mozilla/5.0 (compatible; SeekportBot; +https://bot.seekport.com)', 25, NULL),
(1406, '2024-01-28 03:49:12.236000', '51.161.80.5', 'gzy4y4xpunr7ws50zhqbif7d1ga68038', 'Mozilla/5.0 (compatible; SeekportBot; +https://bot.seekport.com)', 33, NULL),
(1407, '2024-01-28 03:59:07.873000', '216.244.66.238', '04xivli4yntz3e5o4pw8z1x33axlo88n', 'Mozilla/5.0 (compatible; DotBot/1.2; +https://opensiteexplorer.org/dotbot; help@moz.com)', 23, NULL),
(1408, '2024-01-28 03:59:38.514000', '216.244.66.238', '8xm6l81wh092fpm598kbazt73ghlowe0', 'Mozilla/5.0 (compatible; DotBot/1.2; +https://opensiteexplorer.org/dotbot; help@moz.com)', 25, NULL),
(1409, '2024-01-28 04:29:04.388000', '216.244.66.238', 'kt77h8xxk16ad2nb44o0q8m4fpe4bqer', 'Mozilla/5.0 (compatible; DotBot/1.2; +https://opensiteexplorer.org/dotbot; help@moz.com)', 23, NULL),
(1410, '2024-01-28 04:29:31.562000', '216.244.66.238', 'ju2v3yzz2l7grx24ivl4ej64f615jda4', 'Mozilla/5.0 (compatible; DotBot/1.2; +https://opensiteexplorer.org/dotbot; help@moz.com)', 25, NULL),
(1411, '2024-01-28 07:35:38.644000', '103.190.47.83', 'd2qt8nuiixmzr75dsijsixo8rbdxpgj3', 'Mozilla/5.0 (X11; Linux x86_64) AppleWebKit/537.36 (KHTML, like Gecko) Chrome/121.0.0.0 Safari/537.36 Edg/121.0.0.0', 4, NULL);
INSERT INTO `hitcount_hit` (`id`, `created`, `ip`, `session`, `user_agent`, `hitcount_id`, `user_id`) VALUES
(1412, '2024-01-28 07:43:31.977000', '103.190.47.83', 'uf5c8k5281bgit3doo8o4f7zaau6s7ji', 'Mozilla/5.0 (X11; Linux x86_64) AppleWebKit/537.36 (KHTML, like Gecko) Chrome/121.0.0.0 Safari/537.36 Edg/121.0.0.0', 2, NULL),
(1413, '2024-01-28 09:38:21.950000', '103.190.47.83', 'uf5c8k5281bgit3doo8o4f7zaau6s7ji', 'Mozilla/5.0 (X11; Linux x86_64) AppleWebKit/537.36 (KHTML, like Gecko) Chrome/121.0.0.0 Safari/537.36 Edg/121.0.0.0', 2, NULL),
(1414, '2024-01-28 09:44:28.387000', '103.190.47.83', 'rwb77bxl1hpnjiy2qpbhh3es8j82zh8h', 'Mozilla/5.0 (X11; Linux x86_64) AppleWebKit/537.36 (KHTML, like Gecko) Chrome/121.0.0.0 Safari/537.36 Edg/121.0.0.0', 1, 2),
(1415, '2024-01-28 10:01:06.735000', '103.190.47.83', 'uf5c8k5281bgit3doo8o4f7zaau6s7ji', 'Mozilla/5.0 (X11; Linux x86_64) AppleWebKit/537.36 (KHTML, like Gecko) Chrome/121.0.0.0 Safari/537.36 Edg/121.0.0.0', 37, NULL),
(1416, '2024-01-28 10:01:25.141000', '103.190.47.83', 'uf5c8k5281bgit3doo8o4f7zaau6s7ji', 'Mozilla/5.0 (X11; Linux x86_64) AppleWebKit/537.36 (KHTML, like Gecko) Chrome/121.0.0.0 Safari/537.36 Edg/121.0.0.0', 48, NULL),
(1417, '2024-01-28 10:01:39.071000', '103.190.47.83', 'uf5c8k5281bgit3doo8o4f7zaau6s7ji', 'Mozilla/5.0 (X11; Linux x86_64) AppleWebKit/537.36 (KHTML, like Gecko) Chrome/121.0.0.0 Safari/537.36 Edg/121.0.0.0', 38, NULL),
(1418, '2024-01-28 10:13:25.348000', '216.244.66.238', '1r24df75oh0f4abjp1cevhlhl8o009g6', 'Mozilla/5.0 (compatible; DotBot/1.2; +https://opensiteexplorer.org/dotbot; help@moz.com)', 14, NULL),
(1419, '2024-01-28 10:17:32.445000', '103.190.47.83', 'uf5c8k5281bgit3doo8o4f7zaau6s7ji', 'Mozilla/5.0 (X11; Linux x86_64) AppleWebKit/537.36 (KHTML, like Gecko) Chrome/121.0.0.0 Safari/537.36 Edg/121.0.0.0', 2, NULL),
(1420, '2024-01-28 10:18:03.860000', '103.190.47.83', 'uf5c8k5281bgit3doo8o4f7zaau6s7ji', 'Mozilla/5.0 (X11; Linux x86_64) AppleWebKit/537.36 (KHTML, like Gecko) Chrome/121.0.0.0 Safari/537.36 Edg/121.0.0.0', 5, NULL),
(1421, '2024-01-28 18:18:09.918000', '40.77.167.43', 'vdkol1k7rrpd0xjseja1ixtcj6vi05ow', 'Mozilla/5.0 AppleWebKit/537.36 (KHTML, like Gecko; compatible; bingbot/2.0; +http://www.bing.com/bingbot.htm) Chrome/116.0.1938.76 Safari/537.36', 14, NULL),
(1422, '2024-01-29 03:46:04.574000', '47.128.112.22', 'rpb6j37utp3uof6t6slefkm9gkr3v2uh', 'Mozilla/5.0 (compatible; Bytespider; spider-feedback@bytedance.com) AppleWebKit/537.36 (KHTML, like Gecko) Chrome/70.0.0.0 Safari/537.36', 15, NULL),
(1423, '2024-01-29 05:36:08.898000', '140.213.126.106', 'd2qt8nuiixmzr75dsijsixo8rbdxpgj3', 'Mozilla/5.0 (X11; Linux x86_64) AppleWebKit/537.36 (KHTML, like Gecko) Chrome/121.0.0.0 Safari/537.36 Edg/121.0.0.0', 4, NULL),
(1424, '2024-01-29 05:50:31.815000', '140.213.126.106', 'rwb77bxl1hpnjiy2qpbhh3es8j82zh8h', 'Mozilla/5.0 (X11; Linux x86_64) AppleWebKit/537.36 (KHTML, like Gecko) Chrome/121.0.0.0 Safari/537.36 Edg/121.0.0.0', 1, 2),
(1425, '2024-01-29 06:29:04.436000', '52.167.144.189', '24ilctq97z4cmbcyq0q5i3t1ylqubjr9', 'Mozilla/5.0 AppleWebKit/537.36 (KHTML, like Gecko; compatible; bingbot/2.0; +http://www.bing.com/bingbot.htm) Chrome/116.0.1938.76 Safari/537.36', 27, NULL),
(1426, '2024-01-29 08:28:37.316000', '52.167.144.215', 'i11y9601vfx1gjy6nxd2pkjyxjlzrs48', 'Mozilla/5.0 AppleWebKit/537.36 (KHTML, like Gecko; compatible; bingbot/2.0; +http://www.bing.com/bingbot.htm) Chrome/116.0.1938.76 Safari/537.36', 27, NULL),
(1427, '2024-01-29 10:17:08.641000', '110.136.219.208', 'uzr3stwyc7krvg813wbe24aumc8v0c1n', 'Mozilla/5.0 (X11; Linux x86_64) AppleWebKit/537.36 (KHTML, like Gecko) Chrome/121.0.0.0 Safari/537.36 Edg/121.0.0.0', 1, 10),
(1428, '2024-01-29 12:22:20.952000', '127.0.0.1', 'ec4436p6qqd62s707cv3gh8tiuis1ttv', 'Mozilla/5.0 (X11; Linux x86_64) AppleWebKit/537.36 (KHTML, like Gecko) Chrome/121.0.0.0 Safari/537.36 Edg/121.0.0.0', 53, 1),
(1429, '2024-01-31 10:56:43.317000', '127.0.0.1', 'ec4436p6qqd62s707cv3gh8tiuis1ttv', 'Mozilla/5.0 (X11; Linux x86_64) AppleWebKit/537.36 (KHTML, like Gecko) Chrome/121.0.0.0 Safari/537.36 Edg/121.0.0.0', 53, 1),
(1430, '2024-01-31 11:21:38.107000', '127.0.0.1', 'ec4436p6qqd62s707cv3gh8tiuis1ttv', 'Mozilla/5.0 (X11; Linux x86_64) AppleWebKit/537.36 (KHTML, like Gecko) Chrome/121.0.0.0 Safari/537.36 Edg/121.0.0.0', 53, 1),
(1431, '2024-01-31 11:26:58.948000', '127.0.0.1', 'ec4436p6qqd62s707cv3gh8tiuis1ttv', 'Mozilla/5.0 (X11; Linux x86_64) AppleWebKit/537.36 (KHTML, like Gecko) Chrome/121.0.0.0 Safari/537.36 Edg/121.0.0.0', 53, 1),
(1432, '2024-01-31 11:28:22.572000', '127.0.0.1', 'ec4436p6qqd62s707cv3gh8tiuis1ttv', 'Mozilla/5.0 (X11; Linux x86_64) AppleWebKit/537.36 (KHTML, like Gecko) Chrome/121.0.0.0 Safari/537.36 Edg/121.0.0.0', 53, 1),
(1433, '2024-01-31 11:39:17.385000', '127.0.0.1', 'herucg7yj16b21bb2lvlutq339azr8pr', 'Mozilla/5.0 (X11; Linux x86_64) AppleWebKit/537.36 (KHTML, like Gecko) Chrome/121.0.0.0 Safari/537.36 Edg/121.0.0.0', 53, 10),
(1434, '2024-01-31 11:41:34.036000', '127.0.0.1', 'herucg7yj16b21bb2lvlutq339azr8pr', 'Mozilla/5.0 (X11; Linux x86_64) AppleWebKit/537.36 (KHTML, like Gecko) Chrome/121.0.0.0 Safari/537.36 Edg/121.0.0.0', 53, 10),
(1435, '2024-01-31 13:28:47.887000', '127.0.0.1', 'herucg7yj16b21bb2lvlutq339azr8pr', 'Mozilla/5.0 (X11; Linux x86_64) AppleWebKit/537.36 (KHTML, like Gecko) Chrome/121.0.0.0 Safari/537.36 Edg/121.0.0.0', 53, 10),
(1436, '2024-01-31 13:39:26.920000', '127.0.0.1', 'herucg7yj16b21bb2lvlutq339azr8pr', 'Mozilla/5.0 (X11; Linux x86_64) AppleWebKit/537.36 (KHTML, like Gecko) Chrome/121.0.0.0 Safari/537.36 Edg/121.0.0.0', 53, 10),
(1437, '2024-01-31 13:40:35.467000', '127.0.0.1', 'herucg7yj16b21bb2lvlutq339azr8pr', 'Mozilla/5.0 (X11; Linux x86_64) AppleWebKit/537.36 (KHTML, like Gecko) Chrome/121.0.0.0 Safari/537.36 Edg/121.0.0.0', 53, 10),
(1438, '2024-01-31 13:41:59.443000', '127.0.0.1', 'herucg7yj16b21bb2lvlutq339azr8pr', 'Mozilla/5.0 (X11; Linux x86_64) AppleWebKit/537.36 (KHTML, like Gecko) Chrome/121.0.0.0 Safari/537.36 Edg/121.0.0.0', 53, 10),
(1439, '2024-01-31 13:47:58.069000', '127.0.0.1', 'herucg7yj16b21bb2lvlutq339azr8pr', 'Mozilla/5.0 (X11; Linux x86_64) AppleWebKit/537.36 (KHTML, like Gecko) Chrome/121.0.0.0 Safari/537.36 Edg/121.0.0.0', 53, 10),
(1440, '2024-01-31 13:49:09.917000', '127.0.0.1', 'herucg7yj16b21bb2lvlutq339azr8pr', 'Mozilla/5.0 (X11; Linux x86_64) AppleWebKit/537.36 (KHTML, like Gecko) Chrome/121.0.0.0 Safari/537.36 Edg/121.0.0.0', 53, 10),
(1441, '2024-01-31 13:50:53.542000', '127.0.0.1', 'herucg7yj16b21bb2lvlutq339azr8pr', 'Mozilla/5.0 (X11; Linux x86_64) AppleWebKit/537.36 (KHTML, like Gecko) Chrome/121.0.0.0 Safari/537.36 Edg/121.0.0.0', 53, 10),
(1442, '2024-01-31 13:53:15.342000', '127.0.0.1', 'herucg7yj16b21bb2lvlutq339azr8pr', 'Mozilla/5.0 (X11; Linux x86_64) AppleWebKit/537.36 (KHTML, like Gecko) Chrome/121.0.0.0 Safari/537.36 Edg/121.0.0.0', 53, 10),
(1443, '2024-01-31 13:54:28.803000', '127.0.0.1', 'herucg7yj16b21bb2lvlutq339azr8pr', 'Mozilla/5.0 (X11; Linux x86_64) AppleWebKit/537.36 (KHTML, like Gecko) Chrome/121.0.0.0 Safari/537.36 Edg/121.0.0.0', 53, 10),
(1444, '2024-01-31 13:55:55.349000', '127.0.0.1', 'herucg7yj16b21bb2lvlutq339azr8pr', 'Mozilla/5.0 (X11; Linux x86_64) AppleWebKit/537.36 (KHTML, like Gecko) Chrome/121.0.0.0 Safari/537.36 Edg/121.0.0.0', 53, 10),
(1445, '2024-01-31 14:03:53.616000', '127.0.0.1', 'herucg7yj16b21bb2lvlutq339azr8pr', 'Mozilla/5.0 (X11; Linux x86_64) AppleWebKit/537.36 (KHTML, like Gecko) Chrome/121.0.0.0 Safari/537.36 Edg/121.0.0.0', 53, 10),
(1446, '2024-01-31 14:04:57.175000', '127.0.0.1', 'herucg7yj16b21bb2lvlutq339azr8pr', 'Mozilla/5.0 (X11; Linux x86_64) AppleWebKit/537.36 (KHTML, like Gecko) Chrome/121.0.0.0 Safari/537.36 Edg/121.0.0.0', 53, 10),
(1447, '2024-01-31 14:15:54.008000', '127.0.0.1', 'herucg7yj16b21bb2lvlutq339azr8pr', 'Mozilla/5.0 (X11; Linux x86_64) AppleWebKit/537.36 (KHTML, like Gecko) Chrome/121.0.0.0 Safari/537.36 Edg/121.0.0.0', 53, 10),
(1448, '2024-01-31 14:19:58.355000', '127.0.0.1', 'herucg7yj16b21bb2lvlutq339azr8pr', 'Mozilla/5.0 (X11; Linux x86_64) AppleWebKit/537.36 (KHTML, like Gecko) Chrome/121.0.0.0 Safari/537.36 Edg/121.0.0.0', 53, 10),
(1449, '2024-01-31 14:21:08.058000', '127.0.0.1', 'herucg7yj16b21bb2lvlutq339azr8pr', 'Mozilla/5.0 (X11; Linux x86_64) AppleWebKit/537.36 (KHTML, like Gecko) Chrome/121.0.0.0 Safari/537.36 Edg/121.0.0.0', 53, 10),
(1450, '2024-01-31 14:24:23.793000', '127.0.0.1', 'herucg7yj16b21bb2lvlutq339azr8pr', 'Mozilla/5.0 (X11; Linux x86_64) AppleWebKit/537.36 (KHTML, like Gecko) Chrome/121.0.0.0 Safari/537.36 Edg/121.0.0.0', 53, 10),
(1451, '2024-01-31 14:27:16.032000', '127.0.0.1', 'herucg7yj16b21bb2lvlutq339azr8pr', 'Mozilla/5.0 (X11; Linux x86_64) AppleWebKit/537.36 (KHTML, like Gecko) Chrome/121.0.0.0 Safari/537.36 Edg/121.0.0.0', 53, 10),
(1452, '2024-01-31 14:31:07.303000', '127.0.0.1', 'herucg7yj16b21bb2lvlutq339azr8pr', 'Mozilla/5.0 (X11; Linux x86_64) AppleWebKit/537.36 (KHTML, like Gecko) Chrome/121.0.0.0 Safari/537.36 Edg/121.0.0.0', 53, 10),
(1453, '2024-07-15 11:30:03.934000', '127.0.0.1', 'fgbz8jnmci0bke5jv2g4e4h2wie0mw58', 'Mozilla/5.0 (X11; Linux x86_64) AppleWebKit/537.36 (KHTML, like Gecko) Chrome/126.0.0.0 Safari/537.36 Edg/126.0.0.0', 53, 11),
(1454, '2024-07-15 11:31:17.123000', '127.0.0.1', 'fgbz8jnmci0bke5jv2g4e4h2wie0mw58', 'Mozilla/5.0 (X11; Linux x86_64) AppleWebKit/537.36 (KHTML, like Gecko) Chrome/126.0.0.0 Safari/537.36 Edg/126.0.0.0', 53, 11),
(1455, '2024-07-15 11:36:00.497000', '127.0.0.1', 'xrdxjodhggeuut5lrs6g5peegijhsh9k', 'Mozilla/5.0 (X11; Linux x86_64) AppleWebKit/537.36 (KHTML, like Gecko) Chrome/126.0.0.0 Safari/537.36 Edg/126.0.0.0', 53, 2),
(1456, '2024-07-15 11:45:02.931000', '127.0.0.1', 'xrdxjodhggeuut5lrs6g5peegijhsh9k', 'Mozilla/5.0 (X11; Linux x86_64) AppleWebKit/537.36 (KHTML, like Gecko) Chrome/126.0.0.0 Safari/537.36 Edg/126.0.0.0', 53, 2),
(1457, '2024-07-15 12:03:15.028000', '127.0.0.1', 'xrdxjodhggeuut5lrs6g5peegijhsh9k', 'Mozilla/5.0 (X11; Linux x86_64) AppleWebKit/537.36 (KHTML, like Gecko) Chrome/126.0.0.0 Safari/537.36 Edg/126.0.0.0', 53, 2),
(1458, '2024-07-15 12:05:42.990000', '127.0.0.1', 'xrdxjodhggeuut5lrs6g5peegijhsh9k', 'Mozilla/5.0 (X11; Linux x86_64) AppleWebKit/537.36 (KHTML, like Gecko) Chrome/126.0.0.0 Safari/537.36 Edg/126.0.0.0', 53, 2),
(1459, '2024-07-15 12:25:07.681000', '127.0.0.1', 'xrdxjodhggeuut5lrs6g5peegijhsh9k', 'Mozilla/5.0 (X11; Linux x86_64) AppleWebKit/537.36 (KHTML, like Gecko) Chrome/126.0.0.0 Safari/537.36 Edg/126.0.0.0', 4, 2),
(1460, '2024-07-15 12:28:18.120000', '127.0.0.1', 'xrdxjodhggeuut5lrs6g5peegijhsh9k', 'Mozilla/5.0 (X11; Linux x86_64) AppleWebKit/537.36 (KHTML, like Gecko) Chrome/126.0.0.0 Safari/537.36 Edg/126.0.0.0', 4, 2),
(1461, '2024-07-15 13:27:57.155000', '127.0.0.1', 'xrdxjodhggeuut5lrs6g5peegijhsh9k', 'Mozilla/5.0 (X11; Linux x86_64) AppleWebKit/537.36 (KHTML, like Gecko) Chrome/126.0.0.0 Safari/537.36 Edg/126.0.0.0', 4, 2),
(1462, '2024-07-15 13:32:59.923000', '127.0.0.1', 'xrdxjodhggeuut5lrs6g5peegijhsh9k', 'Mozilla/5.0 (X11; Linux x86_64) AppleWebKit/537.36 (KHTML, like Gecko) Chrome/126.0.0.0 Safari/537.36 Edg/126.0.0.0', 4, 2),
(1463, '2024-07-15 13:34:00.872000', '127.0.0.1', 'xrdxjodhggeuut5lrs6g5peegijhsh9k', 'Mozilla/5.0 (X11; Linux x86_64) AppleWebKit/537.36 (KHTML, like Gecko) Chrome/126.0.0.0 Safari/537.36 Edg/126.0.0.0', 4, 2),
(1464, '2024-07-15 14:14:16.858000', '127.0.0.1', 'xrdxjodhggeuut5lrs6g5peegijhsh9k', 'Mozilla/5.0 (X11; Linux x86_64) AppleWebKit/537.36 (KHTML, like Gecko) Chrome/126.0.0.0 Safari/537.36 Edg/126.0.0.0', 4, 2),
(1465, '2024-07-15 14:15:25.438000', '127.0.0.1', 'xrdxjodhggeuut5lrs6g5peegijhsh9k', 'Mozilla/5.0 (X11; Linux x86_64) AppleWebKit/537.36 (KHTML, like Gecko) Chrome/126.0.0.0 Safari/537.36 Edg/126.0.0.0', 4, 2),
(1466, '2024-07-15 14:27:28.555000', '127.0.0.1', 'xrdxjodhggeuut5lrs6g5peegijhsh9k', 'Mozilla/5.0 (X11; Linux x86_64) AppleWebKit/537.36 (KHTML, like Gecko) Chrome/126.0.0.0 Safari/537.36 Edg/126.0.0.0', 4, 2),
(1467, '2024-07-15 14:30:45.054000', '127.0.0.1', 'xrdxjodhggeuut5lrs6g5peegijhsh9k', 'Mozilla/5.0 (X11; Linux x86_64) AppleWebKit/537.36 (KHTML, like Gecko) Chrome/126.0.0.0 Safari/537.36 Edg/126.0.0.0', 4, 2),
(1468, '2024-07-15 14:33:47.387000', '127.0.0.1', 'xrdxjodhggeuut5lrs6g5peegijhsh9k', 'Mozilla/5.0 (X11; Linux x86_64) AppleWebKit/537.36 (KHTML, like Gecko) Chrome/126.0.0.0 Safari/537.36 Edg/126.0.0.0', 4, 2),
(1469, '2024-07-15 14:38:52.114000', '127.0.0.1', 'gc9qu28gzr4bs8ljael0p7bvol1eg2fk', 'Mozilla/5.0 (X11; Linux x86_64) AppleWebKit/537.36 (KHTML, like Gecko) Chrome/126.0.0.0 Safari/537.36 Edg/126.0.0.0', 4, 2),
(1470, '2024-07-15 14:39:57.855000', '127.0.0.1', 'gc9qu28gzr4bs8ljael0p7bvol1eg2fk', 'Mozilla/5.0 (X11; Linux x86_64) AppleWebKit/537.36 (KHTML, like Gecko) Chrome/126.0.0.0 Safari/537.36 Edg/126.0.0.0', 4, 2),
(1471, '2024-07-15 14:49:56.955000', '127.0.0.1', 'gc9qu28gzr4bs8ljael0p7bvol1eg2fk', 'Mozilla/5.0 (X11; Linux x86_64) AppleWebKit/537.36 (KHTML, like Gecko) Chrome/126.0.0.0 Safari/537.36 Edg/126.0.0.0', 4, 2),
(1472, '2024-07-15 14:52:07.989000', '127.0.0.1', 'gc9qu28gzr4bs8ljael0p7bvol1eg2fk', 'Mozilla/5.0 (X11; Linux x86_64) AppleWebKit/537.36 (KHTML, like Gecko) Chrome/126.0.0.0 Safari/537.36 Edg/126.0.0.0', 4, 2),
(1473, '2024-07-15 14:53:32.568000', '127.0.0.1', 'gc9qu28gzr4bs8ljael0p7bvol1eg2fk', 'Mozilla/5.0 (X11; Linux x86_64) AppleWebKit/537.36 (KHTML, like Gecko) Chrome/126.0.0.0 Safari/537.36 Edg/126.0.0.0', 54, 2),
(1474, '2024-07-15 14:53:46.878000', '127.0.0.1', 'gc9qu28gzr4bs8ljael0p7bvol1eg2fk', 'Mozilla/5.0 (X11; Linux x86_64) AppleWebKit/537.36 (KHTML, like Gecko) Chrome/126.0.0.0 Safari/537.36 Edg/126.0.0.0', 4, 2),
(1475, '2024-07-15 14:54:03.165000', '127.0.0.1', 'gc9qu28gzr4bs8ljael0p7bvol1eg2fk', 'Mozilla/5.0 (X11; Linux x86_64) AppleWebKit/537.36 (KHTML, like Gecko) Chrome/126.0.0.0 Safari/537.36 Edg/126.0.0.0', 33, 2),
(1476, '2024-07-15 15:08:33.344000', '127.0.0.1', 'gc9qu28gzr4bs8ljael0p7bvol1eg2fk', 'Mozilla/5.0 (X11; Linux x86_64) AppleWebKit/537.36 (KHTML, like Gecko) Chrome/126.0.0.0 Safari/537.36 Edg/126.0.0.0', 50, 2),
(1477, '2024-07-15 15:12:14.746000', '127.0.0.1', 'gc9qu28gzr4bs8ljael0p7bvol1eg2fk', 'Mozilla/5.0 (X11; Linux x86_64) AppleWebKit/537.36 (KHTML, like Gecko) Chrome/126.0.0.0 Safari/537.36 Edg/126.0.0.0', 50, 2),
(1478, '2024-07-15 15:13:30.429000', '127.0.0.1', 'gc9qu28gzr4bs8ljael0p7bvol1eg2fk', 'Mozilla/5.0 (X11; Linux x86_64) AppleWebKit/537.36 (KHTML, like Gecko) Chrome/126.0.0.0 Safari/537.36 Edg/126.0.0.0', 50, 2),
(1479, '2024-07-15 15:14:37.516000', '127.0.0.1', 'gc9qu28gzr4bs8ljael0p7bvol1eg2fk', 'Mozilla/5.0 (X11; Linux x86_64) AppleWebKit/537.36 (KHTML, like Gecko) Chrome/126.0.0.0 Safari/537.36 Edg/126.0.0.0', 50, 2),
(1480, '2024-07-15 15:14:57.655000', '127.0.0.1', 'gc9qu28gzr4bs8ljael0p7bvol1eg2fk', 'Mozilla/5.0 (X11; Linux x86_64) AppleWebKit/537.36 (KHTML, like Gecko) Chrome/126.0.0.0 Safari/537.36 Edg/126.0.0.0', 4, 2),
(1481, '2024-07-15 15:15:16.424000', '127.0.0.1', 'gc9qu28gzr4bs8ljael0p7bvol1eg2fk', 'Mozilla/5.0 (X11; Linux x86_64) AppleWebKit/537.36 (KHTML, like Gecko) Chrome/126.0.0.0 Safari/537.36 Edg/126.0.0.0', 17, 2),
(1482, '2024-08-19 05:50:07.603000', '127.0.0.1', 'tr0orlvf1d99ffs0q5mxlunvrxi9ftg3', 'Mozilla/5.0 (X11; Linux x86_64) AppleWebKit/537.36 (KHTML, like Gecko) Chrome/126.0.0.0 Safari/537.36 Edg/126.0.0.0', 4, 1),
(1483, '2024-08-19 05:58:05.110000', '127.0.0.1', 'tr0orlvf1d99ffs0q5mxlunvrxi9ftg3', 'Mozilla/5.0 (X11; Linux x86_64) AppleWebKit/537.36 (KHTML, like Gecko) Chrome/126.0.0.0 Safari/537.36 Edg/126.0.0.0', 4, 1),
(1484, '2024-08-19 06:00:25.408000', '127.0.0.1', 'tr0orlvf1d99ffs0q5mxlunvrxi9ftg3', 'Mozilla/5.0 (X11; Linux x86_64) AppleWebKit/537.36 (KHTML, like Gecko) Chrome/126.0.0.0 Safari/537.36 Edg/126.0.0.0', 4, 1),
(1485, '2024-08-19 06:02:14.056000', '127.0.0.1', 'tr0orlvf1d99ffs0q5mxlunvrxi9ftg3', 'Mozilla/5.0 (X11; Linux x86_64) AppleWebKit/537.36 (KHTML, like Gecko) Chrome/126.0.0.0 Safari/537.36 Edg/126.0.0.0', 4, 1),
(1486, '2024-08-19 06:13:35.531000', '127.0.0.1', 'tr0orlvf1d99ffs0q5mxlunvrxi9ftg3', 'Mozilla/5.0 (X11; Linux x86_64) AppleWebKit/537.36 (KHTML, like Gecko) Chrome/126.0.0.0 Safari/537.36 Edg/126.0.0.0', 4, 1),
(1487, '2024-08-19 06:20:05.254000', '127.0.0.1', 'tr0orlvf1d99ffs0q5mxlunvrxi9ftg3', 'Mozilla/5.0 (X11; Linux x86_64) AppleWebKit/537.36 (KHTML, like Gecko) Chrome/126.0.0.0 Safari/537.36 Edg/126.0.0.0', 4, 1),
(1488, '2024-08-19 06:36:04.944000', '127.0.0.1', 'tr0orlvf1d99ffs0q5mxlunvrxi9ftg3', 'Mozilla/5.0 (X11; Linux x86_64) AppleWebKit/537.36 (KHTML, like Gecko) Chrome/126.0.0.0 Safari/537.36 Edg/126.0.0.0', 4, 1),
(1489, '2024-08-19 06:40:00.713000', '127.0.0.1', 'tr0orlvf1d99ffs0q5mxlunvrxi9ftg3', 'Mozilla/5.0 (X11; Linux x86_64) AppleWebKit/537.36 (KHTML, like Gecko) Chrome/126.0.0.0 Safari/537.36 Edg/126.0.0.0', 4, 1),
(1490, '2024-08-19 06:46:09.661000', '127.0.0.1', 'tr0orlvf1d99ffs0q5mxlunvrxi9ftg3', 'Mozilla/5.0 (X11; Linux x86_64) AppleWebKit/537.36 (KHTML, like Gecko) Chrome/126.0.0.0 Safari/537.36 Edg/126.0.0.0', 4, 1),
(1491, '2024-08-19 06:46:24.941000', '127.0.0.1', 'tr0orlvf1d99ffs0q5mxlunvrxi9ftg3', 'Mozilla/5.0 (X11; Linux x86_64) AppleWebKit/537.36 (KHTML, like Gecko) Chrome/126.0.0.0 Safari/537.36 Edg/126.0.0.0', 13, 1),
(1492, '2024-08-19 06:46:28.612000', '127.0.0.1', 'tr0orlvf1d99ffs0q5mxlunvrxi9ftg3', 'Mozilla/5.0 (X11; Linux x86_64) AppleWebKit/537.36 (KHTML, like Gecko) Chrome/126.0.0.0 Safari/537.36 Edg/126.0.0.0', 17, 1),
(1493, '2024-08-19 06:48:08.163000', '127.0.0.1', 'tr0orlvf1d99ffs0q5mxlunvrxi9ftg3', 'Mozilla/5.0 (X11; Linux x86_64) AppleWebKit/537.36 (KHTML, like Gecko) Chrome/126.0.0.0 Safari/537.36 Edg/126.0.0.0', 4, 1),
(1494, '2024-09-02 06:23:51.364000', '127.0.0.1', '21vuegey5nu1qna177qtwrqjiejpnba9', 'Mozilla/5.0 (X11; Linux x86_64) AppleWebKit/537.36 (KHTML, like Gecko) Chrome/126.0.0.0 Safari/537.36 Edg/126.0.0.0', 55, 12),
(1495, '2024-09-02 06:38:47.749000', '127.0.0.1', 'jw9izs4phz4cn24x9qrvti8d3pbtlc3v', 'Mozilla/5.0 (X11; Linux x86_64) AppleWebKit/537.36 (KHTML, like Gecko) Chrome/126.0.0.0 Safari/537.36 Edg/126.0.0.0', 55, 10),
(1496, '2024-09-02 06:40:49.905000', '127.0.0.1', 'nbopydsoygv6f5jfcu3vy0otwb726l1p', 'Mozilla/5.0 (X11; Linux x86_64) AppleWebKit/537.36 (KHTML, like Gecko) Chrome/126.0.0.0 Safari/537.36 Edg/126.0.0.0', 55, 10),
(1497, '2024-09-02 06:42:46.685000', '127.0.0.1', 'nbopydsoygv6f5jfcu3vy0otwb726l1p', 'Mozilla/5.0 (X11; Linux x86_64) AppleWebKit/537.36 (KHTML, like Gecko) Chrome/126.0.0.0 Safari/537.36 Edg/126.0.0.0', 55, 10),
(1498, '2024-09-02 06:44:08.688000', '127.0.0.1', 'nbopydsoygv6f5jfcu3vy0otwb726l1p', 'Mozilla/5.0 (X11; Linux x86_64) AppleWebKit/537.36 (KHTML, like Gecko) Chrome/126.0.0.0 Safari/537.36 Edg/126.0.0.0', 55, 10),
(1499, '2024-09-02 06:45:16.998000', '127.0.0.1', 'nbopydsoygv6f5jfcu3vy0otwb726l1p', 'Mozilla/5.0 (X11; Linux x86_64) AppleWebKit/537.36 (KHTML, like Gecko) Chrome/126.0.0.0 Safari/537.36 Edg/126.0.0.0', 55, 10),
(1500, '2024-09-02 06:46:42.085000', '127.0.0.1', 'nbopydsoygv6f5jfcu3vy0otwb726l1p', 'Mozilla/5.0 (X11; Linux x86_64) AppleWebKit/537.36 (KHTML, like Gecko) Chrome/126.0.0.0 Safari/537.36 Edg/126.0.0.0', 55, 10),
(1501, '2024-09-02 06:51:32.980000', '127.0.0.1', 'nbopydsoygv6f5jfcu3vy0otwb726l1p', 'Mozilla/5.0 (X11; Linux x86_64) AppleWebKit/537.36 (KHTML, like Gecko) Chrome/126.0.0.0 Safari/537.36 Edg/126.0.0.0', 55, 10),
(1502, '2024-09-02 06:54:07.827000', '127.0.0.1', 'nbopydsoygv6f5jfcu3vy0otwb726l1p', 'Mozilla/5.0 (X11; Linux x86_64) AppleWebKit/537.36 (KHTML, like Gecko) Chrome/126.0.0.0 Safari/537.36 Edg/126.0.0.0', 55, 10),
(1503, '2024-09-02 06:55:58.761000', '127.0.0.1', 'nbopydsoygv6f5jfcu3vy0otwb726l1p', 'Mozilla/5.0 (X11; Linux x86_64) AppleWebKit/537.36 (KHTML, like Gecko) Chrome/126.0.0.0 Safari/537.36 Edg/126.0.0.0', 55, 10),
(1504, '2024-09-02 06:58:15.118000', '127.0.0.1', 'nbopydsoygv6f5jfcu3vy0otwb726l1p', 'Mozilla/5.0 (X11; Linux x86_64) AppleWebKit/537.36 (KHTML, like Gecko) Chrome/126.0.0.0 Safari/537.36 Edg/126.0.0.0', 55, 10),
(1505, '2024-09-02 07:01:30.432000', '127.0.0.1', 'nbopydsoygv6f5jfcu3vy0otwb726l1p', 'Mozilla/5.0 (X11; Linux x86_64) AppleWebKit/537.36 (KHTML, like Gecko) Chrome/126.0.0.0 Safari/537.36 Edg/126.0.0.0', 55, 10),
(1506, '2024-09-02 07:39:02.524000', '127.0.0.1', 'nbopydsoygv6f5jfcu3vy0otwb726l1p', 'Mozilla/5.0 (X11; Linux x86_64) AppleWebKit/537.36 (KHTML, like Gecko) Chrome/126.0.0.0 Safari/537.36 Edg/126.0.0.0', 55, 10),
(1507, '2024-09-02 12:19:26.219000', '127.0.0.1', 'nbopydsoygv6f5jfcu3vy0otwb726l1p', 'Mozilla/5.0 (X11; Linux x86_64) AppleWebKit/537.36 (KHTML, like Gecko) Chrome/126.0.0.0 Safari/537.36 Edg/126.0.0.0', 55, 10),
(1508, '2024-09-03 05:49:28.986000', '127.0.0.1', 'nbopydsoygv6f5jfcu3vy0otwb726l1p', 'Mozilla/5.0 (X11; Linux x86_64) AppleWebKit/537.36 (KHTML, like Gecko) Chrome/126.0.0.0 Safari/537.36 Edg/126.0.0.0', 55, 10),
(1509, '2024-09-03 06:23:44.024000', '127.0.0.1', 'nbopydsoygv6f5jfcu3vy0otwb726l1p', 'Mozilla/5.0 (X11; Linux x86_64) AppleWebKit/537.36 (KHTML, like Gecko) Chrome/126.0.0.0 Safari/537.36 Edg/126.0.0.0', 55, 10),
(1510, '2024-09-03 06:31:02.421000', '127.0.0.1', 'nbopydsoygv6f5jfcu3vy0otwb726l1p', 'Mozilla/5.0 (X11; Linux x86_64) AppleWebKit/537.36 (KHTML, like Gecko) Chrome/126.0.0.0 Safari/537.36 Edg/126.0.0.0', 55, 10),
(1511, '2024-09-03 06:39:31.418000', '127.0.0.1', 'nbopydsoygv6f5jfcu3vy0otwb726l1p', 'Mozilla/5.0 (X11; Linux x86_64) AppleWebKit/537.36 (KHTML, like Gecko) Chrome/126.0.0.0 Safari/537.36 Edg/126.0.0.0', 55, 10),
(1512, '2024-09-03 06:41:05.853000', '127.0.0.1', 'nbopydsoygv6f5jfcu3vy0otwb726l1p', 'Mozilla/5.0 (X11; Linux x86_64) AppleWebKit/537.36 (KHTML, like Gecko) Chrome/126.0.0.0 Safari/537.36 Edg/126.0.0.0', 55, 10),
(1513, '2024-09-03 06:45:02.992000', '127.0.0.1', 'nbopydsoygv6f5jfcu3vy0otwb726l1p', 'Mozilla/5.0 (X11; Linux x86_64) AppleWebKit/537.36 (KHTML, like Gecko) Chrome/126.0.0.0 Safari/537.36 Edg/126.0.0.0', 55, 10),
(1514, '2024-09-03 07:36:26.081000', '127.0.0.1', 'nbopydsoygv6f5jfcu3vy0otwb726l1p', 'Mozilla/5.0 (X11; Linux x86_64) AppleWebKit/537.36 (KHTML, like Gecko) Chrome/126.0.0.0 Safari/537.36 Edg/126.0.0.0', 55, 10),
(1515, '2024-09-03 07:39:28.566000', '127.0.0.1', 'nbopydsoygv6f5jfcu3vy0otwb726l1p', 'Mozilla/5.0 (X11; Linux x86_64) AppleWebKit/537.36 (KHTML, like Gecko) Chrome/126.0.0.0 Safari/537.36 Edg/126.0.0.0', 55, 10),
(1516, '2024-09-03 07:48:05.287000', '127.0.0.1', 'nbopydsoygv6f5jfcu3vy0otwb726l1p', 'Mozilla/5.0 (X11; Linux x86_64) AppleWebKit/537.36 (KHTML, like Gecko) Chrome/126.0.0.0 Safari/537.36 Edg/126.0.0.0', 55, 10),
(1517, '2024-09-03 07:50:19.701000', '127.0.0.1', 'nbopydsoygv6f5jfcu3vy0otwb726l1p', 'Mozilla/5.0 (X11; Linux x86_64) AppleWebKit/537.36 (KHTML, like Gecko) Chrome/126.0.0.0 Safari/537.36 Edg/126.0.0.0', 55, 10),
(1518, '2024-09-04 00:43:20.315000', '127.0.0.1', 'nbopydsoygv6f5jfcu3vy0otwb726l1p', 'Mozilla/5.0 (X11; Linux x86_64) AppleWebKit/537.36 (KHTML, like Gecko) Chrome/126.0.0.0 Safari/537.36 Edg/126.0.0.0', 55, 10),
(1519, '2024-09-04 00:45:09.660000', '127.0.0.1', 'nbopydsoygv6f5jfcu3vy0otwb726l1p', 'Mozilla/5.0 (X11; Linux x86_64) AppleWebKit/537.36 (KHTML, like Gecko) Chrome/126.0.0.0 Safari/537.36 Edg/126.0.0.0', 55, 10),
(1520, '2024-09-04 00:47:25.172000', '127.0.0.1', 'nbopydsoygv6f5jfcu3vy0otwb726l1p', 'Mozilla/5.0 (X11; Linux x86_64) AppleWebKit/537.36 (KHTML, like Gecko) Chrome/126.0.0.0 Safari/537.36 Edg/126.0.0.0', 55, 10),
(1521, '2024-09-04 00:51:19.678000', '127.0.0.1', 'nbopydsoygv6f5jfcu3vy0otwb726l1p', 'Mozilla/5.0 (X11; Linux x86_64) AppleWebKit/537.36 (KHTML, like Gecko) Chrome/126.0.0.0 Safari/537.36 Edg/126.0.0.0', 55, 10),
(1522, '2024-09-04 00:52:46.657000', '127.0.0.1', 'nbopydsoygv6f5jfcu3vy0otwb726l1p', 'Mozilla/5.0 (X11; Linux x86_64) AppleWebKit/537.36 (KHTML, like Gecko) Chrome/126.0.0.0 Safari/537.36 Edg/126.0.0.0', 55, 10),
(1523, '2024-09-04 01:33:24.791000', '127.0.0.1', 'nbopydsoygv6f5jfcu3vy0otwb726l1p', 'Mozilla/5.0 (X11; Linux x86_64) AppleWebKit/537.36 (KHTML, like Gecko) Chrome/126.0.0.0 Safari/537.36 Edg/126.0.0.0', 55, 10),
(1524, '2024-09-04 01:42:48.830000', '127.0.0.1', 'nbopydsoygv6f5jfcu3vy0otwb726l1p', 'Mozilla/5.0 (X11; Linux x86_64) AppleWebKit/537.36 (KHTML, like Gecko) Chrome/126.0.0.0 Safari/537.36 Edg/126.0.0.0', 55, 10),
(1525, '2024-09-04 02:57:52.620000', '127.0.0.1', 'yjsknqcytrg3f1phn0fkrgvdu7pzz9am', 'Mozilla/5.0 (X11; Linux x86_64) AppleWebKit/537.36 (KHTML, like Gecko) Chrome/126.0.0.0 Safari/537.36 Edg/126.0.0.0', 55, 10),
(1526, '2024-09-04 03:06:41.290000', '127.0.0.1', 'yjsknqcytrg3f1phn0fkrgvdu7pzz9am', 'Mozilla/5.0 (X11; Linux x86_64) AppleWebKit/537.36 (KHTML, like Gecko) Chrome/126.0.0.0 Safari/537.36 Edg/126.0.0.0', 55, 10),
(1527, '2024-09-04 03:12:22.525000', '127.0.0.1', 'yjsknqcytrg3f1phn0fkrgvdu7pzz9am', 'Mozilla/5.0 (X11; Linux x86_64) AppleWebKit/537.36 (KHTML, like Gecko) Chrome/126.0.0.0 Safari/537.36 Edg/126.0.0.0', 55, 10),
(1528, '2024-09-04 03:18:45.409000', '127.0.0.1', 'yjsknqcytrg3f1phn0fkrgvdu7pzz9am', 'Mozilla/5.0 (X11; Linux x86_64) AppleWebKit/537.36 (KHTML, like Gecko) Chrome/126.0.0.0 Safari/537.36 Edg/126.0.0.0', 55, 10),
(1529, '2024-09-04 03:20:37.421000', '127.0.0.1', 'yjsknqcytrg3f1phn0fkrgvdu7pzz9am', 'Mozilla/5.0 (X11; Linux x86_64) AppleWebKit/537.36 (KHTML, like Gecko) Chrome/126.0.0.0 Safari/537.36 Edg/126.0.0.0', 55, 10),
(1530, '2024-09-04 03:23:18.903000', '127.0.0.1', 'yjsknqcytrg3f1phn0fkrgvdu7pzz9am', 'Mozilla/5.0 (X11; Linux x86_64) AppleWebKit/537.36 (KHTML, like Gecko) Chrome/126.0.0.0 Safari/537.36 Edg/126.0.0.0', 55, 10),
(1531, '2024-09-04 03:32:46.542000', '127.0.0.1', 'yjsknqcytrg3f1phn0fkrgvdu7pzz9am', 'Mozilla/5.0 (X11; Linux x86_64) AppleWebKit/537.36 (KHTML, like Gecko) Chrome/126.0.0.0 Safari/537.36 Edg/126.0.0.0', 55, 10),
(1532, '2024-09-04 03:34:05.100000', '127.0.0.1', 'yjsknqcytrg3f1phn0fkrgvdu7pzz9am', 'Mozilla/5.0 (X11; Linux x86_64) AppleWebKit/537.36 (KHTML, like Gecko) Chrome/126.0.0.0 Safari/537.36 Edg/126.0.0.0', 55, 10),
(1533, '2024-09-04 03:36:12.278000', '127.0.0.1', 'yjsknqcytrg3f1phn0fkrgvdu7pzz9am', 'Mozilla/5.0 (X11; Linux x86_64) AppleWebKit/537.36 (KHTML, like Gecko) Chrome/126.0.0.0 Safari/537.36 Edg/126.0.0.0', 55, 10),
(1534, '2024-09-04 03:37:19.757000', '127.0.0.1', 'yjsknqcytrg3f1phn0fkrgvdu7pzz9am', 'Mozilla/5.0 (X11; Linux x86_64) AppleWebKit/537.36 (KHTML, like Gecko) Chrome/126.0.0.0 Safari/537.36 Edg/126.0.0.0', 55, 10),
(1535, '2024-09-04 03:38:27.635000', '127.0.0.1', 'yjsknqcytrg3f1phn0fkrgvdu7pzz9am', 'Mozilla/5.0 (X11; Linux x86_64) AppleWebKit/537.36 (KHTML, like Gecko) Chrome/126.0.0.0 Safari/537.36 Edg/126.0.0.0', 55, 10),
(1536, '2024-09-04 03:42:33.813000', '127.0.0.1', 'yjsknqcytrg3f1phn0fkrgvdu7pzz9am', 'Mozilla/5.0 (X11; Linux x86_64) AppleWebKit/537.36 (KHTML, like Gecko) Chrome/126.0.0.0 Safari/537.36 Edg/126.0.0.0', 55, 10),
(1537, '2024-09-04 03:45:53.276000', '127.0.0.1', 'yjsknqcytrg3f1phn0fkrgvdu7pzz9am', 'Mozilla/5.0 (X11; Linux x86_64) AppleWebKit/537.36 (KHTML, like Gecko) Chrome/126.0.0.0 Safari/537.36 Edg/126.0.0.0', 55, 10),
(1538, '2024-09-04 03:47:49.498000', '127.0.0.1', 'yjsknqcytrg3f1phn0fkrgvdu7pzz9am', 'Mozilla/5.0 (X11; Linux x86_64) AppleWebKit/537.36 (KHTML, like Gecko) Chrome/126.0.0.0 Safari/537.36 Edg/126.0.0.0', 55, 10),
(1539, '2024-09-04 03:50:03.881000', '127.0.0.1', 'yjsknqcytrg3f1phn0fkrgvdu7pzz9am', 'Mozilla/5.0 (X11; Linux x86_64) AppleWebKit/537.36 (KHTML, like Gecko) Chrome/126.0.0.0 Safari/537.36 Edg/126.0.0.0', 55, 10),
(1540, '2024-09-04 04:00:31.290000', '127.0.0.1', 'yjsknqcytrg3f1phn0fkrgvdu7pzz9am', 'Mozilla/5.0 (X11; Linux x86_64) AppleWebKit/537.36 (KHTML, like Gecko) Chrome/126.0.0.0 Safari/537.36 Edg/126.0.0.0', 55, 10),
(1541, '2024-09-04 04:07:31.139000', '127.0.0.1', 'yjsknqcytrg3f1phn0fkrgvdu7pzz9am', 'Mozilla/5.0 (X11; Linux x86_64) AppleWebKit/537.36 (KHTML, like Gecko) Chrome/126.0.0.0 Safari/537.36 Edg/126.0.0.0', 55, 10),
(1542, '2024-09-04 04:11:53.463000', '127.0.0.1', 'yjsknqcytrg3f1phn0fkrgvdu7pzz9am', 'Mozilla/5.0 (X11; Linux x86_64) AppleWebKit/537.36 (KHTML, like Gecko) Chrome/126.0.0.0 Safari/537.36 Edg/126.0.0.0', 55, 10),
(1543, '2024-09-04 04:15:27.323000', '127.0.0.1', 'yjsknqcytrg3f1phn0fkrgvdu7pzz9am', 'Mozilla/5.0 (X11; Linux x86_64) AppleWebKit/537.36 (KHTML, like Gecko) Chrome/126.0.0.0 Safari/537.36 Edg/126.0.0.0', 55, 10),
(1544, '2024-09-04 04:17:25.762000', '127.0.0.1', 'yjsknqcytrg3f1phn0fkrgvdu7pzz9am', 'Mozilla/5.0 (X11; Linux x86_64) AppleWebKit/537.36 (KHTML, like Gecko) Chrome/126.0.0.0 Safari/537.36 Edg/126.0.0.0', 55, 10),
(1545, '2024-09-04 04:23:24.408000', '127.0.0.1', 'yjsknqcytrg3f1phn0fkrgvdu7pzz9am', 'Mozilla/5.0 (X11; Linux x86_64) AppleWebKit/537.36 (KHTML, like Gecko) Chrome/126.0.0.0 Safari/537.36 Edg/126.0.0.0', 55, 10),
(1546, '2024-09-04 04:25:18.013000', '127.0.0.1', 'yjsknqcytrg3f1phn0fkrgvdu7pzz9am', 'Mozilla/5.0 (X11; Linux x86_64) AppleWebKit/537.36 (KHTML, like Gecko) Chrome/126.0.0.0 Safari/537.36 Edg/126.0.0.0', 55, 10),
(1547, '2024-09-04 05:06:20.262000', '127.0.0.1', 'yjsknqcytrg3f1phn0fkrgvdu7pzz9am', 'Mozilla/5.0 (X11; Linux x86_64) AppleWebKit/537.36 (KHTML, like Gecko) Chrome/126.0.0.0 Safari/537.36 Edg/126.0.0.0', 55, 10),
(1548, '2024-09-04 05:12:16.301000', '127.0.0.1', 'yjsknqcytrg3f1phn0fkrgvdu7pzz9am', 'Mozilla/5.0 (X11; Linux x86_64) AppleWebKit/537.36 (KHTML, like Gecko) Chrome/126.0.0.0 Safari/537.36 Edg/126.0.0.0', 55, 10),
(1549, '2024-09-04 05:14:15.903000', '127.0.0.1', 'yjsknqcytrg3f1phn0fkrgvdu7pzz9am', 'Mozilla/5.0 (X11; Linux x86_64) AppleWebKit/537.36 (KHTML, like Gecko) Chrome/126.0.0.0 Safari/537.36 Edg/126.0.0.0', 55, 10),
(1550, '2024-09-04 07:10:58.782000', '127.0.0.1', '12n5ixlb4g82tnfiewqlc4oyi1makmrm', 'Mozilla/5.0 (X11; Linux x86_64) AppleWebKit/537.36 (KHTML, like Gecko) Chrome/126.0.0.0 Safari/537.36 Edg/126.0.0.0', 55, 10),
(1551, '2024-09-04 07:16:16.674000', '127.0.0.1', '12n5ixlb4g82tnfiewqlc4oyi1makmrm', 'Mozilla/5.0 (X11; Linux x86_64) AppleWebKit/537.36 (KHTML, like Gecko) Chrome/126.0.0.0 Safari/537.36 Edg/126.0.0.0', 55, 10),
(1552, '2024-09-04 07:18:35.703000', '127.0.0.1', '12n5ixlb4g82tnfiewqlc4oyi1makmrm', 'Mozilla/5.0 (X11; Linux x86_64) AppleWebKit/537.36 (KHTML, like Gecko) Chrome/126.0.0.0 Safari/537.36 Edg/126.0.0.0', 55, 10),
(1553, '2024-09-04 07:23:48.350000', '127.0.0.1', '12n5ixlb4g82tnfiewqlc4oyi1makmrm', 'Mozilla/5.0 (X11; Linux x86_64) AppleWebKit/537.36 (KHTML, like Gecko) Chrome/126.0.0.0 Safari/537.36 Edg/126.0.0.0', 55, 10),
(1554, '2024-09-04 07:26:34.778000', '127.0.0.1', '12n5ixlb4g82tnfiewqlc4oyi1makmrm', 'Mozilla/5.0 (X11; Linux x86_64) AppleWebKit/537.36 (KHTML, like Gecko) Chrome/126.0.0.0 Safari/537.36 Edg/126.0.0.0', 55, 10),
(1555, '2024-09-04 07:28:00.101000', '127.0.0.1', '12n5ixlb4g82tnfiewqlc4oyi1makmrm', 'Mozilla/5.0 (X11; Linux x86_64) AppleWebKit/537.36 (KHTML, like Gecko) Chrome/126.0.0.0 Safari/537.36 Edg/126.0.0.0', 55, 10),
(1556, '2024-09-04 07:29:34.270000', '127.0.0.1', '12n5ixlb4g82tnfiewqlc4oyi1makmrm', 'Mozilla/5.0 (X11; Linux x86_64) AppleWebKit/537.36 (KHTML, like Gecko) Chrome/126.0.0.0 Safari/537.36 Edg/126.0.0.0', 55, 10),
(1557, '2024-09-04 07:31:22.527000', '127.0.0.1', '12n5ixlb4g82tnfiewqlc4oyi1makmrm', 'Mozilla/5.0 (X11; Linux x86_64) AppleWebKit/537.36 (KHTML, like Gecko) Chrome/126.0.0.0 Safari/537.36 Edg/126.0.0.0', 55, 10),
(1558, '2024-09-17 03:16:13.563000', '127.0.0.1', 'r2qttnlhul3vutrxt8mxg27jblsxazlr', 'Mozilla/5.0 (X11; Linux x86_64) AppleWebKit/537.36 (KHTML, like Gecko) Chrome/126.0.0.0 Safari/537.36 Edg/126.0.0.0', 55, 12),
(1559, '2024-09-19 07:03:23.318000', '127.0.0.1', 'r2qttnlhul3vutrxt8mxg27jblsxazlr', 'Mozilla/5.0 (X11; Linux x86_64) AppleWebKit/537.36 (KHTML, like Gecko) Chrome/126.0.0.0 Safari/537.36 Edg/126.0.0.0', 55, 12),
(1560, '2024-09-19 12:39:17.720000', '127.0.0.1', '0porv7rq3cl10rw8szbpudwbnhnd496t', 'Mozilla/5.0 (X11; Linux x86_64) AppleWebKit/537.36 (KHTML, like Gecko) Chrome/126.0.0.0 Safari/537.36 Edg/126.0.0.0', 4, 1),
(1561, '2024-09-20 01:20:45.348000', '127.0.0.1', '0porv7rq3cl10rw8szbpudwbnhnd496t', 'Mozilla/5.0 (X11; Linux x86_64) AppleWebKit/537.36 (KHTML, like Gecko) Chrome/126.0.0.0 Safari/537.36 Edg/126.0.0.0', 4, 1),
(1562, '2024-09-20 20:00:19.718000', '127.0.0.1', '0porv7rq3cl10rw8szbpudwbnhnd496t', 'Mozilla/5.0 (X11; Linux x86_64) AppleWebKit/537.36 (KHTML, like Gecko) Chrome/126.0.0.0 Safari/537.36 Edg/126.0.0.0', 4, 1),
(1563, '2024-09-21 00:27:25.704000', '127.0.0.1', '0porv7rq3cl10rw8szbpudwbnhnd496t', 'Mozilla/5.0 (X11; Linux x86_64) AppleWebKit/537.36 (KHTML, like Gecko) Chrome/126.0.0.0 Safari/537.36 Edg/126.0.0.0', 4, 1),
(1564, '2024-09-27 03:28:47.493000', '127.0.0.1', 'r2qttnlhul3vutrxt8mxg27jblsxazlr', 'Mozilla/5.0 (X11; Linux x86_64) AppleWebKit/537.36 (KHTML, like Gecko) Chrome/126.0.0.0 Safari/537.36 Edg/126.0.0.0', 55, 12),
(1565, '2024-09-27 03:33:40.283000', '127.0.0.1', 'hd6966ekx8xctgnqr0d3wzbckuwnuqfi', 'Mozilla/5.0 (X11; Linux x86_64) AppleWebKit/537.36 (KHTML, like Gecko) Chrome/126.0.0.0 Safari/537.36 Edg/126.0.0.0', 4, 1),
(1566, '2024-09-30 03:09:07.813000', '127.0.0.1', 'hd6966ekx8xctgnqr0d3wzbckuwnuqfi', 'Mozilla/5.0 (X11; Linux x86_64) AppleWebKit/537.36 (KHTML, like Gecko) Chrome/126.0.0.0 Safari/537.36 Edg/126.0.0.0', 4, 1),
(1567, '2024-10-04 00:28:33.014000', '127.0.0.1', 'hd6966ekx8xctgnqr0d3wzbckuwnuqfi', 'Mozilla/5.0 (X11; Linux x86_64) AppleWebKit/537.36 (KHTML, like Gecko) Chrome/126.0.0.0 Safari/537.36 Edg/126.0.0.0', 4, 1),
(1568, '2024-10-04 01:02:47.660000', '127.0.0.1', '1rwmf8u4j2puli7c2o8d207853of73km', 'Mozilla/5.0 (X11; Linux x86_64) AppleWebKit/537.36 (KHTML, like Gecko) Chrome/126.0.0.0 Safari/537.36 Edg/126.0.0.0', 55, 12),
(1569, '2024-10-04 01:05:04.709000', '127.0.0.1', '1rwmf8u4j2puli7c2o8d207853of73km', 'Mozilla/5.0 (X11; Linux x86_64) AppleWebKit/537.36 (KHTML, like Gecko) Chrome/126.0.0.0 Safari/537.36 Edg/126.0.0.0', 55, 12),
(1570, '2024-10-04 01:32:15.579000', '127.0.0.1', '1rwmf8u4j2puli7c2o8d207853of73km', 'Mozilla/5.0 (X11; Linux x86_64) AppleWebKit/537.36 (KHTML, like Gecko) Chrome/126.0.0.0 Safari/537.36 Edg/126.0.0.0', 55, 12),
(1571, '2024-10-04 01:33:50.219000', '127.0.0.1', '1rwmf8u4j2puli7c2o8d207853of73km', 'Mozilla/5.0 (X11; Linux x86_64) AppleWebKit/537.36 (KHTML, like Gecko) Chrome/126.0.0.0 Safari/537.36 Edg/126.0.0.0', 55, 12),
(1572, '2024-10-04 01:35:48.867000', '127.0.0.1', '1rwmf8u4j2puli7c2o8d207853of73km', 'Mozilla/5.0 (X11; Linux x86_64) AppleWebKit/537.36 (KHTML, like Gecko) Chrome/126.0.0.0 Safari/537.36 Edg/126.0.0.0', 55, 12),
(1573, '2024-10-04 01:36:54.127000', '127.0.0.1', '1rwmf8u4j2puli7c2o8d207853of73km', 'Mozilla/5.0 (X11; Linux x86_64) AppleWebKit/537.36 (KHTML, like Gecko) Chrome/126.0.0.0 Safari/537.36 Edg/126.0.0.0', 55, 12),
(1574, '2024-10-04 01:37:58.952000', '127.0.0.1', '1rwmf8u4j2puli7c2o8d207853of73km', 'Mozilla/5.0 (X11; Linux x86_64) AppleWebKit/537.36 (KHTML, like Gecko) Chrome/126.0.0.0 Safari/537.36 Edg/126.0.0.0', 55, 12),
(1575, '2024-10-04 01:42:21.223000', '127.0.0.1', '1rwmf8u4j2puli7c2o8d207853of73km', 'Mozilla/5.0 (X11; Linux x86_64) AppleWebKit/537.36 (KHTML, like Gecko) Chrome/126.0.0.0 Safari/537.36 Edg/126.0.0.0', 56, 12),
(1576, '2024-10-04 01:43:32.845000', '127.0.0.1', '1rwmf8u4j2puli7c2o8d207853of73km', 'Mozilla/5.0 (X11; Linux x86_64) AppleWebKit/537.36 (KHTML, like Gecko) Chrome/126.0.0.0 Safari/537.36 Edg/126.0.0.0', 55, 12),
(1577, '2024-10-04 01:43:58.103000', '127.0.0.1', '1rwmf8u4j2puli7c2o8d207853of73km', 'Mozilla/5.0 (X11; Linux x86_64) AppleWebKit/537.36 (KHTML, like Gecko) Chrome/126.0.0.0 Safari/537.36 Edg/126.0.0.0', 57, 12),
(1578, '2024-10-04 01:45:58.935000', '127.0.0.1', '1rwmf8u4j2puli7c2o8d207853of73km', 'Mozilla/5.0 (X11; Linux x86_64) AppleWebKit/537.36 (KHTML, like Gecko) Chrome/126.0.0.0 Safari/537.36 Edg/126.0.0.0', 57, 12),
(1579, '2024-10-04 01:46:09.258000', '127.0.0.1', '1rwmf8u4j2puli7c2o8d207853of73km', 'Mozilla/5.0 (X11; Linux x86_64) AppleWebKit/537.36 (KHTML, like Gecko) Chrome/126.0.0.0 Safari/537.36 Edg/126.0.0.0', 55, 12),
(1580, '2024-10-04 01:56:44.864000', '127.0.0.1', '1rwmf8u4j2puli7c2o8d207853of73km', 'Mozilla/5.0 (X11; Linux x86_64) AppleWebKit/537.36 (KHTML, like Gecko) Chrome/126.0.0.0 Safari/537.36 Edg/126.0.0.0', 55, 12),
(1581, '2024-10-04 01:57:04.362000', '127.0.0.1', '1rwmf8u4j2puli7c2o8d207853of73km', 'Mozilla/5.0 (X11; Linux x86_64) AppleWebKit/537.36 (KHTML, like Gecko) Chrome/126.0.0.0 Safari/537.36 Edg/126.0.0.0', 58, 12),
(1582, '2024-10-04 03:56:11.285000', '127.0.0.1', '1rwmf8u4j2puli7c2o8d207853of73km', 'Mozilla/5.0 (X11; Linux x86_64) AppleWebKit/537.36 (KHTML, like Gecko) Chrome/126.0.0.0 Safari/537.36 Edg/126.0.0.0', 59, 12),
(1583, '2024-10-04 03:57:53.242000', '127.0.0.1', '1rwmf8u4j2puli7c2o8d207853of73km', 'Mozilla/5.0 (X11; Linux x86_64) AppleWebKit/537.36 (KHTML, like Gecko) Chrome/126.0.0.0 Safari/537.36 Edg/126.0.0.0', 58, 12),
(1584, '2024-10-04 03:58:10.116000', '127.0.0.1', '1rwmf8u4j2puli7c2o8d207853of73km', 'Mozilla/5.0 (X11; Linux x86_64) AppleWebKit/537.36 (KHTML, like Gecko) Chrome/126.0.0.0 Safari/537.36 Edg/126.0.0.0', 59, 12),
(1585, '2024-10-04 04:03:33.411000', '127.0.0.1', '1rwmf8u4j2puli7c2o8d207853of73km', 'Mozilla/5.0 (X11; Linux x86_64) AppleWebKit/537.36 (KHTML, like Gecko) Chrome/126.0.0.0 Safari/537.36 Edg/126.0.0.0', 59, 12),
(1586, '2024-10-04 04:09:22.924000', '127.0.0.1', '1rwmf8u4j2puli7c2o8d207853of73km', 'Mozilla/5.0 (X11; Linux x86_64) AppleWebKit/537.36 (KHTML, like Gecko) Chrome/126.0.0.0 Safari/537.36 Edg/126.0.0.0', 60, 12),
(1587, '2024-10-04 04:11:47.759000', '127.0.0.1', '1rwmf8u4j2puli7c2o8d207853of73km', 'Mozilla/5.0 (X11; Linux x86_64) AppleWebKit/537.36 (KHTML, like Gecko) Chrome/126.0.0.0 Safari/537.36 Edg/126.0.0.0', 59, 12),
(1588, '2024-10-04 04:13:42.318000', '127.0.0.1', '1rwmf8u4j2puli7c2o8d207853of73km', 'Mozilla/5.0 (X11; Linux x86_64) AppleWebKit/537.36 (KHTML, like Gecko) Chrome/126.0.0.0 Safari/537.36 Edg/126.0.0.0', 59, 12),
(1589, '2024-10-04 04:17:41.202000', '127.0.0.1', '1rwmf8u4j2puli7c2o8d207853of73km', 'Mozilla/5.0 (X11; Linux x86_64) AppleWebKit/537.36 (KHTML, like Gecko) Chrome/126.0.0.0 Safari/537.36 Edg/126.0.0.0', 55, 12),
(1590, '2024-10-04 04:17:51.877000', '127.0.0.1', '1rwmf8u4j2puli7c2o8d207853of73km', 'Mozilla/5.0 (X11; Linux x86_64) AppleWebKit/537.36 (KHTML, like Gecko) Chrome/126.0.0.0 Safari/537.36 Edg/126.0.0.0', 61, 12),
(1591, '2024-10-04 04:18:37.569000', '127.0.0.1', '1rwmf8u4j2puli7c2o8d207853of73km', 'Mozilla/5.0 (X11; Linux x86_64) AppleWebKit/537.36 (KHTML, like Gecko) Chrome/126.0.0.0 Safari/537.36 Edg/126.0.0.0', 62, 12),
(1592, '2024-10-04 04:19:33.749000', '127.0.0.1', '1rwmf8u4j2puli7c2o8d207853of73km', 'Mozilla/5.0 (X11; Linux x86_64) AppleWebKit/537.36 (KHTML, like Gecko) Chrome/126.0.0.0 Safari/537.36 Edg/126.0.0.0', 61, 12),
(1593, '2024-10-04 04:19:56.450000', '127.0.0.1', '1rwmf8u4j2puli7c2o8d207853of73km', 'Mozilla/5.0 (X11; Linux x86_64) AppleWebKit/537.36 (KHTML, like Gecko) Chrome/126.0.0.0 Safari/537.36 Edg/126.0.0.0', 55, 12),
(1594, '2024-10-04 04:21:21.197000', '127.0.0.1', '1rwmf8u4j2puli7c2o8d207853of73km', 'Mozilla/5.0 (X11; Linux x86_64) AppleWebKit/537.36 (KHTML, like Gecko) Chrome/126.0.0.0 Safari/537.36 Edg/126.0.0.0', 55, 12),
(1595, '2024-10-04 04:25:14.597000', '127.0.0.1', '1rwmf8u4j2puli7c2o8d207853of73km', 'Mozilla/5.0 (X11; Linux x86_64) AppleWebKit/537.36 (KHTML, like Gecko) Chrome/126.0.0.0 Safari/537.36 Edg/126.0.0.0', 55, 12),
(1596, '2024-10-04 04:26:27.697000', '127.0.0.1', '1rwmf8u4j2puli7c2o8d207853of73km', 'Mozilla/5.0 (X11; Linux x86_64) AppleWebKit/537.36 (KHTML, like Gecko) Chrome/126.0.0.0 Safari/537.36 Edg/126.0.0.0', 55, 12),
(1597, '2024-10-04 06:14:52.891000', '127.0.0.1', '1rwmf8u4j2puli7c2o8d207853of73km', 'Mozilla/5.0 (X11; Linux x86_64) AppleWebKit/537.36 (KHTML, like Gecko) Chrome/126.0.0.0 Safari/537.36 Edg/126.0.0.0', 55, 12),
(1598, '2024-10-04 06:15:08.633000', '127.0.0.1', '1rwmf8u4j2puli7c2o8d207853of73km', 'Mozilla/5.0 (X11; Linux x86_64) AppleWebKit/537.36 (KHTML, like Gecko) Chrome/126.0.0.0 Safari/537.36 Edg/126.0.0.0', 63, 12),
(1599, '2024-10-04 06:23:02.145000', '127.0.0.1', '1rwmf8u4j2puli7c2o8d207853of73km', 'Mozilla/5.0 (X11; Linux x86_64) AppleWebKit/537.36 (KHTML, like Gecko) Chrome/126.0.0.0 Safari/537.36 Edg/126.0.0.0', 63, 12),
(1600, '2024-10-04 06:27:47.246000', '127.0.0.1', '1rwmf8u4j2puli7c2o8d207853of73km', 'Mozilla/5.0 (X11; Linux x86_64) AppleWebKit/537.36 (KHTML, like Gecko) Chrome/126.0.0.0 Safari/537.36 Edg/126.0.0.0', 63, 12),
(1601, '2024-10-04 06:28:12.005000', '127.0.0.1', '1rwmf8u4j2puli7c2o8d207853of73km', 'Mozilla/5.0 (X11; Linux x86_64) AppleWebKit/537.36 (KHTML, like Gecko) Chrome/126.0.0.0 Safari/537.36 Edg/126.0.0.0', 64, 12),
(1602, '2024-10-04 06:29:24.304000', '127.0.0.1', '1rwmf8u4j2puli7c2o8d207853of73km', 'Mozilla/5.0 (X11; Linux x86_64) AppleWebKit/537.36 (KHTML, like Gecko) Chrome/126.0.0.0 Safari/537.36 Edg/126.0.0.0', 64, 12),
(1603, '2024-10-04 06:38:33.283000', '127.0.0.1', '1rwmf8u4j2puli7c2o8d207853of73km', 'Mozilla/5.0 (X11; Linux x86_64) AppleWebKit/537.36 (KHTML, like Gecko) Chrome/126.0.0.0 Safari/537.36 Edg/126.0.0.0', 64, 12),
(1604, '2024-10-04 06:41:17.083000', '127.0.0.1', '1rwmf8u4j2puli7c2o8d207853of73km', 'Mozilla/5.0 (X11; Linux x86_64) AppleWebKit/537.36 (KHTML, like Gecko) Chrome/126.0.0.0 Safari/537.36 Edg/126.0.0.0', 64, 12),
(1605, '2024-10-04 06:42:10.718000', '127.0.0.1', '1rwmf8u4j2puli7c2o8d207853of73km', 'Mozilla/5.0 (X11; Linux x86_64) AppleWebKit/537.36 (KHTML, like Gecko) Chrome/126.0.0.0 Safari/537.36 Edg/126.0.0.0', 65, 12),
(1606, '2024-10-04 06:42:15.026000', '127.0.0.1', '1rwmf8u4j2puli7c2o8d207853of73km', 'Mozilla/5.0 (X11; Linux x86_64) AppleWebKit/537.36 (KHTML, like Gecko) Chrome/126.0.0.0 Safari/537.36 Edg/126.0.0.0', 55, 12),
(1607, '2024-10-04 06:42:20.242000', '127.0.0.1', '1rwmf8u4j2puli7c2o8d207853of73km', 'Mozilla/5.0 (X11; Linux x86_64) AppleWebKit/537.36 (KHTML, like Gecko) Chrome/126.0.0.0 Safari/537.36 Edg/126.0.0.0', 63, 12),
(1608, '2024-10-04 06:42:44.951000', '127.0.0.1', '1rwmf8u4j2puli7c2o8d207853of73km', 'Mozilla/5.0 (X11; Linux x86_64) AppleWebKit/537.36 (KHTML, like Gecko) Chrome/126.0.0.0 Safari/537.36 Edg/126.0.0.0', 66, 12),
(1609, '2024-10-04 06:42:55.440000', '127.0.0.1', '1rwmf8u4j2puli7c2o8d207853of73km', 'Mozilla/5.0 (X11; Linux x86_64) AppleWebKit/537.36 (KHTML, like Gecko) Chrome/126.0.0.0 Safari/537.36 Edg/126.0.0.0', 67, 12),
(1610, '2024-10-04 06:43:02.142000', '127.0.0.1', '1rwmf8u4j2puli7c2o8d207853of73km', 'Mozilla/5.0 (X11; Linux x86_64) AppleWebKit/537.36 (KHTML, like Gecko) Chrome/126.0.0.0 Safari/537.36 Edg/126.0.0.0', 64, 12),
(1611, '2024-10-04 06:43:25.806000', '127.0.0.1', '1rwmf8u4j2puli7c2o8d207853of73km', 'Mozilla/5.0 (X11; Linux x86_64) AppleWebKit/537.36 (KHTML, like Gecko) Chrome/126.0.0.0 Safari/537.36 Edg/126.0.0.0', 68, 12),
(1612, '2024-10-04 06:44:36.540000', '127.0.0.1', '1rwmf8u4j2puli7c2o8d207853of73km', 'Mozilla/5.0 (X11; Linux x86_64) AppleWebKit/537.36 (KHTML, like Gecko) Chrome/126.0.0.0 Safari/537.36 Edg/126.0.0.0', 68, 12),
(1613, '2024-10-04 06:44:47.807000', '127.0.0.1', '1rwmf8u4j2puli7c2o8d207853of73km', 'Mozilla/5.0 (X11; Linux x86_64) AppleWebKit/537.36 (KHTML, like Gecko) Chrome/126.0.0.0 Safari/537.36 Edg/126.0.0.0', 55, 12),
(1614, '2024-10-04 06:44:56.316000', '127.0.0.1', '1rwmf8u4j2puli7c2o8d207853of73km', 'Mozilla/5.0 (X11; Linux x86_64) AppleWebKit/537.36 (KHTML, like Gecko) Chrome/126.0.0.0 Safari/537.36 Edg/126.0.0.0', 59, 12),
(1615, '2024-10-04 06:45:26.331000', '127.0.0.1', '1rwmf8u4j2puli7c2o8d207853of73km', 'Mozilla/5.0 (X11; Linux x86_64) AppleWebKit/537.36 (KHTML, like Gecko) Chrome/126.0.0.0 Safari/537.36 Edg/126.0.0.0', 63, 12),
(1616, '2024-10-04 06:47:32.897000', '127.0.0.1', '1rwmf8u4j2puli7c2o8d207853of73km', 'Mozilla/5.0 (X11; Linux x86_64) AppleWebKit/537.36 (KHTML, like Gecko) Chrome/126.0.0.0 Safari/537.36 Edg/126.0.0.0', 55, 12),
(1617, '2024-10-04 06:49:11.764000', '127.0.0.1', '1rwmf8u4j2puli7c2o8d207853of73km', 'Mozilla/5.0 (X11; Linux x86_64) AppleWebKit/537.36 (KHTML, like Gecko) Chrome/126.0.0.0 Safari/537.36 Edg/126.0.0.0', 55, 12),
(1618, '2024-10-04 06:59:59.872000', '127.0.0.1', '1rwmf8u4j2puli7c2o8d207853of73km', 'Mozilla/5.0 (X11; Linux x86_64) AppleWebKit/537.36 (KHTML, like Gecko) Chrome/126.0.0.0 Safari/537.36 Edg/126.0.0.0', 55, 12),
(1619, '2024-10-04 07:08:09.668000', '127.0.0.1', '1rwmf8u4j2puli7c2o8d207853of73km', 'Mozilla/5.0 (X11; Linux x86_64) AppleWebKit/537.36 (KHTML, like Gecko) Chrome/126.0.0.0 Safari/537.36 Edg/126.0.0.0', 55, 12),
(1620, '2024-10-04 08:12:33.251000', '127.0.0.1', '1rwmf8u4j2puli7c2o8d207853of73km', 'Mozilla/5.0 (X11; Linux x86_64) AppleWebKit/537.36 (KHTML, like Gecko) Chrome/126.0.0.0 Safari/537.36 Edg/126.0.0.0', 55, 12),
(1621, '2024-10-04 08:13:15.663000', '127.0.0.1', '1rwmf8u4j2puli7c2o8d207853of73km', 'Mozilla/5.0 (X11; Linux x86_64) AppleWebKit/537.36 (KHTML, like Gecko) Chrome/126.0.0.0 Safari/537.36 Edg/126.0.0.0', 62, 12),
(1622, '2024-10-04 08:14:34.674000', '127.0.0.1', '1rwmf8u4j2puli7c2o8d207853of73km', 'Mozilla/5.0 (X11; Linux x86_64) AppleWebKit/537.36 (KHTML, like Gecko) Chrome/126.0.0.0 Safari/537.36 Edg/126.0.0.0', 55, 12),
(1623, '2024-10-04 08:14:47.653000', '127.0.0.1', '1rwmf8u4j2puli7c2o8d207853of73km', 'Mozilla/5.0 (X11; Linux x86_64) AppleWebKit/537.36 (KHTML, like Gecko) Chrome/126.0.0.0 Safari/537.36 Edg/126.0.0.0', 57, 12),
(1624, '2024-10-04 08:16:09.692000', '127.0.0.1', '1rwmf8u4j2puli7c2o8d207853of73km', 'Mozilla/5.0 (X11; Linux x86_64) AppleWebKit/537.36 (KHTML, like Gecko) Chrome/126.0.0.0 Safari/537.36 Edg/126.0.0.0', 57, 12),
(1625, '2024-10-04 08:16:16.165000', '127.0.0.1', '1rwmf8u4j2puli7c2o8d207853of73km', 'Mozilla/5.0 (X11; Linux x86_64) AppleWebKit/537.36 (KHTML, like Gecko) Chrome/126.0.0.0 Safari/537.36 Edg/126.0.0.0', 55, 12),
(1626, '2024-10-04 08:16:25.000000', '127.0.0.1', '1rwmf8u4j2puli7c2o8d207853of73km', 'Mozilla/5.0 (X11; Linux x86_64) AppleWebKit/537.36 (KHTML, like Gecko) Chrome/126.0.0.0 Safari/537.36 Edg/126.0.0.0', 69, 12),
(1627, '2024-10-04 08:17:36.246000', '127.0.0.1', '1rwmf8u4j2puli7c2o8d207853of73km', 'Mozilla/5.0 (X11; Linux x86_64) AppleWebKit/537.36 (KHTML, like Gecko) Chrome/126.0.0.0 Safari/537.36 Edg/126.0.0.0', 69, 12),
(1628, '2024-10-04 08:18:29.244000', '127.0.0.1', '1rwmf8u4j2puli7c2o8d207853of73km', 'Mozilla/5.0 (X11; Linux x86_64) AppleWebKit/537.36 (KHTML, like Gecko) Chrome/126.0.0.0 Safari/537.36 Edg/126.0.0.0', 55, 12),
(1629, '2024-10-04 08:18:38.325000', '127.0.0.1', '1rwmf8u4j2puli7c2o8d207853of73km', 'Mozilla/5.0 (X11; Linux x86_64) AppleWebKit/537.36 (KHTML, like Gecko) Chrome/126.0.0.0 Safari/537.36 Edg/126.0.0.0', 57, 12),
(1630, '2024-10-04 08:25:20.045000', '127.0.0.1', '1rwmf8u4j2puli7c2o8d207853of73km', 'Mozilla/5.0 (X11; Linux x86_64) AppleWebKit/537.36 (KHTML, like Gecko) Chrome/126.0.0.0 Safari/537.36 Edg/126.0.0.0', 57, 12),
(1631, '2024-10-05 04:11:57.571000', '127.0.0.1', '1rwmf8u4j2puli7c2o8d207853of73km', 'Mozilla/5.0 (X11; Linux x86_64) AppleWebKit/537.36 (KHTML, like Gecko) Chrome/126.0.0.0 Safari/537.36 Edg/126.0.0.0', 57, 12),
(1632, '2024-10-05 04:13:00.795000', '127.0.0.1', '1rwmf8u4j2puli7c2o8d207853of73km', 'Mozilla/5.0 (X11; Linux x86_64) AppleWebKit/537.36 (KHTML, like Gecko) Chrome/126.0.0.0 Safari/537.36 Edg/126.0.0.0', 57, 12),
(1633, '2024-10-05 04:14:40.961000', '127.0.0.1', '1rwmf8u4j2puli7c2o8d207853of73km', 'Mozilla/5.0 (X11; Linux x86_64) AppleWebKit/537.36 (KHTML, like Gecko) Chrome/126.0.0.0 Safari/537.36 Edg/126.0.0.0', 57, 12),
(1634, '2024-10-05 04:15:32.306000', '127.0.0.1', '1rwmf8u4j2puli7c2o8d207853of73km', 'Mozilla/5.0 (X11; Linux x86_64) AppleWebKit/537.36 (KHTML, like Gecko) Chrome/126.0.0.0 Safari/537.36 Edg/126.0.0.0', 55, 12),
(1635, '2024-10-05 04:15:41.359000', '127.0.0.1', '1rwmf8u4j2puli7c2o8d207853of73km', 'Mozilla/5.0 (X11; Linux x86_64) AppleWebKit/537.36 (KHTML, like Gecko) Chrome/126.0.0.0 Safari/537.36 Edg/126.0.0.0', 69, 12),
(1636, '2024-10-05 04:17:06.851000', '127.0.0.1', '1rwmf8u4j2puli7c2o8d207853of73km', 'Mozilla/5.0 (X11; Linux x86_64) AppleWebKit/537.36 (KHTML, like Gecko) Chrome/126.0.0.0 Safari/537.36 Edg/126.0.0.0', 69, 12),
(1637, '2024-10-05 04:20:00.201000', '127.0.0.1', '1rwmf8u4j2puli7c2o8d207853of73km', 'Mozilla/5.0 (X11; Linux x86_64) AppleWebKit/537.36 (KHTML, like Gecko) Chrome/126.0.0.0 Safari/537.36 Edg/126.0.0.0', 69, 12),
(1638, '2024-10-05 04:21:44.253000', '127.0.0.1', '1rwmf8u4j2puli7c2o8d207853of73km', 'Mozilla/5.0 (X11; Linux x86_64) AppleWebKit/537.36 (KHTML, like Gecko) Chrome/126.0.0.0 Safari/537.36 Edg/126.0.0.0', 69, 12),
(1639, '2024-10-05 04:22:48.033000', '127.0.0.1', '1rwmf8u4j2puli7c2o8d207853of73km', 'Mozilla/5.0 (X11; Linux x86_64) AppleWebKit/537.36 (KHTML, like Gecko) Chrome/126.0.0.0 Safari/537.36 Edg/126.0.0.0', 55, 12),
(1640, '2024-10-05 04:23:05.801000', '127.0.0.1', '1rwmf8u4j2puli7c2o8d207853of73km', 'Mozilla/5.0 (X11; Linux x86_64) AppleWebKit/537.36 (KHTML, like Gecko) Chrome/126.0.0.0 Safari/537.36 Edg/126.0.0.0', 62, 12),
(1641, '2024-10-05 04:23:53.123000', '127.0.0.1', '1rwmf8u4j2puli7c2o8d207853of73km', 'Mozilla/5.0 (X11; Linux x86_64) AppleWebKit/537.36 (KHTML, like Gecko) Chrome/126.0.0.0 Safari/537.36 Edg/126.0.0.0', 55, 12),
(1642, '2024-10-05 04:24:49.800000', '127.0.0.1', '1rwmf8u4j2puli7c2o8d207853of73km', 'Mozilla/5.0 (X11; Linux x86_64) AppleWebKit/537.36 (KHTML, like Gecko) Chrome/126.0.0.0 Safari/537.36 Edg/126.0.0.0', 62, 12),
(1643, '2024-10-05 04:25:36.424000', '127.0.0.1', '1rwmf8u4j2puli7c2o8d207853of73km', 'Mozilla/5.0 (X11; Linux x86_64) AppleWebKit/537.36 (KHTML, like Gecko) Chrome/126.0.0.0 Safari/537.36 Edg/126.0.0.0', 55, 12),
(1644, '2024-10-05 04:25:44.751000', '127.0.0.1', '1rwmf8u4j2puli7c2o8d207853of73km', 'Mozilla/5.0 (X11; Linux x86_64) AppleWebKit/537.36 (KHTML, like Gecko) Chrome/126.0.0.0 Safari/537.36 Edg/126.0.0.0', 57, 12),
(1645, '2024-10-05 04:28:32.797000', '127.0.0.1', '1rwmf8u4j2puli7c2o8d207853of73km', 'Mozilla/5.0 (X11; Linux x86_64) AppleWebKit/537.36 (KHTML, like Gecko) Chrome/126.0.0.0 Safari/537.36 Edg/126.0.0.0', 57, 12);
INSERT INTO `hitcount_hit` (`id`, `created`, `ip`, `session`, `user_agent`, `hitcount_id`, `user_id`) VALUES
(1646, '2024-10-05 04:33:34.347000', '127.0.0.1', '1rwmf8u4j2puli7c2o8d207853of73km', 'Mozilla/5.0 (X11; Linux x86_64) AppleWebKit/537.36 (KHTML, like Gecko) Chrome/126.0.0.0 Safari/537.36 Edg/126.0.0.0', 57, 12),
(1647, '2024-10-05 04:34:37.161000', '127.0.0.1', '1rwmf8u4j2puli7c2o8d207853of73km', 'Mozilla/5.0 (X11; Linux x86_64) AppleWebKit/537.36 (KHTML, like Gecko) Chrome/126.0.0.0 Safari/537.36 Edg/126.0.0.0', 57, 12),
(1648, '2024-10-05 04:36:43.463000', '127.0.0.1', '1rwmf8u4j2puli7c2o8d207853of73km', 'Mozilla/5.0 (X11; Linux x86_64) AppleWebKit/537.36 (KHTML, like Gecko) Chrome/126.0.0.0 Safari/537.36 Edg/126.0.0.0', 57, 12),
(1649, '2024-10-05 04:38:09.610000', '127.0.0.1', '1rwmf8u4j2puli7c2o8d207853of73km', 'Mozilla/5.0 (X11; Linux x86_64) AppleWebKit/537.36 (KHTML, like Gecko) Chrome/126.0.0.0 Safari/537.36 Edg/126.0.0.0', 57, 12),
(1650, '2024-10-05 04:39:32.602000', '127.0.0.1', '1rwmf8u4j2puli7c2o8d207853of73km', 'Mozilla/5.0 (X11; Linux x86_64) AppleWebKit/537.36 (KHTML, like Gecko) Chrome/126.0.0.0 Safari/537.36 Edg/126.0.0.0', 57, 12),
(1651, '2024-10-05 04:39:57.802000', '127.0.0.1', '1rwmf8u4j2puli7c2o8d207853of73km', 'Mozilla/5.0 (X11; Linux x86_64) AppleWebKit/537.36 (KHTML, like Gecko) Chrome/126.0.0.0 Safari/537.36 Edg/126.0.0.0', 55, 12),
(1652, '2024-10-05 04:40:07.670000', '127.0.0.1', '1rwmf8u4j2puli7c2o8d207853of73km', 'Mozilla/5.0 (X11; Linux x86_64) AppleWebKit/537.36 (KHTML, like Gecko) Chrome/126.0.0.0 Safari/537.36 Edg/126.0.0.0', 62, 12),
(1653, '2024-10-05 04:41:39.858000', '127.0.0.1', '1rwmf8u4j2puli7c2o8d207853of73km', 'Mozilla/5.0 (X11; Linux x86_64) AppleWebKit/537.36 (KHTML, like Gecko) Chrome/126.0.0.0 Safari/537.36 Edg/126.0.0.0', 55, 12),
(1654, '2024-10-05 04:41:50.837000', '127.0.0.1', '1rwmf8u4j2puli7c2o8d207853of73km', 'Mozilla/5.0 (X11; Linux x86_64) AppleWebKit/537.36 (KHTML, like Gecko) Chrome/126.0.0.0 Safari/537.36 Edg/126.0.0.0', 69, 12),
(1655, '2024-10-07 05:27:03.569000', '127.0.0.1', '1rwmf8u4j2puli7c2o8d207853of73km', 'Mozilla/5.0 (X11; Linux x86_64) AppleWebKit/537.36 (KHTML, like Gecko) Chrome/126.0.0.0 Safari/537.36 Edg/126.0.0.0', 55, 12),
(1656, '2024-10-07 05:45:53.618000', '127.0.0.1', '1rwmf8u4j2puli7c2o8d207853of73km', 'Mozilla/5.0 (X11; Linux x86_64) AppleWebKit/537.36 (KHTML, like Gecko) Chrome/126.0.0.0 Safari/537.36 Edg/126.0.0.0', 57, 12),
(1657, '2024-10-07 06:08:08.129000', '127.0.0.1', '1rwmf8u4j2puli7c2o8d207853of73km', 'Mozilla/5.0 (X11; Linux x86_64) AppleWebKit/537.36 (KHTML, like Gecko) Chrome/126.0.0.0 Safari/537.36 Edg/126.0.0.0', 57, 12),
(1658, '2024-10-07 06:09:23.351000', '127.0.0.1', '1rwmf8u4j2puli7c2o8d207853of73km', 'Mozilla/5.0 (X11; Linux x86_64) AppleWebKit/537.36 (KHTML, like Gecko) Chrome/126.0.0.0 Safari/537.36 Edg/126.0.0.0', 57, 12),
(1659, '2024-10-07 06:27:55.420000', '127.0.0.1', '1rwmf8u4j2puli7c2o8d207853of73km', 'Mozilla/5.0 (X11; Linux x86_64) AppleWebKit/537.36 (KHTML, like Gecko) Chrome/126.0.0.0 Safari/537.36 Edg/126.0.0.0', 57, 12),
(1660, '2024-10-07 06:29:28.235000', '127.0.0.1', '1rwmf8u4j2puli7c2o8d207853of73km', 'Mozilla/5.0 (X11; Linux x86_64) AppleWebKit/537.36 (KHTML, like Gecko) Chrome/126.0.0.0 Safari/537.36 Edg/126.0.0.0', 57, 12),
(1661, '2024-10-07 07:45:48.792000', '127.0.0.1', '1rwmf8u4j2puli7c2o8d207853of73km', 'Mozilla/5.0 (X11; Linux x86_64) AppleWebKit/537.36 (KHTML, like Gecko) Chrome/126.0.0.0 Safari/537.36 Edg/126.0.0.0', 57, 12),
(1662, '2024-10-07 07:47:17.002000', '127.0.0.1', '1rwmf8u4j2puli7c2o8d207853of73km', 'Mozilla/5.0 (X11; Linux x86_64) AppleWebKit/537.36 (KHTML, like Gecko) Chrome/126.0.0.0 Safari/537.36 Edg/126.0.0.0', 57, 12),
(1663, '2024-10-07 07:48:20.701000', '127.0.0.1', '1rwmf8u4j2puli7c2o8d207853of73km', 'Mozilla/5.0 (X11; Linux x86_64) AppleWebKit/537.36 (KHTML, like Gecko) Chrome/126.0.0.0 Safari/537.36 Edg/126.0.0.0', 57, 12),
(1664, '2024-10-07 07:51:08.842000', '127.0.0.1', '1rwmf8u4j2puli7c2o8d207853of73km', 'Mozilla/5.0 (X11; Linux x86_64) AppleWebKit/537.36 (KHTML, like Gecko) Chrome/126.0.0.0 Safari/537.36 Edg/126.0.0.0', 57, 12),
(1665, '2024-10-07 07:52:21.233000', '127.0.0.1', '1rwmf8u4j2puli7c2o8d207853of73km', 'Mozilla/5.0 (X11; Linux x86_64) AppleWebKit/537.36 (KHTML, like Gecko) Chrome/126.0.0.0 Safari/537.36 Edg/126.0.0.0', 57, 12),
(1666, '2024-10-07 07:55:32.214000', '127.0.0.1', '1rwmf8u4j2puli7c2o8d207853of73km', 'Mozilla/5.0 (X11; Linux x86_64) AppleWebKit/537.36 (KHTML, like Gecko) Chrome/126.0.0.0 Safari/537.36 Edg/126.0.0.0', 57, 12),
(1667, '2024-10-07 07:56:50.538000', '127.0.0.1', '1rwmf8u4j2puli7c2o8d207853of73km', 'Mozilla/5.0 (X11; Linux x86_64) AppleWebKit/537.36 (KHTML, like Gecko) Chrome/126.0.0.0 Safari/537.36 Edg/126.0.0.0', 57, 12),
(1668, '2024-10-07 07:59:22.485000', '127.0.0.1', '1rwmf8u4j2puli7c2o8d207853of73km', 'Mozilla/5.0 (X11; Linux x86_64) AppleWebKit/537.36 (KHTML, like Gecko) Chrome/126.0.0.0 Safari/537.36 Edg/126.0.0.0', 57, 12),
(1669, '2024-10-07 08:03:05.767000', '127.0.0.1', '1rwmf8u4j2puli7c2o8d207853of73km', 'Mozilla/5.0 (X11; Linux x86_64) AppleWebKit/537.36 (KHTML, like Gecko) Chrome/126.0.0.0 Safari/537.36 Edg/126.0.0.0', 57, 12),
(1670, '2024-10-08 00:28:03.186000', '127.0.0.1', '1rwmf8u4j2puli7c2o8d207853of73km', 'Mozilla/5.0 (X11; Linux x86_64) AppleWebKit/537.36 (KHTML, like Gecko) Chrome/126.0.0.0 Safari/537.36 Edg/126.0.0.0', 55, 12),
(1671, '2024-10-08 00:28:10.430000', '127.0.0.1', '1rwmf8u4j2puli7c2o8d207853of73km', 'Mozilla/5.0 (X11; Linux x86_64) AppleWebKit/537.36 (KHTML, like Gecko) Chrome/126.0.0.0 Safari/537.36 Edg/126.0.0.0', 57, 12),
(1672, '2024-10-08 00:28:20.133000', '127.0.0.1', '1rwmf8u4j2puli7c2o8d207853of73km', 'Mozilla/5.0 (X11; Linux x86_64) AppleWebKit/537.36 (KHTML, like Gecko) Chrome/126.0.0.0 Safari/537.36 Edg/126.0.0.0', 69, 12),
(1673, '2024-10-08 00:29:29.951000', '127.0.0.1', '1rwmf8u4j2puli7c2o8d207853of73km', 'Mozilla/5.0 (X11; Linux x86_64) AppleWebKit/537.36 (KHTML, like Gecko) Chrome/126.0.0.0 Safari/537.36 Edg/126.0.0.0', 69, 12),
(1674, '2024-10-08 00:39:13.109000', '127.0.0.1', '1rwmf8u4j2puli7c2o8d207853of73km', 'Mozilla/5.0 (X11; Linux x86_64) AppleWebKit/537.36 (KHTML, like Gecko) Chrome/126.0.0.0 Safari/537.36 Edg/126.0.0.0', 69, 12),
(1675, '2024-10-08 00:40:33.162000', '127.0.0.1', '1rwmf8u4j2puli7c2o8d207853of73km', 'Mozilla/5.0 (X11; Linux x86_64) AppleWebKit/537.36 (KHTML, like Gecko) Chrome/126.0.0.0 Safari/537.36 Edg/126.0.0.0', 69, 12),
(1676, '2024-10-08 00:41:36.996000', '127.0.0.1', '1rwmf8u4j2puli7c2o8d207853of73km', 'Mozilla/5.0 (X11; Linux x86_64) AppleWebKit/537.36 (KHTML, like Gecko) Chrome/126.0.0.0 Safari/537.36 Edg/126.0.0.0', 69, 12),
(1677, '2024-10-08 00:42:07.075000', '127.0.0.1', '1rwmf8u4j2puli7c2o8d207853of73km', 'Mozilla/5.0 (X11; Linux x86_64) AppleWebKit/537.36 (KHTML, like Gecko) Chrome/126.0.0.0 Safari/537.36 Edg/126.0.0.0', 55, 12),
(1678, '2024-10-08 01:09:06.383000', '127.0.0.1', '1rwmf8u4j2puli7c2o8d207853of73km', 'Mozilla/5.0 (X11; Linux x86_64) AppleWebKit/537.36 (KHTML, like Gecko) Chrome/126.0.0.0 Safari/537.36 Edg/126.0.0.0', 69, 12),
(1679, '2024-10-08 01:17:34.548000', '127.0.0.1', '1rwmf8u4j2puli7c2o8d207853of73km', 'Mozilla/5.0 (X11; Linux x86_64) AppleWebKit/537.36 (KHTML, like Gecko) Chrome/126.0.0.0 Safari/537.36 Edg/126.0.0.0', 69, 12),
(1680, '2024-10-08 01:20:19.104000', '127.0.0.1', '1rwmf8u4j2puli7c2o8d207853of73km', 'Mozilla/5.0 (X11; Linux x86_64) AppleWebKit/537.36 (KHTML, like Gecko) Chrome/126.0.0.0 Safari/537.36 Edg/126.0.0.0', 69, 12),
(1681, '2024-10-08 01:21:20.655000', '127.0.0.1', '1rwmf8u4j2puli7c2o8d207853of73km', 'Mozilla/5.0 (X11; Linux x86_64) AppleWebKit/537.36 (KHTML, like Gecko) Chrome/126.0.0.0 Safari/537.36 Edg/126.0.0.0', 69, 12),
(1682, '2024-10-08 01:23:16.567000', '127.0.0.1', '1rwmf8u4j2puli7c2o8d207853of73km', 'Mozilla/5.0 (X11; Linux x86_64) AppleWebKit/537.36 (KHTML, like Gecko) Chrome/126.0.0.0 Safari/537.36 Edg/126.0.0.0', 69, 12),
(1683, '2024-10-08 01:27:14.878000', '127.0.0.1', '1rwmf8u4j2puli7c2o8d207853of73km', 'Mozilla/5.0 (X11; Linux x86_64) AppleWebKit/537.36 (KHTML, like Gecko) Chrome/126.0.0.0 Safari/537.36 Edg/126.0.0.0', 69, 12),
(1684, '2024-10-08 01:29:25.000000', '127.0.0.1', '1rwmf8u4j2puli7c2o8d207853of73km', 'Mozilla/5.0 (X11; Linux x86_64) AppleWebKit/537.36 (KHTML, like Gecko) Chrome/126.0.0.0 Safari/537.36 Edg/126.0.0.0', 69, 12),
(1685, '2024-10-08 01:30:36.201000', '127.0.0.1', '1rwmf8u4j2puli7c2o8d207853of73km', 'Mozilla/5.0 (X11; Linux x86_64) AppleWebKit/537.36 (KHTML, like Gecko) Chrome/126.0.0.0 Safari/537.36 Edg/126.0.0.0', 69, 12),
(1686, '2024-10-08 01:32:15.978000', '127.0.0.1', '1rwmf8u4j2puli7c2o8d207853of73km', 'Mozilla/5.0 (X11; Linux x86_64) AppleWebKit/537.36 (KHTML, like Gecko) Chrome/126.0.0.0 Safari/537.36 Edg/126.0.0.0', 69, 12),
(1687, '2024-10-08 01:33:24.895000', '127.0.0.1', '1rwmf8u4j2puli7c2o8d207853of73km', 'Mozilla/5.0 (X11; Linux x86_64) AppleWebKit/537.36 (KHTML, like Gecko) Chrome/126.0.0.0 Safari/537.36 Edg/126.0.0.0', 69, 12),
(1688, '2024-10-08 01:47:38.597000', '127.0.0.1', '1rwmf8u4j2puli7c2o8d207853of73km', 'Mozilla/5.0 (X11; Linux x86_64) AppleWebKit/537.36 (KHTML, like Gecko) Chrome/126.0.0.0 Safari/537.36 Edg/126.0.0.0', 69, 12),
(1689, '2024-10-08 01:52:40.915000', '127.0.0.1', 'blti6n2mnqciqqkhpg6dl7q7avgri89x', 'Mozilla/5.0 (X11; Linux x86_64) AppleWebKit/537.36 (KHTML, like Gecko) Chrome/126.0.0.0 Safari/537.36 Edg/126.0.0.0', 69, NULL),
(1690, '2024-10-08 01:53:56.801000', '127.0.0.1', 'blti6n2mnqciqqkhpg6dl7q7avgri89x', 'Mozilla/5.0 (X11; Linux x86_64) AppleWebKit/537.36 (KHTML, like Gecko) Chrome/126.0.0.0 Safari/537.36 Edg/126.0.0.0', 69, NULL),
(1691, '2024-10-08 01:57:02.442000', '127.0.0.1', 'blti6n2mnqciqqkhpg6dl7q7avgri89x', 'Mozilla/5.0 (X11; Linux x86_64) AppleWebKit/537.36 (KHTML, like Gecko) Chrome/126.0.0.0 Safari/537.36 Edg/126.0.0.0', 69, NULL),
(1692, '2024-10-08 01:58:53.926000', '127.0.0.1', 'blti6n2mnqciqqkhpg6dl7q7avgri89x', 'Mozilla/5.0 (X11; Linux x86_64) AppleWebKit/537.36 (KHTML, like Gecko) Chrome/126.0.0.0 Safari/537.36 Edg/126.0.0.0', 69, NULL),
(1693, '2024-10-08 02:08:03.939000', '127.0.0.1', 'blti6n2mnqciqqkhpg6dl7q7avgri89x', 'Mozilla/5.0 (X11; Linux x86_64) AppleWebKit/537.36 (KHTML, like Gecko) Chrome/126.0.0.0 Safari/537.36 Edg/126.0.0.0', 69, NULL),
(1694, '2024-10-08 02:09:56.484000', '127.0.0.1', 'blti6n2mnqciqqkhpg6dl7q7avgri89x', 'Mozilla/5.0 (X11; Linux x86_64) AppleWebKit/537.36 (KHTML, like Gecko) Chrome/126.0.0.0 Safari/537.36 Edg/126.0.0.0', 55, NULL),
(1695, '2024-10-08 02:10:45.646000', '127.0.0.1', 'blti6n2mnqciqqkhpg6dl7q7avgri89x', 'Mozilla/5.0 (X11; Linux x86_64) AppleWebKit/537.36 (KHTML, like Gecko) Chrome/126.0.0.0 Safari/537.36 Edg/126.0.0.0', 57, NULL),
(1696, '2024-10-08 02:11:50.567000', '127.0.0.1', 'blti6n2mnqciqqkhpg6dl7q7avgri89x', 'Mozilla/5.0 (X11; Linux x86_64) AppleWebKit/537.36 (KHTML, like Gecko) Chrome/126.0.0.0 Safari/537.36 Edg/126.0.0.0', 57, NULL),
(1697, '2024-10-08 02:32:35.424000', '127.0.0.1', '1rwmf8u4j2puli7c2o8d207853of73km', 'Mozilla/5.0 (X11; Linux x86_64) AppleWebKit/537.36 (KHTML, like Gecko) Chrome/126.0.0.0 Safari/537.36 Edg/126.0.0.0', 69, 12),
(1698, '2024-10-08 02:36:08.350000', '127.0.0.1', '1rwmf8u4j2puli7c2o8d207853of73km', 'Mozilla/5.0 (X11; Linux x86_64) AppleWebKit/537.36 (KHTML, like Gecko) Chrome/126.0.0.0 Safari/537.36 Edg/126.0.0.0', 69, 12),
(1699, '2024-10-08 02:37:32.208000', '127.0.0.1', '1rwmf8u4j2puli7c2o8d207853of73km', 'Mozilla/5.0 (X11; Linux x86_64) AppleWebKit/537.36 (KHTML, like Gecko) Chrome/126.0.0.0 Safari/537.36 Edg/126.0.0.0', 69, 12),
(1700, '2024-10-08 02:39:34.286000', '127.0.0.1', '1rwmf8u4j2puli7c2o8d207853of73km', 'Mozilla/5.0 (X11; Linux x86_64) AppleWebKit/537.36 (KHTML, like Gecko) Chrome/126.0.0.0 Safari/537.36 Edg/126.0.0.0', 55, 12),
(1701, '2024-10-08 02:46:04.883000', '127.0.0.1', '1rwmf8u4j2puli7c2o8d207853of73km', 'Mozilla/5.0 (X11; Linux x86_64) AppleWebKit/537.36 (KHTML, like Gecko) Chrome/126.0.0.0 Safari/537.36 Edg/126.0.0.0', 55, 12),
(1702, '2024-10-08 02:46:35.195000', '127.0.0.1', '1rwmf8u4j2puli7c2o8d207853of73km', 'Mozilla/5.0 (X11; Linux x86_64) AppleWebKit/537.36 (KHTML, like Gecko) Chrome/126.0.0.0 Safari/537.36 Edg/126.0.0.0', 57, 12),
(1703, '2024-10-08 02:52:29.629000', '127.0.0.1', '1rwmf8u4j2puli7c2o8d207853of73km', 'Mozilla/5.0 (X11; Linux x86_64) AppleWebKit/537.36 (KHTML, like Gecko) Chrome/126.0.0.0 Safari/537.36 Edg/126.0.0.0', 55, 12),
(1704, '2024-10-08 02:54:11.675000', '127.0.0.1', '1rwmf8u4j2puli7c2o8d207853of73km', 'Mozilla/5.0 (X11; Linux x86_64) AppleWebKit/537.36 (KHTML, like Gecko) Chrome/126.0.0.0 Safari/537.36 Edg/126.0.0.0', 69, 12),
(1705, '2024-10-08 02:55:12.966000', '127.0.0.1', '1rwmf8u4j2puli7c2o8d207853of73km', 'Mozilla/5.0 (X11; Linux x86_64) AppleWebKit/537.36 (KHTML, like Gecko) Chrome/126.0.0.0 Safari/537.36 Edg/126.0.0.0', 57, 12),
(1706, '2024-10-08 02:56:02.211000', '127.0.0.1', '1rwmf8u4j2puli7c2o8d207853of73km', 'Mozilla/5.0 (X11; Linux x86_64) AppleWebKit/537.36 (KHTML, like Gecko) Chrome/126.0.0.0 Safari/537.36 Edg/126.0.0.0', 70, 12),
(1707, '2024-10-08 02:56:44.334000', '127.0.0.1', '1rwmf8u4j2puli7c2o8d207853of73km', 'Mozilla/5.0 (X11; Linux x86_64) AppleWebKit/537.36 (KHTML, like Gecko) Chrome/126.0.0.0 Safari/537.36 Edg/126.0.0.0', 57, 12),
(1708, '2024-10-08 02:57:02.035000', '127.0.0.1', '1rwmf8u4j2puli7c2o8d207853of73km', 'Mozilla/5.0 (X11; Linux x86_64) AppleWebKit/537.36 (KHTML, like Gecko) Chrome/126.0.0.0 Safari/537.36 Edg/126.0.0.0', 62, 12),
(1709, '2024-10-08 02:57:08.614000', '127.0.0.1', '1rwmf8u4j2puli7c2o8d207853of73km', 'Mozilla/5.0 (X11; Linux x86_64) AppleWebKit/537.36 (KHTML, like Gecko) Chrome/126.0.0.0 Safari/537.36 Edg/126.0.0.0', 71, 12),
(1710, '2024-10-08 04:35:01.290000', '127.0.0.1', '1rwmf8u4j2puli7c2o8d207853of73km', 'Mozilla/5.0 (X11; Linux x86_64) AppleWebKit/537.36 (KHTML, like Gecko) Chrome/126.0.0.0 Safari/537.36 Edg/126.0.0.0', 72, 12),
(1711, '2024-10-08 04:35:07.413000', '127.0.0.1', '1rwmf8u4j2puli7c2o8d207853of73km', 'Mozilla/5.0 (X11; Linux x86_64) AppleWebKit/537.36 (KHTML, like Gecko) Chrome/126.0.0.0 Safari/537.36 Edg/126.0.0.0', 70, 12),
(1712, '2024-10-08 04:35:12.640000', '127.0.0.1', '1rwmf8u4j2puli7c2o8d207853of73km', 'Mozilla/5.0 (X11; Linux x86_64) AppleWebKit/537.36 (KHTML, like Gecko) Chrome/126.0.0.0 Safari/537.36 Edg/126.0.0.0', 69, 12),
(1713, '2024-10-08 04:35:21.272000', '127.0.0.1', '1rwmf8u4j2puli7c2o8d207853of73km', 'Mozilla/5.0 (X11; Linux x86_64) AppleWebKit/537.36 (KHTML, like Gecko) Chrome/126.0.0.0 Safari/537.36 Edg/126.0.0.0', 55, 12),
(1714, '2024-10-09 02:17:49.324000', '127.0.0.1', '1rwmf8u4j2puli7c2o8d207853of73km', 'Mozilla/5.0 (X11; Linux x86_64) AppleWebKit/537.36 (KHTML, like Gecko) Chrome/126.0.0.0 Safari/537.36 Edg/126.0.0.0', 55, 12),
(1715, '2024-10-09 02:18:41.080000', '127.0.0.1', '1rwmf8u4j2puli7c2o8d207853of73km', 'Mozilla/5.0 (X11; Linux x86_64) AppleWebKit/537.36 (KHTML, like Gecko) Chrome/126.0.0.0 Safari/537.36 Edg/126.0.0.0', 69, 12),
(1716, '2024-10-09 02:18:52.331000', '127.0.0.1', '1rwmf8u4j2puli7c2o8d207853of73km', 'Mozilla/5.0 (X11; Linux x86_64) AppleWebKit/537.36 (KHTML, like Gecko) Chrome/126.0.0.0 Safari/537.36 Edg/126.0.0.0', 57, 12),
(1717, '2024-10-09 02:19:01.877000', '127.0.0.1', '1rwmf8u4j2puli7c2o8d207853of73km', 'Mozilla/5.0 (X11; Linux x86_64) AppleWebKit/537.36 (KHTML, like Gecko) Chrome/126.0.0.0 Safari/537.36 Edg/126.0.0.0', 72, 12),
(1718, '2024-10-09 02:23:45.429000', '127.0.0.1', '1rwmf8u4j2puli7c2o8d207853of73km', 'Mozilla/5.0 (X11; Linux x86_64) AppleWebKit/537.36 (KHTML, like Gecko) Chrome/126.0.0.0 Safari/537.36 Edg/126.0.0.0', 72, 12),
(1719, '2024-10-09 02:23:53.440000', '127.0.0.1', '1rwmf8u4j2puli7c2o8d207853of73km', 'Mozilla/5.0 (X11; Linux x86_64) AppleWebKit/537.36 (KHTML, like Gecko) Chrome/126.0.0.0 Safari/537.36 Edg/126.0.0.0', 55, 12),
(1720, '2024-10-09 02:49:09.087000', '127.0.0.1', '1rwmf8u4j2puli7c2o8d207853of73km', 'Mozilla/5.0 (X11; Linux x86_64) AppleWebKit/537.36 (KHTML, like Gecko) Chrome/126.0.0.0 Safari/537.36 Edg/126.0.0.0', 55, 12),
(1721, '2024-10-09 02:55:01.279000', '127.0.0.1', '1rwmf8u4j2puli7c2o8d207853of73km', 'Mozilla/5.0 (X11; Linux x86_64) AppleWebKit/537.36 (KHTML, like Gecko) Chrome/126.0.0.0 Safari/537.36 Edg/126.0.0.0', 55, 12),
(1722, '2024-10-09 04:05:33.596000', '127.0.0.1', '1rwmf8u4j2puli7c2o8d207853of73km', 'Mozilla/5.0 (X11; Linux x86_64) AppleWebKit/537.36 (KHTML, like Gecko) Chrome/126.0.0.0 Safari/537.36 Edg/126.0.0.0', 55, 12),
(1723, '2024-10-09 04:06:37.933000', '127.0.0.1', '1rwmf8u4j2puli7c2o8d207853of73km', 'Mozilla/5.0 (X11; Linux x86_64) AppleWebKit/537.36 (KHTML, like Gecko) Chrome/126.0.0.0 Safari/537.36 Edg/126.0.0.0', 55, 12),
(1724, '2024-10-09 04:14:41.153000', '127.0.0.1', '1rwmf8u4j2puli7c2o8d207853of73km', 'Mozilla/5.0 (X11; Linux x86_64) AppleWebKit/537.36 (KHTML, like Gecko) Chrome/126.0.0.0 Safari/537.36 Edg/126.0.0.0', 55, 12),
(1725, '2024-10-10 21:32:33.520000', '127.0.0.1', '1rwmf8u4j2puli7c2o8d207853of73km', 'Mozilla/5.0 (X11; Linux x86_64) AppleWebKit/537.36 (KHTML, like Gecko) Chrome/126.0.0.0 Safari/537.36 Edg/126.0.0.0', 55, 12),
(1726, '2024-10-10 21:39:32.450000', '127.0.0.1', '1rwmf8u4j2puli7c2o8d207853of73km', 'Mozilla/5.0 (X11; Linux x86_64) AppleWebKit/537.36 (KHTML, like Gecko) Chrome/126.0.0.0 Safari/537.36 Edg/126.0.0.0', 55, 12),
(1727, '2024-10-10 22:09:56.834000', '127.0.0.1', '1rwmf8u4j2puli7c2o8d207853of73km', 'Mozilla/5.0 (X11; Linux x86_64) AppleWebKit/537.36 (KHTML, like Gecko) Chrome/126.0.0.0 Safari/537.36 Edg/126.0.0.0', 55, 12),
(1728, '2024-10-10 22:11:05.210000', '127.0.0.1', '1rwmf8u4j2puli7c2o8d207853of73km', 'Mozilla/5.0 (X11; Linux x86_64) AppleWebKit/537.36 (KHTML, like Gecko) Chrome/126.0.0.0 Safari/537.36 Edg/126.0.0.0', 55, 12),
(1729, '2024-10-10 22:13:28.040000', '127.0.0.1', '1rwmf8u4j2puli7c2o8d207853of73km', 'Mozilla/5.0 (X11; Linux x86_64) AppleWebKit/537.36 (KHTML, like Gecko) Chrome/126.0.0.0 Safari/537.36 Edg/126.0.0.0', 55, 12),
(1730, '2024-10-10 22:15:19.619000', '127.0.0.1', '1rwmf8u4j2puli7c2o8d207853of73km', 'Mozilla/5.0 (X11; Linux x86_64) AppleWebKit/537.36 (KHTML, like Gecko) Chrome/126.0.0.0 Safari/537.36 Edg/126.0.0.0', 55, 12),
(1731, '2024-10-10 22:17:23.474000', '127.0.0.1', '1rwmf8u4j2puli7c2o8d207853of73km', 'Mozilla/5.0 (X11; Linux x86_64) AppleWebKit/537.36 (KHTML, like Gecko) Chrome/126.0.0.0 Safari/537.36 Edg/126.0.0.0', 55, 12),
(1732, '2024-10-11 03:45:35.078000', '127.0.0.1', '1rwmf8u4j2puli7c2o8d207853of73km', 'Mozilla/5.0 (X11; Linux x86_64) AppleWebKit/537.36 (KHTML, like Gecko) Chrome/126.0.0.0 Safari/537.36 Edg/126.0.0.0', 55, 12),
(1733, '2024-10-11 03:45:57.066000', '127.0.0.1', '1rwmf8u4j2puli7c2o8d207853of73km', 'Mozilla/5.0 (X11; Linux x86_64) AppleWebKit/537.36 (KHTML, like Gecko) Chrome/126.0.0.0 Safari/537.36 Edg/126.0.0.0', 69, 12),
(1734, '2024-10-11 03:46:07.499000', '127.0.0.1', '1rwmf8u4j2puli7c2o8d207853of73km', 'Mozilla/5.0 (X11; Linux x86_64) AppleWebKit/537.36 (KHTML, like Gecko) Chrome/126.0.0.0 Safari/537.36 Edg/126.0.0.0', 57, 12),
(1735, '2024-10-15 01:54:51.470000', '127.0.0.1', '1rwmf8u4j2puli7c2o8d207853of73km', 'Mozilla/5.0 (X11; Linux x86_64) AppleWebKit/537.36 (KHTML, like Gecko) Chrome/126.0.0.0 Safari/537.36 Edg/126.0.0.0', 55, 12),
(1736, '2024-10-15 01:56:01.026000', '127.0.0.1', '1rwmf8u4j2puli7c2o8d207853of73km', 'Mozilla/5.0 (X11; Linux x86_64) AppleWebKit/537.36 (KHTML, like Gecko) Chrome/126.0.0.0 Safari/537.36 Edg/126.0.0.0', 70, 12),
(1737, '2024-10-15 01:56:13.339000', '127.0.0.1', '1rwmf8u4j2puli7c2o8d207853of73km', 'Mozilla/5.0 (X11; Linux x86_64) AppleWebKit/537.36 (KHTML, like Gecko) Chrome/126.0.0.0 Safari/537.36 Edg/126.0.0.0', 55, 12),
(1738, '2024-10-15 01:57:35.307000', '127.0.0.1', '1rwmf8u4j2puli7c2o8d207853of73km', 'Mozilla/5.0 (X11; Linux x86_64) AppleWebKit/537.36 (KHTML, like Gecko) Chrome/126.0.0.0 Safari/537.36 Edg/126.0.0.0', 55, 12),
(1739, '2024-10-15 01:57:43.430000', '127.0.0.1', '1rwmf8u4j2puli7c2o8d207853of73km', 'Mozilla/5.0 (X11; Linux x86_64) AppleWebKit/537.36 (KHTML, like Gecko) Chrome/126.0.0.0 Safari/537.36 Edg/126.0.0.0', 73, 12),
(1740, '2024-10-15 01:58:50.729000', '127.0.0.1', '1rwmf8u4j2puli7c2o8d207853of73km', 'Mozilla/5.0 (X11; Linux x86_64) AppleWebKit/537.36 (KHTML, like Gecko) Chrome/126.0.0.0 Safari/537.36 Edg/126.0.0.0', 55, 12),
(1741, '2024-10-15 02:00:11.288000', '127.0.0.1', '1rwmf8u4j2puli7c2o8d207853of73km', 'Mozilla/5.0 (X11; Linux x86_64) AppleWebKit/537.36 (KHTML, like Gecko) Chrome/126.0.0.0 Safari/537.36 Edg/126.0.0.0', 60, 12),
(1742, '2024-10-15 02:00:30.265000', '127.0.0.1', '1rwmf8u4j2puli7c2o8d207853of73km', 'Mozilla/5.0 (X11; Linux x86_64) AppleWebKit/537.36 (KHTML, like Gecko) Chrome/126.0.0.0 Safari/537.36 Edg/126.0.0.0', 70, 12),
(1743, '2024-10-15 02:33:47.144000', '127.0.0.1', '1rwmf8u4j2puli7c2o8d207853of73km', 'Mozilla/5.0 (X11; Linux x86_64) AppleWebKit/537.36 (KHTML, like Gecko) Chrome/126.0.0.0 Safari/537.36 Edg/126.0.0.0', 55, 12);

-- --------------------------------------------------------

--
-- Table structure for table `hitcount_hit_count`
--

CREATE TABLE `hitcount_hit_count` (
  `id` bigint(20) NOT NULL,
  `hits` int(10) UNSIGNED NOT NULL CHECK (`hits` >= 0),
  `modified` datetime(6) NOT NULL,
  `object_pk` int(10) UNSIGNED NOT NULL,
  `content_type_id` int(11) NOT NULL
) ;

--
-- Dumping data for table `hitcount_hit_count`
--

INSERT INTO `hitcount_hit_count` (`id`, `hits`, `modified`, `object_pk`, `content_type_id`) VALUES
(1, 160, '2024-01-29 10:17:08.635000', 4, 6),
(2, 121, '2024-01-28 10:17:32.442000', 6, 6),
(3, 7, '2023-09-02 14:36:56.189000', 5, 47),
(4, 125, '2024-10-04 00:28:32.734000', 5, 6),
(5, 8, '2024-01-28 10:18:03.855000', 6, 47),
(6, 2, '2023-08-30 15:02:47.817000', 1, 52),
(7, 1, '2023-08-30 14:23:27.984000', 2, 52),
(8, 1, '2023-08-30 14:27:12.344000', 3, 52),
(9, 1, '2023-08-30 15:02:23.696000', 7, 52),
(10, 2, '2023-09-02 12:54:44.406000', 10, 52),
(11, 2, '2023-08-31 16:07:19.241000', 9, 52),
(12, 1, '2023-08-30 15:35:41.253000', 11, 52),
(13, 72, '2024-08-19 06:46:24.726000', 3, 78),
(14, 67, '2024-01-28 18:18:09.914000', 3, 88),
(15, 68, '2024-01-29 03:46:04.569000', 5, 88),
(16, 54, '2024-01-28 03:48:53.086000', 6, 78),
(17, 61, '2024-08-19 06:46:27.991000', 5, 78),
(18, 28, '2024-01-28 03:49:07.809000', 10, 44),
(19, 54, '2024-01-28 03:48:57.020000', 1, 88),
(20, 46, '2024-01-28 03:48:54.513000', 1, 44),
(21, 53, '2024-01-28 03:48:58.347000', 4, 88),
(22, 29, '2024-01-28 03:49:09.222000', 8, 44),
(23, 77, '2024-01-28 04:29:04.384000', 2, 78),
(24, 30, '2024-01-28 03:49:08.587000', 9, 44),
(25, 29, '2024-01-28 04:29:31.554000', 5, 44),
(26, 26, '2024-01-28 03:49:10.066000', 7, 44),
(27, 57, '2024-01-29 08:28:37.311000', 3, 44),
(28, 11, '2024-01-06 03:46:51.653000', 8, 78),
(29, 5, '2023-12-06 07:58:15.193000', 10, 78),
(30, 3, '2023-12-06 07:58:19.368000', 12, 78),
(31, 31, '2024-01-28 03:49:10.832000', 6, 44),
(32, 57, '2024-01-28 03:48:51.513000', 4, 78),
(33, 26, '2024-07-15 14:54:02.865000', 4, 44),
(34, 22, '2024-01-28 03:49:07.057000', 11, 44),
(35, 3, '2023-09-11 13:44:05.651000', 13, 52),
(36, 4, '2024-01-10 06:57:49.797000', 22, 52),
(37, 4, '2024-01-28 10:01:06.730000', 19, 52),
(38, 7, '2024-01-28 10:01:39.067000', 23, 52),
(39, 6, '2024-01-10 06:57:45.071000', 13, 47),
(40, 3, '2024-01-10 06:57:50.761000', 21, 52),
(41, 8, '2023-09-18 08:15:44.693000', 1, 56),
(42, 4, '2023-09-17 21:43:00.372000', 3, 56),
(43, 3, '2023-12-06 07:58:24.970000', 9, 78),
(44, 2, '2023-12-06 07:58:16.191000', 11, 78),
(45, 4, '2023-12-07 19:56:22.320000', 14, 56),
(46, 3, '2023-12-08 19:18:33.102000', 13, 78),
(47, 2, '2023-12-06 07:58:21.865000', 12, 56),
(48, 3, '2024-01-28 10:01:25.138000', 20, 52),
(49, 41, '2024-01-28 03:49:00.909000', 15, 56),
(50, 32, '2024-07-15 15:14:37.019000', 17, 56),
(51, 2, '2024-01-26 08:40:39.741000', 1, 57),
(52, 1, '2024-01-26 08:39:19.803000', 24, 52),
(53, 31, '2024-07-15 12:05:42.493000', 11, 6),
(54, 1, '2024-07-15 14:53:32.265000', 1, 51),
(55, 127, '2024-10-15 02:33:46.928000', 3, 6),
(56, 1, '2024-10-04 01:42:20.981000', 18, 47),
(57, 38, '2024-10-11 03:46:07.254000', 28, 52),
(58, 2, '2024-10-04 03:57:52.793000', 17, 47),
(59, 6, '2024-10-04 06:44:56.074000', 19, 47),
(60, 2, '2024-10-15 02:00:11.055000', 17, 78),
(61, 2, '2024-10-04 04:19:33.143000', 32, 52),
(62, 6, '2024-10-08 02:57:01.570000', 29, 52),
(63, 5, '2024-10-04 06:45:26.099000', 2, 57),
(64, 5, '2024-10-04 06:43:01.887000', 26, 56),
(65, 1, '2024-10-04 06:42:10.533000', 25, 56),
(66, 1, '2024-10-04 06:42:44.763000', 6, 80),
(67, 1, '2024-10-04 06:42:55.246000', 24, 56),
(68, 2, '2024-10-04 06:44:36.101000', 16, 78),
(69, 35, '2024-10-11 03:45:56.847000', 31, 52),
(70, 4, '2024-10-15 02:00:30.051000', 27, 52),
(71, 1, '2024-10-08 02:57:08.418000', 30, 52),
(72, 3, '2024-10-09 02:23:45.185000', 25, 52),
(73, 1, '2024-10-15 01:57:43.262000', 15, 78);

-- --------------------------------------------------------

--
-- Table structure for table `menu_menu`
--

CREATE TABLE `menu_menu` (
  `id` bigint(20) NOT NULL,
  `uuid` char(32) NOT NULL,
  `link` varchar(255) NOT NULL,
  `order_menu` smallint(6) NOT NULL,
  `icon` varchar(50) DEFAULT NULL,
  `kind` smallint(6) NOT NULL,
  `is_visibled` tinyint(1) NOT NULL,
  `is_external` tinyint(1) NOT NULL,
  `created_at` datetime(6) NOT NULL,
  `updated_at` datetime(6) NOT NULL,
  `parent_id` bigint(20) DEFAULT NULL,
  `is_new` tinyint(1) NOT NULL,
  `exclude_menu` tinyint(1) NOT NULL,
  `is_initial_data` tinyint(1) NOT NULL
) ENGINE=InnoDB DEFAULT CHARSET=utf8mb4 COLLATE=utf8mb4_general_ci;

--
-- Dumping data for table `menu_menu`
--

INSERT INTO `menu_menu` (`id`, `uuid`, `link`, `order_menu`, `icon`, `kind`, `is_visibled`, `is_external`, `created_at`, `updated_at`, `parent_id`, `is_new`, `exclude_menu`, `is_initial_data`) VALUES
(2, '02c200702e0b4e1a929a906b606da40a', '/dashboard/', 1, 'fa-tachometer', 2, 1, 0, '2023-08-21 13:56:02.150000', '2023-12-05 09:14:04.138000', NULL, 0, 0, 0),
(3, 'd4480083fca544fe98f67480a33d1671', '/dashboard/logo/', 2, 'fa-lightbulb-o', 2, 1, 0, '2023-08-21 13:56:02.174000', '2023-12-05 09:14:04.172000', NULL, 0, 0, 0),
(4, '356c566719de4a618893ea1a51f7a65e', '/dashboard/agency', 3, 'fa-institution', 2, 1, 0, '2023-08-21 13:56:02.194000', '2023-12-05 09:14:04.202000', NULL, 0, 0, 0),
(5, 'cf475f1d3c7c464ea9d447dc4bd4fa63', '#', 5, 'fa-codepen', 2, 1, 0, '2023-08-21 13:56:02.292000', '2023-12-05 09:14:04.267000', NULL, 0, 0, 0),
(6, '4e383f1902e044b78cf3c5e8e61d548f', '#', 5, 'fa-camera', 2, 1, 0, '2023-08-21 13:56:02.415000', '2023-12-05 09:14:04.299000', NULL, 0, 0, 0),
(7, 'b892c3cb32344d86b0de9f07bfa1782c', '/dashboard/categories', 6, 'fa-thumb-tack', 2, 1, 0, '2023-08-21 13:56:02.501000', '2023-12-05 09:14:04.328000', NULL, 0, 0, 0),
(8, '5acc9dbcc2b94136b8ccf90216d35116', '/dashboard/tags', 7, 'fa-tags', 2, 1, 0, '2023-08-21 13:56:02.556000', '2023-12-05 09:14:04.357000', NULL, 0, 0, 0),
(9, '44efad41c0df483d8fbe4e1ccce0f639', '/dashboard/socialmedia/', 8, 'fa-share-alt', 2, 1, 0, '2023-08-21 13:56:02.625000', '2023-12-05 09:14:04.387000', NULL, 0, 0, 0),
(10, 'f9bbab84a46c427e918ff4110369639e', '/dashboard/relatedlink', 9, 'fa-link', 2, 1, 0, '2023-08-21 13:56:02.784000', '2023-12-05 09:14:04.416000', NULL, 0, 0, 0),
(11, 'a113366925b1422ea88a892f7bf6b1d4', '/dashboard/announcement/', 1, 'fa-bullhorn', 2, 1, 0, '2023-08-21 13:56:03.268000', '2024-01-11 15:00:18.214000', 5, 0, 0, 0),
(12, '426fa6e002714c42a2a0a3f39efeb20e', '/dashboard/news', 2, 'fa-comments', 2, 1, 0, '2023-08-21 13:56:03.447000', '2024-01-10 15:26:58.364000', 5, 0, 0, 0),
(13, 'f538dba5fa6d4bb782db36d14cc1572b', '/dashboard/article/', 3, 'fa-leaf', 2, 1, 0, '2023-08-21 13:56:03.629000', '2024-01-11 14:38:45.255000', 5, 0, 0, 0),
(14, '5c63b0ab2c9b4958a8e1933d3301ab40', '/dashboard/events', 4, 'fa-calendar', 2, 1, 0, '2023-08-21 13:56:03.806000', '2024-09-20 01:33:54.979000', 5, 0, 0, 0),
(15, '83cab439b4684f65a97ab92f43162e01', '/dashboard/dailyalert/', 5, 'fa-fire', 2, 1, 0, '2023-08-21 13:56:03.969000', '2023-12-05 09:14:04.748000', 5, 0, 0, 0),
(16, 'f056eded1d9d4013834aba6b693d8714', '/dashboard/greeting', 6, 'fa-bell', 2, 1, 0, '2023-08-21 13:56:04.131000', '2023-12-05 09:14:04.796000', 5, 0, 0, 0),
(17, '82c5292f44f04c5da2540a9a72d30ab1', '/dashboard/pages/', 7, 'fa-pagelines', 2, 1, 0, '2023-08-21 13:56:04.292000', '2023-12-05 09:14:04.846000', 5, 0, 0, 0),
(18, 'feed5018b8c94979af2b016111b0f19d', '/dashboard/document/', 8, 'fa-paperclip', 2, 1, 0, '2023-08-21 13:56:04.454000', '2023-12-05 09:14:04.894000', 5, 0, 0, 0),
(19, '771b160b04654ff78525420a880f86ff', '/dashboard/slideshow/', 1, 'fa-file-image-o', 2, 1, 0, '2023-08-21 13:56:05.584000', '2024-01-27 23:38:18.878000', 6, 0, 0, 0),
(20, '6f91355c66c24c5592b8dac489080c35', '/dashboard/photogallery', 2, 'fa-camera-retro', 2, 1, 0, '2023-08-21 13:56:05.745000', '2023-12-05 09:14:05.436000', 6, 0, 0, 0),
(21, 'aa5075e0dafe41768572655f3cfc83a6', '/dashboard/videogallery/', 3, 'fa-video-camera', 2, 1, 0, '2023-08-21 13:56:05.924000', '2023-12-05 09:14:05.492000', 6, 0, 0, 0),
(22, '8d432b61fde04183859cde60d9c14863', '/dashboard/menu/', 11, 'fa-tasks', 2, 1, 0, '2023-08-21 13:56:06.348000', '2023-12-05 09:14:05.615000', 67, 0, 0, 0),
(30, '05ed6425c8b94b05809580d01f376312', '/dashboard/banner', 10, 'fa-th-large', 2, 1, 0, '2023-08-21 13:56:02.944000', '2024-01-11 11:36:09.857000', NULL, 0, 0, 0),
(42, '7fd6b38c2de149148c1bb7e2ce6aae4a', '/dashboard/location/', 12, 'fa-map-marker', 2, 1, 0, '2023-08-21 13:56:03.106000', '2023-12-05 09:14:04.484000', NULL, 0, 0, 0),
(60, 'd801ed78ca8c493da1bf875f4b99d2fa', '/dashboard/user/', 1, 'fa-user', 2, 1, 0, '2023-08-21 13:56:06.103000', '2023-12-05 09:14:05.532000', 67, 0, 0, 0),
(61, '387fb65b7cea46cb86e46622e6095770', '/dashboard/whyus/', 9, 'fa-asterisk', 2, 1, 0, '2023-08-21 13:56:04.614000', '2024-09-20 01:32:55.997000', 5, 1, 0, 0),
(62, 'c8b27bf60da243228bf52b4f328fe8e8', '/dashboard/fasilities/', 13, 'fa-road', 2, 1, 0, '2023-08-21 13:56:04.774000', '2023-12-05 09:14:04.990000', 5, 1, 0, 0),
(63, 'eb0218d4fb634d5fa64d411b6791c1cb', '/dashboard/howitworks/', 14, 'fa-pied-piper-alt', 2, 1, 0, '2023-08-21 13:56:04.936000', '2023-12-05 09:14:05.048000', 5, 1, 0, 0),
(64, 'f2415aa616fe4691ad6194583ccb616d', '/dashboard/product/', 15, 'fa-cube', 2, 1, 0, '2023-08-21 13:56:05.098000', '2023-12-05 09:14:05.098000', 5, 1, 0, 0),
(65, '718a389936674affa785f133c0d1af2b', '/dashboard/offers', 16, 'fa-inbox', 2, 1, 0, '2023-08-21 13:56:05.260000', '2023-12-05 09:14:05.149000', 5, 1, 0, 0),
(66, 'd653153225024e819eafdb0f1f69fdae', '/dashboard/about-us/', 17, 'fa-info', 2, 1, 0, '2023-08-21 13:56:05.421000', '2023-12-05 09:14:05.284000', 5, 1, 0, 0),
(67, 'bd402cc80d6f412aada4ac54c65b521f', '#', 4, 'fa-gears', 2, 1, 0, '2023-08-21 13:56:02.220000', '2023-12-05 09:14:04.234000', NULL, 1, 0, 0),
(68, '37d9c8ea38244075af8fb04760c39f85', '/dashboard/template', 2, 'fa-puzzle-piece', 2, 1, 0, '2023-08-21 13:56:06.228000', '2023-12-05 09:14:05.567000', 67, 1, 0, 0),
(69, '80908abdc6f343c19a67e9544d2107c8', '#home', 1, NULL, 1, 1, 0, '2023-08-25 08:14:18.764000', '2023-08-25 08:14:18.777000', NULL, 0, 0, 0),
(70, '91079c39a411404f9998bcb8ebc03de7', '#fasilities', 2, NULL, 1, 1, 0, '2023-08-25 08:15:30.744000', '2023-08-25 08:15:30.760000', NULL, 0, 0, 0),
(71, '6bb05719ceed4cc59d88526dcd53e02f', '#gallery', 3, NULL, 1, 1, 0, '2023-08-25 08:55:36.775000', '2023-08-25 08:55:36.794000', NULL, 0, 0, 0),
(72, 'db4b448ccd07460588202f596719fda0', '#calendar-scroll', 4, NULL, 1, 1, 0, '2023-08-25 10:01:23.159000', '2023-08-25 10:01:23.174000', NULL, 0, 0, 0),
(73, '60046916f23e4ecea132027d659908b3', '#offers', 5, NULL, 1, 1, 0, '2023-08-25 10:02:56.441000', '2023-08-25 10:02:56.454000', NULL, 0, 0, 0),
(74, 'a61beea2727e4761947ca7f2405dc99d', '/dashboard/testimony', 18, 'fa-wechat', 2, 1, 0, '2023-08-25 10:04:22.505000', '2023-12-05 09:14:05.333000', 5, 1, 0, 0),
(75, '5fc1c57a4d55475a9a44efaf5ccb6fd4', '#contact', 7, NULL, 1, 1, 0, '2023-08-25 10:05:19.293000', '2023-08-25 10:05:19.363000', NULL, 0, 0, 0),
(76, 'd4fd7f6b540340679f6d5366c4c8d707', '#', 8, NULL, 1, 1, 0, '2023-08-25 14:11:08.785000', '2023-08-25 14:11:08.796000', NULL, 0, 0, 0),
(80, 'd02fd4462b2a42e7a2679a7b993732e6', '#', 9, NULL, 1, 1, 0, '2023-08-25 14:17:10.868000', '2023-08-25 14:17:10.893000', NULL, 0, 0, 0),
(83, 'a9ededbec1224f4c97f0790d7576b683', '#', 1, NULL, 1, 1, 0, '2023-08-30 13:31:00.466000', '2023-08-30 13:31:00.482000', 80, 0, 0, 0),
(84, '00a6b4f83b8b44b493231960ce7744d8', '#', 2, NULL, 1, 1, 0, '2023-08-30 13:31:32.020000', '2023-08-30 13:31:32.037000', 80, 0, 0, 0),
(85, '35ba356eedee4091966d63d06b58e5c8', '#', 3, NULL, 1, 1, 0, '2023-08-30 13:31:51.132000', '2023-08-30 13:31:51.146000', 80, 0, 0, 0),
(86, 'ec108aeb8547434781d4fe53922b5ea9', '#', 4, NULL, 1, 1, 0, '2023-08-30 13:32:24.182000', '2023-08-30 13:32:24.193000', 80, 0, 0, 0),
(87, '0e62439fa82247cbaf53d522d48aedd4', '#', 5, NULL, 1, 1, 0, '2023-08-30 13:32:37.807000', '2023-08-30 13:32:37.820000', 80, 0, 0, 0),
(88, '94082f833c3247f78cf6d581027da2d5', '#', 10, NULL, 1, 1, 0, '2023-08-30 13:32:57.469000', '2023-08-30 13:32:57.480000', NULL, 0, 0, 0),
(89, '9ae7cedd0d0b41d3babf5e988f2d87b4', '/dashboard/menu-dashboard/', 12, 'fa-th-list', 2, 1, 0, '2023-08-30 13:33:14.538000', '2023-12-05 09:14:05.659000', 67, 0, 0, 0),
(90, '3d57373f73c14f1083d4b1ef46ccd4df', '#', 2, NULL, 1, 1, 0, '2023-08-30 13:33:25.895000', '2023-08-30 13:33:25.905000', 88, 0, 0, 0),
(91, '828ec6b1cb3645c6bcb3fed0da711e59', '#', 3, NULL, 1, 1, 0, '2023-08-30 13:33:38.824000', '2023-08-30 13:33:38.839000', 88, 0, 0, 0),
(92, '3e6d537ed9be43f8a97b5d76d30be759', '#', 4, NULL, 1, 1, 0, '2023-08-30 13:33:56.530000', '2023-08-30 13:33:56.540000', 88, 0, 0, 0),
(93, '72bf15a60e394639976949339f8b66d2', '#', 11, NULL, 1, 1, 0, '2023-08-30 13:34:22.855000', '2023-08-30 13:34:22.866000', NULL, 0, 0, 0),
(94, '6f0852faf0eb42dfbeb549f385e0591c', '#', 1, NULL, 1, 1, 0, '2023-08-30 13:34:42.415000', '2023-08-30 13:34:42.428000', 93, 0, 0, 0),
(95, '31ffcfa06a184699a5b78a9692a82069', '#', 2, NULL, 1, 1, 0, '2023-08-30 13:34:54.738000', '2023-08-30 13:34:54.753000', 93, 0, 0, 0),
(96, 'd29c809ce9c247cca02e0fa1046057de', '#', 3, NULL, 1, 1, 0, '2023-08-30 13:35:35.482000', '2023-08-30 13:35:35.499000', 93, 0, 0, 0),
(97, 'c3fe32051c244a3db228ea8580ddaa22', '#', 4, NULL, 1, 1, 0, '2023-08-30 13:35:45.875000', '2023-08-30 13:35:45.899000', 93, 0, 0, 0),
(98, '8438258c76ad4a6e8977d5ead0c18245', '#', 5, NULL, 1, 1, 0, '2023-08-30 13:36:00.355000', '2023-08-30 13:36:00.372000', 93, 0, 0, 0),
(99, 'd72a9801761d4a1ea97c22a29ff89b1b', '#', 6, NULL, 1, 1, 0, '2023-08-30 13:36:14.746000', '2023-08-30 13:36:14.756000', 93, 0, 0, 0),
(100, 'e045fa261c05424b9d8fd1cc428bc399', '#', 7, NULL, 1, 1, 0, '2023-08-30 13:36:33.256000', '2023-08-30 13:36:33.267000', 93, 0, 0, 0),
(101, '2f38b5ad78ea48e999ca84343be4fda8', '#', 8, NULL, 1, 1, 0, '2023-08-30 13:36:59.703000', '2023-08-30 13:36:59.715000', 93, 0, 0, 0),
(102, '45a678c1aaca4e99b05e9852b8af2af3', '#', 9, NULL, 1, 1, 0, '2023-08-30 13:37:10.907000', '2023-08-30 13:37:10.918000', 93, 0, 0, 0),
(103, '5626c173e434406f9857485475715f9d', '#', 12, NULL, 1, 1, 0, '2023-08-30 13:37:20.931000', '2023-08-30 13:37:20.943000', NULL, 0, 0, 0),
(104, 'e0a6a61fa4504ccba9215c81504745bb', '#', 1, NULL, 1, 1, 0, '2023-08-30 13:37:37.063000', '2023-08-30 13:37:37.077000', 103, 0, 0, 0),
(105, '288da3da4ed9424f8096835339fbd9bf', '#', 2, NULL, 1, 1, 0, '2023-08-30 13:37:47.680000', '2023-08-30 13:37:47.696000', 103, 0, 0, 0),
(106, '6cfc09b7440c4826b82e26ffec2e2ce0', '#', 3, NULL, 1, 1, 0, '2023-08-30 13:37:59.530000', '2023-08-30 13:37:59.541000', 103, 0, 0, 0),
(107, 'dccfbfd3ff77439587e8c85d93770fe6', '#', 13, NULL, 1, 1, 0, '2023-08-30 13:38:07.821000', '2023-08-30 13:38:07.839000', NULL, 0, 0, 0),
(108, '460c0430f98f415a8ddec407a04f584b', '#', 1, NULL, 1, 1, 0, '2023-08-30 13:38:18.753000', '2023-08-30 13:38:18.779000', 107, 0, 0, 0),
(109, 'ae3768f9bd7846e5845da831464fea05', '#', 2, NULL, 1, 1, 0, '2023-08-30 13:38:32.917000', '2023-08-30 13:38:32.929000', 107, 0, 0, 0),
(110, 'fa151597d1a542608ff621eeaf410b44', '#home-scroll', 14, NULL, 1, 1, 0, '2023-09-05 17:51:31.106000', '2023-09-05 17:51:31.119000', NULL, 0, 0, 0),
(111, '16ccd24a401c48b8870a8da05baf382f', '#howitworks-scroll', 15, NULL, 1, 1, 0, '2023-09-05 17:53:24.988000', '2023-09-05 17:53:25.000000', NULL, 0, 0, 0),
(112, 'f7ea26f17efc48deb2c9ce51933fd1ca', '#aboutus-scroll', 16, NULL, 1, 1, 0, '2023-09-06 19:51:51.551000', '2023-09-06 19:51:51.561000', NULL, 0, 0, 0),
(113, 'da8a9aa34b834192b4ed0df6d1c1cbf0', '#fasilities-scroll', 17, NULL, 1, 1, 0, '2023-09-06 19:55:48.937000', '2023-09-06 19:55:48.953000', NULL, 0, 0, 0),
(114, '6e3aa3b42d694af5ab918a6698e9810d', '#price-scroll', 18, NULL, 1, 1, 0, '2023-09-06 19:56:09.167000', '2023-09-06 19:56:09.201000', NULL, 0, 0, 0),
(115, '10e2a148cb4643969086be74acfb553a', '#article-scroll', 19, NULL, 1, 1, 0, '2023-09-06 19:57:43.534000', '2023-09-06 19:57:43.548000', NULL, 0, 0, 0),
(116, '58ac83933b964205af767dbdf8511706', 'dashboard', 20, NULL, 1, 1, 0, '2023-09-06 19:59:18.246000', '2023-09-06 20:00:22.826000', NULL, 0, 0, 0),
(117, '68924e0e285e480aa72b3a82bc53e108', '#', 21, NULL, 1, 1, 0, '2024-01-29 12:00:57.345000', '2024-01-29 12:02:12.389000', NULL, 0, 0, 0),
(118, 'd294e9073f8f47f0b8ff5e3d3c0ad987', '#', 22, NULL, 1, 1, 0, '2024-01-29 12:20:30.278000', '2024-01-29 12:20:30.924000', NULL, 0, 0, 0),
(119, '9d659a2041be4ce3885587e758d516eb', '#', 23, NULL, 1, 1, 0, '2024-01-31 11:40:58.225000', '2024-01-31 11:40:59.193000', NULL, 0, 1, 0),
(120, 'b40b4b8db23240cb8eff9fed37136dbc', '#', 1, NULL, 1, 1, 0, '2024-01-31 11:41:29.133000', '2024-01-31 11:41:29.650000', 119, 0, 1, 0),
(121, 'a8a06a90a2bb45c0bba9522a6cbfbcfd', '#', 24, NULL, 1, 1, 0, '2024-01-31 13:51:16.713000', '2024-01-31 13:51:17.714000', NULL, 0, 1, 0),
(122, 'fc7c7d68de6d4237a4474cae334eac91', '#', 1, NULL, 1, 1, 0, '2024-01-31 13:53:46.804000', '2024-01-31 13:53:47.332000', 121, 0, 1, 0),
(123, 'de33463d9f614603a16e05d0447ab887', '#', 2, NULL, 1, 1, 0, '2024-01-31 13:54:23.107000', '2024-01-31 13:54:23.784000', 121, 0, 1, 0),
(124, '5bb7fc663e784b3fa5f5ccb5f4c1eadb', '#', 2, NULL, 1, 1, 0, '2024-01-31 13:54:55.252000', '2024-01-31 13:54:56.006000', 119, 0, 1, 0),
(125, '26e0fce33eb34aeda7988fde92ba96e6', '#', 25, NULL, 1, 1, 0, '2024-07-15 14:26:57.367000', '2024-07-15 14:26:58.223000', NULL, 0, 1, 0),
(126, '87c95d6e474342bebc7252753a8317bb', 'pages/detail/tentang-kami', 1, NULL, 1, 1, 0, '2024-07-15 14:27:22.839000', '2024-07-15 14:52:02.114000', 125, 0, 1, 0),
(127, '86a49b848191411ba4e9a833571e25e5', '#', 26, NULL, 1, 1, 0, '2024-07-15 14:28:02.837000', '2024-07-15 14:28:03.711000', NULL, 0, 1, 0),
(129, '633ae5a9f1fb4e9a84edfa3594a2847f', '#', 1, NULL, 1, 1, 0, '2024-07-15 14:34:09.378000', '2024-07-15 14:34:09.378000', 127, 0, 1, 0),
(130, 'ba04ebe678f74354bd13f2f77194274e', '', 27, NULL, 1, 1, 0, '2024-09-02 06:45:12.721000', '2024-10-04 01:37:42.845000', NULL, 0, 0, 0),
(131, 'fdef0f04d94040e2a9c77b93e6337805', '#', 28, NULL, 1, 1, 0, '2024-09-02 06:45:36.950000', '2024-09-02 06:45:37.801000', NULL, 0, 0, 0),
(132, '81b1280835b24aaabd19fc3aafc3473e', '#', 1, NULL, 1, 1, 0, '2024-09-02 06:46:03.338000', '2024-09-02 06:46:04.252000', 131, 0, 0, 0),
(133, '69d1f0a6fd2d4e74a60b95edbed14847', '#', 29, NULL, 1, 1, 0, '2024-09-02 06:46:27.926000', '2024-09-02 06:46:28.829000', NULL, 0, 0, 0),
(135, 'b866f05ef515404ba88da70d928cea36', '#', 30, NULL, 1, 1, 0, '2024-09-04 04:24:43.011000', '2024-09-04 04:24:43.923000', NULL, 0, 1, 0),
(136, 'ef772e55511649e48e3bcab851f3dae8', '#', 1, NULL, 1, 1, 0, '2024-09-04 04:25:12.197000', '2024-09-04 04:25:13.044000', 135, 0, 1, 0),
(137, '238bb9ea749b44878eba7d502e859cff', '#', 31, NULL, 1, 1, 0, '2024-09-04 05:12:09.616000', '2024-09-04 05:12:10.484000', NULL, 0, 1, 0),
(138, '72b9b4982044471585264dd799979143', '#', 1, NULL, 1, 1, 0, '2024-09-04 05:14:06.797000', '2024-09-04 05:14:07.667000', 137, 0, 1, 0),
(139, 'ba652d044a46418aace02647bde426d2', '/dashboard/calendar/', 19, 'fa-calendar', 2, 1, 0, '2024-09-20 02:42:44.128000', '2024-09-20 02:46:46.488000', 5, 1, 0, 0);

-- --------------------------------------------------------

--
-- Table structure for table `menu_menugroup`
--

CREATE TABLE `menu_menugroup` (
  `id` bigint(20) NOT NULL,
  `uuid` char(32) NOT NULL,
  `created_at` datetime(6) NOT NULL,
  `updated_at` datetime(6) NOT NULL,
  `kind` smallint(6) NOT NULL,
  `group_id` int(11) DEFAULT NULL,
  `level` smallint(6) NOT NULL,
  `site_id` int(11) DEFAULT NULL
) ENGINE=InnoDB DEFAULT CHARSET=utf8mb4 COLLATE=utf8mb4_general_ci;

--
-- Dumping data for table `menu_menugroup`
--

INSERT INTO `menu_menugroup` (`id`, `uuid`, `created_at`, `updated_at`, `kind`, `group_id`, `level`, `site_id`) VALUES
(1, '3da1c067461549b49e3e6627cbab7f2a', '2023-08-21 13:55:40.358000', '2023-08-21 13:55:40.358000', 2, 1, 9, NULL),
(2, 'bb0f69ed1a2c4a9f9503ceeb23a9a0dc', '2023-08-21 13:55:40.361000', '2023-08-21 13:55:40.361000', 2, 2, 8, NULL),
(3, '9f239eea750140369134a1b6244b4437', '2023-08-21 13:55:40.363000', '2023-08-21 13:55:40.364000', 2, 3, 7, NULL),
(4, 'eeedca2d734e419fb44ae94c26d22b20', '2023-08-21 13:55:40.366000', '2023-08-21 13:55:40.366000', 2, 4, 6, NULL),
(5, 'e0a1e56effdb4d8181b974707130d5b3', '2023-08-21 13:55:40.369000', '2023-08-21 13:55:40.369000', 2, 5, 5, NULL),
(6, '1de8393390fd4258bb3d6a3616d406a9', '2023-08-21 13:55:40.371000', '2023-08-21 13:55:40.371000', 2, 6, 4, NULL),
(7, 'bbc6efe373fc42ab90d0414a39d5b6c2', '2023-08-21 13:55:40.374000', '2023-08-21 13:55:40.374000', 1, 7, 0, NULL),
(8, '1e7e9ce4e7cb4d39a90bd28cbb8828e6', '2023-08-21 15:12:39.211000', '2023-08-21 15:12:39.211000', 1, 8, 0, 4),
(9, '28a9015381c845129451cb7dc6ba5bc2', '2023-08-21 15:20:56.549000', '2023-08-21 15:20:56.549000', 1, 9, 0, 5),
(10, 'b390f239fca646bfa07717e63b856c1d', '2023-08-21 15:26:33.056000', '2023-08-21 15:26:33.056000', 1, 10, 0, 6),
(12, '8c45a3d929934c6d9e9de941acae77a7', '2023-09-04 09:26:35.314000', '2023-09-04 09:26:35.314000', 1, 12, 0, 8),
(13, '11ac307eef9d4947a7fd17ea1e58df7e', '2023-09-22 15:21:15.112000', '2023-09-22 15:21:15.113000', 1, 13, 0, 9),
(14, '165d9c2f990c48a88771674c07dc0f0e', '2023-09-22 21:14:58.189000', '2023-09-22 21:14:58.189000', 1, 14, 0, 10),
(15, 'd6b7caa444dd480fb64cd100aed2d926', '2024-01-29 12:00:28.219000', '2024-01-29 12:00:28.219000', 1, 15, 0, 11),
(16, '5ba2482735844d329238aefc2b95d543', '2024-09-02 06:44:46.991000', '2024-09-02 06:44:46.991000', 1, 16, 0, 3),
(17, '1d73221fd98242db9f351f26c341608d', '2024-10-04 01:01:08.935000', '2024-10-04 01:01:08.935000', 1, 17, 0, 3);

-- --------------------------------------------------------

--
-- Table structure for table `menu_menu_menu_group`
--

CREATE TABLE `menu_menu_menu_group` (
  `id` bigint(20) NOT NULL,
  `menu_id` bigint(20) NOT NULL,
  `menugroup_id` bigint(20) NOT NULL
) ENGINE=InnoDB DEFAULT CHARSET=utf8mb4 COLLATE=utf8mb4_general_ci;

--
-- Dumping data for table `menu_menu_menu_group`
--

INSERT INTO `menu_menu_menu_group` (`id`, `menu_id`, `menugroup_id`) VALUES
(243, 2, 1),
(244, 2, 2),
(245, 2, 3),
(246, 2, 4),
(247, 2, 5),
(248, 2, 6),
(249, 3, 1),
(250, 3, 2),
(251, 3, 3),
(252, 3, 4),
(253, 3, 5),
(254, 3, 6),
(255, 4, 1),
(256, 4, 2),
(257, 4, 3),
(258, 4, 4),
(259, 4, 5),
(260, 5, 1),
(261, 5, 2),
(262, 5, 3),
(263, 5, 4),
(264, 5, 5),
(265, 5, 6),
(266, 6, 1),
(267, 6, 2),
(268, 6, 3),
(269, 6, 4),
(270, 6, 5),
(271, 6, 6),
(272, 7, 1),
(273, 7, 2),
(274, 7, 3),
(275, 7, 4),
(276, 7, 5),
(277, 8, 1),
(278, 8, 2),
(279, 8, 3),
(280, 8, 4),
(281, 8, 5),
(282, 9, 1),
(283, 9, 2),
(284, 9, 3),
(285, 9, 4),
(286, 9, 5),
(287, 10, 1),
(288, 10, 2),
(289, 10, 3),
(290, 10, 4),
(291, 10, 5),
(292, 11, 1),
(293, 11, 2),
(294, 11, 3),
(295, 11, 4),
(296, 11, 5),
(297, 11, 6),
(298, 12, 1),
(299, 12, 2),
(300, 12, 3),
(301, 12, 4),
(302, 12, 5),
(303, 12, 6),
(304, 12, 10),
(305, 13, 1),
(306, 13, 2),
(307, 13, 3),
(308, 13, 4),
(309, 13, 5),
(310, 13, 6),
(311, 14, 1),
(312, 14, 2),
(313, 14, 3),
(314, 14, 4),
(315, 14, 5),
(316, 15, 1),
(317, 15, 2),
(318, 15, 3),
(319, 15, 4),
(320, 15, 5),
(321, 16, 1),
(322, 16, 2),
(323, 16, 3),
(324, 16, 4),
(325, 16, 5),
(326, 17, 1),
(327, 17, 2),
(328, 17, 3),
(329, 17, 4),
(330, 17, 5),
(331, 18, 1),
(332, 18, 2),
(333, 18, 3),
(334, 18, 4),
(335, 18, 5),
(336, 19, 1),
(337, 19, 2),
(338, 19, 3),
(339, 19, 4),
(340, 19, 5),
(341, 20, 1),
(342, 20, 2),
(343, 20, 3),
(344, 20, 4),
(345, 20, 5),
(346, 20, 6),
(347, 21, 1),
(348, 21, 2),
(349, 21, 3),
(350, 21, 4),
(351, 21, 5),
(352, 21, 6),
(353, 22, 1),
(354, 22, 2),
(355, 22, 3),
(356, 22, 4),
(357, 22, 5),
(358, 30, 1),
(359, 30, 2),
(360, 30, 3),
(361, 30, 4),
(362, 30, 5),
(363, 42, 1),
(364, 42, 2),
(365, 42, 3),
(366, 42, 4),
(367, 42, 5),
(368, 60, 1),
(369, 60, 2),
(370, 60, 3),
(371, 61, 1),
(372, 61, 2),
(373, 61, 3),
(374, 61, 4),
(375, 61, 5),
(376, 62, 1),
(377, 62, 2),
(378, 62, 3),
(379, 62, 4),
(380, 62, 5),
(381, 63, 1),
(382, 63, 2),
(383, 63, 3),
(384, 63, 4),
(385, 63, 5),
(386, 64, 1),
(387, 64, 2),
(388, 64, 3),
(389, 64, 4),
(390, 64, 5),
(391, 65, 1),
(392, 65, 2),
(393, 65, 3),
(394, 65, 4),
(395, 65, 5),
(396, 66, 1),
(397, 66, 2),
(398, 66, 3),
(399, 66, 4),
(400, 66, 5),
(401, 67, 1),
(402, 67, 2),
(403, 67, 3),
(404, 67, 4),
(405, 67, 5),
(406, 67, 6),
(407, 68, 1),
(408, 68, 2),
(409, 69, 9),
(410, 70, 9),
(411, 71, 9),
(412, 72, 9),
(413, 73, 9),
(414, 74, 1),
(415, 74, 2),
(416, 74, 3),
(417, 74, 4),
(418, 74, 5),
(419, 75, 9),
(420, 76, 10),
(421, 80, 10),
(422, 83, 10),
(423, 84, 10),
(424, 85, 10),
(425, 86, 10),
(426, 87, 10),
(427, 88, 10),
(428, 89, 1),
(429, 89, 2),
(430, 89, 3),
(431, 89, 4),
(432, 89, 5),
(433, 90, 10),
(434, 91, 10),
(435, 92, 10),
(436, 93, 10),
(437, 94, 10),
(438, 95, 10),
(439, 96, 10),
(440, 97, 10),
(441, 98, 10),
(442, 99, 10),
(443, 100, 10),
(444, 101, 10),
(445, 102, 10),
(446, 103, 10),
(447, 104, 10),
(448, 105, 10),
(449, 106, 10),
(450, 107, 10),
(451, 108, 10),
(452, 109, 10),
(453, 110, 8),
(454, 111, 8),
(455, 112, 8),
(456, 113, 8),
(457, 114, 8),
(458, 115, 8),
(459, 116, 8),
(460, 117, 15),
(461, 118, 15),
(462, 119, 15),
(463, 120, 15),
(464, 121, 15),
(465, 122, 15),
(466, 123, 15),
(467, 124, 15),
(468, 125, 9),
(469, 126, 9),
(470, 127, 9),
(471, 129, 9),
(472, 130, 16),
(473, 131, 16),
(474, 132, 16),
(475, 133, 16),
(476, 135, 16),
(477, 136, 16),
(478, 137, 16),
(479, 138, 16),
(480, 139, 1),
(481, 139, 2),
(482, 139, 3),
(483, 139, 4),
(484, 139, 5);

-- --------------------------------------------------------

--
-- Table structure for table `menu_menu_translation`
--

CREATE TABLE `menu_menu_translation` (
  `id` bigint(20) NOT NULL,
  `language_code` varchar(15) NOT NULL,
  `name` varchar(100) NOT NULL,
  `master_id` bigint(20) DEFAULT NULL
) ENGINE=InnoDB DEFAULT CHARSET=utf8mb4 COLLATE=utf8mb4_general_ci;

--
-- Dumping data for table `menu_menu_translation`
--

INSERT INTO `menu_menu_translation` (`id`, `language_code`, `name`, `master_id`) VALUES
(1, 'id', 'Dashboard', 2),
(2, 'en', 'Dashboard', 2),
(3, 'id', 'Logo', 3),
(4, 'en', 'Logo', 3),
(5, 'id', 'Instansi', 4),
(6, 'en', 'Agency', 4),
(7, 'id', 'Pengaturan', 67),
(8, 'en', 'Setting', 67),
(9, 'id', 'Isi Website', 5),
(10, 'en', 'Content', 5),
(11, 'id', 'Galeri', 6),
(12, 'en', 'Gallery', 6),
(13, 'id', 'Kategori', 7),
(14, 'en', 'Categories', 7),
(15, 'id', 'Tags', 8),
(16, 'en', 'Tags', 8),
(17, 'id', 'Media Sosial', 9),
(18, 'en', 'Social Media', 9),
(19, 'id', 'Link Terkait', 10),
(20, 'en', 'Related Link', 10),
(21, 'id', 'Banner', 30),
(22, 'en', 'Banner', 30),
(23, 'id', 'Lokasi', 42),
(24, 'en', 'Location', 42),
(25, 'id', 'Pengumuman', 11),
(26, 'en', 'Announcement', 11),
(27, 'id', 'Berita', 12),
(28, 'en', 'News', 12),
(29, 'id', 'Artikel', 13),
(30, 'en', 'Article', 13),
(31, 'id', 'Kegiatan', 14),
(32, 'en', 'Events', 14),
(33, 'id', 'Peringatan Harian', 15),
(34, 'en', 'Daily Alert', 15),
(35, 'id', 'Sambutan', 16),
(36, 'en', 'Greeting', 16),
(37, 'id', 'Halaman', 17),
(38, 'en', 'Pages', 17),
(39, 'id', 'Dokumen', 18),
(40, 'en', 'Document', 18),
(41, 'id', 'Why Us', 61),
(42, 'en', 'Why Us', 61),
(43, 'id', 'Fasilities', 62),
(44, 'en', 'Fasilities', 62),
(45, 'id', 'How It Works', 63),
(46, 'en', 'How It Works', 63),
(47, 'id', 'Product', 64),
(48, 'en', 'Product', 64),
(49, 'id', 'Penawaran', 65),
(50, 'en', 'Offers', 65),
(51, 'id', 'About Us', 66),
(52, 'en', 'About Us', 66),
(53, 'id', 'Slide Show', 19),
(54, 'en', 'Slide Show', 19),
(55, 'id', 'Galeri Foto', 20),
(56, 'en', 'Photo Gallery', 20),
(57, 'id', 'Galeri Video', 21),
(58, 'en', 'Video Gallery', 21),
(59, 'id', 'Pengguna', 60),
(60, 'en', 'User', 60),
(61, 'id', 'Template', 68),
(62, 'en', 'Template', 68),
(63, 'id', 'Menu Depan', 22),
(64, 'en', 'Menu Frontend', 22),
(65, 'id', 'Home', 69),
(66, 'en', 'Home', 69),
(67, 'id', 'Fasilities', 70),
(68, 'en', 'Fasilities', 70),
(69, 'id', 'Gallery', 71),
(70, 'en', 'Gallery', 71),
(71, 'id', 'Calendar', 72),
(72, 'en', 'Calendar', 72),
(73, 'id', 'Offers', 73),
(74, 'en', 'Offers', 73),
(75, 'id', 'Testimony', 74),
(76, 'en', 'Testimony', 74),
(77, 'id', 'Contact', 75),
(78, 'en', 'Contact', 75),
(79, 'id', 'Beranda', 76),
(80, 'en', 'Beranda', 76),
(87, 'id', 'Profil', 80),
(88, 'en', 'Profil', 80),
(93, 'id', 'Tentang Sekolah', 83),
(94, 'en', 'Tentang Sekolah', 83),
(95, 'id', 'Visi & Misi', 84),
(96, 'en', 'Visi & Misi', 84),
(97, 'id', 'Kepala Sekolah', 85),
(98, 'en', 'Kepala Sekolah', 85),
(99, 'id', 'Prestasi Sekolah', 86),
(100, 'en', 'Prestasi Sekolah', 86),
(101, 'id', 'Peminatan', 87),
(102, 'en', 'Peminatan', 87),
(103, 'id', 'Data', 88),
(104, 'en', 'Data', 88),
(105, 'id', 'Menu Dashboard', 89),
(106, 'en', 'Menu Dashboard', 89),
(107, 'id', 'Guru', 90),
(108, 'en', 'Guru', 90),
(109, 'id', 'Siswa', 91),
(110, 'en', 'Siswa', 91),
(111, 'id', 'Lainnya', 92),
(112, 'en', 'Lainnya', 92),
(113, 'id', 'Informasi', 93),
(114, 'en', 'Informasi', 93),
(115, 'id', 'Pengumuman', 94),
(116, 'en', 'Pengumuman', 94),
(117, 'id', 'Berita', 95),
(118, 'en', 'Berita', 95),
(119, 'id', 'Galery', 96),
(120, 'en', 'Galery', 96),
(121, 'id', 'Video', 97),
(122, 'en', 'Video', 97),
(123, 'id', 'Agenda Kegiatan', 98),
(124, 'en', 'Agenda Kegiatan', 98),
(125, 'id', 'Jadwal Pelajaran', 99),
(126, 'en', 'Jadwal Pelajaran', 99),
(127, 'id', 'Jadwal Ujian', 100),
(128, 'en', 'Jadwal Ujian', 100),
(129, 'id', 'Ekstrakulikuler', 101),
(130, 'en', 'Ekstrakulikuler', 101),
(131, 'id', 'Unduhan', 102),
(132, 'en', 'Unduhan', 102),
(133, 'id', 'OSIS', 103),
(134, 'en', 'OSIS', 103),
(135, 'id', 'Tentang OSIS', 104),
(136, 'en', 'Tentang OSIS', 104),
(137, 'id', 'Pengurus OSIS', 105),
(138, 'en', 'Pengurus OSIS', 105),
(139, 'id', 'Bidang Kegiatan', 106),
(140, 'en', 'Bidang Kegiatan', 106),
(141, 'id', 'Opini', 107),
(142, 'en', 'Opini', 107),
(143, 'id', 'Guru', 108),
(144, 'en', 'Guru', 108),
(145, 'id', 'Siswa', 109),
(146, 'en', 'Siswa', 109),
(147, 'id', 'Beranda', 110),
(148, 'en', 'Beranda', 110),
(149, 'id', 'Cara Kerja', 111),
(150, 'en', 'Cara Kerja', 111),
(151, 'id', 'Tentang Kami', 112),
(152, 'en', 'Tentang Kami', 112),
(153, 'id', 'Fasilitas', 113),
(154, 'en', 'Fasilitas', 113),
(155, 'id', 'Harga', 114),
(156, 'en', 'Harga', 114),
(157, 'id', 'Artikel', 115),
(158, 'en', 'Artikel', 115),
(159, 'id', 'Login', 116),
(160, 'en', 'Login', 116),
(163, 'id', 'Beranda', 117),
(164, 'en', 'Beranda', 117),
(165, 'id', 'Profil', 118),
(166, 'en', 'Profil', 118),
(167, 'id', 'Useful Links', 119),
(168, 'en', 'Useful Links', 119),
(169, 'id', 'Home', 120),
(170, 'en', 'Home', 120),
(171, 'id', 'Our Services', 121),
(172, 'en', 'Our Services', 121),
(173, 'id', 'Web Design', 122),
(174, 'en', 'Web Design', 122),
(175, 'id', 'Web Development', 123),
(176, 'en', 'Web Development', 123),
(177, 'id', 'About us', 124),
(178, 'en', 'About us', 124),
(179, 'id', 'Information', 125),
(180, 'en', 'Information', 125),
(181, 'id', 'About', 126),
(182, 'en', 'About', 126),
(183, 'id', 'Customer Support', 127),
(184, 'en', 'Customer Support', 127),
(186, 'id', 'FAQ', 129),
(187, 'id', 'Beranda', 130),
(188, 'en', 'Beranda', 130),
(189, 'id', 'Profil', 131),
(190, 'en', 'Profil', 131),
(191, 'id', 'Tentang', 132),
(192, 'en', 'Tentang', 132),
(193, 'id', 'Hubungi Kami', 133),
(194, 'en', 'Hubungi Kami', 133),
(197, 'id', 'Useful Links', 135),
(198, 'en', 'Useful Links', 135),
(199, 'id', 'Home', 136),
(200, 'en', 'Home', 136),
(201, 'id', 'Our Services', 137),
(202, 'en', 'Our Services', 137),
(203, 'id', 'Web Design', 138),
(204, 'en', 'Web Design', 138),
(205, 'id', 'Calendar', 139),
(206, 'en', 'Calendar', 139);

-- --------------------------------------------------------

--
-- Table structure for table `outbox_hitcount_hitbrowser`
--

CREATE TABLE `outbox_hitcount_hitbrowser` (
  `id` bigint(20) NOT NULL,
  `name` varchar(50) NOT NULL,
  `created_at` datetime(6) NOT NULL,
  `updated_at` datetime(6) NOT NULL,
  `version` varchar(20) NOT NULL
) ENGINE=InnoDB DEFAULT CHARSET=utf8mb4 COLLATE=utf8mb4_general_ci;

-- --------------------------------------------------------

--
-- Table structure for table `outbox_hitcount_hitcount`
--

CREATE TABLE `outbox_hitcount_hitcount` (
  `id` bigint(20) NOT NULL,
  `count` bigint(20) UNSIGNED NOT NULL CHECK (`count` >= 0),
  `end_date` datetime(6) NOT NULL,
  `object_pk` int(10) UNSIGNED NOT NULL CHECK (`object_pk` >= 0),
  `content_type_id` int(11) NOT NULL,
  `site_id` int(11) DEFAULT NULL
) ENGINE=InnoDB DEFAULT CHARSET=utf8mb4 COLLATE=utf8mb4_general_ci;

-- --------------------------------------------------------

--
-- Table structure for table `outbox_hitcount_hitcount_hits_browser`
--

CREATE TABLE `outbox_hitcount_hitcount_hits_browser` (
  `id` bigint(20) NOT NULL,
  `hitcount_id` bigint(20) NOT NULL,
  `hitbrowser_id` bigint(20) NOT NULL
) ENGINE=InnoDB DEFAULT CHARSET=utf8mb4 COLLATE=utf8mb4_general_ci;

-- --------------------------------------------------------

--
-- Table structure for table `outbox_hitcount_hitcount_hits_device`
--

CREATE TABLE `outbox_hitcount_hitcount_hits_device` (
  `id` bigint(20) NOT NULL,
  `hitcount_id` bigint(20) NOT NULL,
  `hitdevice_id` bigint(20) NOT NULL
) ENGINE=InnoDB DEFAULT CHARSET=utf8mb4 COLLATE=utf8mb4_general_ci;

-- --------------------------------------------------------

--
-- Table structure for table `outbox_hitcount_hitcount_hits_location`
--

CREATE TABLE `outbox_hitcount_hitcount_hits_location` (
  `id` bigint(20) NOT NULL,
  `hitcount_id` bigint(20) NOT NULL,
  `hitlocation_id` bigint(20) NOT NULL
) ENGINE=InnoDB DEFAULT CHARSET=utf8mb4 COLLATE=utf8mb4_general_ci;

-- --------------------------------------------------------

--
-- Table structure for table `outbox_hitcount_hitcount_hits_os`
--

CREATE TABLE `outbox_hitcount_hitcount_hits_os` (
  `id` bigint(20) NOT NULL,
  `hitcount_id` bigint(20) NOT NULL,
  `hitos_id` bigint(20) NOT NULL
) ENGINE=InnoDB DEFAULT CHARSET=utf8mb4 COLLATE=utf8mb4_general_ci;

-- --------------------------------------------------------

--
-- Table structure for table `outbox_hitcount_hitdevice`
--

CREATE TABLE `outbox_hitcount_hitdevice` (
  `id` bigint(20) NOT NULL,
  `name` varchar(50) NOT NULL,
  `created_at` datetime(6) NOT NULL,
  `updated_at` datetime(6) NOT NULL,
  `version` varchar(20) NOT NULL
) ENGINE=InnoDB DEFAULT CHARSET=utf8mb4 COLLATE=utf8mb4_general_ci;

-- --------------------------------------------------------

--
-- Table structure for table `outbox_hitcount_hitlocation`
--

CREATE TABLE `outbox_hitcount_hitlocation` (
  `id` bigint(20) NOT NULL,
  `ip_address` varchar(20) NOT NULL,
  `created_at` datetime(6) NOT NULL,
  `updated_at` datetime(6) NOT NULL,
  `city` varchar(50) DEFAULT NULL,
  `country` varchar(50) DEFAULT NULL
) ENGINE=InnoDB DEFAULT CHARSET=utf8mb4 COLLATE=utf8mb4_general_ci;

-- --------------------------------------------------------

--
-- Table structure for table `outbox_hitcount_hitos`
--

CREATE TABLE `outbox_hitcount_hitos` (
  `id` bigint(20) NOT NULL,
  `name` varchar(50) NOT NULL,
  `created_at` datetime(6) NOT NULL,
  `updated_at` datetime(6) NOT NULL,
  `version` varchar(20) NOT NULL
) ENGINE=InnoDB DEFAULT CHARSET=utf8mb4 COLLATE=utf8mb4_general_ci;

-- --------------------------------------------------------

--
-- Table structure for table `region_country`
--

CREATE TABLE `region_country` (
  `id` bigint(20) NOT NULL,
  `name` varchar(255) NOT NULL,
  `created_at` datetime(6) NOT NULL,
  `updated_at` datetime(6) NOT NULL
) ENGINE=InnoDB DEFAULT CHARSET=utf8mb4 COLLATE=utf8mb4_general_ci;

-- --------------------------------------------------------

--
-- Table structure for table `region_province`
--

CREATE TABLE `region_province` (
  `id` bigint(20) NOT NULL,
  `name` varchar(255) NOT NULL,
  `created_at` datetime(6) NOT NULL,
  `updated_at` datetime(6) NOT NULL,
  `country_id` bigint(20) DEFAULT NULL
) ENGINE=InnoDB DEFAULT CHARSET=utf8mb4 COLLATE=utf8mb4_general_ci;

-- --------------------------------------------------------

--
-- Table structure for table `region_regency`
--

CREATE TABLE `region_regency` (
  `id` bigint(20) NOT NULL,
  `name` varchar(255) NOT NULL,
  `created_at` datetime(6) NOT NULL,
  `updated_at` datetime(6) NOT NULL,
  `province_id` bigint(20) DEFAULT NULL
) ENGINE=InnoDB DEFAULT CHARSET=utf8mb4 COLLATE=utf8mb4_general_ci;

-- --------------------------------------------------------

--
-- Table structure for table `region_subdistrict`
--

CREATE TABLE `region_subdistrict` (
  `id` bigint(20) NOT NULL,
  `name` varchar(255) NOT NULL,
  `created_at` datetime(6) NOT NULL,
  `updated_at` datetime(6) NOT NULL,
  `regency_id` bigint(20) DEFAULT NULL
) ENGINE=InnoDB DEFAULT CHARSET=utf8mb4 COLLATE=utf8mb4_general_ci;

-- --------------------------------------------------------

--
-- Table structure for table `region_urbanvillage`
--

CREATE TABLE `region_urbanvillage` (
  `id` bigint(20) NOT NULL,
  `name` varchar(255) NOT NULL,
  `created_at` datetime(6) NOT NULL,
  `updated_at` datetime(6) NOT NULL,
  `sub_district_id` bigint(20) DEFAULT NULL
) ENGINE=InnoDB DEFAULT CHARSET=utf8mb4 COLLATE=utf8mb4_general_ci;

-- --------------------------------------------------------

--
-- Table structure for table `socialaccount_socialaccount`
--

CREATE TABLE `socialaccount_socialaccount` (
  `id` int(11) NOT NULL,
  `provider` varchar(30) NOT NULL,
  `uid` varchar(191) NOT NULL,
  `last_login` datetime(6) NOT NULL,
  `date_joined` datetime(6) NOT NULL,
  `extra_data` longtext NOT NULL,
  `user_id` bigint(20) NOT NULL
) ENGINE=InnoDB DEFAULT CHARSET=utf8mb4 COLLATE=utf8mb4_general_ci;

--
-- Dumping data for table `socialaccount_socialaccount`
--

INSERT INTO `socialaccount_socialaccount` (`id`, `provider`, `uid`, `last_login`, `date_joined`, `extra_data`, `user_id`) VALUES
(1, 'google', '113545425693750439803', '2023-09-16 16:33:56.815000', '2023-09-06 21:15:27.908000', '{\"iss\": \"https://accounts.google.com\", \"azp\": \"921195599940-a4ft11sk9m64oop9vr1amjkvu8g192af.apps.googleusercontent.com\", \"aud\": \"921195599940-a4ft11sk9m64oop9vr1amjkvu8g192af.apps.googleusercontent.com\", \"sub\": \"113545425693750439803\", \"email\": \"suratiwan03@gmail.com\", \"email_verified\": true, \"at_hash\": \"-043ksbED39Lj0kQe0QG9Q\", \"name\": \"Iwan Setiawan\", \"picture\": \"https://lh3.googleusercontent.com/a/ACg8ocI53wko4pWaR7L_0aqcH3_RznyZzmiGeOVkbHPwAKH-2Q=s96-c\", \"given_name\": \"Iwan\", \"family_name\": \"Setiawan\", \"locale\": \"en\", \"iat\": 1694853236, \"exp\": 1694856836}', 6),
(2, 'facebook', '10223186359552600', '2023-09-13 08:25:04.516000', '2023-09-13 08:24:40.973000', '{\"id\": \"10223186359552600\", \"email\": \"surat_iwan@yahoo.com\", \"name\": \"Iwan Setiawan\", \"first_name\": \"Iwan\", \"last_name\": \"Setiawan\"}', 7);

-- --------------------------------------------------------

--
-- Table structure for table `socialaccount_socialapp`
--

CREATE TABLE `socialaccount_socialapp` (
  `id` int(11) NOT NULL,
  `provider` varchar(30) NOT NULL,
  `name` varchar(40) NOT NULL,
  `client_id` varchar(191) NOT NULL,
  `secret` varchar(191) NOT NULL,
  `key` varchar(191) NOT NULL
) ENGINE=InnoDB DEFAULT CHARSET=utf8mb4 COLLATE=utf8mb4_general_ci;

--
-- Dumping data for table `socialaccount_socialapp`
--

INSERT INTO `socialaccount_socialapp` (`id`, `provider`, `name`, `client_id`, `secret`, `key`) VALUES
(1, 'google', 'Authbox', '287766854965-h4is4cp977i9a7hokkd3jqo65fkt7988.apps.googleusercontent.com', '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', ''),
(2, 'facebook', 'Authbox', '1582129178867576', '6edc1f622ef5ba62ec8d8e54d8228ef8', ''),
(3, 'github', 'Authbox', '6c0e925336cace458a21', 'e5e0a76006524a3b49e9c0593ac29f2d1ee8c354', '');

-- --------------------------------------------------------

--
-- Table structure for table `socialaccount_socialapp_sites`
--

CREATE TABLE `socialaccount_socialapp_sites` (
  `id` bigint(20) NOT NULL,
  `socialapp_id` int(11) NOT NULL,
  `site_id` int(11) NOT NULL
) ENGINE=InnoDB DEFAULT CHARSET=utf8mb4 COLLATE=utf8mb4_general_ci;

-- --------------------------------------------------------

--
-- Table structure for table `socialaccount_socialtoken`
--

CREATE TABLE `socialaccount_socialtoken` (
  `id` int(11) NOT NULL,
  `token` longtext NOT NULL,
  `token_secret` longtext NOT NULL,
  `expires_at` datetime(6) DEFAULT NULL,
  `account_id` int(11) NOT NULL,
  `app_id` int(11) NOT NULL
) ENGINE=InnoDB DEFAULT CHARSET=utf8mb4 COLLATE=utf8mb4_general_ci;

--
-- Indexes for dumped tables
--

--
-- Indexes for table `account_emailaddress`
--
ALTER TABLE `account_emailaddress`
  ADD PRIMARY KEY (`id`),
  ADD UNIQUE KEY `email` (`email`),
  ADD KEY `account_emailaddress_user_id_2c513194_fk_core_user_id` (`user_id`);

--
-- Indexes for table `account_emailconfirmation`
--
ALTER TABLE `account_emailconfirmation`
  ADD PRIMARY KEY (`id`),
  ADD UNIQUE KEY `key` (`key`),
  ADD KEY `account_emailconfirm_email_address_id_5b7f8c58_fk_account_e` (`email_address_id`);

--
-- Indexes for table `auth_group`
--
ALTER TABLE `auth_group`
  ADD PRIMARY KEY (`id`),
  ADD UNIQUE KEY `name` (`name`);

--
-- Indexes for table `auth_group_permissions`
--
ALTER TABLE `auth_group_permissions`
  ADD PRIMARY KEY (`id`),
  ADD UNIQUE KEY `auth_group_permissions_group_id_permission_id_0cd325b0_uniq` (`group_id`,`permission_id`),
  ADD KEY `auth_group_permissio_permission_id_84c5c92e_fk_auth_perm` (`permission_id`);

--
-- Indexes for table `auth_permission`
--
ALTER TABLE `auth_permission`
  ADD PRIMARY KEY (`id`),
  ADD UNIQUE KEY `auth_permission_content_type_id_codename_01ab375a_uniq` (`content_type_id`,`codename`);

--
-- Indexes for table `core_agency`
--
ALTER TABLE `core_agency`
  ADD PRIMARY KEY (`id`),
  ADD UNIQUE KEY `uuid` (`uuid`),
  ADD KEY `core_agency_country_id_9af7710c_fk_region_country_id` (`country_id`),
  ADD KEY `core_agency_province_id_d3d04d08_fk_region_province_id` (`province_id`),
  ADD KEY `core_agency_regency_id_2b798f09_fk_region_regency_id` (`regency_id`),
  ADD KEY `core_agency_sub_district_id_49523f10_fk_region_subdistrict_id` (`sub_district_id`),
  ADD KEY `core_agency_urban_village_id_74fcf4b5_fk_region_urbanvillage_id` (`urban_village_id`);

--
-- Indexes for table `core_agencymeta`
--
ALTER TABLE `core_agencymeta`
  ADD PRIMARY KEY (`id`),
  ADD UNIQUE KEY `uuid` (`uuid`),
  ADD UNIQUE KEY `agency_id` (`agency_id`);

--
-- Indexes for table `core_agency_translation`
--
ALTER TABLE `core_agency_translation`
  ADD PRIMARY KEY (`id`),
  ADD UNIQUE KEY `core_agency_translation_language_code_master_id_ad0d2229_uniq` (`language_code`,`master_id`),
  ADD KEY `core_agency_translation_language_code_7cd21322` (`language_code`),
  ADD KEY `core_agency_translation_master_id_abf066d7` (`master_id`);

--
-- Indexes for table `core_globalsetting`
--
ALTER TABLE `core_globalsetting`
  ADD PRIMARY KEY (`id`),
  ADD UNIQUE KEY `uuid` (`uuid`),
  ADD KEY `core_globalsetting_site_id_abb6a60d_fk_django_site_id` (`site_id`),
  ADD KEY `core_globalsetting_ref_template_block_i_17998f28_fk_core_temp` (`ref_template_block_id`);

--
-- Indexes for table `core_iconlist`
--
ALTER TABLE `core_iconlist`
  ADD PRIMARY KEY (`id`),
  ADD UNIQUE KEY `uuid` (`uuid`),
  ADD KEY `core_iconlist_template_id_2dbec6c7_fk_core_template_id` (`template_id`);

--
-- Indexes for table `core_menudefault`
--
ALTER TABLE `core_menudefault`
  ADD PRIMARY KEY (`id`),
  ADD UNIQUE KEY `uuid` (`uuid`),
  ADD UNIQUE KEY `core_menudefault_service_option_model_list_id_73b94e52_uniq` (`service_option`,`model_list_id`),
  ADD KEY `core_menudefault_model_list_id_a6ac7b58_fk_core_modellist_id` (`model_list_id`);

--
-- Indexes for table `core_modellist`
--
ALTER TABLE `core_modellist`
  ADD PRIMARY KEY (`id`),
  ADD UNIQUE KEY `uuid` (`uuid`),
  ADD UNIQUE KEY `core_modellist_menu_id_40f7da36_uniq` (`menu_id`);

--
-- Indexes for table `core_modellistsetting`
--
ALTER TABLE `core_modellistsetting`
  ADD PRIMARY KEY (`id`),
  ADD UNIQUE KEY `uuid` (`uuid`),
  ADD UNIQUE KEY `core_modellistsetting_model_list_id_template_id_e1ced882_uniq` (`model_list_id`,`template_id`),
  ADD KEY `core_modellistsetting_template_id_37df88ae_fk_core_template_id` (`template_id`);

--
-- Indexes for table `core_photo`
--
ALTER TABLE `core_photo`
  ADD PRIMARY KEY (`id`),
  ADD UNIQUE KEY `uuid` (`uuid`),
  ADD KEY `core_photo_content_type_id_30ec2a2c_fk_django_content_type_id` (`content_type_id`);

--
-- Indexes for table `core_service`
--
ALTER TABLE `core_service`
  ADD PRIMARY KEY (`id`),
  ADD UNIQUE KEY `uuid` (`uuid`),
  ADD UNIQUE KEY `core_service_site_id_ef486ab0_uniq` (`site_id`),
  ADD KEY `core_service_agency_id_c8fa9dd1_fk_core_agency_id` (`agency_id`);

--
-- Indexes for table `core_template`
--
ALTER TABLE `core_template`
  ADD PRIMARY KEY (`id`),
  ADD UNIQUE KEY `uuid` (`uuid`),
  ADD KEY `core_template_template_owner_id_70dd714b_fk_core_temp` (`template_owner_id`);

--
-- Indexes for table `core_templateblock`
--
ALTER TABLE `core_templateblock`
  ADD PRIMARY KEY (`id`),
  ADD UNIQUE KEY `uuid` (`uuid`),
  ADD KEY `core_templateblock_template_id_8b257169_fk_core_template_id` (`template_id`);

--
-- Indexes for table `core_templateblock_model_list`
--
ALTER TABLE `core_templateblock_model_list`
  ADD PRIMARY KEY (`id`),
  ADD UNIQUE KEY `core_templateblock_model_templateblock_id_modelli_b8947f58_uniq` (`templateblock_id`,`modellist_id`),
  ADD KEY `core_templateblock_m_modellist_id_3df71530_fk_core_mode` (`modellist_id`);

--
-- Indexes for table `core_templateowner`
--
ALTER TABLE `core_templateowner`
  ADD PRIMARY KEY (`id`),
  ADD UNIQUE KEY `uuid` (`uuid`);

--
-- Indexes for table `core_template_site`
--
ALTER TABLE `core_template_site`
  ADD PRIMARY KEY (`id`),
  ADD UNIQUE KEY `core_template_site_template_id_site_id_d54b8e56_uniq` (`template_id`,`site_id`),
  ADD KEY `core_template_site_site_id_0e4aa4b6_fk_django_site_id` (`site_id`);

--
-- Indexes for table `core_user`
--
ALTER TABLE `core_user`
  ADD PRIMARY KEY (`id`),
  ADD UNIQUE KEY `email` (`email`),
  ADD UNIQUE KEY `uuid` (`uuid`),
  ADD KEY `core_user_site_id_7ff24052_fk_django_site_id` (`site_id`);

--
-- Indexes for table `core_userlog`
--
ALTER TABLE `core_userlog`
  ADD PRIMARY KEY (`id`),
  ADD UNIQUE KEY `uuid` (`uuid`),
  ADD KEY `core_userlog_site_id_b09a1b13_fk_django_site_id` (`site_id`),
  ADD KEY `core_userlog_user_id_9012a4b6_fk_core_user_id` (`user_id`);

--
-- Indexes for table `core_user_agency`
--
ALTER TABLE `core_user_agency`
  ADD PRIMARY KEY (`id`),
  ADD UNIQUE KEY `core_user_agency_user_id_agency_id_6e66bb73_uniq` (`user_id`,`agency_id`),
  ADD KEY `core_user_agency_agency_id_1ecf0e4f_fk_core_agency_id` (`agency_id`);

--
-- Indexes for table `core_user_groups`
--
ALTER TABLE `core_user_groups`
  ADD PRIMARY KEY (`id`),
  ADD UNIQUE KEY `core_user_groups_user_id_group_id_c82fcad1_uniq` (`user_id`,`group_id`),
  ADD KEY `core_user_groups_group_id_fe8c697f_fk_auth_group_id` (`group_id`);

--
-- Indexes for table `core_user_user_permissions`
--
ALTER TABLE `core_user_user_permissions`
  ADD PRIMARY KEY (`id`),
  ADD UNIQUE KEY `core_user_user_permissions_user_id_permission_id_73ea0daa_uniq` (`user_id`,`permission_id`),
  ADD KEY `core_user_user_permi_permission_id_35ccf601_fk_auth_perm` (`permission_id`);

--
-- Indexes for table `django_admin_log`
--
ALTER TABLE `django_admin_log`
  ADD PRIMARY KEY (`id`),
  ADD KEY `django_admin_log_content_type_id_c4bce8eb_fk_django_co` (`content_type_id`),
  ADD KEY `django_admin_log_user_id_c564eba6_fk_core_user_id` (`user_id`);

--
-- Indexes for table `django_content_type`
--
ALTER TABLE `django_content_type`
  ADD PRIMARY KEY (`id`),
  ADD UNIQUE KEY `django_content_type_app_label_model_76bd3d3b_uniq` (`app_label`,`model`);

--
-- Indexes for table `django_migrations`
--
ALTER TABLE `django_migrations`
  ADD PRIMARY KEY (`id`);

--
-- Indexes for table `django_session`
--
ALTER TABLE `django_session`
  ADD PRIMARY KEY (`session_key`),
  ADD KEY `django_session_expire_date_a5c62663` (`expire_date`);

--
-- Indexes for table `django_site`
--
ALTER TABLE `django_site`
  ADD PRIMARY KEY (`id`),
  ADD UNIQUE KEY `django_site_domain_a2e37b91_uniq` (`domain`);

--
-- Indexes for table `frontend_aboutus`
--
ALTER TABLE `frontend_aboutus`
  ADD PRIMARY KEY (`id`),
  ADD UNIQUE KEY `uuid` (`uuid`),
  ADD UNIQUE KEY `slug` (`slug`),
  ADD KEY `frontend_aboutus_admin_id_b33c0065_fk_core_user_id` (`admin_id`),
  ADD KEY `frontend_aboutus_site_id_bc0e25cc_fk_django_site_id` (`site_id`);

--
-- Indexes for table `frontend_aboutus_translation`
--
ALTER TABLE `frontend_aboutus_translation`
  ADD PRIMARY KEY (`id`),
  ADD UNIQUE KEY `frontend_aboutus_transla_language_code_master_id_29c26f75_uniq` (`language_code`,`master_id`),
  ADD KEY `frontend_aboutus_translation_language_code_fd7fd2ac` (`language_code`),
  ADD KEY `frontend_aboutus_translation_master_id_3b3cd912` (`master_id`);

--
-- Indexes for table `frontend_announcement`
--
ALTER TABLE `frontend_announcement`
  ADD PRIMARY KEY (`id`),
  ADD UNIQUE KEY `uuid` (`uuid`),
  ADD UNIQUE KEY `slug` (`slug`),
  ADD KEY `frontend_announcement_admin_id_8db44dd6_fk_core_user_id` (`admin_id`),
  ADD KEY `frontend_announcement_site_id_0180be67_fk_django_site_id` (`site_id`),
  ADD KEY `frontend_announcemen_categories_id_6618d68f_fk_frontend_` (`categories_id`);

--
-- Indexes for table `frontend_announcement_tags`
--
ALTER TABLE `frontend_announcement_tags`
  ADD PRIMARY KEY (`id`),
  ADD UNIQUE KEY `frontend_announcement_tags_announcement_id_tags_id_ff68c569_uniq` (`announcement_id`,`tags_id`),
  ADD KEY `frontend_announcement_tags_tags_id_544d67b2_fk_frontend_tags_id` (`tags_id`);

--
-- Indexes for table `frontend_announcement_translation`
--
ALTER TABLE `frontend_announcement_translation`
  ADD PRIMARY KEY (`id`),
  ADD UNIQUE KEY `frontend_announcement_tr_language_code_master_id_4cab62ed_uniq` (`language_code`,`master_id`),
  ADD KEY `frontend_announcement_translation_language_code_3e11e41f` (`language_code`),
  ADD KEY `frontend_announcement_translation_master_id_2938f9e7` (`master_id`);

--
-- Indexes for table `frontend_article`
--
ALTER TABLE `frontend_article`
  ADD PRIMARY KEY (`id`),
  ADD UNIQUE KEY `uuid` (`uuid`),
  ADD UNIQUE KEY `slug` (`slug`),
  ADD KEY `frontend_article_admin_id_defdc0cd_fk_core_user_id` (`admin_id`),
  ADD KEY `frontend_article_site_id_1eecfc21_fk_django_site_id` (`site_id`),
  ADD KEY `frontend_article_categories_id_0df391df_fk_frontend_` (`categories_id`);

--
-- Indexes for table `frontend_article_tags`
--
ALTER TABLE `frontend_article_tags`
  ADD PRIMARY KEY (`id`),
  ADD UNIQUE KEY `frontend_article_tags_article_id_tags_id_54526062_uniq` (`article_id`,`tags_id`),
  ADD KEY `frontend_article_tags_tags_id_d59a5313_fk_frontend_tags_id` (`tags_id`);

--
-- Indexes for table `frontend_article_translation`
--
ALTER TABLE `frontend_article_translation`
  ADD PRIMARY KEY (`id`),
  ADD UNIQUE KEY `frontend_article_transla_language_code_master_id_869c90fc_uniq` (`language_code`,`master_id`),
  ADD KEY `frontend_article_translation_language_code_b9764784` (`language_code`),
  ADD KEY `frontend_article_translation_master_id_af76874a` (`master_id`);

--
-- Indexes for table `frontend_banner`
--
ALTER TABLE `frontend_banner`
  ADD PRIMARY KEY (`id`),
  ADD UNIQUE KEY `uuid` (`uuid`),
  ADD KEY `frontend_banner_admin_id_3b807951_fk_core_user_id` (`admin_id`),
  ADD KEY `frontend_banner_site_id_30015562_fk_django_site_id` (`site_id`);

--
-- Indexes for table `frontend_cart`
--
ALTER TABLE `frontend_cart`
  ADD PRIMARY KEY (`id`),
  ADD UNIQUE KEY `uuid` (`uuid`),
  ADD KEY `frontend_cart_admin_id_0842ed91_fk_core_user_id` (`admin_id`),
  ADD KEY `frontend_cart_product_id_01329f3b_fk_frontend_product_id` (`product_id`),
  ADD KEY `frontend_cart_site_id_7f73cf9b_fk_django_site_id` (`site_id`);

--
-- Indexes for table `frontend_categories`
--
ALTER TABLE `frontend_categories`
  ADD PRIMARY KEY (`id`),
  ADD UNIQUE KEY `uuid` (`uuid`),
  ADD UNIQUE KEY `slug` (`slug`),
  ADD KEY `frontend_categories_site_id_5d169d45_fk_django_site_id` (`site_id`);

--
-- Indexes for table `frontend_categories_translation`
--
ALTER TABLE `frontend_categories_translation`
  ADD PRIMARY KEY (`id`),
  ADD UNIQUE KEY `frontend_categories_tran_language_code_master_id_62820414_uniq` (`language_code`,`master_id`),
  ADD KEY `frontend_categories_translation_language_code_20cf8ee8` (`language_code`),
  ADD KEY `frontend_categories_translation_master_id_17db7885` (`master_id`);

--
-- Indexes for table `frontend_dailyalert`
--
ALTER TABLE `frontend_dailyalert`
  ADD PRIMARY KEY (`id`),
  ADD UNIQUE KEY `uuid` (`uuid`),
  ADD KEY `frontend_dailyalert_admin_id_73855758_fk_core_user_id` (`admin_id`),
  ADD KEY `frontend_dailyalert_site_id_d72e4bfd_fk_django_site_id` (`site_id`);

--
-- Indexes for table `frontend_dailyalert_translation`
--
ALTER TABLE `frontend_dailyalert_translation`
  ADD PRIMARY KEY (`id`),
  ADD UNIQUE KEY `frontend_dailyalert_tran_language_code_master_id_fa227efc_uniq` (`language_code`,`master_id`),
  ADD KEY `frontend_dailyalert_translation_language_code_d295934f` (`language_code`),
  ADD KEY `frontend_dailyalert_translation_master_id_c04fc6f9` (`master_id`);

--
-- Indexes for table `frontend_document`
--
ALTER TABLE `frontend_document`
  ADD PRIMARY KEY (`id`),
  ADD UNIQUE KEY `uuid` (`uuid`),
  ADD UNIQUE KEY `slug` (`slug`),
  ADD KEY `frontend_document_admin_id_a8326e86_fk_core_user_id` (`admin_id`),
  ADD KEY `frontend_document_site_id_e458f39d_fk_django_site_id` (`site_id`),
  ADD KEY `frontend_document_categories_id_1358b26f_fk_frontend_` (`categories_id`);

--
-- Indexes for table `frontend_document_tags`
--
ALTER TABLE `frontend_document_tags`
  ADD PRIMARY KEY (`id`),
  ADD UNIQUE KEY `frontend_document_tags_document_id_tags_id_84a7ddcf_uniq` (`document_id`,`tags_id`),
  ADD KEY `frontend_document_tags_tags_id_5190168a_fk_frontend_tags_id` (`tags_id`);

--
-- Indexes for table `frontend_document_translation`
--
ALTER TABLE `frontend_document_translation`
  ADD PRIMARY KEY (`id`),
  ADD UNIQUE KEY `frontend_document_transl_language_code_master_id_d0685c7d_uniq` (`language_code`,`master_id`),
  ADD KEY `frontend_document_translation_language_code_c9fcf5d8` (`language_code`),
  ADD KEY `frontend_document_translation_master_id_9c9feac7` (`master_id`);

--
-- Indexes for table `frontend_events`
--
ALTER TABLE `frontend_events`
  ADD PRIMARY KEY (`id`),
  ADD UNIQUE KEY `uuid` (`uuid`),
  ADD UNIQUE KEY `slug` (`slug`),
  ADD KEY `frontend_events_admin_id_1b5c2a48_fk_core_user_id` (`admin_id`),
  ADD KEY `frontend_events_site_id_609dc347_fk_django_site_id` (`site_id`),
  ADD KEY `frontend_events_categories_id_73cb8617_fk_frontend_categories_id` (`categories_id`);

--
-- Indexes for table `frontend_events_tags`
--
ALTER TABLE `frontend_events_tags`
  ADD PRIMARY KEY (`id`),
  ADD UNIQUE KEY `frontend_events_tags_events_id_tags_id_c7fb3b5b_uniq` (`events_id`,`tags_id`),
  ADD KEY `frontend_events_tags_tags_id_c50820da_fk_frontend_tags_id` (`tags_id`);

--
-- Indexes for table `frontend_events_translation`
--
ALTER TABLE `frontend_events_translation`
  ADD PRIMARY KEY (`id`),
  ADD UNIQUE KEY `frontend_events_translat_language_code_master_id_e7c60eb3_uniq` (`language_code`,`master_id`),
  ADD KEY `frontend_events_translation_language_code_1a7b52e5` (`language_code`),
  ADD KEY `frontend_events_translation_master_id_2faa4305` (`master_id`);

--
-- Indexes for table `frontend_fasilities`
--
ALTER TABLE `frontend_fasilities`
  ADD PRIMARY KEY (`id`),
  ADD UNIQUE KEY `uuid` (`uuid`),
  ADD UNIQUE KEY `slug` (`slug`),
  ADD KEY `frontend_fasilities_admin_id_dec32faa_fk_core_user_id` (`admin_id`),
  ADD KEY `frontend_fasilities_site_id_147fdfe3_fk_django_site_id` (`site_id`);

--
-- Indexes for table `frontend_fasilities_translation`
--
ALTER TABLE `frontend_fasilities_translation`
  ADD PRIMARY KEY (`id`),
  ADD UNIQUE KEY `frontend_fasilities_tran_language_code_master_id_6a5570dc_uniq` (`language_code`,`master_id`),
  ADD KEY `frontend_fasilities_translation_language_code_4d768a4b` (`language_code`),
  ADD KEY `frontend_fasilities_translation_master_id_5575937d` (`master_id`);

--
-- Indexes for table `frontend_favicon`
--
ALTER TABLE `frontend_favicon`
  ADD PRIMARY KEY (`id`),
  ADD UNIQUE KEY `uuid` (`uuid`),
  ADD KEY `frontend_favicon_site_id_a786854c_fk_django_site_id` (`site_id`);

--
-- Indexes for table `frontend_googlecalendar`
--
ALTER TABLE `frontend_googlecalendar`
  ADD PRIMARY KEY (`id`),
  ADD UNIQUE KEY `uuid` (`uuid`),
  ADD KEY `frontend_googlecalendar_site_id_8adc6af3_fk_django_site_id` (`site_id`);

--
-- Indexes for table `frontend_googlecalendardetail`
--
ALTER TABLE `frontend_googlecalendardetail`
  ADD PRIMARY KEY (`id`),
  ADD UNIQUE KEY `uuid` (`uuid`),
  ADD KEY `frontend_googlecalen_google_calendar_id_9b9997e3_fk_frontend_` (`google_calendar_id`),
  ADD KEY `frontend_googlecalendardetail_site_id_b5034306_fk_django_site_id` (`site_id`);

--
-- Indexes for table `frontend_greeting`
--
ALTER TABLE `frontend_greeting`
  ADD PRIMARY KEY (`id`),
  ADD UNIQUE KEY `uuid` (`uuid`),
  ADD UNIQUE KEY `slug` (`slug`),
  ADD KEY `frontend_greeting_admin_id_8a5113dd_fk_core_user_id` (`admin_id`),
  ADD KEY `frontend_greeting_site_id_cd2b5081_fk_django_site_id` (`site_id`);

--
-- Indexes for table `frontend_greeting_translation`
--
ALTER TABLE `frontend_greeting_translation`
  ADD PRIMARY KEY (`id`),
  ADD UNIQUE KEY `frontend_greeting_transl_language_code_master_id_75205da5_uniq` (`language_code`,`master_id`),
  ADD KEY `frontend_greeting_translation_language_code_8711fc8f` (`language_code`),
  ADD KEY `frontend_greeting_translation_master_id_f63214e8` (`master_id`);

--
-- Indexes for table `frontend_howitworks`
--
ALTER TABLE `frontend_howitworks`
  ADD PRIMARY KEY (`id`),
  ADD UNIQUE KEY `uuid` (`uuid`),
  ADD UNIQUE KEY `slug` (`slug`),
  ADD KEY `frontend_howitwork_admin_id_8ecae574_fk_core_user_id` (`admin_id`),
  ADD KEY `frontend_howitwork_site_id_27b79ea6_fk_django_site_id` (`site_id`);

--
-- Indexes for table `frontend_howitworks_translation`
--
ALTER TABLE `frontend_howitworks_translation`
  ADD PRIMARY KEY (`id`),
  ADD UNIQUE KEY `frontend_howitwork_trans_language_code_master_id_ddc6bf88_uniq` (`language_code`,`master_id`),
  ADD KEY `frontend_howitwork_translation_language_code_fe8cf4a9` (`language_code`),
  ADD KEY `frontend_howitwork_translation_master_id_6f50a66c` (`master_id`);

--
-- Indexes for table `frontend_location`
--
ALTER TABLE `frontend_location`
  ADD PRIMARY KEY (`id`),
  ADD UNIQUE KEY `uuid` (`uuid`),
  ADD UNIQUE KEY `slug` (`slug`),
  ADD KEY `frontend_location_admin_id_e8065c17_fk_core_user_id` (`admin_id`),
  ADD KEY `frontend_location_site_id_d10e9d00_fk_django_site_id` (`site_id`);

--
-- Indexes for table `frontend_location_translation`
--
ALTER TABLE `frontend_location_translation`
  ADD PRIMARY KEY (`id`),
  ADD UNIQUE KEY `frontend_location_transl_language_code_master_id_4291bfd0_uniq` (`language_code`,`master_id`),
  ADD KEY `frontend_location_translation_language_code_e3169e56` (`language_code`),
  ADD KEY `frontend_location_translation_master_id_aab2eceb` (`master_id`);

--
-- Indexes for table `frontend_logo`
--
ALTER TABLE `frontend_logo`
  ADD PRIMARY KEY (`id`),
  ADD UNIQUE KEY `uuid` (`uuid`),
  ADD KEY `frontend_logo_site_id_95f4cde7_fk_django_site_id` (`site_id`);

--
-- Indexes for table `frontend_news`
--
ALTER TABLE `frontend_news`
  ADD PRIMARY KEY (`id`),
  ADD UNIQUE KEY `uuid` (`uuid`),
  ADD UNIQUE KEY `slug` (`slug`),
  ADD KEY `frontend_news_admin_id_5f3e651f_fk_core_user_id` (`admin_id`),
  ADD KEY `frontend_news_site_id_b5b100a5_fk_django_site_id` (`site_id`),
  ADD KEY `frontend_news_categories_id_f3bcfef6_fk_frontend_categories_id` (`categories_id`);

--
-- Indexes for table `frontend_news_tags`
--
ALTER TABLE `frontend_news_tags`
  ADD PRIMARY KEY (`id`),
  ADD UNIQUE KEY `frontend_news_tags_news_id_tags_id_50e698cc_uniq` (`news_id`,`tags_id`),
  ADD KEY `frontend_news_tags_tags_id_638da3c2_fk_frontend_tags_id` (`tags_id`);

--
-- Indexes for table `frontend_news_translation`
--
ALTER TABLE `frontend_news_translation`
  ADD PRIMARY KEY (`id`),
  ADD UNIQUE KEY `frontend_news_translation_language_code_master_id_251fabe8_uniq` (`language_code`,`master_id`),
  ADD KEY `frontend_news_translation_language_code_8c9388bc` (`language_code`),
  ADD KEY `frontend_news_translation_master_id_50072ab7` (`master_id`);

--
-- Indexes for table `frontend_offers`
--
ALTER TABLE `frontend_offers`
  ADD PRIMARY KEY (`id`),
  ADD UNIQUE KEY `uuid` (`uuid`),
  ADD UNIQUE KEY `slug` (`slug`),
  ADD KEY `frontend_offers_admin_id_a6ef1f50_fk_core_user_id` (`admin_id`),
  ADD KEY `frontend_offers_site_id_cc1d955e_fk_django_site_id` (`site_id`);

--
-- Indexes for table `frontend_offers_translation`
--
ALTER TABLE `frontend_offers_translation`
  ADD PRIMARY KEY (`id`),
  ADD UNIQUE KEY `frontend_offers_translat_language_code_master_id_45e54351_uniq` (`language_code`,`master_id`),
  ADD KEY `frontend_offers_translation_language_code_62a1cb6d` (`language_code`),
  ADD KEY `frontend_offers_translation_master_id_318a8b41` (`master_id`);

--
-- Indexes for table `frontend_pages`
--
ALTER TABLE `frontend_pages`
  ADD PRIMARY KEY (`id`),
  ADD UNIQUE KEY `uuid` (`uuid`),
  ADD UNIQUE KEY `slug` (`slug`),
  ADD KEY `frontend_pages_admin_id_cc64d6fb_fk_core_user_id` (`admin_id`),
  ADD KEY `frontend_pages_menu_id_13bee4d9_fk_menu_menu_id` (`menu_id`),
  ADD KEY `frontend_pages_site_id_f6945f11_fk_django_site_id` (`site_id`),
  ADD KEY `frontend_pages_categories_id_eaf5a42c_fk_frontend_categories_id` (`categories_id`);

--
-- Indexes for table `frontend_pages_tags`
--
ALTER TABLE `frontend_pages_tags`
  ADD PRIMARY KEY (`id`),
  ADD UNIQUE KEY `frontend_pages_tags_pages_id_tags_id_879949c3_uniq` (`pages_id`,`tags_id`),
  ADD KEY `frontend_pages_tags_tags_id_ecbf93e3_fk_frontend_tags_id` (`tags_id`);

--
-- Indexes for table `frontend_pages_translation`
--
ALTER TABLE `frontend_pages_translation`
  ADD PRIMARY KEY (`id`),
  ADD UNIQUE KEY `frontend_pages_translation_language_code_master_id_cc938a02_uniq` (`language_code`,`master_id`),
  ADD KEY `frontend_pages_translation_language_code_67b365ff` (`language_code`),
  ADD KEY `frontend_pages_translation_master_id_8e28f514` (`master_id`);

--
-- Indexes for table `frontend_photogallery`
--
ALTER TABLE `frontend_photogallery`
  ADD PRIMARY KEY (`id`),
  ADD UNIQUE KEY `uuid` (`uuid`),
  ADD UNIQUE KEY `slug` (`slug`),
  ADD KEY `frontend_photogallery_admin_id_b21e81eb_fk_core_user_id` (`admin_id`),
  ADD KEY `frontend_photogallery_site_id_5bb5adfe_fk_django_site_id` (`site_id`);

--
-- Indexes for table `frontend_photogallery_translation`
--
ALTER TABLE `frontend_photogallery_translation`
  ADD PRIMARY KEY (`id`),
  ADD UNIQUE KEY `frontend_photogallery_tr_language_code_master_id_363f6bbe_uniq` (`language_code`,`master_id`),
  ADD KEY `frontend_photogallery_translation_language_code_8275235f` (`language_code`),
  ADD KEY `frontend_photogallery_translation_master_id_551fd29b` (`master_id`);

--
-- Indexes for table `frontend_popup`
--
ALTER TABLE `frontend_popup`
  ADD PRIMARY KEY (`id`),
  ADD UNIQUE KEY `uuid` (`uuid`),
  ADD KEY `frontend_popup_admin_id_0b95a5e4_fk_core_user_id` (`admin_id`),
  ADD KEY `frontend_popup_site_id_280cd4cf_fk_django_site_id` (`site_id`);

--
-- Indexes for table `frontend_popup_translation`
--
ALTER TABLE `frontend_popup_translation`
  ADD PRIMARY KEY (`id`),
  ADD UNIQUE KEY `frontend_popup_translation_language_code_master_id_fde7f8be_uniq` (`language_code`,`master_id`),
  ADD KEY `frontend_popup_translation_language_code_ce64018c` (`language_code`),
  ADD KEY `frontend_popup_translation_master_id_c5cec112` (`master_id`);

--
-- Indexes for table `frontend_product`
--
ALTER TABLE `frontend_product`
  ADD PRIMARY KEY (`id`),
  ADD UNIQUE KEY `uuid` (`uuid`),
  ADD UNIQUE KEY `slug` (`slug`),
  ADD KEY `frontend_product_admin_id_ff8ca575_fk_core_user_id` (`admin_id`),
  ADD KEY `frontend_product_site_id_02d7d60f_fk_django_site_id` (`site_id`);

--
-- Indexes for table `frontend_product_translation`
--
ALTER TABLE `frontend_product_translation`
  ADD PRIMARY KEY (`id`),
  ADD UNIQUE KEY `frontend_product_transla_language_code_master_id_9ef503b2_uniq` (`language_code`,`master_id`),
  ADD KEY `frontend_product_translation_language_code_02b498f5` (`language_code`),
  ADD KEY `frontend_product_translation_master_id_2206500e` (`master_id`);

--
-- Indexes for table `frontend_purchasing`
--
ALTER TABLE `frontend_purchasing`
  ADD PRIMARY KEY (`id`),
  ADD UNIQUE KEY `uuid` (`uuid`),
  ADD KEY `frontend_purchasing_admin_id_f934dfce_fk_core_user_id` (`admin_id`),
  ADD KEY `frontend_purchasing_product_id_8e7ab7a8_fk_frontend_product_id` (`product_id`),
  ADD KEY `frontend_purchasing_site_id_2ef3d807_fk_django_site_id` (`site_id`);

--
-- Indexes for table `frontend_relatedlink`
--
ALTER TABLE `frontend_relatedlink`
  ADD PRIMARY KEY (`id`),
  ADD UNIQUE KEY `uuid` (`uuid`),
  ADD KEY `frontend_relatedlink_site_id_48dca113_fk_django_site_id` (`site_id`);

--
-- Indexes for table `frontend_relatedlink_translation`
--
ALTER TABLE `frontend_relatedlink_translation`
  ADD PRIMARY KEY (`id`),
  ADD UNIQUE KEY `frontend_relatedlink_tra_language_code_master_id_9a7feeea_uniq` (`language_code`,`master_id`),
  ADD KEY `frontend_relatedlink_translation_language_code_c6ab3265` (`language_code`),
  ADD KEY `frontend_relatedlink_translation_master_id_e16cd2bd` (`master_id`);

--
-- Indexes for table `frontend_slideshow`
--
ALTER TABLE `frontend_slideshow`
  ADD PRIMARY KEY (`id`),
  ADD UNIQUE KEY `uuid` (`uuid`),
  ADD UNIQUE KEY `slug` (`slug`),
  ADD KEY `frontend_slideshow_admin_id_27d7090d_fk_core_user_id` (`admin_id`),
  ADD KEY `frontend_slideshow_site_id_648c9f65_fk_django_site_id` (`site_id`);

--
-- Indexes for table `frontend_slideshow_translation`
--
ALTER TABLE `frontend_slideshow_translation`
  ADD PRIMARY KEY (`id`),
  ADD UNIQUE KEY `frontend_slideshow_trans_language_code_master_id_9123e08a_uniq` (`language_code`,`master_id`),
  ADD KEY `frontend_slideshow_translation_language_code_c75c6de0` (`language_code`),
  ADD KEY `frontend_slideshow_translation_master_id_e238bcca` (`master_id`);

--
-- Indexes for table `frontend_socialmedia`
--
ALTER TABLE `frontend_socialmedia`
  ADD PRIMARY KEY (`id`),
  ADD UNIQUE KEY `uuid` (`uuid`),
  ADD KEY `frontend_socialmedia_site_id_c506c8b8_fk_django_site_id` (`site_id`);

--
-- Indexes for table `frontend_tags`
--
ALTER TABLE `frontend_tags`
  ADD PRIMARY KEY (`id`),
  ADD UNIQUE KEY `uuid` (`uuid`),
  ADD UNIQUE KEY `slug` (`slug`),
  ADD KEY `frontend_tags_site_id_d48eb63a_fk_django_site_id` (`site_id`);

--
-- Indexes for table `frontend_tags_translation`
--
ALTER TABLE `frontend_tags_translation`
  ADD PRIMARY KEY (`id`),
  ADD UNIQUE KEY `frontend_tags_translation_language_code_master_id_6331d5d4_uniq` (`language_code`,`master_id`),
  ADD KEY `frontend_tags_translation_language_code_9618089f` (`language_code`),
  ADD KEY `frontend_tags_translation_master_id_28717879` (`master_id`);

--
-- Indexes for table `frontend_testimony`
--
ALTER TABLE `frontend_testimony`
  ADD PRIMARY KEY (`id`),
  ADD UNIQUE KEY `uuid` (`uuid`),
  ADD KEY `frontend_testimony_admin_id_7a49f545_fk_core_user_id` (`admin_id`),
  ADD KEY `frontend_testimony_site_id_b396d698_fk_django_site_id` (`site_id`);

--
-- Indexes for table `frontend_testimony_translation`
--
ALTER TABLE `frontend_testimony_translation`
  ADD PRIMARY KEY (`id`),
  ADD UNIQUE KEY `frontend_testimony_trans_language_code_master_id_b0e5d4e3_uniq` (`language_code`,`master_id`),
  ADD KEY `frontend_testimony_translation_language_code_ec632944` (`language_code`),
  ADD KEY `frontend_testimony_translation_master_id_3fa93c8e` (`master_id`);

--
-- Indexes for table `frontend_videogallery`
--
ALTER TABLE `frontend_videogallery`
  ADD PRIMARY KEY (`id`),
  ADD UNIQUE KEY `uuid` (`uuid`),
  ADD UNIQUE KEY `slug` (`slug`),
  ADD KEY `frontend_videogallery_admin_id_7fbe4fe0_fk_core_user_id` (`admin_id`),
  ADD KEY `frontend_videogallery_site_id_41ef1c4c_fk_django_site_id` (`site_id`);

--
-- Indexes for table `frontend_videogallery_translation`
--
ALTER TABLE `frontend_videogallery_translation`
  ADD PRIMARY KEY (`id`),
  ADD UNIQUE KEY `frontend_videogallery_tr_language_code_master_id_5a4695a0_uniq` (`language_code`,`master_id`),
  ADD KEY `frontend_videogallery_translation_language_code_e459cf86` (`language_code`),
  ADD KEY `frontend_videogallery_translation_master_id_499faae5` (`master_id`);

--
-- Indexes for table `frontend_whyus`
--
ALTER TABLE `frontend_whyus`
  ADD PRIMARY KEY (`id`),
  ADD UNIQUE KEY `uuid` (`uuid`),
  ADD KEY `frontend_whyus_admin_id_e7d8e075_fk_core_user_id` (`admin_id`),
  ADD KEY `frontend_whyus_site_id_16dd2da1_fk_django_site_id` (`site_id`);

--
-- Indexes for table `frontend_whyus_translation`
--
ALTER TABLE `frontend_whyus_translation`
  ADD PRIMARY KEY (`id`),
  ADD UNIQUE KEY `frontend_whyus_translation_language_code_master_id_52503cbe_uniq` (`language_code`,`master_id`),
  ADD KEY `frontend_whyus_translation_language_code_fb7e5450` (`language_code`),
  ADD KEY `frontend_whyus_translation_master_id_25420221` (`master_id`);

--
-- Indexes for table `hitcount_blacklist_ip`
--
ALTER TABLE `hitcount_blacklist_ip`
  ADD PRIMARY KEY (`id`),
  ADD UNIQUE KEY `ip` (`ip`);

--
-- Indexes for table `hitcount_blacklist_user_agent`
--
ALTER TABLE `hitcount_blacklist_user_agent`
  ADD PRIMARY KEY (`id`),
  ADD UNIQUE KEY `user_agent` (`user_agent`);

--
-- Indexes for table `hitcount_hit`
--
ALTER TABLE `hitcount_hit`
  ADD PRIMARY KEY (`id`),
  ADD KEY `hitcount_hit_user_id_f7067f66_fk_core_user_id` (`user_id`),
  ADD KEY `hitcount_hit_created_79adf7bc` (`created`),
  ADD KEY `hitcount_hit_ip_a52a62aa` (`ip`),
  ADD KEY `hitcount_hit_session_5be83758` (`session`),
  ADD KEY `hitcount_hit_hitcount_id_b7971910_fk` (`hitcount_id`);

--
-- Indexes for table `hitcount_hit_count`
--
ALTER TABLE `hitcount_hit_count`
  ADD PRIMARY KEY (`id`),
  ADD UNIQUE KEY `hitcount_hit_count_content_type_id_object_pk_4dacb610_uniq` (`content_type_id`,`object_pk`);

--
-- Indexes for table `menu_menu`
--
ALTER TABLE `menu_menu`
  ADD PRIMARY KEY (`id`),
  ADD UNIQUE KEY `uuid` (`uuid`),
  ADD KEY `menu_menu_parent_id_a0981d51_fk_menu_menu_id` (`parent_id`);

--
-- Indexes for table `menu_menugroup`
--
ALTER TABLE `menu_menugroup`
  ADD PRIMARY KEY (`id`),
  ADD UNIQUE KEY `uuid` (`uuid`),
  ADD UNIQUE KEY `group_id` (`group_id`),
  ADD KEY `menu_menugroup_site_id_13948731_fk_django_site_id` (`site_id`);

--
-- Indexes for table `menu_menu_menu_group`
--
ALTER TABLE `menu_menu_menu_group`
  ADD PRIMARY KEY (`id`),
  ADD UNIQUE KEY `menu_menu_menu_group_menu_id_menugroup_id_8e8e4f64_uniq` (`menu_id`,`menugroup_id`),
  ADD KEY `menu_menu_menu_group_menugroup_id_8b5fd297_fk_menu_menugroup_id` (`menugroup_id`);

--
-- Indexes for table `menu_menu_translation`
--
ALTER TABLE `menu_menu_translation`
  ADD PRIMARY KEY (`id`),
  ADD UNIQUE KEY `menu_menu_translation_language_code_master_id_828fafc4_uniq` (`language_code`,`master_id`),
  ADD KEY `menu_menu_translation_language_code_bcc69edb` (`language_code`),
  ADD KEY `menu_menu_translation_master_id_50074faa` (`master_id`);

--
-- Indexes for table `outbox_hitcount_hitbrowser`
--
ALTER TABLE `outbox_hitcount_hitbrowser`
  ADD PRIMARY KEY (`id`);

--
-- Indexes for table `outbox_hitcount_hitcount`
--
ALTER TABLE `outbox_hitcount_hitcount`
  ADD PRIMARY KEY (`id`),
  ADD KEY `outbox_hitcount_hitc_content_type_id_3434be61_fk_django_co` (`content_type_id`),
  ADD KEY `outbox_hitcount_hitcount_site_id_d1f30c98_fk_django_site_id` (`site_id`);

--
-- Indexes for table `outbox_hitcount_hitcount_hits_browser`
--
ALTER TABLE `outbox_hitcount_hitcount_hits_browser`
  ADD PRIMARY KEY (`id`),
  ADD UNIQUE KEY `outbox_hitcount_hitcount_hitcount_id_hitbrowser_i_3ea34e04_uniq` (`hitcount_id`,`hitbrowser_id`),
  ADD KEY `outbox_hitcount_hitc_hitbrowser_id_b6723305_fk_outbox_hi` (`hitbrowser_id`);

--
-- Indexes for table `outbox_hitcount_hitcount_hits_device`
--
ALTER TABLE `outbox_hitcount_hitcount_hits_device`
  ADD PRIMARY KEY (`id`),
  ADD UNIQUE KEY `outbox_hitcount_hitcount_hitcount_id_hitdevice_id_35716b3f_uniq` (`hitcount_id`,`hitdevice_id`),
  ADD KEY `outbox_hitcount_hitc_hitdevice_id_30a198ed_fk_outbox_hi` (`hitdevice_id`);

--
-- Indexes for table `outbox_hitcount_hitcount_hits_location`
--
ALTER TABLE `outbox_hitcount_hitcount_hits_location`
  ADD PRIMARY KEY (`id`),
  ADD UNIQUE KEY `outbox_hitcount_hitcount_hitcount_id_hitlocation__17d0b131_uniq` (`hitcount_id`,`hitlocation_id`),
  ADD KEY `outbox_hitcount_hitc_hitlocation_id_52333ef1_fk_outbox_hi` (`hitlocation_id`);

--
-- Indexes for table `outbox_hitcount_hitcount_hits_os`
--
ALTER TABLE `outbox_hitcount_hitcount_hits_os`
  ADD PRIMARY KEY (`id`),
  ADD UNIQUE KEY `outbox_hitcount_hitcount_hitcount_id_hitos_id_45d9dc69_uniq` (`hitcount_id`,`hitos_id`),
  ADD KEY `outbox_hitcount_hitc_hitos_id_888313f5_fk_outbox_hi` (`hitos_id`);

--
-- Indexes for table `outbox_hitcount_hitdevice`
--
ALTER TABLE `outbox_hitcount_hitdevice`
  ADD PRIMARY KEY (`id`);

--
-- Indexes for table `outbox_hitcount_hitlocation`
--
ALTER TABLE `outbox_hitcount_hitlocation`
  ADD PRIMARY KEY (`id`);

--
-- Indexes for table `outbox_hitcount_hitos`
--
ALTER TABLE `outbox_hitcount_hitos`
  ADD PRIMARY KEY (`id`);

--
-- Indexes for table `region_country`
--
ALTER TABLE `region_country`
  ADD PRIMARY KEY (`id`);

--
-- Indexes for table `region_province`
--
ALTER TABLE `region_province`
  ADD PRIMARY KEY (`id`),
  ADD KEY `region_province_country_id_38686351_fk_region_country_id` (`country_id`);

--
-- Indexes for table `region_regency`
--
ALTER TABLE `region_regency`
  ADD PRIMARY KEY (`id`),
  ADD KEY `region_regency_province_id_e8e0c41a_fk_region_province_id` (`province_id`);

--
-- Indexes for table `region_subdistrict`
--
ALTER TABLE `region_subdistrict`
  ADD PRIMARY KEY (`id`),
  ADD KEY `region_subdistrict_regency_id_f9fb6a88_fk_region_regency_id` (`regency_id`);

--
-- Indexes for table `region_urbanvillage`
--
ALTER TABLE `region_urbanvillage`
  ADD PRIMARY KEY (`id`),
  ADD KEY `region_urbanvillage_sub_district_id_a1c986ac_fk_region_su` (`sub_district_id`);

--
-- Indexes for table `socialaccount_socialaccount`
--
ALTER TABLE `socialaccount_socialaccount`
  ADD PRIMARY KEY (`id`),
  ADD UNIQUE KEY `socialaccount_socialaccount_provider_uid_fc810c6e_uniq` (`provider`,`uid`),
  ADD KEY `socialaccount_socialaccount_user_id_8146e70c_fk_core_user_id` (`user_id`);

--
-- Indexes for table `socialaccount_socialapp`
--
ALTER TABLE `socialaccount_socialapp`
  ADD PRIMARY KEY (`id`);

--
-- Indexes for table `socialaccount_socialapp_sites`
--
ALTER TABLE `socialaccount_socialapp_sites`
  ADD PRIMARY KEY (`id`),
  ADD UNIQUE KEY `socialaccount_socialapp_sites_socialapp_id_site_id_71a9a768_uniq` (`socialapp_id`,`site_id`),
  ADD KEY `socialaccount_socialapp_sites_site_id_2579dee5_fk_django_site_id` (`site_id`);

--
-- Indexes for table `socialaccount_socialtoken`
--
ALTER TABLE `socialaccount_socialtoken`
  ADD PRIMARY KEY (`id`),
  ADD UNIQUE KEY `socialaccount_socialtoken_app_id_account_id_fca4e0ac_uniq` (`app_id`,`account_id`),
  ADD KEY `socialaccount_social_account_id_951f210e_fk_socialacc` (`account_id`);

--
-- AUTO_INCREMENT for dumped tables
--

--
-- AUTO_INCREMENT for table `account_emailaddress`
--
ALTER TABLE `account_emailaddress`
  MODIFY `id` int(11) NOT NULL AUTO_INCREMENT, AUTO_INCREMENT=9;

--
-- AUTO_INCREMENT for table `account_emailconfirmation`
--
ALTER TABLE `account_emailconfirmation`
  MODIFY `id` int(11) NOT NULL AUTO_INCREMENT;

--
-- AUTO_INCREMENT for table `auth_group`
--
ALTER TABLE `auth_group`
  MODIFY `id` int(11) NOT NULL AUTO_INCREMENT, AUTO_INCREMENT=18;

--
-- AUTO_INCREMENT for table `auth_group_permissions`
--
ALTER TABLE `auth_group_permissions`
  MODIFY `id` bigint(20) NOT NULL AUTO_INCREMENT;

--
-- AUTO_INCREMENT for table `auth_permission`
--
ALTER TABLE `auth_permission`
  MODIFY `id` int(11) NOT NULL AUTO_INCREMENT, AUTO_INCREMENT=289;

--
-- AUTO_INCREMENT for table `core_agency`
--
ALTER TABLE `core_agency`
  MODIFY `id` bigint(20) NOT NULL AUTO_INCREMENT, AUTO_INCREMENT=16;

--
-- AUTO_INCREMENT for table `core_agencymeta`
--
ALTER TABLE `core_agencymeta`
  MODIFY `id` bigint(20) NOT NULL AUTO_INCREMENT;

--
-- AUTO_INCREMENT for table `core_agency_translation`
--
ALTER TABLE `core_agency_translation`
  MODIFY `id` bigint(20) NOT NULL AUTO_INCREMENT, AUTO_INCREMENT=30;

--
-- AUTO_INCREMENT for table `core_globalsetting`
--
ALTER TABLE `core_globalsetting`
  MODIFY `id` bigint(20) NOT NULL AUTO_INCREMENT;

--
-- AUTO_INCREMENT for table `core_iconlist`
--
ALTER TABLE `core_iconlist`
  MODIFY `id` bigint(20) NOT NULL AUTO_INCREMENT;

--
-- AUTO_INCREMENT for table `core_menudefault`
--
ALTER TABLE `core_menudefault`
  MODIFY `id` bigint(20) NOT NULL AUTO_INCREMENT, AUTO_INCREMENT=35;

--
-- AUTO_INCREMENT for table `core_modellist`
--
ALTER TABLE `core_modellist`
  MODIFY `id` bigint(20) NOT NULL AUTO_INCREMENT, AUTO_INCREMENT=35;

--
-- AUTO_INCREMENT for table `core_modellistsetting`
--
ALTER TABLE `core_modellistsetting`
  MODIFY `id` bigint(20) NOT NULL AUTO_INCREMENT, AUTO_INCREMENT=149;

--
-- AUTO_INCREMENT for table `core_photo`
--
ALTER TABLE `core_photo`
  MODIFY `id` bigint(20) NOT NULL AUTO_INCREMENT, AUTO_INCREMENT=182;

--
-- AUTO_INCREMENT for table `core_service`
--
ALTER TABLE `core_service`
  MODIFY `id` bigint(20) NOT NULL AUTO_INCREMENT, AUTO_INCREMENT=10;

--
-- AUTO_INCREMENT for table `core_template`
--
ALTER TABLE `core_template`
  MODIFY `id` bigint(20) NOT NULL AUTO_INCREMENT, AUTO_INCREMENT=15;

--
-- AUTO_INCREMENT for table `core_templateblock`
--
ALTER TABLE `core_templateblock`
  MODIFY `id` bigint(20) NOT NULL AUTO_INCREMENT;

--
-- AUTO_INCREMENT for table `core_templateblock_model_list`
--
ALTER TABLE `core_templateblock_model_list`
  MODIFY `id` bigint(20) NOT NULL AUTO_INCREMENT;

--
-- AUTO_INCREMENT for table `core_templateowner`
--
ALTER TABLE `core_templateowner`
  MODIFY `id` bigint(20) NOT NULL AUTO_INCREMENT, AUTO_INCREMENT=2;

--
-- AUTO_INCREMENT for table `core_template_site`
--
ALTER TABLE `core_template_site`
  MODIFY `id` bigint(20) NOT NULL AUTO_INCREMENT, AUTO_INCREMENT=14;

--
-- AUTO_INCREMENT for table `core_user`
--
ALTER TABLE `core_user`
  MODIFY `id` bigint(20) NOT NULL AUTO_INCREMENT, AUTO_INCREMENT=13;

--
-- AUTO_INCREMENT for table `core_userlog`
--
ALTER TABLE `core_userlog`
  MODIFY `id` bigint(20) NOT NULL AUTO_INCREMENT;

--
-- AUTO_INCREMENT for table `core_user_agency`
--
ALTER TABLE `core_user_agency`
  MODIFY `id` bigint(20) NOT NULL AUTO_INCREMENT, AUTO_INCREMENT=8;

--
-- AUTO_INCREMENT for table `core_user_groups`
--
ALTER TABLE `core_user_groups`
  MODIFY `id` bigint(20) NOT NULL AUTO_INCREMENT, AUTO_INCREMENT=12;

--
-- AUTO_INCREMENT for table `core_user_user_permissions`
--
ALTER TABLE `core_user_user_permissions`
  MODIFY `id` bigint(20) NOT NULL AUTO_INCREMENT;

--
-- AUTO_INCREMENT for table `django_admin_log`
--
ALTER TABLE `django_admin_log`
  MODIFY `id` int(11) NOT NULL AUTO_INCREMENT, AUTO_INCREMENT=78;

--
-- AUTO_INCREMENT for table `django_content_type`
--
ALTER TABLE `django_content_type`
  MODIFY `id` int(11) NOT NULL AUTO_INCREMENT, AUTO_INCREMENT=98;

--
-- AUTO_INCREMENT for table `django_migrations`
--
ALTER TABLE `django_migrations`
  MODIFY `id` bigint(20) NOT NULL AUTO_INCREMENT, AUTO_INCREMENT=149;

--
-- AUTO_INCREMENT for table `django_site`
--
ALTER TABLE `django_site`
  MODIFY `id` int(11) NOT NULL AUTO_INCREMENT, AUTO_INCREMENT=12;

--
-- AUTO_INCREMENT for table `frontend_aboutus`
--
ALTER TABLE `frontend_aboutus`
  MODIFY `id` bigint(20) NOT NULL AUTO_INCREMENT, AUTO_INCREMENT=9;

--
-- AUTO_INCREMENT for table `frontend_aboutus_translation`
--
ALTER TABLE `frontend_aboutus_translation`
  MODIFY `id` bigint(20) NOT NULL AUTO_INCREMENT, AUTO_INCREMENT=17;

--
-- AUTO_INCREMENT for table `frontend_announcement`
--
ALTER TABLE `frontend_announcement`
  MODIFY `id` bigint(20) NOT NULL AUTO_INCREMENT, AUTO_INCREMENT=3;

--
-- AUTO_INCREMENT for table `frontend_announcement_tags`
--
ALTER TABLE `frontend_announcement_tags`
  MODIFY `id` bigint(20) NOT NULL AUTO_INCREMENT, AUTO_INCREMENT=3;

--
-- AUTO_INCREMENT for table `frontend_announcement_translation`
--
ALTER TABLE `frontend_announcement_translation`
  MODIFY `id` bigint(20) NOT NULL AUTO_INCREMENT, AUTO_INCREMENT=5;

--
-- AUTO_INCREMENT for table `frontend_article`
--
ALTER TABLE `frontend_article`
  MODIFY `id` bigint(20) NOT NULL AUTO_INCREMENT, AUTO_INCREMENT=27;

--
-- AUTO_INCREMENT for table `frontend_article_tags`
--
ALTER TABLE `frontend_article_tags`
  MODIFY `id` bigint(20) NOT NULL AUTO_INCREMENT, AUTO_INCREMENT=5;

--
-- AUTO_INCREMENT for table `frontend_article_translation`
--
ALTER TABLE `frontend_article_translation`
  MODIFY `id` bigint(20) NOT NULL AUTO_INCREMENT, AUTO_INCREMENT=49;

--
-- AUTO_INCREMENT for table `frontend_banner`
--
ALTER TABLE `frontend_banner`
  MODIFY `id` bigint(20) NOT NULL AUTO_INCREMENT, AUTO_INCREMENT=6;

--
-- AUTO_INCREMENT for table `frontend_cart`
--
ALTER TABLE `frontend_cart`
  MODIFY `id` bigint(20) NOT NULL AUTO_INCREMENT;

--
-- AUTO_INCREMENT for table `frontend_categories`
--
ALTER TABLE `frontend_categories`
  MODIFY `id` bigint(20) NOT NULL AUTO_INCREMENT, AUTO_INCREMENT=21;

--
-- AUTO_INCREMENT for table `frontend_categories_translation`
--
ALTER TABLE `frontend_categories_translation`
  MODIFY `id` bigint(20) NOT NULL AUTO_INCREMENT, AUTO_INCREMENT=40;

--
-- AUTO_INCREMENT for table `frontend_dailyalert`
--
ALTER TABLE `frontend_dailyalert`
  MODIFY `id` bigint(20) NOT NULL AUTO_INCREMENT;

--
-- AUTO_INCREMENT for table `frontend_dailyalert_translation`
--
ALTER TABLE `frontend_dailyalert_translation`
  MODIFY `id` bigint(20) NOT NULL AUTO_INCREMENT;

--
-- AUTO_INCREMENT for table `frontend_document`
--
ALTER TABLE `frontend_document`
  MODIFY `id` bigint(20) NOT NULL AUTO_INCREMENT;

--
-- AUTO_INCREMENT for table `frontend_document_tags`
--
ALTER TABLE `frontend_document_tags`
  MODIFY `id` bigint(20) NOT NULL AUTO_INCREMENT;

--
-- AUTO_INCREMENT for table `frontend_document_translation`
--
ALTER TABLE `frontend_document_translation`
  MODIFY `id` bigint(20) NOT NULL AUTO_INCREMENT;

--
-- AUTO_INCREMENT for table `frontend_events`
--
ALTER TABLE `frontend_events`
  MODIFY `id` bigint(20) NOT NULL AUTO_INCREMENT;

--
-- AUTO_INCREMENT for table `frontend_events_tags`
--
ALTER TABLE `frontend_events_tags`
  MODIFY `id` bigint(20) NOT NULL AUTO_INCREMENT;

--
-- AUTO_INCREMENT for table `frontend_events_translation`
--
ALTER TABLE `frontend_events_translation`
  MODIFY `id` bigint(20) NOT NULL AUTO_INCREMENT;

--
-- AUTO_INCREMENT for table `frontend_fasilities`
--
ALTER TABLE `frontend_fasilities`
  MODIFY `id` bigint(20) NOT NULL AUTO_INCREMENT, AUTO_INCREMENT=18;

--
-- AUTO_INCREMENT for table `frontend_fasilities_translation`
--
ALTER TABLE `frontend_fasilities_translation`
  MODIFY `id` bigint(20) NOT NULL AUTO_INCREMENT, AUTO_INCREMENT=35;

--
-- AUTO_INCREMENT for table `frontend_favicon`
--
ALTER TABLE `frontend_favicon`
  MODIFY `id` bigint(20) NOT NULL AUTO_INCREMENT;

--
-- AUTO_INCREMENT for table `frontend_googlecalendar`
--
ALTER TABLE `frontend_googlecalendar`
  MODIFY `id` bigint(20) NOT NULL AUTO_INCREMENT, AUTO_INCREMENT=8;

--
-- AUTO_INCREMENT for table `frontend_googlecalendardetail`
--
ALTER TABLE `frontend_googlecalendardetail`
  MODIFY `id` bigint(20) NOT NULL AUTO_INCREMENT, AUTO_INCREMENT=59;

--
-- AUTO_INCREMENT for table `frontend_greeting`
--
ALTER TABLE `frontend_greeting`
  MODIFY `id` bigint(20) NOT NULL AUTO_INCREMENT;

--
-- AUTO_INCREMENT for table `frontend_greeting_translation`
--
ALTER TABLE `frontend_greeting_translation`
  MODIFY `id` bigint(20) NOT NULL AUTO_INCREMENT;

--
-- AUTO_INCREMENT for table `frontend_howitworks`
--
ALTER TABLE `frontend_howitworks`
  MODIFY `id` bigint(20) NOT NULL AUTO_INCREMENT, AUTO_INCREMENT=6;

--
-- AUTO_INCREMENT for table `frontend_howitworks_translation`
--
ALTER TABLE `frontend_howitworks_translation`
  MODIFY `id` bigint(20) NOT NULL AUTO_INCREMENT, AUTO_INCREMENT=11;

--
-- AUTO_INCREMENT for table `frontend_location`
--
ALTER TABLE `frontend_location`
  MODIFY `id` bigint(20) NOT NULL AUTO_INCREMENT, AUTO_INCREMENT=3;

--
-- AUTO_INCREMENT for table `frontend_location_translation`
--
ALTER TABLE `frontend_location_translation`
  MODIFY `id` bigint(20) NOT NULL AUTO_INCREMENT, AUTO_INCREMENT=5;

--
-- AUTO_INCREMENT for table `frontend_logo`
--
ALTER TABLE `frontend_logo`
  MODIFY `id` bigint(20) NOT NULL AUTO_INCREMENT, AUTO_INCREMENT=5;

--
-- AUTO_INCREMENT for table `frontend_news`
--
ALTER TABLE `frontend_news`
  MODIFY `id` bigint(20) NOT NULL AUTO_INCREMENT, AUTO_INCREMENT=33;

--
-- AUTO_INCREMENT for table `frontend_news_tags`
--
ALTER TABLE `frontend_news_tags`
  MODIFY `id` bigint(20) NOT NULL AUTO_INCREMENT, AUTO_INCREMENT=22;

--
-- AUTO_INCREMENT for table `frontend_news_translation`
--
ALTER TABLE `frontend_news_translation`
  MODIFY `id` bigint(20) NOT NULL AUTO_INCREMENT, AUTO_INCREMENT=65;

--
-- AUTO_INCREMENT for table `frontend_offers`
--
ALTER TABLE `frontend_offers`
  MODIFY `id` bigint(20) NOT NULL AUTO_INCREMENT, AUTO_INCREMENT=6;

--
-- AUTO_INCREMENT for table `frontend_offers_translation`
--
ALTER TABLE `frontend_offers_translation`
  MODIFY `id` bigint(20) NOT NULL AUTO_INCREMENT, AUTO_INCREMENT=11;

--
-- AUTO_INCREMENT for table `frontend_pages`
--
ALTER TABLE `frontend_pages`
  MODIFY `id` bigint(20) NOT NULL AUTO_INCREMENT, AUTO_INCREMENT=2;

--
-- AUTO_INCREMENT for table `frontend_pages_tags`
--
ALTER TABLE `frontend_pages_tags`
  MODIFY `id` bigint(20) NOT NULL AUTO_INCREMENT;

--
-- AUTO_INCREMENT for table `frontend_pages_translation`
--
ALTER TABLE `frontend_pages_translation`
  MODIFY `id` bigint(20) NOT NULL AUTO_INCREMENT, AUTO_INCREMENT=3;

--
-- AUTO_INCREMENT for table `frontend_photogallery`
--
ALTER TABLE `frontend_photogallery`
  MODIFY `id` bigint(20) NOT NULL AUTO_INCREMENT, AUTO_INCREMENT=31;

--
-- AUTO_INCREMENT for table `frontend_photogallery_translation`
--
ALTER TABLE `frontend_photogallery_translation`
  MODIFY `id` bigint(20) NOT NULL AUTO_INCREMENT, AUTO_INCREMENT=61;

--
-- AUTO_INCREMENT for table `frontend_popup`
--
ALTER TABLE `frontend_popup`
  MODIFY `id` bigint(20) NOT NULL AUTO_INCREMENT;

--
-- AUTO_INCREMENT for table `frontend_popup_translation`
--
ALTER TABLE `frontend_popup_translation`
  MODIFY `id` bigint(20) NOT NULL AUTO_INCREMENT;

--
-- AUTO_INCREMENT for table `frontend_product`
--
ALTER TABLE `frontend_product`
  MODIFY `id` bigint(20) NOT NULL AUTO_INCREMENT, AUTO_INCREMENT=10;

--
-- AUTO_INCREMENT for table `frontend_product_translation`
--
ALTER TABLE `frontend_product_translation`
  MODIFY `id` bigint(20) NOT NULL AUTO_INCREMENT, AUTO_INCREMENT=19;

--
-- AUTO_INCREMENT for table `frontend_purchasing`
--
ALTER TABLE `frontend_purchasing`
  MODIFY `id` bigint(20) NOT NULL AUTO_INCREMENT;

--
-- AUTO_INCREMENT for table `frontend_relatedlink`
--
ALTER TABLE `frontend_relatedlink`
  MODIFY `id` bigint(20) NOT NULL AUTO_INCREMENT;

--
-- AUTO_INCREMENT for table `frontend_relatedlink_translation`
--
ALTER TABLE `frontend_relatedlink_translation`
  MODIFY `id` bigint(20) NOT NULL AUTO_INCREMENT;

--
-- AUTO_INCREMENT for table `frontend_slideshow`
--
ALTER TABLE `frontend_slideshow`
  MODIFY `id` bigint(20) NOT NULL AUTO_INCREMENT, AUTO_INCREMENT=20;

--
-- AUTO_INCREMENT for table `frontend_slideshow_translation`
--
ALTER TABLE `frontend_slideshow_translation`
  MODIFY `id` bigint(20) NOT NULL AUTO_INCREMENT, AUTO_INCREMENT=39;

--
-- AUTO_INCREMENT for table `frontend_socialmedia`
--
ALTER TABLE `frontend_socialmedia`
  MODIFY `id` bigint(20) NOT NULL AUTO_INCREMENT, AUTO_INCREMENT=6;

--
-- AUTO_INCREMENT for table `frontend_tags`
--
ALTER TABLE `frontend_tags`
  MODIFY `id` bigint(20) NOT NULL AUTO_INCREMENT, AUTO_INCREMENT=43;

--
-- AUTO_INCREMENT for table `frontend_tags_translation`
--
ALTER TABLE `frontend_tags_translation`
  MODIFY `id` bigint(20) NOT NULL AUTO_INCREMENT, AUTO_INCREMENT=81;

--
-- AUTO_INCREMENT for table `frontend_testimony`
--
ALTER TABLE `frontend_testimony`
  MODIFY `id` bigint(20) NOT NULL AUTO_INCREMENT;

--
-- AUTO_INCREMENT for table `frontend_testimony_translation`
--
ALTER TABLE `frontend_testimony_translation`
  MODIFY `id` bigint(20) NOT NULL AUTO_INCREMENT;

--
-- AUTO_INCREMENT for table `frontend_videogallery`
--
ALTER TABLE `frontend_videogallery`
  MODIFY `id` bigint(20) NOT NULL AUTO_INCREMENT;

--
-- AUTO_INCREMENT for table `frontend_videogallery_translation`
--
ALTER TABLE `frontend_videogallery_translation`
  MODIFY `id` bigint(20) NOT NULL AUTO_INCREMENT;

--
-- AUTO_INCREMENT for table `frontend_whyus`
--
ALTER TABLE `frontend_whyus`
  MODIFY `id` bigint(20) NOT NULL AUTO_INCREMENT, AUTO_INCREMENT=7;

--
-- AUTO_INCREMENT for table `frontend_whyus_translation`
--
ALTER TABLE `frontend_whyus_translation`
  MODIFY `id` bigint(20) NOT NULL AUTO_INCREMENT, AUTO_INCREMENT=13;

--
-- AUTO_INCREMENT for table `hitcount_blacklist_ip`
--
ALTER TABLE `hitcount_blacklist_ip`
  MODIFY `id` bigint(20) NOT NULL AUTO_INCREMENT;

--
-- AUTO_INCREMENT for table `hitcount_blacklist_user_agent`
--
ALTER TABLE `hitcount_blacklist_user_agent`
  MODIFY `id` bigint(20) NOT NULL AUTO_INCREMENT;

--
-- AUTO_INCREMENT for table `hitcount_hit`
--
ALTER TABLE `hitcount_hit`
  MODIFY `id` bigint(20) NOT NULL AUTO_INCREMENT, AUTO_INCREMENT=1744;

--
-- AUTO_INCREMENT for table `hitcount_hit_count`
--
ALTER TABLE `hitcount_hit_count`
  MODIFY `id` bigint(20) NOT NULL AUTO_INCREMENT;

--
-- AUTO_INCREMENT for table `menu_menu`
--
ALTER TABLE `menu_menu`
  MODIFY `id` bigint(20) NOT NULL AUTO_INCREMENT, AUTO_INCREMENT=140;

--
-- AUTO_INCREMENT for table `menu_menugroup`
--
ALTER TABLE `menu_menugroup`
  MODIFY `id` bigint(20) NOT NULL AUTO_INCREMENT, AUTO_INCREMENT=18;

--
-- AUTO_INCREMENT for table `menu_menu_menu_group`
--
ALTER TABLE `menu_menu_menu_group`
  MODIFY `id` bigint(20) NOT NULL AUTO_INCREMENT, AUTO_INCREMENT=485;

--
-- AUTO_INCREMENT for table `menu_menu_translation`
--
ALTER TABLE `menu_menu_translation`
  MODIFY `id` bigint(20) NOT NULL AUTO_INCREMENT, AUTO_INCREMENT=207;

--
-- AUTO_INCREMENT for table `outbox_hitcount_hitbrowser`
--
ALTER TABLE `outbox_hitcount_hitbrowser`
  MODIFY `id` bigint(20) NOT NULL AUTO_INCREMENT;

--
-- AUTO_INCREMENT for table `outbox_hitcount_hitcount`
--
ALTER TABLE `outbox_hitcount_hitcount`
  MODIFY `id` bigint(20) NOT NULL AUTO_INCREMENT;

--
-- AUTO_INCREMENT for table `outbox_hitcount_hitcount_hits_browser`
--
ALTER TABLE `outbox_hitcount_hitcount_hits_browser`
  MODIFY `id` bigint(20) NOT NULL AUTO_INCREMENT;

--
-- AUTO_INCREMENT for table `outbox_hitcount_hitcount_hits_device`
--
ALTER TABLE `outbox_hitcount_hitcount_hits_device`
  MODIFY `id` bigint(20) NOT NULL AUTO_INCREMENT;

--
-- AUTO_INCREMENT for table `outbox_hitcount_hitcount_hits_location`
--
ALTER TABLE `outbox_hitcount_hitcount_hits_location`
  MODIFY `id` bigint(20) NOT NULL AUTO_INCREMENT;

--
-- AUTO_INCREMENT for table `outbox_hitcount_hitcount_hits_os`
--
ALTER TABLE `outbox_hitcount_hitcount_hits_os`
  MODIFY `id` bigint(20) NOT NULL AUTO_INCREMENT;

--
-- AUTO_INCREMENT for table `outbox_hitcount_hitdevice`
--
ALTER TABLE `outbox_hitcount_hitdevice`
  MODIFY `id` bigint(20) NOT NULL AUTO_INCREMENT;

--
-- AUTO_INCREMENT for table `outbox_hitcount_hitlocation`
--
ALTER TABLE `outbox_hitcount_hitlocation`
  MODIFY `id` bigint(20) NOT NULL AUTO_INCREMENT;

--
-- AUTO_INCREMENT for table `outbox_hitcount_hitos`
--
ALTER TABLE `outbox_hitcount_hitos`
  MODIFY `id` bigint(20) NOT NULL AUTO_INCREMENT;

--
-- AUTO_INCREMENT for table `region_country`
--
ALTER TABLE `region_country`
  MODIFY `id` bigint(20) NOT NULL AUTO_INCREMENT;

--
-- AUTO_INCREMENT for table `region_province`
--
ALTER TABLE `region_province`
  MODIFY `id` bigint(20) NOT NULL AUTO_INCREMENT;

--
-- AUTO_INCREMENT for table `region_regency`
--
ALTER TABLE `region_regency`
  MODIFY `id` bigint(20) NOT NULL AUTO_INCREMENT;

--
-- AUTO_INCREMENT for table `region_subdistrict`
--
ALTER TABLE `region_subdistrict`
  MODIFY `id` bigint(20) NOT NULL AUTO_INCREMENT;

--
-- AUTO_INCREMENT for table `region_urbanvillage`
--
ALTER TABLE `region_urbanvillage`
  MODIFY `id` bigint(20) NOT NULL AUTO_INCREMENT;

--
-- AUTO_INCREMENT for table `socialaccount_socialaccount`
--
ALTER TABLE `socialaccount_socialaccount`
  MODIFY `id` int(11) NOT NULL AUTO_INCREMENT, AUTO_INCREMENT=3;

--
-- AUTO_INCREMENT for table `socialaccount_socialapp`
--
ALTER TABLE `socialaccount_socialapp`
  MODIFY `id` int(11) NOT NULL AUTO_INCREMENT, AUTO_INCREMENT=4;

--
-- AUTO_INCREMENT for table `socialaccount_socialapp_sites`
--
ALTER TABLE `socialaccount_socialapp_sites`
  MODIFY `id` bigint(20) NOT NULL AUTO_INCREMENT;

--
-- AUTO_INCREMENT for table `socialaccount_socialtoken`
--
ALTER TABLE `socialaccount_socialtoken`
  MODIFY `id` int(11) NOT NULL AUTO_INCREMENT;

--
-- Constraints for dumped tables
--

--
-- Constraints for table `account_emailaddress`
--
ALTER TABLE `account_emailaddress`
  ADD CONSTRAINT `account_emailaddress_user_id_2c513194_fk_core_user_id` FOREIGN KEY (`user_id`) REFERENCES `core_user` (`id`);

--
-- Constraints for table `account_emailconfirmation`
--
ALTER TABLE `account_emailconfirmation`
  ADD CONSTRAINT `account_emailconfirm_email_address_id_5b7f8c58_fk_account_e` FOREIGN KEY (`email_address_id`) REFERENCES `account_emailaddress` (`id`);

--
-- Constraints for table `auth_group_permissions`
--
ALTER TABLE `auth_group_permissions`
  ADD CONSTRAINT `auth_group_permissio_permission_id_84c5c92e_fk_auth_perm` FOREIGN KEY (`permission_id`) REFERENCES `auth_permission` (`id`),
  ADD CONSTRAINT `auth_group_permissions_group_id_b120cbf9_fk_auth_group_id` FOREIGN KEY (`group_id`) REFERENCES `auth_group` (`id`);

--
-- Constraints for table `auth_permission`
--
ALTER TABLE `auth_permission`
  ADD CONSTRAINT `auth_permission_content_type_id_2f476e4b_fk_django_co` FOREIGN KEY (`content_type_id`) REFERENCES `django_content_type` (`id`);

--
-- Constraints for table `core_agency`
--
ALTER TABLE `core_agency`
  ADD CONSTRAINT `core_agency_country_id_9af7710c_fk_region_country_id` FOREIGN KEY (`country_id`) REFERENCES `region_country` (`id`),
  ADD CONSTRAINT `core_agency_province_id_d3d04d08_fk_region_province_id` FOREIGN KEY (`province_id`) REFERENCES `region_province` (`id`),
  ADD CONSTRAINT `core_agency_regency_id_2b798f09_fk_region_regency_id` FOREIGN KEY (`regency_id`) REFERENCES `region_regency` (`id`),
  ADD CONSTRAINT `core_agency_sub_district_id_49523f10_fk_region_subdistrict_id` FOREIGN KEY (`sub_district_id`) REFERENCES `region_subdistrict` (`id`),
  ADD CONSTRAINT `core_agency_urban_village_id_74fcf4b5_fk_region_urbanvillage_id` FOREIGN KEY (`urban_village_id`) REFERENCES `region_urbanvillage` (`id`);

--
-- Constraints for table `core_agencymeta`
--
ALTER TABLE `core_agencymeta`
  ADD CONSTRAINT `core_agencymeta_agency_id_3f3891de_fk_core_agency_id` FOREIGN KEY (`agency_id`) REFERENCES `core_agency` (`id`);

--
-- Constraints for table `core_agency_translation`
--
ALTER TABLE `core_agency_translation`
  ADD CONSTRAINT `core_agency_translation_master_id_abf066d7_fk_core_agency_id` FOREIGN KEY (`master_id`) REFERENCES `core_agency` (`id`);

--
-- Constraints for table `core_globalsetting`
--
ALTER TABLE `core_globalsetting`
  ADD CONSTRAINT `core_globalsetting_ref_template_block_i_17998f28_fk_core_temp` FOREIGN KEY (`ref_template_block_id`) REFERENCES `core_templateblock` (`id`),
  ADD CONSTRAINT `core_globalsetting_site_id_abb6a60d_fk_django_site_id` FOREIGN KEY (`site_id`) REFERENCES `django_site` (`id`);

--
-- Constraints for table `core_iconlist`
--
ALTER TABLE `core_iconlist`
  ADD CONSTRAINT `core_iconlist_template_id_2dbec6c7_fk_core_template_id` FOREIGN KEY (`template_id`) REFERENCES `core_template` (`id`);

--
-- Constraints for table `core_menudefault`
--
ALTER TABLE `core_menudefault`
  ADD CONSTRAINT `core_menudefault_model_list_id_a6ac7b58_fk_core_modellist_id` FOREIGN KEY (`model_list_id`) REFERENCES `core_modellist` (`id`);

--
-- Constraints for table `core_modellist`
--
ALTER TABLE `core_modellist`
  ADD CONSTRAINT `core_modellist_menu_id_40f7da36_fk_menu_menu_id` FOREIGN KEY (`menu_id`) REFERENCES `menu_menu` (`id`);

--
-- Constraints for table `core_modellistsetting`
--
ALTER TABLE `core_modellistsetting`
  ADD CONSTRAINT `core_modellistsettin_model_list_id_1c88ca50_fk_core_mode` FOREIGN KEY (`model_list_id`) REFERENCES `core_modellist` (`id`),
  ADD CONSTRAINT `core_modellistsetting_template_id_37df88ae_fk_core_template_id` FOREIGN KEY (`template_id`) REFERENCES `core_template` (`id`);

--
-- Constraints for table `core_photo`
--
ALTER TABLE `core_photo`
  ADD CONSTRAINT `core_photo_content_type_id_30ec2a2c_fk_django_content_type_id` FOREIGN KEY (`content_type_id`) REFERENCES `django_content_type` (`id`);

--
-- Constraints for table `core_service`
--
ALTER TABLE `core_service`
  ADD CONSTRAINT `core_service_agency_id_c8fa9dd1_fk_core_agency_id` FOREIGN KEY (`agency_id`) REFERENCES `core_agency` (`id`),
  ADD CONSTRAINT `core_service_site_id_ef486ab0_fk_django_site_id` FOREIGN KEY (`site_id`) REFERENCES `django_site` (`id`);

--
-- Constraints for table `core_template`
--
ALTER TABLE `core_template`
  ADD CONSTRAINT `core_template_template_owner_id_70dd714b_fk_core_temp` FOREIGN KEY (`template_owner_id`) REFERENCES `core_templateowner` (`id`);

--
-- Constraints for table `core_templateblock`
--
ALTER TABLE `core_templateblock`
  ADD CONSTRAINT `core_templateblock_template_id_8b257169_fk_core_template_id` FOREIGN KEY (`template_id`) REFERENCES `core_template` (`id`);

--
-- Constraints for table `core_templateblock_model_list`
--
ALTER TABLE `core_templateblock_model_list`
  ADD CONSTRAINT `core_templateblock_m_modellist_id_3df71530_fk_core_mode` FOREIGN KEY (`modellist_id`) REFERENCES `core_modellist` (`id`),
  ADD CONSTRAINT `core_templateblock_m_templateblock_id_9f2e2b0f_fk_core_temp` FOREIGN KEY (`templateblock_id`) REFERENCES `core_templateblock` (`id`);

--
-- Constraints for table `core_template_site`
--
ALTER TABLE `core_template_site`
  ADD CONSTRAINT `core_template_site_site_id_0e4aa4b6_fk_django_site_id` FOREIGN KEY (`site_id`) REFERENCES `django_site` (`id`),
  ADD CONSTRAINT `core_template_site_template_id_6668e123_fk_core_template_id` FOREIGN KEY (`template_id`) REFERENCES `core_template` (`id`);

--
-- Constraints for table `core_user`
--
ALTER TABLE `core_user`
  ADD CONSTRAINT `core_user_site_id_7ff24052_fk_django_site_id` FOREIGN KEY (`site_id`) REFERENCES `django_site` (`id`);

--
-- Constraints for table `core_userlog`
--
ALTER TABLE `core_userlog`
  ADD CONSTRAINT `core_userlog_site_id_b09a1b13_fk_django_site_id` FOREIGN KEY (`site_id`) REFERENCES `django_site` (`id`),
  ADD CONSTRAINT `core_userlog_user_id_9012a4b6_fk_core_user_id` FOREIGN KEY (`user_id`) REFERENCES `core_user` (`id`);

--
-- Constraints for table `core_user_agency`
--
ALTER TABLE `core_user_agency`
  ADD CONSTRAINT `core_user_agency_agency_id_1ecf0e4f_fk_core_agency_id` FOREIGN KEY (`agency_id`) REFERENCES `core_agency` (`id`),
  ADD CONSTRAINT `core_user_agency_user_id_095d88dd_fk_core_user_id` FOREIGN KEY (`user_id`) REFERENCES `core_user` (`id`);

--
-- Constraints for table `core_user_groups`
--
ALTER TABLE `core_user_groups`
  ADD CONSTRAINT `core_user_groups_group_id_fe8c697f_fk_auth_group_id` FOREIGN KEY (`group_id`) REFERENCES `auth_group` (`id`),
  ADD CONSTRAINT `core_user_groups_user_id_70b4d9b8_fk_core_user_id` FOREIGN KEY (`user_id`) REFERENCES `core_user` (`id`);

--
-- Constraints for table `core_user_user_permissions`
--
ALTER TABLE `core_user_user_permissions`
  ADD CONSTRAINT `core_user_user_permi_permission_id_35ccf601_fk_auth_perm` FOREIGN KEY (`permission_id`) REFERENCES `auth_permission` (`id`),
  ADD CONSTRAINT `core_user_user_permissions_user_id_085123d3_fk_core_user_id` FOREIGN KEY (`user_id`) REFERENCES `core_user` (`id`);

--
-- Constraints for table `django_admin_log`
--
ALTER TABLE `django_admin_log`
  ADD CONSTRAINT `django_admin_log_content_type_id_c4bce8eb_fk_django_co` FOREIGN KEY (`content_type_id`) REFERENCES `django_content_type` (`id`),
  ADD CONSTRAINT `django_admin_log_user_id_c564eba6_fk_core_user_id` FOREIGN KEY (`user_id`) REFERENCES `core_user` (`id`);

--
-- Constraints for table `frontend_aboutus`
--
ALTER TABLE `frontend_aboutus`
  ADD CONSTRAINT `frontend_aboutus_admin_id_b33c0065_fk_core_user_id` FOREIGN KEY (`admin_id`) REFERENCES `core_user` (`id`),
  ADD CONSTRAINT `frontend_aboutus_site_id_bc0e25cc_fk_django_site_id` FOREIGN KEY (`site_id`) REFERENCES `django_site` (`id`);

--
-- Constraints for table `frontend_aboutus_translation`
--
ALTER TABLE `frontend_aboutus_translation`
  ADD CONSTRAINT `frontend_aboutus_tra_master_id_3b3cd912_fk_frontend_` FOREIGN KEY (`master_id`) REFERENCES `frontend_aboutus` (`id`);

--
-- Constraints for table `frontend_announcement`
--
ALTER TABLE `frontend_announcement`
  ADD CONSTRAINT `frontend_announcemen_categories_id_6618d68f_fk_frontend_` FOREIGN KEY (`categories_id`) REFERENCES `frontend_categories` (`id`),
  ADD CONSTRAINT `frontend_announcement_admin_id_8db44dd6_fk_core_user_id` FOREIGN KEY (`admin_id`) REFERENCES `core_user` (`id`),
  ADD CONSTRAINT `frontend_announcement_site_id_0180be67_fk_django_site_id` FOREIGN KEY (`site_id`) REFERENCES `django_site` (`id`);

--
-- Constraints for table `frontend_announcement_tags`
--
ALTER TABLE `frontend_announcement_tags`
  ADD CONSTRAINT `frontend_announcemen_announcement_id_d1de1d70_fk_frontend_` FOREIGN KEY (`announcement_id`) REFERENCES `frontend_announcement` (`id`),
  ADD CONSTRAINT `frontend_announcement_tags_tags_id_544d67b2_fk_frontend_tags_id` FOREIGN KEY (`tags_id`) REFERENCES `frontend_tags` (`id`);

--
-- Constraints for table `frontend_announcement_translation`
--
ALTER TABLE `frontend_announcement_translation`
  ADD CONSTRAINT `frontend_announcemen_master_id_2938f9e7_fk_frontend_` FOREIGN KEY (`master_id`) REFERENCES `frontend_announcement` (`id`);

--
-- Constraints for table `frontend_article`
--
ALTER TABLE `frontend_article`
  ADD CONSTRAINT `frontend_article_admin_id_defdc0cd_fk_core_user_id` FOREIGN KEY (`admin_id`) REFERENCES `core_user` (`id`),
  ADD CONSTRAINT `frontend_article_categories_id_0df391df_fk_frontend_` FOREIGN KEY (`categories_id`) REFERENCES `frontend_categories` (`id`),
  ADD CONSTRAINT `frontend_article_site_id_1eecfc21_fk_django_site_id` FOREIGN KEY (`site_id`) REFERENCES `django_site` (`id`);

--
-- Constraints for table `frontend_article_tags`
--
ALTER TABLE `frontend_article_tags`
  ADD CONSTRAINT `frontend_article_tags_article_id_75a0012b_fk_frontend_article_id` FOREIGN KEY (`article_id`) REFERENCES `frontend_article` (`id`),
  ADD CONSTRAINT `frontend_article_tags_tags_id_d59a5313_fk_frontend_tags_id` FOREIGN KEY (`tags_id`) REFERENCES `frontend_tags` (`id`);

--
-- Constraints for table `frontend_article_translation`
--
ALTER TABLE `frontend_article_translation`
  ADD CONSTRAINT `frontend_article_tra_master_id_af76874a_fk_frontend_` FOREIGN KEY (`master_id`) REFERENCES `frontend_article` (`id`);

--
-- Constraints for table `frontend_banner`
--
ALTER TABLE `frontend_banner`
  ADD CONSTRAINT `frontend_banner_admin_id_3b807951_fk_core_user_id` FOREIGN KEY (`admin_id`) REFERENCES `core_user` (`id`),
  ADD CONSTRAINT `frontend_banner_site_id_30015562_fk_django_site_id` FOREIGN KEY (`site_id`) REFERENCES `django_site` (`id`);

--
-- Constraints for table `frontend_cart`
--
ALTER TABLE `frontend_cart`
  ADD CONSTRAINT `frontend_cart_admin_id_0842ed91_fk_core_user_id` FOREIGN KEY (`admin_id`) REFERENCES `core_user` (`id`),
  ADD CONSTRAINT `frontend_cart_product_id_01329f3b_fk_frontend_product_id` FOREIGN KEY (`product_id`) REFERENCES `frontend_product` (`id`),
  ADD CONSTRAINT `frontend_cart_site_id_7f73cf9b_fk_django_site_id` FOREIGN KEY (`site_id`) REFERENCES `django_site` (`id`);

--
-- Constraints for table `frontend_categories`
--
ALTER TABLE `frontend_categories`
  ADD CONSTRAINT `frontend_categories_site_id_5d169d45_fk_django_site_id` FOREIGN KEY (`site_id`) REFERENCES `django_site` (`id`);

--
-- Constraints for table `frontend_categories_translation`
--
ALTER TABLE `frontend_categories_translation`
  ADD CONSTRAINT `frontend_categories__master_id_17db7885_fk_frontend_` FOREIGN KEY (`master_id`) REFERENCES `frontend_categories` (`id`);

--
-- Constraints for table `frontend_dailyalert`
--
ALTER TABLE `frontend_dailyalert`
  ADD CONSTRAINT `frontend_dailyalert_admin_id_73855758_fk_core_user_id` FOREIGN KEY (`admin_id`) REFERENCES `core_user` (`id`),
  ADD CONSTRAINT `frontend_dailyalert_site_id_d72e4bfd_fk_django_site_id` FOREIGN KEY (`site_id`) REFERENCES `django_site` (`id`);

--
-- Constraints for table `frontend_dailyalert_translation`
--
ALTER TABLE `frontend_dailyalert_translation`
  ADD CONSTRAINT `frontend_dailyalert__master_id_c04fc6f9_fk_frontend_` FOREIGN KEY (`master_id`) REFERENCES `frontend_dailyalert` (`id`);

--
-- Constraints for table `frontend_document`
--
ALTER TABLE `frontend_document`
  ADD CONSTRAINT `frontend_document_admin_id_a8326e86_fk_core_user_id` FOREIGN KEY (`admin_id`) REFERENCES `core_user` (`id`),
  ADD CONSTRAINT `frontend_document_categories_id_1358b26f_fk_frontend_` FOREIGN KEY (`categories_id`) REFERENCES `frontend_categories` (`id`),
  ADD CONSTRAINT `frontend_document_site_id_e458f39d_fk_django_site_id` FOREIGN KEY (`site_id`) REFERENCES `django_site` (`id`);

--
-- Constraints for table `frontend_document_tags`
--
ALTER TABLE `frontend_document_tags`
  ADD CONSTRAINT `frontend_document_ta_document_id_d88da8de_fk_frontend_` FOREIGN KEY (`document_id`) REFERENCES `frontend_document` (`id`),
  ADD CONSTRAINT `frontend_document_tags_tags_id_5190168a_fk_frontend_tags_id` FOREIGN KEY (`tags_id`) REFERENCES `frontend_tags` (`id`);

--
-- Constraints for table `frontend_document_translation`
--
ALTER TABLE `frontend_document_translation`
  ADD CONSTRAINT `frontend_document_tr_master_id_9c9feac7_fk_frontend_` FOREIGN KEY (`master_id`) REFERENCES `frontend_document` (`id`);

--
-- Constraints for table `frontend_events`
--
ALTER TABLE `frontend_events`
  ADD CONSTRAINT `frontend_events_admin_id_1b5c2a48_fk_core_user_id` FOREIGN KEY (`admin_id`) REFERENCES `core_user` (`id`),
  ADD CONSTRAINT `frontend_events_categories_id_73cb8617_fk_frontend_categories_id` FOREIGN KEY (`categories_id`) REFERENCES `frontend_categories` (`id`),
  ADD CONSTRAINT `frontend_events_site_id_609dc347_fk_django_site_id` FOREIGN KEY (`site_id`) REFERENCES `django_site` (`id`);

--
-- Constraints for table `frontend_events_tags`
--
ALTER TABLE `frontend_events_tags`
  ADD CONSTRAINT `frontend_events_tags_events_id_7b8d7a26_fk_frontend_events_id` FOREIGN KEY (`events_id`) REFERENCES `frontend_events` (`id`),
  ADD CONSTRAINT `frontend_events_tags_tags_id_c50820da_fk_frontend_tags_id` FOREIGN KEY (`tags_id`) REFERENCES `frontend_tags` (`id`);

--
-- Constraints for table `frontend_events_translation`
--
ALTER TABLE `frontend_events_translation`
  ADD CONSTRAINT `frontend_events_tran_master_id_2faa4305_fk_frontend_` FOREIGN KEY (`master_id`) REFERENCES `frontend_events` (`id`);

--
-- Constraints for table `frontend_fasilities`
--
ALTER TABLE `frontend_fasilities`
  ADD CONSTRAINT `frontend_fasilities_admin_id_dec32faa_fk_core_user_id` FOREIGN KEY (`admin_id`) REFERENCES `core_user` (`id`),
  ADD CONSTRAINT `frontend_fasilities_site_id_147fdfe3_fk_django_site_id` FOREIGN KEY (`site_id`) REFERENCES `django_site` (`id`);

--
-- Constraints for table `frontend_fasilities_translation`
--
ALTER TABLE `frontend_fasilities_translation`
  ADD CONSTRAINT `frontend_fasilities__master_id_5575937d_fk_frontend_` FOREIGN KEY (`master_id`) REFERENCES `frontend_fasilities` (`id`);

--
-- Constraints for table `frontend_favicon`
--
ALTER TABLE `frontend_favicon`
  ADD CONSTRAINT `frontend_favicon_site_id_a786854c_fk_django_site_id` FOREIGN KEY (`site_id`) REFERENCES `django_site` (`id`);

--
-- Constraints for table `frontend_googlecalendar`
--
ALTER TABLE `frontend_googlecalendar`
  ADD CONSTRAINT `frontend_googlecalendar_site_id_8adc6af3_fk_django_site_id` FOREIGN KEY (`site_id`) REFERENCES `django_site` (`id`);

--
-- Constraints for table `frontend_googlecalendardetail`
--
ALTER TABLE `frontend_googlecalendardetail`
  ADD CONSTRAINT `frontend_googlecalen_google_calendar_id_9b9997e3_fk_frontend_` FOREIGN KEY (`google_calendar_id`) REFERENCES `frontend_googlecalendar` (`id`),
  ADD CONSTRAINT `frontend_googlecalendardetail_site_id_b5034306_fk_django_site_id` FOREIGN KEY (`site_id`) REFERENCES `django_site` (`id`);

--
-- Constraints for table `frontend_greeting`
--
ALTER TABLE `frontend_greeting`
  ADD CONSTRAINT `frontend_greeting_admin_id_8a5113dd_fk_core_user_id` FOREIGN KEY (`admin_id`) REFERENCES `core_user` (`id`),
  ADD CONSTRAINT `frontend_greeting_site_id_cd2b5081_fk_django_site_id` FOREIGN KEY (`site_id`) REFERENCES `django_site` (`id`);

--
-- Constraints for table `frontend_greeting_translation`
--
ALTER TABLE `frontend_greeting_translation`
  ADD CONSTRAINT `frontend_greeting_tr_master_id_f63214e8_fk_frontend_` FOREIGN KEY (`master_id`) REFERENCES `frontend_greeting` (`id`);

--
-- Constraints for table `frontend_howitworks`
--
ALTER TABLE `frontend_howitworks`
  ADD CONSTRAINT `frontend_howitwork_admin_id_8ecae574_fk_core_user_id` FOREIGN KEY (`admin_id`) REFERENCES `core_user` (`id`),
  ADD CONSTRAINT `frontend_howitwork_site_id_27b79ea6_fk_django_site_id` FOREIGN KEY (`site_id`) REFERENCES `django_site` (`id`);

--
-- Constraints for table `frontend_howitworks_translation`
--
ALTER TABLE `frontend_howitworks_translation`
  ADD CONSTRAINT `frontend_howitwork_t_master_id_6f50a66c_fk_frontend_` FOREIGN KEY (`master_id`) REFERENCES `frontend_howitworks` (`id`);

--
-- Constraints for table `frontend_location`
--
ALTER TABLE `frontend_location`
  ADD CONSTRAINT `frontend_location_admin_id_e8065c17_fk_core_user_id` FOREIGN KEY (`admin_id`) REFERENCES `core_user` (`id`),
  ADD CONSTRAINT `frontend_location_site_id_d10e9d00_fk_django_site_id` FOREIGN KEY (`site_id`) REFERENCES `django_site` (`id`);

--
-- Constraints for table `frontend_location_translation`
--
ALTER TABLE `frontend_location_translation`
  ADD CONSTRAINT `frontend_location_tr_master_id_aab2eceb_fk_frontend_` FOREIGN KEY (`master_id`) REFERENCES `frontend_location` (`id`);

--
-- Constraints for table `frontend_logo`
--
ALTER TABLE `frontend_logo`
  ADD CONSTRAINT `frontend_logo_site_id_95f4cde7_fk_django_site_id` FOREIGN KEY (`site_id`) REFERENCES `django_site` (`id`);

--
-- Constraints for table `frontend_news`
--
ALTER TABLE `frontend_news`
  ADD CONSTRAINT `frontend_news_admin_id_5f3e651f_fk_core_user_id` FOREIGN KEY (`admin_id`) REFERENCES `core_user` (`id`),
  ADD CONSTRAINT `frontend_news_categories_id_f3bcfef6_fk_frontend_categories_id` FOREIGN KEY (`categories_id`) REFERENCES `frontend_categories` (`id`),
  ADD CONSTRAINT `frontend_news_site_id_b5b100a5_fk_django_site_id` FOREIGN KEY (`site_id`) REFERENCES `django_site` (`id`);

--
-- Constraints for table `frontend_news_tags`
--
ALTER TABLE `frontend_news_tags`
  ADD CONSTRAINT `frontend_news_tags_news_id_1a7f5b57_fk_frontend_news_id` FOREIGN KEY (`news_id`) REFERENCES `frontend_news` (`id`),
  ADD CONSTRAINT `frontend_news_tags_tags_id_638da3c2_fk_frontend_tags_id` FOREIGN KEY (`tags_id`) REFERENCES `frontend_tags` (`id`);

--
-- Constraints for table `frontend_news_translation`
--
ALTER TABLE `frontend_news_translation`
  ADD CONSTRAINT `frontend_news_translation_master_id_50072ab7_fk_frontend_news_id` FOREIGN KEY (`master_id`) REFERENCES `frontend_news` (`id`);

--
-- Constraints for table `frontend_offers`
--
ALTER TABLE `frontend_offers`
  ADD CONSTRAINT `frontend_offers_admin_id_a6ef1f50_fk_core_user_id` FOREIGN KEY (`admin_id`) REFERENCES `core_user` (`id`),
  ADD CONSTRAINT `frontend_offers_site_id_cc1d955e_fk_django_site_id` FOREIGN KEY (`site_id`) REFERENCES `django_site` (`id`);

--
-- Constraints for table `frontend_offers_translation`
--
ALTER TABLE `frontend_offers_translation`
  ADD CONSTRAINT `frontend_offers_tran_master_id_318a8b41_fk_frontend_` FOREIGN KEY (`master_id`) REFERENCES `frontend_offers` (`id`);

--
-- Constraints for table `frontend_pages`
--
ALTER TABLE `frontend_pages`
  ADD CONSTRAINT `frontend_pages_admin_id_cc64d6fb_fk_core_user_id` FOREIGN KEY (`admin_id`) REFERENCES `core_user` (`id`),
  ADD CONSTRAINT `frontend_pages_categories_id_eaf5a42c_fk_frontend_categories_id` FOREIGN KEY (`categories_id`) REFERENCES `frontend_categories` (`id`),
  ADD CONSTRAINT `frontend_pages_menu_id_13bee4d9_fk_menu_menu_id` FOREIGN KEY (`menu_id`) REFERENCES `menu_menu` (`id`),
  ADD CONSTRAINT `frontend_pages_site_id_f6945f11_fk_django_site_id` FOREIGN KEY (`site_id`) REFERENCES `django_site` (`id`);

--
-- Constraints for table `frontend_pages_tags`
--
ALTER TABLE `frontend_pages_tags`
  ADD CONSTRAINT `frontend_pages_tags_pages_id_0403b7f1_fk_frontend_pages_id` FOREIGN KEY (`pages_id`) REFERENCES `frontend_pages` (`id`),
  ADD CONSTRAINT `frontend_pages_tags_tags_id_ecbf93e3_fk_frontend_tags_id` FOREIGN KEY (`tags_id`) REFERENCES `frontend_tags` (`id`);

--
-- Constraints for table `frontend_pages_translation`
--
ALTER TABLE `frontend_pages_translation`
  ADD CONSTRAINT `frontend_pages_trans_master_id_8e28f514_fk_frontend_` FOREIGN KEY (`master_id`) REFERENCES `frontend_pages` (`id`);

--
-- Constraints for table `frontend_photogallery`
--
ALTER TABLE `frontend_photogallery`
  ADD CONSTRAINT `frontend_photogallery_admin_id_b21e81eb_fk_core_user_id` FOREIGN KEY (`admin_id`) REFERENCES `core_user` (`id`),
  ADD CONSTRAINT `frontend_photogallery_site_id_5bb5adfe_fk_django_site_id` FOREIGN KEY (`site_id`) REFERENCES `django_site` (`id`);

--
-- Constraints for table `frontend_photogallery_translation`
--
ALTER TABLE `frontend_photogallery_translation`
  ADD CONSTRAINT `frontend_photogaller_master_id_551fd29b_fk_frontend_` FOREIGN KEY (`master_id`) REFERENCES `frontend_photogallery` (`id`);

--
-- Constraints for table `frontend_popup`
--
ALTER TABLE `frontend_popup`
  ADD CONSTRAINT `frontend_popup_admin_id_0b95a5e4_fk_core_user_id` FOREIGN KEY (`admin_id`) REFERENCES `core_user` (`id`),
  ADD CONSTRAINT `frontend_popup_site_id_280cd4cf_fk_django_site_id` FOREIGN KEY (`site_id`) REFERENCES `django_site` (`id`);

--
-- Constraints for table `frontend_popup_translation`
--
ALTER TABLE `frontend_popup_translation`
  ADD CONSTRAINT `frontend_popup_trans_master_id_c5cec112_fk_frontend_` FOREIGN KEY (`master_id`) REFERENCES `frontend_popup` (`id`);

--
-- Constraints for table `frontend_product`
--
ALTER TABLE `frontend_product`
  ADD CONSTRAINT `frontend_product_admin_id_ff8ca575_fk_core_user_id` FOREIGN KEY (`admin_id`) REFERENCES `core_user` (`id`),
  ADD CONSTRAINT `frontend_product_site_id_02d7d60f_fk_django_site_id` FOREIGN KEY (`site_id`) REFERENCES `django_site` (`id`);

--
-- Constraints for table `frontend_product_translation`
--
ALTER TABLE `frontend_product_translation`
  ADD CONSTRAINT `frontend_product_tra_master_id_2206500e_fk_frontend_` FOREIGN KEY (`master_id`) REFERENCES `frontend_product` (`id`);

--
-- Constraints for table `frontend_purchasing`
--
ALTER TABLE `frontend_purchasing`
  ADD CONSTRAINT `frontend_purchasing_admin_id_f934dfce_fk_core_user_id` FOREIGN KEY (`admin_id`) REFERENCES `core_user` (`id`),
  ADD CONSTRAINT `frontend_purchasing_product_id_8e7ab7a8_fk_frontend_product_id` FOREIGN KEY (`product_id`) REFERENCES `frontend_product` (`id`),
  ADD CONSTRAINT `frontend_purchasing_site_id_2ef3d807_fk_django_site_id` FOREIGN KEY (`site_id`) REFERENCES `django_site` (`id`);

--
-- Constraints for table `frontend_relatedlink`
--
ALTER TABLE `frontend_relatedlink`
  ADD CONSTRAINT `frontend_relatedlink_site_id_48dca113_fk_django_site_id` FOREIGN KEY (`site_id`) REFERENCES `django_site` (`id`);

--
-- Constraints for table `frontend_relatedlink_translation`
--
ALTER TABLE `frontend_relatedlink_translation`
  ADD CONSTRAINT `frontend_relatedlink_master_id_e16cd2bd_fk_frontend_` FOREIGN KEY (`master_id`) REFERENCES `frontend_relatedlink` (`id`);

--
-- Constraints for table `frontend_slideshow`
--
ALTER TABLE `frontend_slideshow`
  ADD CONSTRAINT `frontend_slideshow_admin_id_27d7090d_fk_core_user_id` FOREIGN KEY (`admin_id`) REFERENCES `core_user` (`id`),
  ADD CONSTRAINT `frontend_slideshow_site_id_648c9f65_fk_django_site_id` FOREIGN KEY (`site_id`) REFERENCES `django_site` (`id`);

--
-- Constraints for table `frontend_slideshow_translation`
--
ALTER TABLE `frontend_slideshow_translation`
  ADD CONSTRAINT `frontend_slideshow_t_master_id_e238bcca_fk_frontend_` FOREIGN KEY (`master_id`) REFERENCES `frontend_slideshow` (`id`);

--
-- Constraints for table `frontend_socialmedia`
--
ALTER TABLE `frontend_socialmedia`
  ADD CONSTRAINT `frontend_socialmedia_site_id_c506c8b8_fk_django_site_id` FOREIGN KEY (`site_id`) REFERENCES `django_site` (`id`);

--
-- Constraints for table `frontend_tags`
--
ALTER TABLE `frontend_tags`
  ADD CONSTRAINT `frontend_tags_site_id_d48eb63a_fk_django_site_id` FOREIGN KEY (`site_id`) REFERENCES `django_site` (`id`);

--
-- Constraints for table `frontend_tags_translation`
--
ALTER TABLE `frontend_tags_translation`
  ADD CONSTRAINT `frontend_tags_translation_master_id_28717879_fk_frontend_tags_id` FOREIGN KEY (`master_id`) REFERENCES `frontend_tags` (`id`);

--
-- Constraints for table `frontend_testimony`
--
ALTER TABLE `frontend_testimony`
  ADD CONSTRAINT `frontend_testimony_admin_id_7a49f545_fk_core_user_id` FOREIGN KEY (`admin_id`) REFERENCES `core_user` (`id`),
  ADD CONSTRAINT `frontend_testimony_site_id_b396d698_fk_django_site_id` FOREIGN KEY (`site_id`) REFERENCES `django_site` (`id`);

--
-- Constraints for table `frontend_testimony_translation`
--
ALTER TABLE `frontend_testimony_translation`
  ADD CONSTRAINT `frontend_testimony_t_master_id_3fa93c8e_fk_frontend_` FOREIGN KEY (`master_id`) REFERENCES `frontend_testimony` (`id`);

--
-- Constraints for table `frontend_videogallery`
--
ALTER TABLE `frontend_videogallery`
  ADD CONSTRAINT `frontend_videogallery_admin_id_7fbe4fe0_fk_core_user_id` FOREIGN KEY (`admin_id`) REFERENCES `core_user` (`id`),
  ADD CONSTRAINT `frontend_videogallery_site_id_41ef1c4c_fk_django_site_id` FOREIGN KEY (`site_id`) REFERENCES `django_site` (`id`);

--
-- Constraints for table `frontend_videogallery_translation`
--
ALTER TABLE `frontend_videogallery_translation`
  ADD CONSTRAINT `frontend_videogaller_master_id_499faae5_fk_frontend_` FOREIGN KEY (`master_id`) REFERENCES `frontend_videogallery` (`id`);

--
-- Constraints for table `frontend_whyus`
--
ALTER TABLE `frontend_whyus`
  ADD CONSTRAINT `frontend_whyus_admin_id_e7d8e075_fk_core_user_id` FOREIGN KEY (`admin_id`) REFERENCES `core_user` (`id`),
  ADD CONSTRAINT `frontend_whyus_site_id_16dd2da1_fk_django_site_id` FOREIGN KEY (`site_id`) REFERENCES `django_site` (`id`);

--
-- Constraints for table `frontend_whyus_translation`
--
ALTER TABLE `frontend_whyus_translation`
  ADD CONSTRAINT `frontend_whyus_trans_master_id_25420221_fk_frontend_` FOREIGN KEY (`master_id`) REFERENCES `frontend_whyus` (`id`);

--
-- Constraints for table `hitcount_hit`
--
ALTER TABLE `hitcount_hit`
  ADD CONSTRAINT `hitcount_hit_hitcount_id_b7971910_fk` FOREIGN KEY (`hitcount_id`) REFERENCES `hitcount_hit_count` (`id`),
  ADD CONSTRAINT `hitcount_hit_user_id_f7067f66_fk_core_user_id` FOREIGN KEY (`user_id`) REFERENCES `core_user` (`id`);

--
-- Constraints for table `hitcount_hit_count`
--
ALTER TABLE `hitcount_hit_count`
  ADD CONSTRAINT `hitcount_hit_count_content_type_id_4a734fe1_fk_django_co` FOREIGN KEY (`content_type_id`) REFERENCES `django_content_type` (`id`);

--
-- Constraints for table `menu_menu`
--
ALTER TABLE `menu_menu`
  ADD CONSTRAINT `menu_menu_parent_id_a0981d51_fk_menu_menu_id` FOREIGN KEY (`parent_id`) REFERENCES `menu_menu` (`id`);

--
-- Constraints for table `menu_menugroup`
--
ALTER TABLE `menu_menugroup`
  ADD CONSTRAINT `menu_menugroup_group_id_3c8b0754_fk_auth_group_id` FOREIGN KEY (`group_id`) REFERENCES `auth_group` (`id`),
  ADD CONSTRAINT `menu_menugroup_site_id_13948731_fk_django_site_id` FOREIGN KEY (`site_id`) REFERENCES `django_site` (`id`);

--
-- Constraints for table `menu_menu_menu_group`
--
ALTER TABLE `menu_menu_menu_group`
  ADD CONSTRAINT `menu_menu_menu_group_menu_id_ecac8ced_fk_menu_menu_id` FOREIGN KEY (`menu_id`) REFERENCES `menu_menu` (`id`),
  ADD CONSTRAINT `menu_menu_menu_group_menugroup_id_8b5fd297_fk_menu_menugroup_id` FOREIGN KEY (`menugroup_id`) REFERENCES `menu_menugroup` (`id`);

--
-- Constraints for table `menu_menu_translation`
--
ALTER TABLE `menu_menu_translation`
  ADD CONSTRAINT `menu_menu_translation_master_id_50074faa_fk_menu_menu_id` FOREIGN KEY (`master_id`) REFERENCES `menu_menu` (`id`);

--
-- Constraints for table `outbox_hitcount_hitcount`
--
ALTER TABLE `outbox_hitcount_hitcount`
  ADD CONSTRAINT `outbox_hitcount_hitc_content_type_id_3434be61_fk_django_co` FOREIGN KEY (`content_type_id`) REFERENCES `django_content_type` (`id`),
  ADD CONSTRAINT `outbox_hitcount_hitcount_site_id_d1f30c98_fk_django_site_id` FOREIGN KEY (`site_id`) REFERENCES `django_site` (`id`);

--
-- Constraints for table `outbox_hitcount_hitcount_hits_browser`
--
ALTER TABLE `outbox_hitcount_hitcount_hits_browser`
  ADD CONSTRAINT `outbox_hitcount_hitc_hitbrowser_id_b6723305_fk_outbox_hi` FOREIGN KEY (`hitbrowser_id`) REFERENCES `outbox_hitcount_hitbrowser` (`id`),
  ADD CONSTRAINT `outbox_hitcount_hitc_hitcount_id_78476610_fk_outbox_hi` FOREIGN KEY (`hitcount_id`) REFERENCES `outbox_hitcount_hitcount` (`id`);

--
-- Constraints for table `outbox_hitcount_hitcount_hits_device`
--
ALTER TABLE `outbox_hitcount_hitcount_hits_device`
  ADD CONSTRAINT `outbox_hitcount_hitc_hitcount_id_dfbd3845_fk_outbox_hi` FOREIGN KEY (`hitcount_id`) REFERENCES `outbox_hitcount_hitcount` (`id`),
  ADD CONSTRAINT `outbox_hitcount_hitc_hitdevice_id_30a198ed_fk_outbox_hi` FOREIGN KEY (`hitdevice_id`) REFERENCES `outbox_hitcount_hitdevice` (`id`);

--
-- Constraints for table `outbox_hitcount_hitcount_hits_location`
--
ALTER TABLE `outbox_hitcount_hitcount_hits_location`
  ADD CONSTRAINT `outbox_hitcount_hitc_hitcount_id_0615ddc4_fk_outbox_hi` FOREIGN KEY (`hitcount_id`) REFERENCES `outbox_hitcount_hitcount` (`id`),
  ADD CONSTRAINT `outbox_hitcount_hitc_hitlocation_id_52333ef1_fk_outbox_hi` FOREIGN KEY (`hitlocation_id`) REFERENCES `outbox_hitcount_hitlocation` (`id`);

--
-- Constraints for table `outbox_hitcount_hitcount_hits_os`
--
ALTER TABLE `outbox_hitcount_hitcount_hits_os`
  ADD CONSTRAINT `outbox_hitcount_hitc_hitcount_id_9fa09818_fk_outbox_hi` FOREIGN KEY (`hitcount_id`) REFERENCES `outbox_hitcount_hitcount` (`id`),
  ADD CONSTRAINT `outbox_hitcount_hitc_hitos_id_888313f5_fk_outbox_hi` FOREIGN KEY (`hitos_id`) REFERENCES `outbox_hitcount_hitos` (`id`);

--
-- Constraints for table `region_province`
--
ALTER TABLE `region_province`
  ADD CONSTRAINT `region_province_country_id_38686351_fk_region_country_id` FOREIGN KEY (`country_id`) REFERENCES `region_country` (`id`);

--
-- Constraints for table `region_regency`
--
ALTER TABLE `region_regency`
  ADD CONSTRAINT `region_regency_province_id_e8e0c41a_fk_region_province_id` FOREIGN KEY (`province_id`) REFERENCES `region_province` (`id`);

--
-- Constraints for table `region_subdistrict`
--
ALTER TABLE `region_subdistrict`
  ADD CONSTRAINT `region_subdistrict_regency_id_f9fb6a88_fk_region_regency_id` FOREIGN KEY (`regency_id`) REFERENCES `region_regency` (`id`);

--
-- Constraints for table `region_urbanvillage`
--
ALTER TABLE `region_urbanvillage`
  ADD CONSTRAINT `region_urbanvillage_sub_district_id_a1c986ac_fk_region_su` FOREIGN KEY (`sub_district_id`) REFERENCES `region_subdistrict` (`id`);

--
-- Constraints for table `socialaccount_socialaccount`
--
ALTER TABLE `socialaccount_socialaccount`
  ADD CONSTRAINT `socialaccount_socialaccount_user_id_8146e70c_fk_core_user_id` FOREIGN KEY (`user_id`) REFERENCES `core_user` (`id`);

--
-- Constraints for table `socialaccount_socialapp_sites`
--
ALTER TABLE `socialaccount_socialapp_sites`
  ADD CONSTRAINT `socialaccount_social_socialapp_id_97fb6e7d_fk_socialacc` FOREIGN KEY (`socialapp_id`) REFERENCES `socialaccount_socialapp` (`id`),
  ADD CONSTRAINT `socialaccount_socialapp_sites_site_id_2579dee5_fk_django_site_id` FOREIGN KEY (`site_id`) REFERENCES `django_site` (`id`);

--
-- Constraints for table `socialaccount_socialtoken`
--
ALTER TABLE `socialaccount_socialtoken`
  ADD CONSTRAINT `socialaccount_social_account_id_951f210e_fk_socialacc` FOREIGN KEY (`account_id`) REFERENCES `socialaccount_socialaccount` (`id`),
  ADD CONSTRAINT `socialaccount_social_app_id_636a42d7_fk_socialacc` FOREIGN KEY (`app_id`) REFERENCES `socialaccount_socialapp` (`id`);
COMMIT;

/*!40101 SET CHARACTER_SET_CLIENT=@OLD_CHARACTER_SET_CLIENT */;
/*!40101 SET CHARACTER_SET_RESULTS=@OLD_CHARACTER_SET_RESULTS */;
/*!40101 SET COLLATION_CONNECTION=@OLD_COLLATION_CONNECTION */;
